timestamp,sequence,team,robot_id,interval_ms,left_target_eps,left_measured_eps,left_duty,right_target_eps,right_measured_eps,right_duty,flags
2026-09-06T08:54:09.458,65535,0,2,50,0,0,0,0,0,0,0x0b
2026-09-06T08:54:09.511,65535,0,2,50,0,0,0,0,0,0,0x0b
2026-09-06T08:54:09.576,65535,0,2,50,0,0,0,0,0,0,0x0b
2026-09-06T08:54:09.641,65535,0,2,52,0,0,0,0,0,0,0x0b
2026-09-06T08:54:09.706,65535,0,2,52,0,0,0,0,0,0,0x0b
2026-09-06T08:54:09.771,65535,0,2,50,0,0,0,0,0,0,0x0b
2026-09-06T08:54:09.836,65535,0,2,50,0,0,0,0,0,0,0x0b
2026-09-06T08:54:09.918,65535,0,2,51,0,0,0,0,0,0,0x0b
2026-09-06T08:54:09.983,65535,0,2,51,0,0,0,0,0,0,0x0b
2026-09-06T08:54:10.048,65535,0,2,51,0,0,0,0,0,0,0x0b
2026-09-06T08:54:10.113,65535,0,2,50,0,0,0,0,0,0,0x0b
2026-09-06T08:54:10.178,65535,0,2,50,0,0,0,0,0,0,0x0b
2026-09-06T08:54:10.243,65535,0,2,50,0,0,0,0,0,0,0x0b
2026-09-06T08:54:10.309,65535,0,2,50,0,0,0,0,0,0,0x0b
2026-09-06T08:54:10.374,65535,0,2,51,0,0,0,0,0,0,0x0b
2026-09-06T08:54:10.440,65535,0,2,50,0,0,0,0,0,0,0x0b
2026-09-06T08:54:10.520,65535,0,2,50,0,0,0,0,0,0,0x0b
2026-09-06T08:54:10.586,65535,0,2,50,0,0,0,0,0,0,0x0b
2026-09-06T08:54:10.651,65535,0,2,50,0,0,0,0,0,0,0x0b
2026-09-06T08:54:10.716,65535,0,2,51,0,0,0,0,0,0,0x0b
2026-09-06T08:54:10.781,65535,0,2,50,0,0,0,0,0,0,0x0b
2026-09-06T08:54:10.846,65535,0,2,51,0,0,0,0,0,0,0x0b
2026-09-06T08:54:10.911,65535,0,2,50,0,0,0,0,0,0,0x0b
2026-09-06T08:54:10.976,65535,0,2,51,0,0,0,0,0,0,0x0b
2026-09-06T08:54:11.057,65535,0,2,50,0,0,0,0,0,0,0x0b
2026-09-06T08:54:11.106,65535,0,2,50,0,0,0,0,0,0,0x0b
2026-09-06T08:54:11.188,65535,0,2,52,0,0,0,0,0,0,0x0b
2026-09-06T08:54:11.253,65535,0,2,52,0,0,0,0,0,0,0x0b
2026-09-06T08:54:11.318,65535,0,2,50,0,0,0,0,0,0,0x0b
2026-09-06T08:54:11.383,65535,0,2,50,0,0,0,0,0,0,0x0b
2026-09-06T08:54:11.448,65535,0,2,50,0,0,0,0,0,0,0x0b
2026-09-06T08:54:11.513,65535,0,2,52,0,0,0,0,0,0,0x0b
2026-09-06T08:54:11.594,65535,0,2,51,0,0,0,0,0,0,0x0b
2026-09-06T08:54:11.643,65535,0,2,50,0,0,0,0,0,0,0x0b
2026-09-06T08:54:11.724,65535,0,2,50,0,0,0,0,0,0,0x0b
2026-09-06T08:54:11.789,65535,0,2,51,0,0,0,0,0,0,0x0b
2026-09-06T08:54:11.855,65535,0,2,54,0,0,0,0,0,0,0x0b
2026-09-06T08:54:11.920,65535,0,2,51,0,0,0,0,0,0,0x0b
2026-09-06T08:54:11.985,65535,0,2,50,0,0,0,0,0,0,0x0b
2026-09-06T08:54:12.050,65535,0,2,50,0,0,0,0,0,0,0x0b
2026-09-06T08:54:12.114,65535,0,2,51,0,0,0,0,0,0,0x0b
2026-09-06T08:54:12.180,65535,0,2,51,0,0,0,0,0,0,0x0b
2026-09-06T08:54:12.261,65535,0,2,51,0,0,0,0,0,0,0x0b
2026-09-06T08:54:12.326,65535,0,2,50,0,0,0,0,0,0,0x0b
2026-09-06T08:54:12.391,65535,0,2,50,0,0,0,0,0,0,0x0b
2026-09-06T08:54:12.456,65535,0,2,52,0,0,0,0,0,0,0x0b
2026-09-06T08:54:12.521,65535,0,2,50,0,0,0,0,0,0,0x0b
2026-09-06T08:54:12.586,65535,0,2,51,0,0,0,0,0,0,0x0b
2026-09-06T08:54:12.652,65535,0,2,53,0,0,0,0,0,0,0x0b
2026-09-06T08:54:12.716,65535,0,2,52,0,0,0,0,0,0,0x0b
2026-09-06T08:54:12.797,65535,0,2,50,0,0,0,0,0,0,0x0b
2026-09-06T08:54:12.862,65535,0,2,51,0,0,0,0,0,0,0x0b
2026-09-06T08:54:12.927,65535,0,2,50,0,0,0,0,0,0,0x0b
2026-09-06T08:54:12.992,65535,0,2,51,0,0,0,0,0,0,0x0b
2026-09-06T08:54:13.057,65535,0,2,51,0,0,0,0,0,0,0x0b
2026-09-06T08:54:13.122,65535,0,2,50,0,0,0,0,0,0,0x0b
2026-09-06T08:54:13.188,65535,0,2,51,0,0,0,0,0,0,0x0b
2026-09-06T08:54:13.253,65535,0,2,51,0,0,0,0,0,0,0x0b
2026-09-06T08:54:13.333,65535,0,2,54,0,0,0,0,0,0,0x0b
2026-09-06T08:54:13.398,65535,0,2,50,0,0,0,0,0,0,0x0b
2026-09-06T08:54:13.463,65535,0,2,50,0,0,0,0,0,0,0x0b
2026-09-06T08:54:13.528,65535,0,2,50,0,0,0,0,0,0,0x0b
2026-09-06T08:54:13.594,65535,0,2,50,0,0,0,0,0,0,0x0b
2026-09-06T08:54:13.659,65535,0,2,52,0,0,0,0,0,0,0x0b
2026-09-06T08:54:13.789,65535,0,2,53,0,0,0,0,0,0,0x0b
2026-09-06T08:54:13.854,65535,0,2,50,0,0,0,0,0,0,0x0b
2026-09-06T08:54:13.919,65535,0,2,50,0,0,0,0,0,0,0x0b
2026-09-06T08:54:14.000,65535,0,2,51,0,0,0,0,0,0,0x0b
2026-09-06T08:54:14.066,65535,0,2,51,0,0,0,0,0,0,0x0b
2026-09-06T08:54:14.130,65535,0,2,50,0,0,0,0,0,0,0x0b
2026-09-06T08:54:14.195,65535,0,2,51,0,0,0,0,0,0,0x0b
2026-09-06T08:54:14.260,65535,0,2,50,0,0,0,0,0,0,0x0b
2026-09-06T08:54:14.325,65535,0,2,51,0,0,0,0,0,0,0x0b
2026-09-06T08:54:14.391,65535,0,2,50,0,0,0,0,0,0,0x0b
2026-09-06T08:54:14.456,65535,0,2,50,0,0,0,0,0,0,0x0b
2026-09-06T08:54:14.537,65535,0,2,51,0,0,0,0,0,0,0x0b
2026-09-06T08:54:14.667,65535,0,2,53,0,0,0,0,0,0,0x0b
2026-09-06T08:54:14.732,65535,0,2,50,0,0,0,0,0,0,0x0b
2026-09-06T08:54:14.798,65535,0,2,50,0,0,0,0,0,0,0x0b
2026-09-06T08:54:14.863,65535,0,2,52,0,0,0,0,0,0,0x0b
2026-09-06T08:54:14.928,65535,0,2,50,0,0,0,0,0,0,0x0b
2026-09-06T08:54:14.993,65535,0,2,50,0,0,0,0,0,0,0x0b
2026-09-06T08:54:15.074,65535,0,2,50,0,0,0,0,0,0,0x0b
2026-09-06T08:54:15.139,65535,0,2,50,0,0,0,0,0,0,0x0b
2026-09-06T08:54:15.203,65535,0,2,51,0,0,0,0,0,0,0x0b
2026-09-06T08:54:15.268,65535,0,2,51,0,0,0,0,0,0,0x0b
2026-09-06T08:54:15.333,65535,0,2,50,0,0,0,0,0,0,0x0b
2026-09-06T08:54:15.398,65535,0,2,50,0,0,0,0,0,0,0x0b
2026-09-06T08:54:15.463,65535,0,2,51,0,0,0,0,0,0,0x0b
2026-09-06T08:54:15.528,65535,0,2,50,0,0,0,0,0,0,0x0b
2026-09-06T08:54:15.609,65535,0,2,51,0,0,0,0,0,0,0x0b
2026-09-06T08:54:15.674,65535,0,2,52,0,0,0,0,0,0,0x0b
2026-09-06T08:54:15.739,65535,0,2,50,0,0,0,0,0,0,0x0b
2026-09-06T08:54:15.804,65535,0,2,51,0,0,0,0,0,0,0x0b
2026-09-06T08:54:15.869,65535,0,2,52,0,0,0,0,0,0,0x0b
2026-09-06T08:54:15.934,65535,0,2,51,0,0,0,0,0,0,0x0b
2026-09-06T08:54:15.999,65535,0,2,51,0,0,0,0,0,0,0x0b
2026-09-06T08:54:16.064,65535,0,2,51,0,0,0,0,0,0,0x0b
2026-09-06T08:54:16.145,65535,0,2,50,0,0,0,0,0,0,0x0b
2026-09-06T08:54:16.210,65535,0,2,50,0,0,0,0,0,0,0x0b
2026-09-06T08:54:16.275,65535,0,2,52,0,0,0,0,0,0,0x0b
2026-09-06T08:54:16.340,65535,0,2,50,0,0,0,0,0,0,0x0b
2026-09-06T08:54:16.405,65535,0,2,50,0,0,0,0,0,0,0x0b
2026-09-06T08:54:16.471,65535,0,2,52,0,0,0,0,0,0,0x0b
2026-09-06T08:54:16.536,65535,0,2,50,0,0,0,0,0,0,0x0b
2026-09-06T08:54:16.600,65535,0,2,51,0,0,0,0,0,0,0x0b
2026-09-06T08:54:16.682,65535,0,2,50,0,0,0,0,0,0,0x0b
2026-09-06T08:54:16.746,65535,0,2,50,0,0,0,0,0,0,0x0b
2026-09-06T08:54:16.811,65535,0,2,51,0,0,0,0,0,0,0x0b
2026-09-06T08:54:16.876,65535,0,2,51,0,0,0,0,0,0,0x0b
2026-09-06T08:54:16.941,65535,0,2,50,0,0,0,0,0,0,0x0b
2026-09-06T08:54:17.007,65535,0,2,51,0,0,0,0,0,0,0x0b
2026-09-06T08:54:17.071,65535,0,2,54,0,0,0,0,0,0,0x0b
2026-09-06T08:54:17.136,65535,0,2,51,0,0,0,0,0,0,0x0b
2026-09-06T08:54:17.202,65535,0,2,50,0,0,0,0,0,0,0x0b
2026-09-06T08:54:17.267,65535,0,2,51,0,0,0,0,0,0,0x0b
2026-09-06T08:54:17.348,65535,0,2,51,0,0,0,0,0,0,0x0b
2026-09-06T08:54:17.412,65535,0,2,51,0,0,0,0,0,0,0x0b
2026-09-06T08:54:17.478,65535,0,2,50,0,0,0,0,0,0,0x0b
2026-09-06T08:54:17.543,65535,0,2,51,0,0,0,0,0,0,0x0b
2026-09-06T08:54:17.608,65535,0,2,51,0,0,0,0,0,0,0x0b
2026-09-06T08:54:17.673,65535,0,2,50,0,0,0,0,0,0,0x0b
2026-09-06T08:54:17.738,65535,0,2,51,0,0,0,0,0,0,0x0b
2026-09-06T08:54:17.803,65535,0,2,50,0,0,0,0,0,0,0x0b
2026-09-06T08:54:17.885,65535,0,2,50,0,0,0,0,0,0,0x0b
2026-09-06T08:54:17.950,65535,0,2,53,0,0,0,0,0,0,0x0b
2026-09-06T08:54:18.015,65535,0,2,51,0,0,0,0,0,0,0x0b
2026-09-06T08:54:18.079,65535,0,2,51,0,0,0,0,0,0,0x0b
2026-09-06T08:54:18.144,65535,0,2,51,0,0,0,0,0,0,0x0b
2026-09-06T08:54:18.209,65535,0,2,51,0,0,0,0,0,0,0x0b
2026-09-06T08:54:18.289,65535,0,2,51,0,0,0,0,0,0,0x0b
2026-09-06T08:54:18.338,65535,0,2,50,0,0,0,0,0,0,0x0b
2026-09-06T08:54:18.419,65535,0,2,50,0,0,0,0,0,0,0x0b
2026-09-06T08:54:18.484,65535,0,2,51,0,0,0,0,0,0,0x0b
2026-09-06T08:54:18.549,65535,0,2,51,0,0,0,0,0,0,0x0b
2026-09-06T08:54:18.614,65535,0,2,50,0,0,0,0,0,0,0x0b
2026-09-06T08:54:18.679,65535,0,2,50,0,0,0,0,0,0,0x0b
2026-09-06T08:54:18.744,65535,0,2,51,0,0,0,0,0,0,0x0b
2026-09-06T08:54:18.809,65535,0,2,51,0,0,0,0,0,0,0x0b
2026-09-06T08:54:18.874,65535,0,2,51,0,0,0,0,0,0,0x0b
2026-09-06T08:54:18.956,65535,0,2,51,0,0,0,0,0,0,0x0b
2026-09-06T08:54:19.021,65535,0,2,51,0,0,0,0,0,0,0x0b
2026-09-06T08:54:19.085,65535,0,2,50,0,0,0,0,0,0,0x0b
2026-09-06T08:54:19.151,65535,0,2,51,0,0,0,0,0,0,0x0b
2026-09-06T08:54:19.216,65535,0,2,51,0,0,0,0,0,0,0x0b
2026-09-06T08:54:19.281,65535,0,2,51,0,0,0,0,0,0,0x0b
2026-09-06T08:54:19.347,65535,0,2,50,0,0,0,0,0,0,0x0b
2026-09-06T08:54:19.412,65535,0,2,51,0,0,0,0,0,0,0x0b
2026-09-06T08:54:19.493,65535,0,2,50,0,0,0,0,0,0,0x0b
2026-09-06T08:54:19.557,65535,0,2,50,0,0,0,0,0,0,0x0b
2026-09-06T08:54:19.622,65535,0,2,53,0,0,0,0,0,0,0x0b
2026-09-06T08:54:19.688,65535,0,2,51,0,0,0,0,0,0,0x0b
2026-09-06T08:54:19.753,65535,0,2,52,0,0,0,0,0,0,0x0b
2026-09-06T08:54:19.818,65535,0,2,50,0,0,0,0,0,0,0x0b
2026-09-06T08:54:19.882,65535,0,2,51,0,0,0,0,0,0,0x0b
2026-09-06T08:54:19.947,65535,0,2,52,0,0,0,0,0,0,0x0b
2026-09-06T08:54:20.028,65535,0,2,50,0,0,0,0,0,0,0x0b
2026-09-06T08:54:20.093,65535,0,2,51,0,0,0,0,0,0,0x0b
2026-09-06T08:54:20.158,65535,0,2,51,0,0,0,0,0,0,0x0b
2026-09-06T08:54:20.223,65535,0,2,50,0,0,0,0,0,0,0x0b
2026-09-06T08:54:20.288,65535,0,2,51,0,0,0,0,0,0,0x0b
2026-09-06T08:54:20.353,65535,0,2,51,0,0,0,0,0,0,0x0b
2026-09-06T08:54:20.418,65535,0,2,54,0,0,0,0,0,0,0x0b
2026-09-06T08:54:20.482,65535,0,2,50,0,0,0,0,0,0,0x0b
2026-09-06T08:54:20.564,65535,0,2,52,0,0,0,0,0,0,0x0b
2026-09-06T08:54:20.628,65535,0,2,51,0,0,0,0,0,0,0x0b
2026-09-06T08:54:20.694,65535,0,2,52,0,0,0,0,0,0,0x0b
2026-09-06T08:54:20.758,65535,0,2,51,0,0,0,0,0,0,0x0b
2026-09-06T08:54:20.823,65535,0,2,51,0,0,0,0,0,0,0x0b
2026-09-06T08:54:20.888,65535,0,2,51,0,0,0,0,0,0,0x0b
2026-09-06T08:54:20.953,65535,0,2,52,0,0,0,0,0,0,0x0b
2026-09-06T08:54:21.019,65535,0,2,52,0,0,0,0,0,0,0x0b
2026-09-06T08:54:21.100,65535,0,2,51,0,0,0,0,0,0,0x0b
2026-09-06T08:54:21.165,65535,0,2,51,0,0,0,0,0,0,0x0b
2026-09-06T08:54:21.230,65535,0,2,50,0,0,0,0,0,0,0x0b
2026-09-06T08:54:21.295,65535,0,2,50,0,0,0,0,0,0,0x0b
2026-09-06T08:54:21.360,65535,0,2,50,0,0,0,0,0,0,0x0b
2026-09-06T08:54:21.425,65535,0,2,51,0,0,0,0,0,0,0x0b
2026-09-06T08:54:21.491,65535,0,2,50,0,0,0,0,0,0,0x0b
2026-09-06T08:54:21.556,65535,0,2,51,0,0,0,0,0,0,0x0b
2026-09-06T08:54:21.637,65535,0,2,50,0,0,0,0,0,0,0x0b
2026-09-06T08:54:21.686,65535,0,2,51,0,0,0,0,0,0,0x0b
2026-09-06T08:54:21.767,65535,0,2,51,0,0,0,0,0,0,0x0b
2026-09-06T08:54:21.832,65535,0,2,50,0,0,0,0,0,0,0x0b
2026-09-06T08:54:21.898,65535,0,2,51,0,0,0,0,0,0,0x0b
2026-09-06T08:54:21.963,65535,0,2,51,0,0,0,0,0,0,0x0b
2026-09-06T08:54:22.028,65535,0,2,50,0,0,0,0,0,0,0x0b
2026-09-06T08:54:22.093,65535,0,2,51,0,0,0,0,0,0,0x0b
2026-09-06T08:54:22.158,65535,0,2,50,0,0,0,0,0,0,0x0b
2026-09-06T08:54:22.223,65535,0,2,51,0,0,0,0,0,0,0x0b
2026-09-06T08:54:22.305,65535,0,2,51,0,0,0,0,0,0,0x0b
2026-09-06T08:54:22.370,65535,0,2,51,0,0,0,0,0,0,0x0b
2026-09-06T08:54:22.435,65535,0,2,50,0,0,0,0,0,0,0x0b
2026-09-06T08:54:22.500,65535,0,2,50,0,0,0,0,0,0,0x0b
2026-09-06T08:54:22.565,65535,0,2,50,0,0,0,0,0,0,0x0b
2026-09-06T08:54:22.630,65535,0,2,50,0,0,0,0,0,0,0x0b
2026-09-06T08:54:22.695,65535,0,2,51,0,0,0,0,0,0,0x0b
2026-09-06T08:54:22.760,65535,0,2,50,0,0,0,0,0,0,0x0b
2026-09-06T08:54:22.825,65535,0,2,51,0,0,0,0,0,0,0x0b
2026-09-06T08:54:22.906,65535,0,2,51,0,0,0,0,0,0,0x0b
2026-09-06T08:54:22.971,65535,0,2,50,0,0,0,0,0,0,0x0b
2026-09-06T08:54:23.036,65535,0,2,51,0,0,0,0,0,0,0x0b
2026-09-06T08:54:23.101,65535,0,2,50,0,0,0,0,0,0,0x0b
2026-09-06T08:54:23.166,65535,0,2,52,0,0,0,0,0,0,0x0b
2026-09-06T08:54:23.232,65535,0,2,51,0,0,0,0,0,0,0x0b
2026-09-06T08:54:23.296,65535,0,2,50,0,0,0,0,0,0,0x0b
2026-09-06T08:54:23.361,65535,0,2,51,0,0,0,0,0,0,0x0b
2026-09-06T08:54:23.443,65535,0,2,51,0,0,0,0,0,0,0x0b
2026-09-06T08:54:23.508,65535,0,2,50,0,0,0,0,0,0,0x0b
2026-09-06T08:54:23.573,65535,0,2,50,0,0,0,0,0,0,0x0b
2026-09-06T08:54:23.638,65535,0,2,50,0,0,0,0,0,0,0x0b
2026-09-06T08:54:23.703,65535,0,2,51,0,0,0,0,0,0,0x0b
2026-09-06T08:54:23.768,65535,0,2,50,0,0,0,0,0,0,0x0b
2026-09-06T08:54:23.834,65535,0,2,51,0,0,0,0,0,0,0x0b
2026-09-06T08:54:23.899,65535,0,2,50,0,0,0,0,0,0,0x0b
2026-09-06T08:54:23.965,65535,0,2,52,0,0,0,0,0,0,0x0b
2026-09-06T08:54:24.030,65535,0,2,53,0,0,0,0,0,0,0x0b
2026-09-06T08:54:24.111,65535,0,2,50,0,0,0,0,0,0,0x0b
2026-09-06T08:54:24.177,65535,0,2,52,0,0,0,0,0,0,0x0b
2026-09-06T08:54:24.242,65535,0,2,51,0,0,0,0,0,0,0x0b
2026-09-06T08:54:24.307,65535,0,2,50,0,0,0,0,0,0,0x0b
2026-09-06T08:54:24.373,65535,0,2,50,0,0,0,0,0,0,0x0b
2026-09-06T08:54:24.438,65535,0,2,50,0,0,0,0,0,0,0x0b
2026-09-06T08:54:24.503,65535,0,2,51,0,0,0,0,0,0,0x0b
2026-09-06T08:54:24.568,65535,0,2,51,0,0,0,0,0,0,0x0b
2026-09-06T08:54:24.649,65535,0,2,50,0,0,0,0,0,0,0x0b
2026-09-06T08:54:24.715,65535,0,2,50,0,0,0,0,0,0,0x0b
2026-09-06T08:54:24.780,65535,0,2,50,0,0,0,0,0,0,0x0b
2026-09-06T08:54:24.845,65535,0,2,51,0,0,0,0,0,0,0x0b
2026-09-06T08:54:24.910,65535,0,2,52,0,0,0,0,0,0,0x0b
2026-09-06T08:54:24.975,65535,0,2,51,0,0,0,0,0,0,0x0b
2026-09-06T08:54:25.040,65535,0,2,52,0,0,0,0,0,0,0x0b
2026-09-06T08:54:25.105,65535,0,2,52,0,0,0,0,0,0,0x0b
2026-09-06T08:54:25.170,65535,0,2,51,0,0,0,0,0,0,0x0b
2026-09-06T08:54:25.235,65535,0,2,50,0,0,0,0,0,0,0x0b
2026-09-06T08:54:25.316,65535,0,2,53,0,0,0,0,0,0,0x0b
2026-09-06T08:54:25.382,65535,0,2,51,0,0,0,0,0,0,0x0b
2026-09-06T08:54:25.447,65535,0,2,51,0,0,0,0,0,0,0x0b
2026-09-06T08:54:25.512,65535,0,2,50,0,0,0,0,0,0,0x0b
2026-09-06T08:54:25.577,65535,0,2,50,0,0,0,0,0,0,0x0b
2026-09-06T08:54:25.643,65535,0,2,51,0,0,0,0,0,0,0x0b
2026-09-06T08:54:25.708,65535,0,2,50,0,0,0,0,0,0,0x0b
2026-09-06T08:54:25.772,65535,0,2,51,0,0,0,0,0,0,0x0b
2026-09-06T08:54:25.837,65535,0,2,52,0,0,0,0,0,0,0x0b
2026-09-06T08:54:25.918,65535,0,2,50,0,0,0,0,0,0,0x0b
2026-09-06T08:54:25.983,65535,0,2,51,0,0,0,0,0,0,0x0b
2026-09-06T08:54:26.049,65535,0,2,50,0,0,0,0,0,0,0x0b
2026-09-06T08:54:26.114,65535,0,2,50,0,0,0,0,0,0,0x0b
2026-09-06T08:54:26.180,65535,0,2,51,0,0,0,0,0,0,0x0b
2026-09-06T08:54:26.244,65535,0,2,51,0,0,0,0,0,0,0x0b
2026-09-06T08:54:26.310,65535,0,2,50,0,0,0,0,0,0,0x0b
2026-09-06T08:54:26.375,65535,0,2,52,0,0,0,0,0,0,0x0b
2026-09-06T08:54:26.456,65535,0,2,50,0,0,0,0,0,0,0x0b
2026-09-06T08:54:26.522,65535,0,2,51,0,0,0,0,0,0,0x0b
2026-09-06T08:54:26.586,65535,0,2,53,0,0,0,0,0,0,0x0b
2026-09-06T08:54:26.652,65535,0,2,51,0,0,0,0,0,0,0x0b
2026-09-06T08:54:26.717,65535,0,2,51,0,0,0,0,0,0,0x0b
2026-09-06T08:54:26.782,65535,0,2,51,0,0,0,0,0,0,0x0b
2026-09-06T08:54:26.847,65535,0,2,50,0,0,0,0,0,0,0x0b
2026-09-06T08:54:26.912,65535,0,2,50,0,0,0,0,0,0,0x0b
2026-09-06T08:54:26.993,65535,0,2,50,0,0,0,0,0,0,0x0b
2026-09-06T08:54:27.042,65535,0,2,51,0,0,0,0,0,0,0x0b
2026-09-06T08:54:27.123,65535,0,2,50,0,0,0,0,0,0,0x0b
2026-09-06T08:54:27.188,65535,0,2,50,0,0,0,0,0,0,0x0b
2026-09-06T08:54:27.253,65535,0,2,50,0,0,0,0,0,0,0x0b
2026-09-06T08:54:27.318,65535,0,2,50,0,0,0,0,0,0,0x0b
2026-09-06T08:54:27.383,65535,0,2,51,0,0,0,0,0,0,0x0b
2026-09-06T08:54:27.448,65535,0,2,50,0,0,0,0,0,0,0x0b
2026-09-06T08:54:27.529,65535,0,2,50,0,0,0,0,0,0,0x0b
2026-09-06T08:54:27.578,65535,0,2,50,0,0,0,0,0,0,0x0b
2026-09-06T08:54:27.659,65535,0,2,50,0,0,0,0,0,0,0x0b
2026-09-06T08:54:27.724,65535,0,2,51,0,0,0,0,0,0,0x0b
2026-09-06T08:54:27.788,65535,0,2,51,0,0,0,0,0,0,0x0b
2026-09-06T08:54:27.854,65535,0,2,52,0,0,0,0,0,0,0x0b
2026-09-06T08:54:27.919,65535,0,2,50,0,0,0,0,0,0,0x0b
2026-09-06T08:54:27.984,65535,0,2,51,0,0,0,0,0,0,0x0b
2026-09-06T08:54:28.049,65535,0,2,50,0,0,0,0,0,0,0x0b
2026-09-06T08:54:28.114,65535,0,2,50,0,0,0,0,0,0,0x0b
2026-09-06T08:54:28.195,65535,0,2,50,0,0,0,0,0,0,0x0b
2026-09-06T08:54:28.261,65535,0,2,51,0,0,0,0,0,0,0x0b
2026-09-06T08:54:28.326,65535,0,2,50,0,0,0,0,0,0,0x0b
2026-09-06T08:54:28.391,65535,0,2,51,0,0,0,0,0,0,0x0b
2026-09-06T08:54:28.457,65535,0,2,50,0,0,0,0,0,0,0x0b
2026-09-06T08:54:28.521,65535,0,2,52,0,0,0,0,0,0,0x0b
2026-09-06T08:54:28.586,65535,0,2,51,0,0,0,0,0,0,0x0b
2026-09-06T08:54:28.650,65535,0,2,53,0,0,0,0,0,0,0x0b
2026-09-06T08:54:28.732,65535,0,2,51,0,0,0,0,0,0,0x0b
2026-09-06T08:54:28.797,65535,0,2,50,0,0,0,0,0,0,0x0b
2026-09-06T08:54:28.862,65535,0,2,51,0,0,0,0,0,0,0x0b
2026-09-06T08:54:28.927,65535,0,2,51,0,0,0,0,0,0,0x0b
2026-09-06T08:54:28.992,65535,0,2,50,0,0,0,0,0,0,0x0b
2026-09-06T08:54:29.056,65535,0,2,50,0,0,0,0,0,0,0x0b
2026-09-06T08:54:29.122,65535,0,2,52,0,0,0,0,0,0,0x0b
2026-09-06T08:54:29.186,65535,0,2,50,0,0,0,0,0,0,0x0b
2026-09-06T08:54:29.267,65535,0,2,51,0,0,0,0,0,0,0x0b
2026-09-06T08:54:29.332,65535,0,2,51,0,0,0,0,0,0,0x0b
2026-09-06T08:54:29.397,65535,0,2,51,0,0,0,0,0,0,0x0b
2026-09-06T08:54:29.462,65535,0,2,51,0,0,0,0,0,0,0x0b
2026-09-06T08:54:29.527,65535,0,2,50,0,0,0,0,0,0,0x0b
2026-09-06T08:54:29.592,65535,0,2,51,0,0,0,0,0,0,0x0b
2026-09-06T08:54:29.657,65535,0,2,51,0,0,0,0,0,0,0x0b
2026-09-06T08:54:29.722,65535,0,2,50,0,0,0,0,0,0,0x0b
2026-09-06T08:54:29.803,65535,0,2,51,0,0,0,0,0,0,0x0b
2026-09-06T08:54:29.868,65535,0,2,50,0,0,0,0,0,0,0x0b
2026-09-06T08:54:29.933,65535,0,2,52,0,0,0,0,0,0,0x0b
2026-09-06T08:54:29.998,65535,0,2,51,0,0,0,0,0,0,0x0b
2026-09-06T08:54:30.063,65535,0,2,51,0,0,0,0,0,0,0x0b
2026-09-06T08:54:30.129,65535,0,2,51,0,0,0,0,0,0,0x0b
2026-09-06T08:54:30.194,65535,0,2,50,0,0,0,0,0,0,0x0b
2026-09-06T08:54:30.259,65535,0,2,50,0,0,0,0,0,0,0x0b
2026-09-06T08:54:30.340,65535,0,2,50,0,0,0,0,0,0,0x0b
2026-09-06T08:54:30.389,65535,0,2,51,0,0,0,0,0,0,0x0b
2026-09-06T08:54:30.470,65535,0,2,51,0,0,0,0,0,0,0x0b
2026-09-06T08:54:30.535,65535,0,2,51,0,0,0,0,0,0,0x0b
2026-09-06T08:54:30.600,65535,0,2,50,0,0,0,0,0,0,0x0b
2026-09-06T08:54:30.665,65535,0,2,52,0,0,0,0,0,0,0x0b
2026-09-06T08:54:30.730,65535,0,2,51,0,0,0,0,0,0,0x0b
2026-09-06T08:54:30.795,65535,0,2,50,0,0,0,0,0,0,0x0b
2026-09-06T08:54:30.876,65535,0,2,51,0,0,0,0,0,0,0x0b
2026-09-06T08:54:30.925,65535,0,2,52,0,0,0,0,0,0,0x0b
2026-09-06T08:54:31.007,65535,0,2,50,0,0,0,0,0,0,0x0b
2026-09-06T08:54:31.072,65535,0,2,50,0,0,0,0,0,0,0x0b
2026-09-06T08:54:31.137,65535,0,2,50,0,0,0,0,0,0,0x0b
2026-09-06T08:54:31.202,65535,0,2,51,0,0,0,0,0,0,0x0b
2026-09-06T08:54:31.267,65535,0,2,51,0,0,0,0,0,0,0x0b
2026-09-06T08:54:31.332,65535,0,2,50,0,0,0,0,0,0,0x0b
2026-09-06T08:54:31.398,65535,0,2,51,0,0,0,0,0,0,0x0b
2026-09-06T08:54:31.462,65535,0,2,50,0,0,0,0,0,0,0x0b
2026-09-06T08:54:31.544,65535,0,2,51,0,0,0,0,0,0,0x0b
2026-09-06T08:54:31.608,65535,0,2,52,0,0,0,0,0,0,0x0b
2026-09-06T08:54:31.673,65535,0,2,50,0,0,0,0,0,0,0x0b
2026-09-06T08:54:31.739,65535,0,2,51,0,0,0,0,0,0,0x0b
2026-09-06T08:54:31.804,65535,0,2,50,0,0,0,0,0,0,0x0b
2026-09-06T08:54:31.868,65535,0,2,50,0,0,0,0,0,0,0x0b
2026-09-06T08:54:31.933,65535,0,2,51,0,0,0,0,0,0,0x0b
2026-09-06T08:54:31.998,65535,0,2,51,0,0,0,0,0,0,0x0b
2026-09-06T08:54:32.079,65535,0,2,51,0,0,0,0,0,0,0x0b
2026-09-06T08:54:32.144,65535,0,2,50,0,0,0,0,0,0,0x0b
2026-09-06T08:54:32.209,65535,0,2,51,0,0,0,0,0,0,0x0b
2026-09-06T08:54:32.274,65535,0,2,51,0,0,0,0,0,0,0x0b
2026-09-06T08:54:32.339,65535,0,2,50,0,0,0,0,0,0,0x0b
2026-09-06T08:54:32.404,65535,0,2,54,0,0,0,0,0,0,0x0b
2026-09-06T08:54:32.469,65535,0,2,50,0,0,0,0,0,0,0x0b
2026-09-06T08:54:32.534,65535,0,2,50,0,0,0,0,0,0,0x0b
2026-09-06T08:54:32.615,65535,0,2,50,0,0,0,0,0,0,0x0b
2026-09-06T08:54:32.679,65535,0,2,51,0,0,0,0,0,0,0x0b
2026-09-06T08:54:32.745,65535,0,2,52,0,0,0,0,0,0,0x0b
2026-09-06T08:54:32.810,65535,0,2,51,0,0,0,0,0,0,0x0b
2026-09-06T08:54:32.875,65535,0,2,51,0,0,0,0,0,0,0x0b
2026-09-06T08:54:32.940,65535,0,2,51,0,0,0,0,0,0,0x0b
2026-09-06T08:54:33.005,65535,0,2,51,0,0,0,0,0,0,0x0b
2026-09-06T08:54:33.070,65535,0,2,50,0,0,0,0,0,0,0x0b
2026-09-06T08:54:33.151,65535,0,2,50,0,0,0,0,0,0,0x0b
2026-09-06T08:54:33.215,65535,0,2,50,0,0,0,0,0,0,0x0b
2026-09-06T08:54:33.281,65535,0,2,51,0,0,0,0,0,0,0x0b
2026-09-06T08:54:33.347,65535,0,2,50,0,0,0,0,0,0,0x0b
2026-09-06T08:54:33.411,65535,0,2,50,0,0,0,0,0,0,0x0b
2026-09-06T08:54:33.476,65535,0,2,50,0,0,0,0,0,0,0x0b
2026-09-06T08:54:33.541,65535,0,2,52,0,0,0,0,0,0,0x0b
2026-09-06T08:54:33.605,65535,0,2,50,0,0,0,0,0,0,0x0b
2026-09-06T08:54:33.686,65535,0,2,51,0,0,0,0,0,0,0x0b
2026-09-06T08:54:33.751,65535,0,2,50,0,0,0,0,0,0,0x0b
2026-09-06T08:54:33.816,65535,0,2,51,0,0,0,0,0,0,0x0b
2026-09-06T08:54:33.881,65535,0,2,50,0,0,0,0,0,0,0x0b
2026-09-06T08:54:33.946,65535,0,2,51,0,0,0,0,0,0,0x0b
2026-09-06T08:54:34.011,65535,0,2,51,0,0,0,0,0,0,0x0b
2026-09-06T08:54:34.077,65535,0,2,54,0,0,0,0,0,0,0x0b
2026-09-06T08:54:34.142,65535,0,2,51,0,0,0,0,0,0,0x0b
2026-09-06T08:54:34.223,65535,0,2,50,0,0,0,0,0,0,0x0b
2026-09-06T08:54:34.288,65535,0,2,50,0,0,0,0,0,0,0x0b
2026-09-06T08:54:34.353,65535,0,2,50,0,0,0,0,0,0,0x0b
2026-09-06T08:54:34.418,65535,0,2,51,0,0,0,0,0,0,0x0b
2026-09-06T08:54:34.482,65535,0,2,54,0,0,0,0,0,0,0x0b
2026-09-06T08:54:34.548,65535,0,2,50,0,0,0,0,0,0,0x0b
2026-09-06T08:54:34.613,65535,0,2,50,0,0,0,0,0,0,0x0b
2026-09-06T08:54:34.678,65535,0,2,50,0,0,0,0,0,0,0x0b
2026-09-06T08:54:34.759,65535,0,2,51,0,0,0,0,0,0,0x0b
2026-09-06T08:54:34.824,65535,0,2,50,0,0,0,0,0,0,0x0b
2026-09-06T08:54:34.889,65535,0,2,52,0,0,0,0,0,0,0x0b
2026-09-06T08:54:34.954,65535,0,2,52,0,0,0,0,0,0,0x0b
2026-09-06T08:54:35.019,65535,0,2,50,0,0,0,0,0,0,0x0b
2026-09-06T08:54:35.085,65535,0,2,51,0,0,0,0,0,0,0x0b
2026-09-06T08:54:35.150,65535,0,2,50,0,0,0,0,0,0,0x0b
2026-09-06T08:54:35.215,65535,0,2,50,0,0,0,0,0,0,0x0b
2026-09-06T08:54:35.280,65535,0,2,50,0,0,0,0,0,0,0x0b
2026-09-06T08:54:35.345,65535,0,2,58,0,0,0,0,0,0,0x0b
2026-09-06T08:54:35.427,65535,0,2,50,0,0,0,0,0,0,0x0b
2026-09-06T08:54:35.493,65535,0,2,52,0,0,0,0,0,0,0x0b
2026-09-06T08:54:35.558,65535,0,2,51,0,0,0,0,0,0,0x0b
2026-09-06T08:54:35.623,65535,0,2,50,0,0,0,0,0,0,0x0b
2026-09-06T08:54:35.689,65535,0,2,51,0,0,0,0,0,0,0x0b
2026-09-06T08:54:35.754,65535,0,2,50,0,0,0,0,0,0,0x0b
2026-09-06T08:54:35.819,65535,0,2,50,0,0,0,0,0,0,0x0b
2026-09-06T08:54:35.884,65535,0,2,51,0,0,0,0,0,0,0x0b
2026-09-06T08:54:35.949,65535,0,2,52,0,0,0,0,0,0,0x0b
2026-09-06T08:54:36.031,65535,0,2,53,0,0,0,0,0,0,0x0b
2026-09-06T08:54:36.096,65535,0,2,50,0,0,0,0,0,0,0x0b
2026-09-06T08:54:36.161,65535,0,2,50,0,0,0,0,0,0,0x0b
2026-09-06T08:54:36.226,65535,0,2,52,0,0,0,0,0,0,0x0b
2026-09-06T08:54:36.291,65535,0,2,50,0,0,0,0,0,0,0x0b
2026-09-06T08:54:36.357,65535,0,2,50,0,0,0,0,0,0,0x0b
2026-09-06T08:54:36.421,65535,0,2,51,0,0,0,0,0,0,0x0b
2026-09-06T08:54:36.486,65535,0,2,52,0,0,0,0,0,0,0x0b
2026-09-06T08:54:36.567,65535,0,2,50,0,0,0,0,0,0,0x0b
2026-09-06T08:54:36.617,65535,0,2,50,0,0,0,0,0,0,0x0b
2026-09-06T08:54:36.699,65535,0,2,50,0,0,0,0,0,0,0x0b
2026-09-06T08:54:36.764,65535,0,2,51,0,0,0,0,0,0,0x0b
2026-09-06T08:54:36.829,65535,0,2,51,0,0,0,0,0,0,0x0b
2026-09-06T08:54:36.895,65535,0,2,51,0,0,0,0,0,0,0x0b
2026-09-06T08:54:36.960,65535,0,2,50,0,0,0,0,0,0,0x0b
2026-09-06T08:54:37.025,65535,0,2,51,0,0,0,0,0,0,0x0b
2026-09-06T08:54:37.090,65535,0,2,50,0,0,0,0,0,0,0x0b
2026-09-06T08:54:37.155,65535,0,2,50,0,0,0,0,0,0,0x0b
2026-09-06T08:54:37.220,65535,0,2,51,0,0,0,0,0,0,0x0b
2026-09-06T08:54:37.301,65535,0,2,53,0,0,0,0,0,0,0x0b
2026-09-06T08:54:37.366,65535,0,2,51,0,0,0,0,0,0,0x0b
2026-09-06T08:54:37.432,65535,0,2,50,0,0,0,0,0,0,0x0b
2026-09-06T08:54:37.497,65535,0,2,51,0,0,0,0,0,0,0x0b
2026-09-06T08:54:37.563,65535,0,2,50,0,0,0,0,0,0,0x0b
2026-09-06T08:54:37.628,65535,0,2,51,0,0,0,0,0,0,0x0b
2026-09-06T08:54:37.693,65535,0,2,50,0,0,0,0,0,0,0x0b
2026-09-06T08:54:37.758,65535,0,2,50,0,0,0,0,0,0,0x0b
2026-09-06T08:54:37.839,65535,0,2,51,0,0,0,0,0,0,0x0b
2026-09-06T08:54:37.888,65535,0,2,50,0,0,0,0,0,0,0x0b
2026-09-06T08:54:37.970,65535,0,2,52,0,0,0,0,0,0,0x0b
2026-09-06T08:54:38.035,65535,0,2,51,0,0,0,0,0,0,0x0b
2026-09-06T08:54:38.100,65535,0,2,51,0,0,0,0,0,0,0x0b
2026-09-06T08:54:38.165,65535,0,2,52,0,0,0,0,0,0,0x0b
2026-09-06T08:54:38.231,65535,0,2,50,0,0,0,0,0,0,0x0b
2026-09-06T08:54:38.296,65535,0,2,52,0,0,0,0,0,0,0x0b
2026-09-06T08:54:38.361,65535,0,2,51,0,0,0,0,0,0,0x0b
2026-09-06T08:54:38.426,65535,0,2,50,0,0,0,0,0,0,0x0b
2026-09-06T08:54:38.507,65535,0,2,51,0,0,0,0,0,0,0x0b
2026-09-06T08:54:38.572,65535,0,2,52,0,0,0,0,0,0,0x0b
2026-09-06T08:54:38.637,65535,0,2,52,0,0,0,0,0,0,0x0b
2026-09-06T08:54:38.702,65535,0,2,50,0,0,0,0,0,0,0x0b
2026-09-06T08:54:38.767,65535,0,2,52,0,0,0,0,0,0,0x0b
2026-09-06T08:54:38.832,65535,0,2,51,0,0,0,0,0,0,0x0b
2026-09-06T08:54:38.897,65535,0,2,51,0,0,0,0,0,0,0x0b
2026-09-06T08:54:38.962,65535,0,2,51,0,0,0,0,0,0,0x0b
2026-09-06T08:54:39.043,65535,0,2,51,0,0,0,0,0,0,0x0b
2026-09-06T08:54:39.107,65535,0,2,50,0,0,0,0,0,0,0x0b
2026-09-06T08:54:39.172,65535,0,2,50,0,0,0,0,0,0,0x0b
2026-09-06T08:54:39.237,65535,0,2,50,0,0,0,0,0,0,0x0b
2026-09-06T08:54:39.302,65535,0,2,50,0,0,0,0,0,0,0x0b
2026-09-06T08:54:39.367,65535,0,2,50,0,0,0,0,0,0,0x0b
2026-09-06T08:54:39.432,65535,0,2,50,0,0,0,0,0,0,0x0b
2026-09-06T08:54:39.497,65535,0,2,50,0,0,0,0,0,0,0x0b
2026-09-06T08:54:39.578,65535,0,2,51,0,0,0,0,0,0,0x0b
2026-09-06T08:54:39.643,65535,0,2,51,0,0,0,0,0,0,0x0b
2026-09-06T08:54:39.709,65535,0,2,51,0,0,0,0,0,0,0x0b
2026-09-06T08:54:39.773,65535,0,2,51,0,0,0,0,0,0,0x0b
2026-09-06T08:54:39.838,65535,0,2,50,0,0,0,0,0,0,0x0b
2026-09-06T08:54:39.904,65535,0,2,50,0,0,0,0,0,0,0x0b
2026-09-06T08:54:39.969,65535,0,2,50,0,0,0,0,0,0,0x0b
2026-09-06T08:54:40.034,65535,0,2,51,0,0,0,0,0,0,0x0b
2026-09-06T08:54:40.115,65535,0,2,50,0,0,0,0,0,0,0x0b
2026-09-06T08:54:40.179,65535,0,2,52,0,0,0,0,0,0,0x0b
2026-09-06T08:54:40.245,65535,0,2,54,0,0,0,0,0,0,0x0b
2026-09-06T08:54:40.310,65535,0,2,52,0,0,0,0,0,0,0x0b
2026-09-06T08:54:40.375,65535,0,2,52,0,0,0,0,0,0,0x0b
2026-09-06T08:54:40.441,65535,0,2,51,0,0,0,0,0,0,0x0b
2026-09-06T08:54:40.506,65535,0,2,51,0,0,0,0,0,0,0x0b
2026-09-06T08:54:40.571,65535,0,2,51,0,0,0,0,0,0,0x0b
2026-09-06T08:54:40.637,65535,0,2,51,0,0,0,0,0,0,0x0b
2026-09-06T08:54:40.702,65535,0,2,50,0,0,0,0,0,0,0x0b
2026-09-06T08:54:40.783,65535,0,2,51,0,0,0,0,0,0,0x0b
2026-09-06T08:54:40.849,65535,0,2,51,0,0,0,0,0,0,0x0b
2026-09-06T08:54:40.914,65535,0,2,52,0,0,0,0,0,0,0x0b
2026-09-06T08:54:40.979,65535,0,2,51,0,0,0,0,0,0,0x0b
2026-09-06T08:54:41.044,65535,0,2,50,0,0,0,0,0,0,0x0b
2026-09-06T08:54:41.109,65535,0,2,51,0,0,0,0,0,0,0x0b
2026-09-06T08:54:41.174,65535,0,2,52,0,0,0,0,0,0,0x0b
2026-09-06T08:54:41.239,65535,0,2,51,0,0,0,0,0,0,0x0b
2026-09-06T08:54:41.304,65535,0,2,50,0,0,0,0,0,0,0x0b
2026-09-06T08:54:41.385,65535,0,2,51,0,0,0,0,0,0,0x0b
2026-09-06T08:54:41.450,65535,0,2,52,0,0,0,0,0,0,0x0b
2026-09-06T08:54:41.515,65535,0,2,51,0,0,0,0,0,0,0x0b
2026-09-06T08:54:41.581,65535,0,2,52,0,0,0,0,0,0,0x0b
2026-09-06T08:54:41.646,65535,0,2,51,0,0,0,0,0,0,0x0b
2026-09-06T08:54:41.711,65535,0,2,50,0,0,0,0,0,0,0x0b
2026-09-06T08:54:41.776,65535,0,2,50,0,0,0,0,0,0,0x0b
2026-09-06T08:54:41.841,65535,0,2,50,0,0,0,0,0,0,0x0b
2026-09-06T08:54:41.922,65535,0,2,50,0,0,0,0,0,0,0x0b
2026-09-06T08:54:41.987,65535,0,2,51,0,0,0,0,0,0,0x0b
2026-09-06T08:54:42.052,65535,0,2,51,0,0,0,0,0,0,0x0b
2026-09-06T08:54:42.117,65535,0,2,50,0,0,0,0,0,0,0x0b
2026-09-06T08:54:42.182,65535,0,2,50,0,0,0,0,0,0,0x0b
2026-09-06T08:54:42.247,65535,0,2,51,0,0,0,0,0,0,0x0b
2026-09-06T08:54:42.312,65535,0,2,50,0,0,0,0,0,0,0x0b
2026-09-06T08:54:42.377,65535,0,2,51,0,0,0,0,0,0,0x0b
2026-09-06T08:54:42.458,65535,0,2,51,0,0,0,0,0,0,0x0b
2026-09-06T08:54:42.523,65535,0,2,50,0,0,0,0,0,0,0x0b
2026-09-06T08:54:42.589,65535,0,2,54,0,0,0,0,0,0,0x0b
2026-09-06T08:54:42.654,65535,0,2,51,0,0,0,0,0,0,0x0b
2026-09-06T08:54:42.719,65535,0,2,51,0,0,0,0,0,0,0x0b
2026-09-06T08:54:42.784,65535,0,2,50,0,0,0,0,0,0,0x0b
2026-09-06T08:54:42.849,65535,0,2,50,0,0,0,0,0,0,0x0b
2026-09-06T08:54:42.914,65535,0,2,50,0,0,0,0,0,0,0x0b
2026-09-06T08:54:42.996,65535,0,2,52,0,0,0,0,0,0,0x0b
2026-09-06T08:54:43.045,65535,0,2,51,0,0,0,0,0,0,0x0b
2026-09-06T08:54:43.126,65535,0,2,50,0,0,0,0,0,0,0x0b
2026-09-06T08:54:43.191,65535,0,2,50,0,0,0,0,0,0,0x0b
2026-09-06T08:54:43.256,65535,0,2,51,0,0,0,0,0,0,0x0b
2026-09-06T08:54:43.322,65535,0,2,51,0,0,0,0,0,0,0x0b
2026-09-06T08:54:43.386,65535,0,2,54,0,0,0,0,0,0,0x0b
2026-09-06T08:54:43.451,65535,0,2,50,0,0,0,0,0,0,0x0b
2026-09-06T08:54:43.516,65535,0,2,52,0,0,0,0,0,0,0x0b
2026-09-06T08:54:43.582,65535,0,2,50,0,0,0,0,0,0,0x0b
2026-09-06T08:54:43.663,65535,0,2,51,0,0,0,0,0,0,0x0b
2026-09-06T08:54:43.728,65535,0,2,52,0,0,0,0,0,0,0x0b
2026-09-06T08:54:43.793,65535,0,2,51,0,0,0,0,0,0,0x0b
2026-09-06T08:54:43.859,65535,0,2,51,0,0,0,0,0,0,0x0b
2026-09-06T08:54:43.924,65535,0,2,51,0,0,0,0,0,0,0x0b
2026-09-06T08:54:43.989,65535,0,2,52,0,0,0,0,0,0,0x0b
2026-09-06T08:54:44.054,65535,0,2,52,0,0,0,0,0,0,0x0b
2026-09-06T08:54:44.119,65535,0,2,50,0,0,0,0,0,0,0x0b
2026-09-06T08:54:44.184,65535,0,2,51,0,0,0,0,0,0,0x0b
2026-09-06T08:54:44.265,65535,0,2,51,0,0,0,0,0,0,0x0b
2026-09-06T08:54:44.330,65535,0,2,51,0,0,0,0,0,0,0x0b
2026-09-06T08:54:44.395,65535,0,2,50,0,0,0,0,0,0,0x0b
2026-09-06T08:54:44.461,65535,0,2,53,0,0,0,0,0,0,0x0b
2026-09-06T08:54:44.525,65535,0,2,52,0,0,0,0,0,0,0x0b
2026-09-06T08:54:44.590,65535,0,2,50,0,0,0,0,0,0,0x0b
2026-09-06T08:54:44.655,65535,0,2,50,0,0,0,0,0,0,0x0b
2026-09-06T08:54:44.720,65535,0,2,50,0,0,0,0,0,0,0x0b
2026-09-06T08:54:44.801,65535,0,2,52,0,0,0,0,0,0,0x0b
2026-09-06T08:54:44.865,65535,0,2,51,0,0,0,0,0,0,0x0b
2026-09-06T08:54:44.930,65535,0,2,51,0,0,0,0,0,0,0x0b
2026-09-06T08:54:44.995,65535,0,2,52,0,0,0,0,0,0,0x0b
2026-09-06T08:54:45.060,65535,0,2,51,0,0,0,0,0,0,0x0b
2026-09-06T08:54:45.126,65535,0,2,53,0,0,0,0,0,0,0x0b
2026-09-06T08:54:45.191,65535,0,2,50,0,0,0,0,0,0,0x0b
2026-09-06T08:54:45.256,65535,0,2,52,0,0,0,0,0,0,0x0b
2026-09-06T08:54:45.321,65535,0,2,50,0,0,0,0,0,0,0x0b
2026-09-06T08:54:45.402,65535,0,2,51,0,0,0,0,0,0,0x0b
2026-09-06T08:54:45.468,65535,0,2,51,0,0,0,0,0,0,0x0b
2026-09-06T08:54:45.532,65535,0,2,51,0,0,0,0,0,0,0x0b
2026-09-06T08:54:45.598,65535,0,2,51,0,0,0,0,0,0,0x0b
2026-09-06T08:54:45.662,65535,0,2,50,0,0,0,0,0,0,0x0b
2026-09-06T08:54:45.727,65535,0,2,50,0,0,0,0,0,0,0x0b
2026-09-06T08:54:45.792,65535,0,2,51,0,0,0,0,0,0,0x0b
2026-09-06T08:54:45.857,65535,0,2,52,0,0,0,0,0,0,0x0b
2026-09-06T08:54:45.938,65535,0,2,50,0,0,0,0,0,0,0x0b
2026-09-06T08:54:46.004,65535,0,2,52,0,0,0,0,0,0,0x0b
2026-09-06T08:54:46.069,65535,0,2,51,0,0,0,0,0,0,0x0b
2026-09-06T08:54:46.134,65535,0,2,51,0,0,0,0,0,0,0x0b
2026-09-06T08:54:46.198,65535,0,2,51,0,0,0,0,0,0,0x0b
2026-09-06T08:54:46.264,65535,0,2,50,0,0,0,0,0,0,0x0b
2026-09-06T08:54:46.329,65535,0,2,50,0,0,0,0,0,0,0x0b
2026-09-06T08:54:46.394,65535,0,2,50,0,0,0,0,0,0,0x0b
2026-09-06T08:54:46.460,65535,0,2,50,0,0,0,0,0,0,0x0b
2026-09-06T08:54:46.541,65535,0,2,51,0,0,0,0,0,0,0x0b
2026-09-06T08:54:46.607,65535,0,2,50,0,0,0,0,0,0,0x0b
2026-09-06T08:54:46.672,65535,0,2,50,0,0,0,0,0,0,0x0b
2026-09-06T08:54:46.738,65535,0,2,51,0,0,0,0,0,0,0x0b
2026-09-06T08:54:46.804,65535,0,2,50,0,0,0,0,0,0,0x0b
2026-09-06T08:54:46.869,65535,0,2,52,0,0,0,0,0,0,0x0b
2026-09-06T08:54:46.933,65535,0,2,50,0,0,0,0,0,0,0x0b
2026-09-06T08:54:46.998,65535,0,2,51,0,0,0,0,0,0,0x0b
2026-09-06T08:54:47.079,65535,0,2,52,0,0,0,0,0,0,0x0b
2026-09-06T08:54:47.128,65535,0,2,51,0,0,0,0,0,0,0x0b
2026-09-06T08:54:47.209,65535,0,2,50,0,0,0,0,0,0,0x0b
2026-09-06T08:54:47.274,65535,0,2,51,0,0,0,0,0,0,0x0b
2026-09-06T08:54:47.339,65535,0,2,51,0,0,0,0,0,0,0x0b
2026-09-06T08:54:47.405,65535,0,2,51,0,0,0,0,0,0,0x0b
2026-09-06T08:54:47.470,65535,0,2,50,0,0,0,0,0,0,0x0b
2026-09-06T08:54:47.535,65535,0,2,51,0,0,0,0,0,0,0x0b
2026-09-06T08:54:47.601,65535,0,2,51,0,0,0,0,0,0,0x0b
2026-09-06T08:54:47.666,65535,0,2,51,0,0,0,0,0,0,0x0b
2026-09-06T08:54:47.731,65535,0,2,50,0,0,0,0,0,0,0x0b
2026-09-06T08:54:47.813,65535,0,2,51,0,0,0,0,0,0,0x0b
2026-09-06T08:54:47.878,65535,0,2,51,0,0,0,0,0,0,0x0b
2026-09-06T08:54:47.943,65535,0,2,50,0,0,0,0,0,0,0x0b
2026-09-06T08:54:48.008,65535,0,2,50,0,0,0,0,0,0,0x0b
2026-09-06T08:54:48.073,65535,0,2,51,0,0,0,0,0,0,0x0b
2026-09-06T08:54:48.139,65535,0,2,50,0,0,0,0,0,0,0x0b
2026-09-06T08:54:48.203,65535,0,2,50,0,0,0,0,0,0,0x0b
2026-09-06T08:54:48.268,65535,0,2,52,0,0,0,0,0,0,0x0b
2026-09-06T08:54:48.350,65535,0,2,50,0,0,0,0,0,0,0x0b
2026-09-06T08:54:48.415,65535,0,2,51,0,0,0,0,0,0,0x0b
2026-09-06T08:54:48.479,65535,0,2,51,0,0,0,0,0,0,0x0b
2026-09-06T08:54:48.544,65535,0,2,50,0,0,0,0,0,0,0x0b
2026-09-06T08:54:48.609,65535,0,2,51,0,0,0,0,0,0,0x0b
2026-09-06T08:54:48.674,65535,0,2,53,0,0,0,0,0,0,0x0b
2026-09-06T08:54:48.739,65535,0,2,52,0,0,0,0,0,0,0x0b
2026-09-06T08:54:48.805,65535,0,2,50,0,0,0,0,0,0,0x0b
2026-09-06T08:54:48.886,65535,0,2,51,0,0,0,0,0,0,0x0b
2026-09-06T08:54:48.951,65535,0,2,51,0,0,0,0,0,0,0x0b
2026-09-06T08:54:49.016,65535,0,2,51,0,0,0,0,0,0,0x0b
2026-09-06T08:54:49.081,65535,0,2,51,0,0,0,0,0,0,0x0b
2026-09-06T08:54:49.146,65535,0,2,52,0,0,0,0,0,0,0x0b
2026-09-06T08:54:49.211,65535,0,2,50,0,0,0,0,0,0,0x0b
2026-09-06T08:54:49.276,65535,0,2,51,0,0,0,0,0,0,0x0b
2026-09-06T08:54:49.341,65535,0,2,50,0,0,0,0,0,0,0x0b
2026-09-06T08:54:49.422,65535,0,2,51,0,0,0,0,0,0,0x0b
2026-09-06T08:54:49.487,65535,0,2,50,0,0,0,0,0,0,0x0b
2026-09-06T08:54:49.552,65535,0,2,50,0,0,0,0,0,0,0x0b
2026-09-06T08:54:49.617,65535,0,2,52,0,0,0,0,0,0,0x0b
2026-09-06T08:54:49.682,65535,0,2,51,0,0,0,0,0,0,0x0b
2026-09-06T08:54:49.747,65535,0,2,50,0,0,0,0,0,0,0x0b
2026-09-06T08:54:49.812,65535,0,2,50,0,0,0,0,0,0,0x0b
2026-09-06T08:54:49.877,65535,0,2,51,0,0,0,0,0,0,0x0b
2026-09-06T08:54:49.957,65535,0,2,51,0,0,0,0,0,0,0x0b
2026-09-06T08:54:50.022,65535,0,2,50,0,0,0,0,0,0,0x0b
2026-09-06T08:54:50.087,65535,0,2,52,0,0,0,0,0,0,0x0b
2026-09-06T08:54:50.152,65535,0,2,50,0,0,0,0,0,0,0x0b
2026-09-06T08:54:50.217,65535,0,2,51,0,0,0,0,0,0,0x0b
2026-09-06T08:54:50.282,65535,0,2,51,0,0,0,0,0,0,0x0b
2026-09-06T08:54:50.347,65535,0,2,50,0,0,0,0,0,0,0x0b
2026-09-06T08:54:50.412,65535,0,2,52,0,0,0,0,0,0,0x0b
2026-09-06T08:54:50.478,65535,0,2,51,0,0,0,0,0,0,0x0b
2026-09-06T08:54:50.559,65535,0,2,51,0,0,0,0,0,0,0x0b
2026-09-06T08:54:50.624,65535,0,2,51,0,0,0,0,0,0,0x0b
2026-09-06T08:54:50.689,65535,0,2,52,0,0,0,0,0,0,0x0b
2026-09-06T08:54:50.755,65535,0,2,51,0,0,0,0,0,0,0x0b
2026-09-06T08:54:50.820,65535,0,2,50,0,0,0,0,0,0,0x0b
2026-09-06T08:54:50.885,65535,0,2,51,0,0,0,0,0,0,0x0b
2026-09-06T08:54:50.950,65535,0,2,51,0,0,0,0,0,0,0x0b
2026-09-06T08:54:51.016,65535,0,2,50,0,0,0,0,0,0,0x0b
2026-09-06T08:54:51.081,65535,0,2,50,0,0,0,0,0,0,0x0b
2026-09-06T08:54:51.163,65535,0,2,52,0,0,0,0,0,0,0x0b
2026-09-06T08:54:51.228,65535,0,2,51,0,0,0,0,0,0,0x0b
2026-09-06T08:54:51.293,65535,0,2,51,0,0,0,0,0,0,0x0b
2026-09-06T08:54:51.358,65535,0,2,51,0,0,0,0,0,0,0x0b
2026-09-06T08:54:51.423,65535,0,2,50,0,0,0,0,0,0,0x0b
2026-09-06T08:54:51.489,65535,0,2,52,0,0,0,0,0,0,0x0b
2026-09-06T08:54:51.554,65535,0,2,51,0,0,0,0,0,0,0x0b
2026-09-06T08:54:51.619,65535,0,2,51,0,0,0,0,0,0,0x0b
2026-09-06T08:54:51.685,65535,0,2,50,0,0,0,0,0,0,0x0b
2026-09-06T08:54:51.766,65535,0,2,51,0,0,0,0,0,0,0x0b
2026-09-06T08:54:51.831,65535,0,2,51,0,0,0,0,0,0,0x0b
2026-09-06T08:54:51.896,65535,0,2,54,0,0,0,0,0,0,0x0b
2026-09-06T08:54:51.961,65535,0,2,51,0,0,0,0,0,0,0x0b
2026-09-06T08:54:52.027,65535,0,2,51,0,0,0,0,0,0,0x0b
2026-09-06T08:54:52.091,65535,0,2,51,0,0,0,0,0,0,0x0b
2026-09-06T08:54:52.156,65535,0,2,50,0,0,0,0,0,0,0x0b
2026-09-06T08:54:52.221,65535,0,2,51,0,0,0,0,0,0,0x0b
2026-09-06T08:54:52.285,65535,0,2,52,0,0,0,0,0,0,0x0b
2026-09-06T08:54:52.367,65535,0,2,51,0,0,0,0,0,0,0x0b
2026-09-06T08:54:52.432,65535,0,2,50,0,0,0,0,0,0,0x0b
2026-09-06T08:54:52.497,65535,0,2,50,0,0,0,0,0,0,0x0b
2026-09-06T08:54:52.562,65535,0,2,50,0,0,0,0,0,0,0x0b
2026-09-06T08:54:52.627,65535,0,2,50,0,0,0,0,0,0,0x0b
2026-09-06T08:54:52.692,65535,0,2,50,0,0,0,0,0,0,0x0b
2026-09-06T08:54:52.757,65535,0,2,50,0,0,0,0,0,0,0x0b
2026-09-06T08:54:52.822,65535,0,2,52,0,0,0,0,0,0,0x0b
2026-09-06T08:54:52.888,65535,0,2,51,0,0,0,0,0,0,0x0b
2026-09-06T08:54:52.968,65535,0,2,51,0,0,0,0,0,0,0x0b
2026-09-06T08:54:53.034,65535,0,2,51,0,0,0,0,0,0,0x0b
2026-09-06T08:54:53.099,65535,0,2,51,0,0,0,0,0,0,0x0b
2026-09-06T08:54:53.164,65535,0,2,51,0,0,0,0,0,0,0x0b
2026-09-06T08:54:53.230,65535,0,2,51,0,0,0,0,0,0,0x0b
2026-09-06T08:54:53.294,65535,0,2,52,0,0,0,0,0,0,0x0b
2026-09-06T08:54:53.358,65535,0,2,51,0,0,0,0,0,0,0x0b
2026-09-06T08:54:53.423,65535,0,2,50,0,0,0,0,0,0,0x0b
2026-09-06T08:54:53.505,65535,0,2,51,0,0,0,0,0,0,0x0b
2026-09-06T08:54:53.570,65535,0,2,53,0,0,0,0,0,0,0x0b
2026-09-06T08:54:53.635,65535,0,2,52,0,0,0,0,0,0,0x0b
2026-09-06T08:54:53.700,65535,0,2,50,0,0,0,0,0,0,0x0b
2026-09-06T08:54:53.766,65535,0,2,51,0,0,0,0,0,0,0x0b
2026-09-06T08:54:53.830,65535,0,2,52,0,0,0,0,0,0,0x0b
2026-09-06T08:54:53.896,65535,0,2,50,0,0,0,0,0,0,0x0b
2026-09-06T08:54:53.960,65535,0,2,53,0,0,0,0,0,0,0x0b
2026-09-06T08:54:54.041,65535,0,2,51,0,0,0,0,0,0,0x0b
2026-09-06T08:54:54.107,65535,0,2,50,0,0,0,0,0,0,0x0b
2026-09-06T08:54:54.171,65535,0,2,51,0,0,0,0,0,0,0x0b
2026-09-06T08:54:54.236,65535,0,2,50,0,0,0,0,0,0,0x0b
2026-09-06T08:54:54.301,65535,0,2,52,0,0,0,0,0,0,0x0b
2026-09-06T08:54:54.366,65535,0,2,50,0,0,0,0,0,0,0x0b
2026-09-06T08:54:54.431,65535,0,2,50,0,0,0,0,0,0,0x0b
2026-09-06T08:54:54.496,65535,0,2,50,0,0,0,0,0,0,0x0b
2026-09-06T08:54:54.577,65535,0,2,52,0,0,0,0,0,0,0x0b
2026-09-06T08:54:54.642,65535,0,2,52,0,0,0,0,0,0,0x0b
2026-09-06T08:54:54.707,65535,0,2,51,0,0,0,0,0,0,0x0b
2026-09-06T08:54:54.771,65535,0,2,51,0,0,0,0,0,0,0x0b
2026-09-06T08:54:54.836,65535,0,2,51,0,0,0,0,0,0,0x0b
2026-09-06T08:54:54.901,65535,0,2,51,0,0,0,0,0,0,0x0b
2026-09-06T08:54:54.965,65535,0,2,50,0,0,0,0,0,0,0x0b
2026-09-06T08:54:55.046,65535,0,2,53,0,0,0,0,0,0,0x0b
2026-09-06T08:54:55.111,65535,0,2,50,0,0,0,0,0,0,0x0b
2026-09-06T08:54:55.176,65535,0,2,51,0,0,0,0,0,0,0x0b
2026-09-06T08:54:55.241,65535,0,2,51,0,0,0,0,0,0,0x0b
2026-09-06T08:54:55.306,65535,0,2,50,0,0,0,0,0,0,0x0b
2026-09-06T08:54:55.371,65535,0,2,50,0,0,0,0,0,0,0x0b
2026-09-06T08:54:55.436,65535,0,2,51,0,0,0,0,0,0,0x0b
2026-09-06T08:54:55.500,65535,0,2,50,0,0,0,0,0,0,0x0b
2026-09-06T08:54:55.582,65535,0,2,50,0,0,0,0,0,0,0x0b
2026-09-06T08:54:55.647,65535,0,2,50,0,0,0,0,0,0,0x0b
2026-09-06T08:54:55.711,65535,0,2,51,0,0,0,0,0,0,0x0b
2026-09-06T08:54:55.777,65535,0,2,50,0,0,0,0,0,0,0x0b
2026-09-06T08:54:55.842,65535,0,2,53,0,0,0,0,0,0,0x0b
2026-09-06T08:54:55.907,65535,0,2,50,0,0,0,0,0,0,0x0b
2026-09-06T08:54:55.972,65535,0,2,50,0,0,0,0,0,0,0x0b
2026-09-06T08:54:56.037,65535,0,2,50,0,0,0,0,0,0,0x0b
2026-09-06T08:54:56.119,65535,0,2,51,0,0,0,0,0,0,0x0b
2026-09-06T08:54:56.168,65535,0,2,51,0,0,0,0,0,0,0x0b
2026-09-06T08:54:56.249,65535,0,2,51,0,0,0,0,0,0,0x0b
2026-09-06T08:54:56.315,65535,0,2,50,0,0,0,0,0,0,0x0b
2026-09-06T08:54:56.380,65535,0,2,51,0,0,0,0,0,0,0x0b
2026-09-06T08:54:56.446,65535,0,2,51,0,0,0,0,0,0,0x0b
2026-09-06T08:54:56.511,65535,0,2,52,0,0,0,0,0,0,0x0b
2026-09-06T08:54:56.576,65535,0,2,52,0,0,0,0,0,0,0x0b
2026-09-06T08:54:56.641,65535,0,2,51,0,0,0,0,0,0,0x0b
2026-09-06T08:54:56.706,65535,0,2,52,0,0,0,0,0,0,0x0b
2026-09-06T08:54:56.771,65535,0,2,52,0,0,0,0,0,0,0x0b
2026-09-06T08:54:56.852,65535,0,2,50,0,0,0,0,0,0,0x0b
2026-09-06T08:54:56.917,65535,0,2,50,0,0,0,0,0,0,0x0b
2026-09-06T08:54:56.982,65535,0,2,52,0,0,0,0,0,0,0x0b
2026-09-06T08:54:57.048,65535,0,2,51,0,0,0,0,0,0,0x0b
2026-09-06T08:54:57.113,65535,0,2,50,0,0,0,0,0,0,0x0b
2026-09-06T08:54:57.178,65535,0,2,51,0,0,0,0,0,0,0x0b
2026-09-06T08:54:57.243,65535,0,2,51,0,0,0,0,0,0,0x0b
2026-09-06T08:54:57.309,65535,0,2,51,0,0,0,0,0,0,0x0b
2026-09-06T08:54:57.390,65535,0,2,51,0,0,0,0,0,0,0x0b
2026-09-06T08:54:57.439,65535,0,2,51,0,0,0,0,0,0,0x0b
2026-09-06T08:54:57.521,65535,0,2,52,0,0,0,0,0,0,0x0b
2026-09-06T08:54:57.585,65535,0,2,51,0,0,0,0,0,0,0x0b
2026-09-06T08:54:57.650,65535,0,2,50,0,0,0,0,0,0,0x0b
2026-09-06T08:54:57.715,65535,0,2,50,0,0,0,0,0,0,0x0b
2026-09-06T08:54:57.780,65535,0,2,54,0,0,0,0,0,0,0x0b
2026-09-06T08:54:57.846,65535,0,2,51,0,0,0,0,0,0,0x0b
2026-09-06T08:54:57.911,65535,0,2,52,0,0,0,0,0,0,0x0b
2026-09-06T08:54:57.976,65535,0,2,52,0,0,0,0,0,0,0x0b
2026-09-06T08:54:58.057,65535,0,2,54,0,0,0,0,0,0,0x0b
2026-09-06T08:54:58.123,65535,0,2,50,0,0,0,0,0,0,0x0b
2026-09-06T08:54:58.188,65535,0,2,52,0,0,0,0,0,0,0x0b
2026-09-06T08:54:58.253,65535,0,2,52,0,0,0,0,0,0,0x0b
2026-09-06T08:54:58.319,65535,0,2,50,0,0,0,0,0,0,0x0b
2026-09-06T08:54:58.384,65535,0,2,52,0,0,0,0,0,0,0x0b
2026-09-06T08:54:58.449,65535,0,2,51,0,0,0,0,0,0,0x0b
2026-09-06T08:54:58.514,65535,0,2,51,0,0,0,0,0,0,0x0b
2026-09-06T08:54:58.579,65535,0,2,50,0,0,0,0,0,0,0x0b
2026-09-06T08:54:58.660,65535,0,2,52,0,0,0,0,0,0,0x0b
2026-09-06T08:54:58.725,65535,0,2,50,0,0,0,0,0,0,0x0b
2026-09-06T08:54:58.790,65535,0,2,52,0,0,0,0,0,0,0x0b
2026-09-06T08:54:58.855,65535,0,2,50,0,0,0,0,0,0,0x0b
2026-09-06T08:54:58.920,65535,0,2,50,0,0,0,0,0,0,0x0b
2026-09-06T08:54:58.985,65535,0,2,50,0,0,0,0,0,0,0x0b
2026-09-06T08:54:59.049,65535,0,2,50,0,0,0,0,0,0,0x0b
2026-09-06T08:54:59.130,65535,0,2,51,0,0,0,0,0,0,0x0b
2026-09-06T08:54:59.196,65535,0,2,50,0,0,0,0,0,0,0x0b
2026-09-06T08:54:59.261,65535,0,2,51,0,0,0,0,0,0,0x0b
2026-09-06T08:54:59.326,65535,0,2,50,0,0,0,0,0,0,0x0b
2026-09-06T08:54:59.391,65535,0,2,50,0,0,0,0,0,0,0x0b
2026-09-06T08:54:59.456,65535,0,2,51,0,0,0,0,0,0,0x0b
2026-09-06T08:54:59.521,65535,0,2,50,0,0,0,0,0,0,0x0b
2026-09-06T08:54:59.586,65535,0,2,50,0,0,0,0,0,0,0x0b
2026-09-06T08:54:59.651,65535,0,2,51,0,0,0,0,0,0,0x0b
2026-09-06T08:54:59.732,65535,0,2,51,0,0,0,0,0,0,0x0b
2026-09-06T08:54:59.798,65535,0,2,50,0,0,0,0,0,0,0x0b
2026-09-06T08:54:59.863,65535,0,2,51,0,0,0,0,0,0,0x0b
2026-09-06T08:54:59.928,65535,0,2,52,0,0,0,0,0,0,0x0b
2026-09-06T08:54:59.992,65535,0,2,50,0,0,0,0,0,0,0x0b
2026-09-06T08:55:00.057,65535,0,2,50,0,0,0,0,0,0,0x0b
2026-09-06T08:55:00.122,65535,0,2,50,0,0,0,0,0,0,0x0b
2026-09-06T08:55:00.187,65535,0,2,51,0,0,0,0,0,0,0x0b
2026-09-06T08:55:00.269,65535,0,2,51,0,0,0,0,0,0,0x0b
2026-09-06T08:55:00.333,65535,0,2,50,0,0,0,0,0,0,0x0b
2026-09-06T08:55:00.399,65535,0,2,52,0,0,0,0,0,0,0x0b
2026-09-06T08:55:00.464,65535,0,2,51,0,0,0,0,0,0,0x0b
2026-09-06T08:55:00.529,65535,0,2,51,0,0,0,0,0,0,0x0b
2026-09-06T08:55:00.593,65535,0,2,51,0,0,0,0,0,0,0x0b
2026-09-06T08:55:00.659,65535,0,2,51,0,0,0,0,0,0,0x0b
2026-09-06T08:55:00.723,65535,0,2,51,0,0,0,0,0,0,0x0b
2026-09-06T08:55:00.788,65535,0,2,51,0,0,0,0,0,0,0x0b
2026-09-06T08:55:00.869,65535,0,2,52,0,0,0,0,0,0,0x0b
2026-09-06T08:55:00.934,65535,0,2,51,0,0,0,0,0,0,0x0b
2026-09-06T08:55:00.999,65535,0,2,50,0,0,0,0,0,0,0x0b
2026-09-06T08:55:01.064,65535,0,2,50,0,0,0,0,0,0,0x0b
2026-09-06T08:55:01.129,65535,0,2,50,0,0,0,0,0,0,0x0b
2026-09-06T08:55:01.194,65535,0,2,51,0,0,0,0,0,0,0x0b
2026-09-06T08:55:01.259,65535,0,2,52,0,0,0,0,0,0,0x0b
2026-09-06T08:55:01.324,65535,0,2,50,0,0,0,0,0,0,0x0b
2026-09-06T08:55:01.405,65535,0,2,51,0,0,0,0,0,0,0x0b
2026-09-06T08:55:01.470,65535,0,2,52,0,0,0,0,0,0,0x0b
2026-09-06T08:55:01.535,65535,0,2,52,0,0,0,0,0,0,0x0b
2026-09-06T08:55:01.600,65535,0,2,52,0,0,0,0,0,0,0x0b
2026-09-06T08:55:01.666,65535,0,2,52,0,0,0,0,0,0,0x0b
2026-09-06T08:55:01.730,65535,0,2,51,0,0,0,0,0,0,0x0b
2026-09-06T08:55:01.795,65535,0,2,50,0,0,0,0,0,0,0x0b
2026-09-06T08:55:01.860,65535,0,2,51,0,0,0,0,0,0,0x0b
2026-09-06T08:55:01.941,65535,0,2,51,0,0,0,0,0,0,0x0b
2026-09-06T08:55:02.007,65535,0,2,51,0,0,0,0,0,0,0x0b
2026-09-06T08:55:02.072,65535,0,2,51,0,0,0,0,0,0,0x0b
2026-09-06T08:55:02.137,65535,0,2,52,0,0,0,0,0,0,0x0b
2026-09-06T08:55:02.201,65535,0,2,51,0,0,0,0,0,0,0x0b
2026-09-06T08:55:02.266,65535,0,2,50,0,0,0,0,0,0,0x0b
2026-09-06T08:55:02.332,65535,0,2,50,0,0,0,0,0,0,0x0b
2026-09-06T08:55:02.397,65535,0,2,51,0,0,0,0,0,0,0x0b
2026-09-06T08:55:02.478,65535,0,2,50,0,0,0,0,0,0,0x0b
2026-09-06T08:55:02.544,65535,0,2,50,0,0,0,0,0,0,0x0b
2026-09-06T08:55:02.608,65535,0,2,51,0,0,0,0,0,0,0x0b
2026-09-06T08:55:02.673,65535,0,2,51,0,0,0,0,0,0,0x0b
2026-09-06T08:55:02.738,65535,0,2,51,0,0,0,0,0,0,0x0b
2026-09-06T08:55:02.804,65535,0,2,51,0,0,0,0,0,0,0x0b
2026-09-06T08:55:02.869,65535,0,2,51,0,0,0,0,0,0,0x0b
2026-09-06T08:55:02.934,65535,0,2,50,0,0,0,0,0,0,0x0b
2026-09-06T08:55:02.999,65535,0,2,50,0,0,0,0,0,0,0x0b
2026-09-06T08:55:03.080,65535,0,2,50,0,0,0,0,0,0,0x0b
2026-09-06T08:55:03.146,65535,0,2,50,0,0,0,0,0,0,0x0b
2026-09-06T08:55:03.210,65535,0,2,52,0,0,0,0,0,0,0x0b
2026-09-06T08:55:03.276,65535,0,2,50,0,0,0,0,0,0,0x0b
2026-09-06T08:55:03.341,65535,0,2,50,0,0,0,0,0,0,0x0b
2026-09-06T08:55:03.406,65535,0,2,52,0,0,0,0,0,0,0x0b
2026-09-06T08:55:03.471,65535,0,2,52,0,0,0,0,0,0,0x0b
2026-09-06T08:55:03.536,65535,0,2,50,0,0,0,0,0,0,0x0b
2026-09-06T08:55:03.617,65535,0,2,51,0,0,0,0,0,0,0x0b
2026-09-06T08:55:03.681,65535,0,2,51,0,0,0,0,0,0,0x0b
2026-09-06T08:55:03.746,65535,0,2,51,0,0,0,0,0,0,0x0b
2026-09-06T08:55:03.812,65535,0,2,50,0,0,0,0,0,0,0x0b
2026-09-06T08:55:03.877,65535,0,2,50,0,0,0,0,0,0,0x0b
2026-09-06T08:55:03.942,65535,0,2,50,0,0,0,0,0,0,0x0b
2026-09-06T08:55:04.006,65535,0,2,51,0,0,0,0,0,0,0x0b
2026-09-06T08:55:04.072,65535,0,2,50,0,0,0,0,0,0,0x0b
2026-09-06T08:55:04.137,65535,0,2,51,0,0,0,0,0,0,0x0b
2026-09-06T08:55:04.217,65535,0,2,51,0,0,0,0,0,0,0x0b
2026-09-06T08:55:04.283,65535,0,2,50,0,0,0,0,0,0,0x0b
2026-09-06T08:55:04.348,65535,0,2,51,0,0,0,0,0,0,0x0b
2026-09-06T08:55:04.412,65535,0,2,50,0,0,0,0,0,0,0x0b
2026-09-06T08:55:04.477,65535,0,2,51,0,0,0,0,0,0,0x0b
2026-09-06T08:55:04.542,65535,0,2,50,0,0,0,0,0,0,0x0b
2026-09-06T08:55:04.607,65535,0,2,50,0,0,0,0,0,0,0x0b
2026-09-06T08:55:04.673,65535,0,2,51,0,0,0,0,0,0,0x0b
2026-09-06T08:55:04.754,65535,0,2,51,0,0,0,0,0,0,0x0b
2026-09-06T08:55:04.819,65535,0,2,51,0,0,0,0,0,0,0x0b
2026-09-06T08:55:04.884,65535,0,2,51,0,0,0,0,0,0,0x0b
2026-09-06T08:55:04.949,65535,0,2,50,0,0,0,0,0,0,0x0b
2026-09-06T08:55:05.014,65535,0,2,51,0,0,0,0,0,0,0x0b
2026-09-06T08:55:05.079,65535,0,2,51,0,0,0,0,0,0,0x0b
2026-09-06T08:55:05.144,65535,0,2,51,0,0,0,0,0,0,0x0b
2026-09-06T08:55:05.209,65535,0,2,50,0,0,0,0,0,0,0x0b
2026-09-06T08:55:05.290,65535,0,2,51,0,0,0,0,0,0,0x0b
2026-09-06T08:55:05.355,65535,0,2,51,0,0,0,0,0,0,0x0b
2026-09-06T08:55:05.420,65535,0,2,52,0,0,0,0,0,0,0x0b
2026-09-06T08:55:05.485,65535,0,2,51,0,0,0,0,0,0,0x0b
2026-09-06T08:55:05.550,65535,0,2,50,0,0,0,0,0,0,0x0b
2026-09-06T08:55:05.615,65535,0,2,50,0,0,0,0,0,0,0x0b
2026-09-06T08:55:05.680,65535,0,2,51,0,0,0,0,0,0,0x0b
2026-09-06T08:55:05.745,65535,0,2,50,0,0,0,0,0,0,0x0b
2026-09-06T08:55:05.826,65535,0,2,51,0,0,0,0,0,0,0x0b
2026-09-06T08:55:05.891,65535,0,2,54,0,0,0,0,0,0,0x0b
2026-09-06T08:55:05.956,65535,0,2,50,0,0,0,0,0,0,0x0b
2026-09-06T08:55:06.022,65535,0,2,50,0,0,0,0,0,0,0x0b
2026-09-06T08:55:06.086,65535,0,2,50,0,0,0,0,0,0,0x0b
2026-09-06T08:55:06.152,65535,0,2,50,0,0,0,0,0,0,0x0b
2026-09-06T08:55:06.217,65535,0,2,50,0,0,0,0,0,0,0x0b
2026-09-06T08:55:06.282,65535,0,2,54,0,0,0,0,0,0,0x0b
2026-09-06T08:55:06.347,65535,0,2,52,0,0,0,0,0,0,0x0b
2026-09-06T08:55:06.428,65535,0,2,52,0,0,0,0,0,0,0x0b
2026-09-06T08:55:06.493,65535,0,2,50,0,0,0,0,0,0,0x0b
2026-09-06T08:55:06.558,65535,0,2,52,0,0,0,0,0,0,0x0b
2026-09-06T08:55:06.623,65535,0,2,51,0,0,0,0,0,0,0x0b
2026-09-06T08:55:06.689,65535,0,2,51,0,0,0,0,0,0,0x0b
2026-09-06T08:55:06.754,65535,0,2,50,0,0,0,0,0,0,0x0b
2026-09-06T08:55:06.818,65535,0,2,51,0,0,0,0,0,0,0x0b
2026-09-06T08:55:06.883,65535,0,2,50,0,0,0,0,0,0,0x0b
2026-09-06T08:55:06.964,65535,0,2,52,0,0,0,0,0,0,0x0b
2026-09-06T08:55:07.029,65535,0,2,51,0,0,0,0,0,0,0x0b
2026-09-06T08:55:07.094,65535,0,2,50,0,0,0,0,0,0,0x0b
2026-09-06T08:55:07.160,65535,0,2,51,0,0,0,0,0,0,0x0b
2026-09-06T08:55:07.225,65535,0,2,50,0,0,0,0,0,0,0x0b
2026-09-06T08:55:07.290,65535,0,2,51,0,0,0,0,0,0,0x0b
2026-09-06T08:55:07.355,65535,0,2,52,0,0,0,0,0,0,0x0b
2026-09-06T08:55:07.420,65535,0,2,50,0,0,0,0,0,0,0x0b
2026-09-06T08:55:07.485,65535,0,2,50,0,0,0,0,0,0,0x0b
2026-09-06T08:55:07.550,65535,0,2,51,0,0,0,0,0,0,0x0b
2026-09-06T08:55:07.631,65535,0,2,51,0,0,0,0,0,0,0x0b
2026-09-06T08:55:07.696,65535,0,2,51,0,0,0,0,0,0,0x0b
2026-09-06T08:55:07.761,65535,0,2,51,0,0,0,0,0,0,0x0b
2026-09-06T08:55:07.826,65535,0,2,50,0,0,0,0,0,0,0x0b
2026-09-06T08:55:07.891,65535,0,2,50,0,0,0,0,0,0,0x0b
2026-09-06T08:55:07.957,65535,0,2,52,0,0,0,0,0,0,0x0b
2026-09-06T08:55:08.021,65535,0,2,51,0,0,0,0,0,0,0x0b
2026-09-06T08:55:08.086,65535,0,2,51,0,0,0,0,0,0,0x0b
2026-09-06T08:55:08.167,65535,0,2,50,0,0,0,0,0,0,0x0b
2026-09-06T08:55:08.232,65535,0,2,51,0,0,0,0,0,0,0x0b
2026-09-06T08:55:08.297,65535,0,2,50,0,0,0,0,0,0,0x0b
2026-09-06T08:55:08.362,65535,0,2,51,0,0,0,0,0,0,0x0b
2026-09-06T08:55:08.427,65535,0,2,51,0,0,0,0,0,0,0x0b
2026-09-06T08:55:08.492,65535,0,2,52,0,0,0,0,0,0,0x0b
2026-09-06T08:55:08.557,65535,0,2,50,0,0,0,0,0,0,0x0b
2026-09-06T08:55:08.622,65535,0,2,52,0,0,0,0,0,0,0x0b
2026-09-06T08:55:08.703,65535,0,2,52,0,0,0,0,0,0,0x0b
2026-09-06T08:55:08.769,65535,0,2,50,0,0,0,0,0,0,0x0b
2026-09-06T08:55:08.834,65535,0,2,51,0,0,0,0,0,0,0x0b
2026-09-06T08:55:08.899,65535,0,2,52,0,0,0,0,0,0,0x0b
2026-09-06T08:55:08.964,65535,0,2,52,0,0,0,0,0,0,0x0b
2026-09-06T08:55:09.029,65535,0,2,51,0,0,0,0,0,0,0x0b
2026-09-06T08:55:09.094,65535,0,2,50,0,0,0,0,0,0,0x0b
2026-09-06T08:55:09.159,65535,0,2,51,0,0,0,0,0,0,0x0b
2026-09-06T08:55:09.239,65535,0,2,51,0,0,0,0,0,0,0x0b
2026-09-06T08:55:09.305,65535,0,2,53,0,0,0,0,0,0,0x0b
2026-09-06T08:55:09.370,65535,0,2,51,0,0,0,0,0,0,0x0b
2026-09-06T08:55:09.435,65535,0,2,50,0,0,0,0,0,0,0x0b
2026-09-06T08:55:09.500,65535,0,2,51,0,0,0,0,0,0,0x0b
2026-09-06T08:55:09.565,65535,0,2,51,0,0,0,0,0,0,0x0b
2026-09-06T08:55:09.630,65535,0,2,51,0,0,0,0,0,0,0x0b
2026-09-06T08:55:09.695,65535,0,2,52,0,0,0,0,0,0,0x0b
2026-09-06T08:55:09.776,65535,0,2,50,0,0,0,0,0,0,0x0b
2026-09-06T08:55:09.841,65535,0,2,51,0,0,0,0,0,0,0x0b
2026-09-06T08:55:09.906,65535,0,2,50,0,0,0,0,0,0,0x0b
2026-09-06T08:55:09.971,65535,0,2,51,0,0,0,0,0,0,0x0b
2026-09-06T08:55:10.037,65535,0,2,51,0,0,0,0,0,0,0x0b
2026-09-06T08:55:10.102,65535,0,2,52,0,0,0,0,0,0,0x0b
2026-09-06T08:55:10.167,65535,0,2,51,0,0,0,0,0,0,0x0b
2026-09-06T08:55:10.231,65535,0,2,51,0,0,0,0,0,0,0x0b
2026-09-06T08:55:10.313,65535,0,2,51,0,0,0,0,0,0,0x0b
2026-09-06T08:55:10.362,65535,0,2,51,0,0,0,0,0,0,0x0b
2026-09-06T08:55:10.443,65535,0,2,52,0,0,0,0,0,0,0x0b
2026-09-06T08:55:10.507,65535,0,2,50,0,0,0,0,0,0,0x0b
2026-09-06T08:55:10.572,65535,0,2,50,0,0,0,0,0,0,0x0b
2026-09-06T08:55:10.637,65535,0,2,50,0,0,0,0,0,0,0x0b
2026-09-06T08:55:10.702,65535,0,2,52,0,0,0,0,0,0,0x0b
2026-09-06T08:55:10.767,65535,0,2,53,0,0,0,0,0,0,0x0b
2026-09-06T08:55:10.832,65535,0,2,51,0,0,0,0,0,0,0x0b
2026-09-06T08:55:10.914,65535,0,2,50,0,0,0,0,0,0,0x0b
2026-09-06T08:55:10.979,65535,0,2,50,0,0,0,0,0,0,0x0b
2026-09-06T08:55:11.044,65535,0,2,51,0,0,0,0,0,0,0x0b
2026-09-06T08:55:11.109,65535,0,2,52,0,0,0,0,0,0,0x0b
2026-09-06T08:55:11.174,65535,0,2,54,0,0,0,0,0,0,0x0b
2026-09-06T08:55:11.239,65535,0,2,51,0,0,0,0,0,0,0x0b
2026-09-06T08:55:11.304,65535,0,2,51,0,0,0,0,0,0,0x0b
2026-09-06T08:55:11.369,65535,0,2,51,0,0,0,0,0,0,0x0b
2026-09-06T08:55:11.434,65535,0,2,51,0,0,0,0,0,0,0x0b
2026-09-06T08:55:11.515,65535,0,2,50,0,0,0,0,0,0,0x0b
2026-09-06T08:55:11.581,65535,0,2,51,0,0,0,0,0,0,0x0b
2026-09-06T08:55:11.645,65535,0,2,52,0,0,0,0,0,0,0x0b
2026-09-06T08:55:11.711,65535,0,2,50,0,0,0,0,0,0,0x0b
2026-09-06T08:55:11.776,65535,0,2,50,0,0,0,0,0,0,0x0b
2026-09-06T08:55:11.841,65535,0,2,50,0,0,0,0,0,0,0x0b
2026-09-06T08:55:11.906,65535,0,2,51,0,0,0,0,0,0,0x0b
2026-09-06T08:55:11.972,65535,0,2,51,0,0,0,0,0,0,0x0b
2026-09-06T08:55:12.053,65535,0,2,50,0,0,0,0,0,0,0x0b
2026-09-06T08:55:12.102,65535,0,2,51,0,0,0,0,0,0,0x0b
2026-09-06T08:55:12.183,65535,0,2,51,0,0,0,0,0,0,0x0b
2026-09-06T08:55:12.248,65535,0,2,51,0,0,0,0,0,0,0x0b
2026-09-06T08:55:12.313,65535,0,2,51,0,0,0,0,0,0,0x0b
2026-09-06T08:55:12.378,65535,0,2,51,0,0,0,0,0,0,0x0b
2026-09-06T08:55:12.443,65535,0,2,51,0,0,0,0,0,0,0x0b
2026-09-06T08:55:12.508,65535,0,2,50,0,0,0,0,0,0,0x0b
2026-09-06T08:55:12.589,65535,0,2,51,0,0,0,0,0,0,0x0b
2026-09-06T08:55:12.638,65535,0,2,50,0,0,0,0,0,0,0x0b
2026-09-06T08:55:12.720,65535,0,2,51,0,0,0,0,0,0,0x0b
2026-09-06T08:55:12.785,65535,0,2,51,0,0,0,0,0,0,0x0b
2026-09-06T08:55:12.850,65535,0,2,50,0,0,0,0,0,0,0x0b
2026-09-06T08:55:12.915,65535,0,2,50,0,0,0,0,0,0,0x0b
2026-09-06T08:55:12.980,65535,0,2,51,0,0,0,0,0,0,0x0b
2026-09-06T08:55:13.045,65535,0,2,50,0,0,0,0,0,0,0x0b
2026-09-06T08:55:13.111,65535,0,2,51,0,0,0,0,0,0,0x0b
2026-09-06T08:55:13.176,65535,0,2,50,0,0,0,0,0,0,0x0b
2026-09-06T08:55:13.257,65535,0,2,51,0,0,0,0,0,0,0x0b
2026-09-06T08:55:13.323,65535,0,2,52,0,0,0,0,0,0,0x0b
2026-09-06T08:55:13.387,65535,0,2,51,0,0,0,0,0,0,0x0b
2026-09-06T08:55:13.452,65535,0,2,52,0,0,0,0,0,0,0x0b
2026-09-06T08:55:13.518,65535,0,2,52,0,0,0,0,0,0,0x0b
2026-09-06T08:55:13.583,65535,0,2,51,0,0,0,0,0,0,0x0b
2026-09-06T08:55:13.647,65535,0,2,50,0,0,0,0,0,0,0x0b
2026-09-06T08:55:13.712,65535,0,2,52,0,0,0,0,0,0,0x0b
2026-09-06T08:55:13.793,65535,0,2,51,0,0,0,0,0,0,0x0b
2026-09-06T08:55:13.858,65535,0,2,50,0,0,0,0,0,0,0x0b
2026-09-06T08:55:13.923,65535,0,2,52,0,0,0,0,0,0,0x0b
2026-09-06T08:55:13.988,65535,0,2,50,0,0,0,0,0,0,0x0b
2026-09-06T08:55:14.053,65535,0,2,50,0,0,0,0,0,0,0x0b
2026-09-06T08:55:14.118,65535,0,2,53,0,0,0,0,0,0,0x0b
2026-09-06T08:55:14.183,65535,0,2,50,0,0,0,0,0,0,0x0b
2026-09-06T08:55:14.248,65535,0,2,50,0,0,0,0,0,0,0x0b
2026-09-06T08:55:14.329,65535,0,2,51,0,0,0,0,0,0,0x0b
2026-09-06T08:55:14.394,65535,0,2,52,0,0,0,0,0,0,0x0b
2026-09-06T08:55:14.459,65535,0,2,50,0,0,0,0,0,0,0x0b
2026-09-06T08:55:14.524,65535,0,2,51,0,0,0,0,0,0,0x0b
2026-09-06T08:55:14.589,65535,0,2,50,0,0,0,0,0,0,0x0b
2026-09-06T08:55:14.654,65535,0,2,50,0,0,0,0,0,0,0x0b
2026-09-06T08:55:14.719,65535,0,2,51,0,0,0,0,0,0,0x0b
2026-09-06T08:55:14.784,65535,0,2,52,0,0,0,0,0,0,0x0b
2026-09-06T08:55:14.866,65535,0,2,52,0,0,0,0,0,0,0x0b
2026-09-06T08:55:14.931,65535,0,2,51,0,0,0,0,0,0,0x0b
2026-09-06T08:55:14.996,65535,0,2,51,0,0,0,0,0,0,0x0b
2026-09-06T08:55:15.061,65535,0,2,51,0,0,0,0,0,0,0x0b
2026-09-06T08:55:15.126,65535,0,2,51,0,0,0,0,0,0,0x0b
2026-09-06T08:55:15.191,65535,0,2,50,0,0,0,0,0,0,0x0b
2026-09-06T08:55:15.256,65535,0,2,51,0,0,0,0,0,0,0x0b
2026-09-06T08:55:15.321,65535,0,2,51,0,0,0,0,0,0,0x0b
2026-09-06T08:55:15.386,65535,0,2,50,0,0,0,0,0,0,0x0b
2026-09-06T08:55:15.451,65535,0,2,51,0,0,0,0,0,0,0x0b
2026-09-06T08:55:15.532,65535,0,2,51,0,0,0,0,0,0,0x0b
2026-09-06T08:55:15.597,65535,0,2,50,0,0,0,0,0,0,0x0b
2026-09-06T08:55:15.663,65535,0,2,50,0,0,0,0,0,0,0x0b
2026-09-06T08:55:15.728,65535,0,2,50,0,0,0,0,0,0,0x0b
2026-09-06T08:55:15.793,65535,0,2,51,0,0,0,0,0,0,0x0b
2026-09-06T08:55:15.858,65535,0,2,51,0,0,0,0,0,0,0x0b
2026-09-06T08:55:15.923,65535,0,2,50,0,0,0,0,0,0,0x0b
2026-09-06T08:55:15.989,65535,0,2,50,0,0,0,0,0,0,0x0b
2026-09-06T08:55:16.054,65535,0,2,51,0,0,0,0,0,0,0x0b
2026-09-06T08:55:16.135,65535,0,2,51,0,0,0,0,0,0,0x0b
2026-09-06T08:55:16.199,65535,0,2,50,0,0,0,0,0,0,0x0b
2026-09-06T08:55:16.264,65535,0,2,50,0,0,0,0,0,0,0x0b
2026-09-06T08:55:16.329,65535,0,2,50,0,0,0,0,0,0,0x0b
2026-09-06T08:55:16.394,65535,0,2,51,0,0,0,0,0,0,0x0b
2026-09-06T08:55:16.459,65535,0,2,50,0,0,0,0,0,0,0x0b
2026-09-06T08:55:16.525,65535,0,2,52,0,0,0,0,0,0,0x0b
2026-09-06T08:55:16.590,65535,0,2,50,0,0,0,0,0,0,0x0b
2026-09-06T08:55:16.671,65535,0,2,50,0,0,0,0,0,0,0x0b
2026-09-06T08:55:16.737,65535,0,2,51,0,0,0,0,0,0,0x0b
2026-09-06T08:55:16.801,65535,0,2,50,0,0,0,0,0,0,0x0b
2026-09-06T08:55:16.866,65535,0,2,51,0,0,0,0,0,0,0x0b
2026-09-06T08:55:16.931,65535,0,2,52,0,0,0,0,0,0,0x0b
2026-09-06T08:55:16.996,65535,0,2,51,0,0,0,0,0,0,0x0b
2026-09-06T08:55:17.061,65535,0,2,50,0,0,0,0,0,0,0x0b
2026-09-06T08:55:17.127,65535,0,2,51,0,0,0,0,0,0,0x0b
2026-09-06T08:55:17.208,65535,0,2,52,0,0,0,0,0,0,0x0b
2026-09-06T08:55:17.273,65535,0,2,51,0,0,0,0,0,0,0x0b
2026-09-06T08:55:17.337,65535,0,2,52,0,0,0,0,0,0,0x0b
2026-09-06T08:55:17.403,65535,0,2,52,0,0,0,0,0,0,0x0b
2026-09-06T08:55:17.467,65535,0,2,50,0,0,0,0,0,0,0x0b
2026-09-06T08:55:17.533,65535,0,2,51,0,0,0,0,0,0,0x0b
2026-09-06T08:55:17.598,65535,0,2,51,0,0,0,0,0,0,0x0b
2026-09-06T08:55:17.663,65535,0,2,51,0,0,0,0,0,0,0x0b
2026-09-06T08:55:17.744,65535,0,2,51,0,0,0,0,0,0,0x0b
2026-09-06T08:55:17.809,65535,0,2,52,0,0,0,0,0,0,0x0b
2026-09-06T08:55:17.874,65535,0,2,50,0,0,0,0,0,0,0x0b
2026-09-06T08:55:17.939,65535,0,2,50,0,0,0,0,0,0,0x0b
2026-09-06T08:55:18.004,65535,0,2,52,0,0,0,0,0,0,0x0b
2026-09-06T08:55:18.069,65535,0,2,50,0,0,0,0,0,0,0x0b
2026-09-06T08:55:18.134,65535,0,2,50,0,0,0,0,0,0,0x0b
2026-09-06T08:55:18.199,65535,0,2,51,0,0,0,0,0,0,0x0b
2026-09-06T08:55:18.280,65535,0,2,52,0,0,0,0,0,0,0x0b
2026-09-06T08:55:18.344,65535,0,2,50,0,0,0,0,0,0,0x0b
2026-09-06T08:55:18.409,65535,0,2,51,0,0,0,0,0,0,0x0b
2026-09-06T08:55:18.475,65535,0,2,51,0,0,0,0,0,0,0x0b
2026-09-06T08:55:18.540,65535,0,2,50,0,0,0,0,0,0,0x0b
2026-09-06T08:55:18.605,65535,0,2,52,0,0,0,0,0,0,0x0b
2026-09-06T08:55:18.669,65535,0,2,52,0,0,0,0,0,0,0x0b
2026-09-06T08:55:18.734,65535,0,2,51,0,0,0,0,0,0,0x0b
2026-09-06T08:55:18.799,65535,0,2,50,0,0,0,0,0,0,0x0b
2026-09-06T08:55:18.880,65535,0,2,50,0,0,0,0,0,0,0x0b
2026-09-06T08:55:18.944,65535,0,2,50,0,0,0,0,0,0,0x0b
2026-09-06T08:55:19.009,65535,0,2,52,0,0,0,0,0,0,0x0b
2026-09-06T08:55:19.075,65535,0,2,50,0,0,0,0,0,0,0x0b
2026-09-06T08:55:19.139,65535,0,2,51,0,0,0,0,0,0,0x0b
2026-09-06T08:55:19.204,65535,0,2,50,0,0,0,0,0,0,0x0b
2026-09-06T08:55:19.270,65535,0,2,50,0,0,0,0,0,0,0x0b
2026-09-06T08:55:19.335,65535,0,2,50,0,0,0,0,0,0,0x0b
2026-09-06T08:55:19.416,65535,0,2,51,0,0,0,0,0,0,0x0b
2026-09-06T08:55:19.481,65535,0,2,51,0,0,0,0,0,0,0x0b
2026-09-06T08:55:19.546,65535,0,2,50,0,0,0,0,0,0,0x0b
2026-09-06T08:55:19.611,65535,0,2,51,0,0,0,0,0,0,0x0b
2026-09-06T08:55:19.676,65535,0,2,52,0,0,0,0,0,0,0x0b
2026-09-06T08:55:19.741,65535,0,2,50,0,0,0,0,0,0,0x0b
2026-09-06T08:55:19.806,65535,0,2,51,0,0,0,0,0,0,0x0b
2026-09-06T08:55:19.871,65535,0,2,51,0,0,0,0,0,0,0x0b
2026-09-06T08:55:19.952,65535,0,2,51,0,0,0,0,0,0,0x0b
2026-09-06T08:55:20.017,65535,0,2,51,0,0,0,0,0,0,0x0b
2026-09-06T08:55:20.081,65535,0,2,53,0,0,0,0,0,0,0x0b
2026-09-06T08:55:20.146,65535,0,2,50,0,0,0,0,0,0,0x0b
2026-09-06T08:55:20.211,65535,0,2,50,0,0,0,0,0,0,0x0b
2026-09-06T08:55:20.277,65535,0,2,50,0,0,0,0,0,0,0x0b
2026-09-06T08:55:20.342,65535,0,2,50,0,0,0,0,0,0,0x0b
2026-09-06T08:55:20.407,65535,0,2,50,0,0,0,0,0,0,0x0b
2026-09-06T08:55:20.488,65535,0,2,54,0,0,0,0,0,0,0x0b
2026-09-06T08:55:20.553,65535,0,2,50,0,0,0,0,0,0,0x0b
2026-09-06T08:55:20.618,65535,0,2,51,0,0,0,0,0,0,0x0b
2026-09-06T08:55:20.683,65535,0,2,51,0,0,0,0,0,0,0x0b
2026-09-06T08:55:20.748,65535,0,2,52,0,0,0,0,0,0,0x0b
2026-09-06T08:55:20.813,65535,0,2,51,0,0,0,0,0,0,0x0b
2026-09-06T08:55:20.877,65535,0,2,50,0,0,0,0,0,0,0x0b
2026-09-06T08:55:20.942,65535,0,2,51,0,0,0,0,0,0,0x0b
2026-09-06T08:55:21.024,65535,0,2,52,0,0,0,0,0,0,0x0b
2026-09-06T08:55:21.089,65535,0,2,50,0,0,0,0,0,0,0x0b
2026-09-06T08:55:21.154,65535,0,2,51,0,0,0,0,0,0,0x0b
2026-09-06T08:55:21.219,65535,0,2,51,0,0,0,0,0,0,0x0b
2026-09-06T08:55:21.284,65535,0,2,52,0,0,0,0,0,0,0x0b
2026-09-06T08:55:21.349,65535,0,2,51,0,0,0,0,0,0,0x0b
2026-09-06T08:55:21.414,65535,0,2,52,0,0,0,0,0,0,0x0b
2026-09-06T08:55:21.479,65535,0,2,50,0,0,0,0,0,0,0x0b
2026-09-06T08:55:21.560,65535,0,2,52,0,0,0,0,0,0,0x0b
2026-09-06T08:55:21.625,65535,0,2,52,0,0,0,0,0,0,0x0b
2026-09-06T08:55:21.690,65535,0,2,51,0,0,0,0,0,0,0x0b
2026-09-06T08:55:21.756,65535,0,2,50,0,0,0,0,0,0,0x0b
2026-09-06T08:55:21.820,65535,0,2,51,0,0,0,0,0,0,0x0b
2026-09-06T08:55:21.885,65535,0,2,50,0,0,0,0,0,0,0x0b
2026-09-06T08:55:21.950,65535,0,2,50,0,0,0,0,0,0,0x0b
2026-09-06T08:55:22.016,65535,0,2,50,0,0,0,0,0,0,0x0b
2026-09-06T08:55:22.097,65535,0,2,50,0,0,0,0,0,0,0x0b
2026-09-06T08:55:22.161,65535,0,2,51,0,0,0,0,0,0,0x0b
2026-09-06T08:55:22.225,65535,0,2,50,0,0,0,0,0,0,0x0b
2026-09-06T08:55:22.290,65535,0,2,52,0,0,0,0,0,0,0x0b
2026-09-06T08:55:22.355,65535,0,2,51,0,0,0,0,0,0,0x0b
2026-09-06T08:55:22.420,65535,0,2,50,0,0,0,0,0,0,0x0b
2026-09-06T08:55:22.486,65535,0,2,50,0,0,0,0,0,0,0x0b
2026-09-06T08:55:22.551,65535,0,2,50,0,0,0,0,0,0,0x0b
2026-09-06T08:55:22.632,65535,0,2,50,0,0,0,0,0,0,0x0b
2026-09-06T08:55:22.681,65535,0,2,52,0,0,0,0,0,0,0x0b
2026-09-06T08:55:22.762,65535,0,2,50,0,0,0,0,0,0,0x0b
2026-09-06T08:55:22.827,65535,0,2,50,0,0,0,0,0,0,0x0b
2026-09-06T08:55:22.892,65535,0,2,51,0,0,0,0,0,0,0x0b
2026-09-06T08:55:22.957,65535,0,2,50,0,0,0,0,0,0,0x0b
2026-09-06T08:55:23.022,65535,0,2,50,0,0,0,0,0,0,0x0b
2026-09-06T08:55:23.087,65535,0,2,51,0,0,0,0,0,0,0x0b
2026-09-06T08:55:23.167,65535,0,2,51,0,0,0,0,0,0,0x0b
2026-09-06T08:55:23.232,65535,0,2,54,0,0,0,0,0,0,0x0b
2026-09-06T08:55:23.297,65535,0,2,51,0,0,0,0,0,0,0x0b
2026-09-06T08:55:23.362,65535,0,2,52,0,0,0,0,0,0,0x0b
2026-09-06T08:55:23.428,65535,0,2,50,0,0,0,0,0,0,0x0b
2026-09-06T08:55:23.493,65535,0,2,50,0,0,0,0,0,0,0x0b
2026-09-06T08:55:23.559,65535,0,2,51,0,0,0,0,0,0,0x0b
2026-09-06T08:55:23.624,65535,0,2,50,0,0,0,0,0,0,0x0b
2026-09-06T08:55:23.689,65535,0,2,50,0,0,0,0,0,0,0x0b
2026-09-06T08:55:23.754,65535,0,2,51,0,0,0,0,0,0,0x0b
2026-09-06T08:55:23.836,65535,0,2,55,0,0,0,0,0,0,0x0b
2026-09-06T08:55:23.902,65535,0,2,51,0,0,0,0,0,0,0x0b
2026-09-06T08:55:23.967,65535,0,2,50,0,0,0,0,0,0,0x0b
2026-09-06T08:55:24.032,65535,0,2,52,0,0,0,0,0,0,0x0b
2026-09-06T08:55:24.097,65535,0,2,52,0,0,0,0,0,0,0x0b
2026-09-06T08:55:24.162,65535,0,2,51,0,0,0,0,0,0,0x0b
2026-09-06T08:55:24.227,65535,0,2,50,0,0,0,0,0,0,0x0b
2026-09-06T08:55:24.292,65535,0,2,51,0,0,0,0,0,0,0x0b
2026-09-06T08:55:24.357,65535,0,2,50,0,0,0,0,0,0,0x0b
2026-09-06T08:55:24.438,65535,0,2,51,0,0,0,0,0,0,0x0b
2026-09-06T08:55:24.503,65535,0,2,50,0,0,0,0,0,0,0x0b
2026-09-06T08:55:24.568,65535,0,2,51,0,0,0,0,0,0,0x0b
2026-09-06T08:55:24.633,65535,0,2,50,0,0,0,0,0,0,0x0b
2026-09-06T08:55:24.699,65535,0,2,54,0,0,0,0,0,0,0x0b
2026-09-06T08:55:24.763,65535,0,2,52,0,0,0,0,0,0,0x0b
2026-09-06T08:55:24.829,65535,0,2,50,0,0,0,0,0,0,0x0b
2026-09-06T08:55:24.894,65535,0,2,50,0,0,0,0,0,0,0x0b
2026-09-06T08:55:24.976,65535,0,2,50,0,0,0,0,0,0,0x0b
2026-09-06T08:55:25.041,65535,0,2,50,0,0,0,0,0,0,0x0b
2026-09-06T08:55:25.106,65535,0,2,51,0,0,0,0,0,0,0x0b
2026-09-06T08:55:25.171,65535,0,2,50,0,0,0,0,0,0,0x0b
2026-09-06T08:55:25.237,65535,0,2,51,0,0,0,0,0,0,0x0b
2026-09-06T08:55:25.301,65535,0,2,51,0,0,0,0,0,0,0x0b
2026-09-06T08:55:25.366,65535,0,2,51,0,0,0,0,0,0,0x0b
2026-09-06T08:55:25.431,65535,0,2,50,0,0,0,0,0,0,0x0b
2026-09-06T08:55:25.497,65535,0,2,50,0,0,0,0,0,0,0x0b
2026-09-06T08:55:25.562,65535,0,2,50,0,0,0,0,0,0,0x0b
2026-09-06T08:55:25.643,65535,0,2,50,0,0,0,0,0,0,0x0b
2026-09-06T08:55:25.709,65535,0,2,51,0,0,0,0,0,0,0x0b
2026-09-06T08:55:25.774,65535,0,2,51,0,0,0,0,0,0,0x0b
2026-09-06T08:55:25.839,65535,0,2,50,0,0,0,0,0,0,0x0b
2026-09-06T08:55:25.904,65535,0,2,50,0,0,0,0,0,0,0x0b
2026-09-06T08:55:25.970,65535,0,2,50,0,0,0,0,0,0,0x0b
2026-09-06T08:55:26.036,65535,0,2,51,0,0,0,0,0,0,0x0b
2026-09-06T08:55:26.100,65535,0,2,50,0,0,0,0,0,0,0x0b
2026-09-06T08:55:26.166,65535,0,2,51,0,0,0,0,0,0,0x0b
2026-09-06T08:55:26.247,65535,0,2,51,0,0,0,0,0,0,0x0b
2026-09-06T08:55:26.312,65535,0,2,51,0,0,0,0,0,0,0x0b
2026-09-06T08:55:26.377,65535,0,2,51,0,0,0,0,0,0,0x0b
2026-09-06T08:55:26.443,65535,0,2,50,0,0,0,0,0,0,0x0b
2026-09-06T08:55:26.508,65535,0,2,50,0,0,0,0,0,0,0x0b
2026-09-06T08:55:26.573,65535,0,2,53,0,0,0,0,0,0,0x0b
2026-09-06T08:55:26.639,65535,0,2,52,0,0,0,0,0,0,0x0b
2026-09-06T08:55:26.704,65535,0,2,50,0,0,0,0,0,0,0x0b
2026-09-06T08:55:26.769,65535,0,2,51,0,0,0,0,0,0,0x0b
2026-09-06T08:55:26.834,65535,0,2,51,0,0,0,0,0,0,0x0b
2026-09-06T08:55:26.915,65535,0,2,50,0,0,0,0,0,0,0x0b
2026-09-06T08:55:26.980,65535,0,2,51,0,0,0,0,0,0,0x0b
2026-09-06T08:55:27.044,65535,0,2,53,0,0,0,0,0,0,0x0b
2026-09-06T08:55:27.109,65535,0,2,50,0,0,0,0,0,0,0x0b
2026-09-06T08:55:27.174,65535,0,2,50,0,0,0,0,0,0,0x0b
2026-09-06T08:55:27.239,65535,0,2,51,0,0,0,0,0,0,0x0b
2026-09-06T08:55:27.304,65535,0,2,50,0,0,0,0,0,0,0x0b
2026-09-06T08:55:27.385,65535,0,2,50,0,0,0,0,0,0,0x0b
2026-09-06T08:55:27.450,65535,0,2,53,0,0,0,0,0,0,0x0b
2026-09-06T08:55:27.514,65535,0,2,52,0,0,0,0,0,0,0x0b
2026-09-06T08:55:27.579,65535,0,2,50,0,0,0,0,0,0,0x0b
2026-09-06T08:55:27.644,65535,0,2,50,0,0,0,0,0,0,0x0b
2026-09-06T08:55:27.709,65535,0,2,51,0,0,0,0,0,0,0x0b
2026-09-06T08:55:27.774,65535,0,2,51,0,0,0,0,0,0,0x0b
2026-09-06T08:55:27.839,65535,0,2,51,0,0,0,0,0,0,0x0b
2026-09-06T08:55:27.904,65535,0,2,51,0,0,0,0,0,0,0x0b
2026-09-06T08:55:27.986,65535,0,2,51,0,0,0,0,0,0,0x0b
2026-09-06T08:55:28.051,65535,0,2,50,0,0,0,0,0,0,0x0b
2026-09-06T08:55:28.116,65535,0,2,52,0,0,0,0,0,0,0x0b
2026-09-06T08:55:28.180,65535,0,2,51,0,0,0,0,0,0,0x0b
2026-09-06T08:55:28.245,65535,0,2,50,0,0,0,0,0,0,0x0b
2026-09-06T08:55:28.310,65535,0,2,50,0,0,0,0,0,0,0x0b
2026-09-06T08:55:28.375,65535,0,2,50,0,0,0,0,0,0,0x0b
2026-09-06T08:55:28.440,65535,0,2,50,0,0,0,0,0,0,0x0b
2026-09-06T08:55:28.521,65535,0,2,54,0,0,0,0,0,0,0x0b
2026-09-06T08:55:28.587,65535,0,2,51,0,0,0,0,0,0,0x0b
2026-09-06T08:55:28.653,65535,0,2,51,0,0,0,0,0,0,0x0b
2026-09-06T08:55:28.718,65535,0,2,50,0,0,0,0,0,0,0x0b
2026-09-06T08:55:28.783,65535,0,2,51,0,0,0,0,0,0,0x0b
2026-09-06T08:55:28.848,65535,0,2,51,0,0,0,0,0,0,0x0b
2026-09-06T08:55:28.913,65535,0,2,53,0,0,0,0,0,0,0x0b
2026-09-06T08:55:28.978,65535,0,2,50,0,0,0,0,0,0,0x0b
2026-09-06T08:55:29.059,65535,0,2,51,0,0,0,0,0,0,0x0b
2026-09-06T08:55:29.124,65535,0,2,51,0,0,0,0,0,0,0x0b
2026-09-06T08:55:29.189,65535,0,2,51,0,0,0,0,0,0,0x0b
2026-09-06T08:55:29.254,65535,0,2,50,0,0,0,0,0,0,0x0b
2026-09-06T08:55:29.319,65535,0,2,52,0,0,0,0,0,0,0x0b
2026-09-06T08:55:29.384,65535,0,2,51,0,0,0,0,0,0,0x0b
2026-09-06T08:55:29.449,65535,0,2,52,0,0,0,0,0,0,0x0b
2026-09-06T08:55:29.515,65535,0,2,52,0,0,0,0,0,0,0x0b
2026-09-06T08:55:29.596,65535,0,2,50,0,0,0,0,0,0,0x0b
2026-09-06T08:55:29.645,65535,0,2,50,0,0,0,0,0,0,0x0b
2026-09-06T08:55:29.726,65535,0,2,51,0,0,0,0,0,0,0x0b
2026-09-06T08:55:29.791,65535,0,2,51,0,0,0,0,0,0,0x0b
2026-09-06T08:55:29.856,65535,0,2,50,0,0,0,0,0,0,0x0b
2026-09-06T08:55:29.921,65535,0,2,50,0,0,0,0,0,0,0x0b
2026-09-06T08:55:29.986,65535,0,2,51,0,0,0,0,0,0,0x0b
2026-09-06T08:55:30.051,65535,0,2,51,0,0,0,0,0,0,0x0b
2026-09-06T08:55:30.116,65535,0,2,51,0,0,0,0,0,0,0x0b
2026-09-06T08:55:30.181,65535,0,2,51,0,0,0,0,0,0,0x0b
2026-09-06T08:55:30.263,65535,0,2,51,0,0,0,0,0,0,0x0b
2026-09-06T08:55:30.328,65535,0,2,50,0,0,0,0,0,0,0x0b
2026-09-06T08:55:30.392,65535,0,2,50,0,0,0,0,0,0,0x0b
2026-09-06T08:55:30.458,65535,0,2,51,0,0,0,0,0,0,0x0b
2026-09-06T08:55:30.523,65535,0,2,50,0,0,0,0,0,0,0x0b
2026-09-06T08:55:30.587,65535,0,2,50,0,0,0,0,0,0,0x0b
2026-09-06T08:55:30.652,65535,0,2,50,0,0,0,0,0,0,0x0b
2026-09-06T08:55:30.718,65535,0,2,52,0,0,0,0,0,0,0x0b
2026-09-06T08:55:30.799,65535,0,2,50,0,0,0,0,0,0,0x0b
2026-09-06T08:55:30.864,65535,0,2,50,0,0,0,0,0,0,0x0b
2026-09-06T08:55:30.929,65535,0,2,50,0,0,0,0,0,0,0x0b
2026-09-06T08:55:30.994,65535,0,2,53,0,0,0,0,0,0,0x0b
2026-09-06T08:55:31.059,65535,0,2,51,0,0,0,0,0,0,0x0b
2026-09-06T08:55:31.124,65535,0,2,52,0,0,0,0,0,0,0x0b
2026-09-06T08:55:31.189,65535,0,2,51,0,0,0,0,0,0,0x0b
2026-09-06T08:55:31.253,65535,0,2,52,0,0,0,0,0,0,0x0b
2026-09-06T08:55:31.334,65535,0,2,50,0,0,0,0,0,0,0x0b
2026-09-06T08:55:31.399,65535,0,2,51,0,0,0,0,0,0,0x0b
2026-09-06T08:55:31.464,65535,0,2,52,0,0,0,0,0,0,0x0b
2026-09-06T08:55:31.529,65535,0,2,52,0,0,0,0,0,0,0x0b
2026-09-06T08:55:31.594,65535,0,2,52,0,0,0,0,0,0,0x0b
2026-09-06T08:55:31.659,65535,0,2,53,0,0,0,0,0,0,0x0b
2026-09-06T08:55:31.724,65535,0,2,50,0,0,0,0,0,0,0x0b
2026-09-06T08:55:31.789,65535,0,2,50,0,0,0,0,0,0,0x0b
2026-09-06T08:55:31.870,65535,0,2,50,0,0,0,0,0,0,0x0b
2026-09-06T08:55:31.935,65535,0,2,51,0,0,0,0,0,0,0x0b
2026-09-06T08:55:32.000,65535,0,2,52,0,0,0,0,0,0,0x0b
2026-09-06T08:55:32.065,65535,0,2,51,0,0,0,0,0,0,0x0b
2026-09-06T08:55:32.130,65535,0,2,51,0,0,0,0,0,0,0x0b
2026-09-06T08:55:32.195,65535,0,2,51,0,0,0,0,0,0,0x0b
2026-09-06T08:55:32.260,65535,0,2,50,0,0,0,0,0,0,0x0b
2026-09-06T08:55:32.325,65535,0,2,51,0,0,0,0,0,0,0x0b
2026-09-06T08:55:32.407,65535,0,2,50,0,0,0,0,0,0,0x0b
2026-09-06T08:55:32.472,65535,0,2,51,0,0,0,0,0,0,0x0b
2026-09-06T08:55:32.536,65535,0,2,51,0,0,0,0,0,0,0x0b
2026-09-06T08:55:32.602,65535,0,2,51,0,0,0,0,0,0,0x0b
2026-09-06T08:55:32.667,65535,0,2,50,0,0,0,0,0,0,0x0b
2026-09-06T08:55:32.732,65535,0,2,52,0,0,0,0,0,0,0x0b
2026-09-06T08:55:32.797,65535,0,2,52,0,0,0,0,0,0,0x0b
2026-09-06T08:55:32.862,65535,0,2,51,0,0,0,0,0,0,0x0b
2026-09-06T08:55:32.944,65535,0,2,50,0,0,0,0,0,0,0x0b
2026-09-06T08:55:32.992,65535,0,2,51,0,0,0,0,0,0,0x0b
2026-09-06T08:55:33.074,65535,0,2,50,0,0,0,0,0,0,0x0b
2026-09-06T08:55:33.138,65535,0,2,51,0,0,0,0,0,0,0x0b
2026-09-06T08:55:33.203,65535,0,2,50,0,0,0,0,0,0,0x0b
2026-09-06T08:55:33.268,65535,0,2,51,0,0,0,0,0,0,0x0b
2026-09-06T08:55:33.333,65535,0,2,52,0,0,0,0,0,0,0x0b
2026-09-06T08:55:33.398,65535,0,2,51,0,0,0,0,0,0,0x0b
2026-09-06T08:55:33.479,65535,0,2,50,0,0,0,0,0,0,0x0b
2026-09-06T08:55:33.544,65535,0,2,50,0,0,0,0,0,0,0x0b
2026-09-06T08:55:33.610,65535,0,2,52,0,0,0,0,0,0,0x0b
2026-09-06T08:55:33.674,65535,0,2,52,0,0,0,0,0,0,0x0b
2026-09-06T08:55:33.739,65535,0,2,50,0,0,0,0,0,0,0x0b
2026-09-06T08:55:33.805,65535,0,2,50,0,0,0,0,0,0,0x0b
2026-09-06T08:55:33.869,65535,0,2,50,0,0,0,0,0,0,0x0b
2026-09-06T08:55:33.934,65535,0,2,51,0,0,0,0,0,0,0x0b
2026-09-06T08:55:33.999,65535,0,2,51,0,0,0,0,0,0,0x0b
2026-09-06T08:55:34.064,65535,0,2,50,0,0,0,0,0,0,0x0b
2026-09-06T08:55:34.146,65535,0,2,50,0,0,0,0,0,0,0x0b
2026-09-06T08:55:34.211,65535,0,2,50,0,0,0,0,0,0,0x0b
2026-09-06T08:55:34.276,65535,0,2,51,0,0,0,0,0,0,0x0b
2026-09-06T08:55:34.341,65535,0,2,51,0,0,0,0,0,0,0x0b
2026-09-06T08:55:34.406,65535,0,2,50,0,0,0,0,0,0,0x0b
2026-09-06T08:55:34.471,65535,0,2,52,0,0,0,0,0,0,0x0b
2026-09-06T08:55:34.535,65535,0,2,51,0,0,0,0,0,0,0x0b
2026-09-06T08:55:34.600,65535,0,2,51,0,0,0,0,0,0,0x0b
2026-09-06T08:55:34.681,65535,0,2,50,0,0,0,0,0,0,0x0b
2026-09-06T08:55:34.746,65535,0,2,51,0,0,0,0,0,0,0x0b
2026-09-06T08:55:34.811,65535,0,2,51,0,0,0,0,0,0,0x0b
2026-09-06T08:55:34.876,65535,0,2,51,0,0,0,0,0,0,0x0b
2026-09-06T08:55:34.941,65535,0,2,50,0,0,0,0,0,0,0x0b
2026-09-06T08:55:35.006,65535,0,2,50,0,0,0,0,0,0,0x0b
2026-09-06T08:55:35.071,65535,0,2,51,0,0,0,0,0,0,0x0b
2026-09-06T08:55:35.136,65535,0,2,51,0,0,0,0,0,0,0x0b
2026-09-06T08:55:35.217,65535,0,2,51,0,0,0,0,0,0,0x0b
2026-09-06T08:55:35.282,65535,0,2,51,0,0,0,0,0,0,0x0b
2026-09-06T08:55:35.347,65535,0,2,50,0,0,0,0,0,0,0x0b
2026-09-06T08:55:35.412,65535,0,2,50,0,0,0,0,0,0,0x0b
2026-09-06T08:55:35.477,65535,0,2,51,0,0,0,0,0,0,0x0b
2026-09-06T08:55:35.541,65535,0,2,52,0,0,0,0,0,0,0x0b
2026-09-06T08:55:35.606,65535,0,2,51,0,0,0,0,0,0,0x0b
2026-09-06T08:55:35.688,65535,0,2,51,0,0,0,0,0,0,0x0b
2026-09-06T08:55:35.753,65535,0,2,51,0,0,0,0,0,0,0x0b
2026-09-06T08:55:35.818,65535,0,2,50,0,0,0,0,0,0,0x0b
2026-09-06T08:55:35.882,65535,0,2,53,0,0,0,0,0,0,0x0b
2026-09-06T08:55:35.947,65535,0,2,50,0,0,0,0,0,0,0x0b
2026-09-06T08:55:36.013,65535,0,2,50,0,0,0,0,0,0,0x0b
2026-09-06T08:55:36.077,65535,0,2,51,0,0,0,0,0,0,0x0b
2026-09-06T08:55:36.142,65535,0,2,50,0,0,0,0,0,0,0x0b
2026-09-06T08:55:36.223,65535,0,2,50,0,0,0,0,0,0,0x0b
2026-09-06T08:55:36.288,65535,0,2,50,0,0,0,0,0,0,0x0b
2026-09-06T08:55:36.353,65535,0,2,52,0,0,0,0,0,0,0x0b
2026-09-06T08:55:36.418,65535,0,2,51,0,0,0,0,0,0,0x0b
2026-09-06T08:55:36.483,65535,0,2,51,0,0,0,0,0,0,0x0b
2026-09-06T08:55:36.548,65535,0,2,51,0,0,0,0,0,0,0x0b
2026-09-06T08:55:36.613,65535,0,2,52,0,0,0,0,0,0,0x0b
2026-09-06T08:55:36.678,65535,0,2,50,0,0,0,0,0,0,0x0b
2026-09-06T08:55:36.759,65535,0,2,50,0,0,0,0,0,0,0x0b
2026-09-06T08:55:36.824,65535,0,2,50,0,0,0,0,0,0,0x0b
2026-09-06T08:55:36.889,65535,0,2,50,0,0,0,0,0,0,0x0b
2026-09-06T08:55:36.954,65535,0,2,50,0,0,0,0,0,0,0x0b
2026-09-06T08:55:37.019,65535,0,2,51,0,0,0,0,0,0,0x0b
2026-09-06T08:55:37.084,65535,0,2,50,0,0,0,0,0,0,0x0b
2026-09-06T08:55:37.150,65535,0,2,52,0,0,0,0,0,0,0x0b
2026-09-06T08:55:37.215,65535,0,2,51,0,0,0,0,0,0,0x0b
2026-09-06T08:55:37.280,65535,0,2,50,0,0,0,0,0,0,0x0b
2026-09-06T08:55:37.345,65535,0,2,51,0,0,0,0,0,0,0x0b
2026-09-06T08:55:37.426,65535,0,2,50,0,0,0,0,0,0,0x0b
2026-09-06T08:55:37.491,65535,0,2,51,0,0,0,0,0,0,0x0b
2026-09-06T08:55:37.556,65535,0,2,51,0,0,0,0,0,0,0x0b
2026-09-06T08:55:37.621,65535,0,2,51,0,0,0,0,0,0,0x0b
2026-09-06T08:55:37.687,65535,0,2,50,0,0,0,0,0,0,0x0b
2026-09-06T08:55:37.752,65535,0,2,52,0,0,0,0,0,0,0x0b
2026-09-06T08:55:37.817,65535,0,2,51,0,0,0,0,0,0,0x0b
2026-09-06T08:55:37.882,65535,0,2,50,0,0,0,0,0,0,0x0b
2026-09-06T08:55:37.964,65535,0,2,52,0,0,0,0,0,0,0x0b
2026-09-06T08:55:38.029,65535,0,2,53,0,0,0,0,0,0,0x0b
2026-09-06T08:55:38.094,65535,0,2,52,0,0,0,0,0,0,0x0b
2026-09-06T08:55:38.160,65535,0,2,50,0,0,0,0,0,0,0x0b
2026-09-06T08:55:38.224,65535,0,2,52,0,0,0,0,0,0,0x0b
2026-09-06T08:55:38.289,65535,0,2,50,0,0,0,0,0,0,0x0b
2026-09-06T08:55:38.354,65535,0,2,51,0,0,0,0,0,0,0x0b
2026-09-06T08:55:38.419,65535,0,2,51,0,0,0,0,0,0,0x0b
2026-09-06T08:55:38.484,65535,0,2,51,0,0,0,0,0,0,0x0b
2026-09-06T08:55:38.565,65535,0,2,52,0,0,0,0,0,0,0x0b
2026-09-06T08:55:38.630,65535,0,2,50,0,0,0,0,0,0,0x0b
2026-09-06T08:55:38.695,65535,0,2,52,0,0,0,0,0,0,0x0b
2026-09-06T08:55:38.760,65535,0,2,51,0,0,0,0,0,0,0x0b
2026-09-06T08:55:38.825,65535,0,2,50,0,0,0,0,0,0,0x0b
2026-09-06T08:55:38.889,65535,0,2,51,0,0,0,0,0,0,0x0b
2026-09-06T08:55:38.955,65535,0,2,51,0,0,0,0,0,0,0x0b
2026-09-06T08:55:39.020,65535,0,2,50,0,0,0,0,0,0,0x0b
2026-09-06T08:55:39.101,65535,0,2,50,0,0,0,0,0,0,0x0b
2026-09-06T08:55:39.166,65535,0,2,51,0,0,0,0,0,0,0x0b
2026-09-06T08:55:39.231,65535,0,2,51,0,0,0,0,0,0,0x0b
2026-09-06T08:55:39.296,65535,0,2,51,0,0,0,0,0,0,0x0b
2026-09-06T08:55:39.361,65535,0,2,50,0,0,0,0,0,0,0x0b
2026-09-06T08:55:39.426,65535,0,2,50,0,0,0,0,0,0,0x0b
2026-09-06T08:55:39.491,65535,0,2,51,0,0,0,0,0,0,0x0b
2026-09-06T08:55:39.572,65535,0,2,50,0,0,0,0,0,0,0x0b
2026-09-06T08:55:39.636,65535,0,2,50,0,0,0,0,0,0,0x0b
2026-09-06T08:55:39.701,65535,0,2,50,0,0,0,0,0,0,0x0b
2026-09-06T08:55:39.766,65535,0,2,50,0,0,0,0,0,0,0x0b
2026-09-06T08:55:39.832,65535,0,2,50,0,0,0,0,0,0,0x0b
2026-09-06T08:55:39.896,65535,0,2,51,0,0,0,0,0,0,0x0b
2026-09-06T08:55:39.961,65535,0,2,51,0,0,0,0,0,0,0x0b
2026-09-06T08:55:40.026,65535,0,2,50,0,0,0,0,0,0,0x0b
2026-09-06T08:55:40.107,65535,0,2,50,0,0,0,0,0,0,0x0b
2026-09-06T08:55:40.172,65535,0,2,52,0,0,0,0,0,0,0x0b
2026-09-06T08:55:40.238,65535,0,2,50,0,0,0,0,0,0,0x0b
2026-09-06T08:55:40.303,65535,0,2,51,0,0,0,0,0,0,0x0b
2026-09-06T08:55:40.367,65535,0,2,51,0,0,0,0,0,0,0x0b
2026-09-06T08:55:40.433,65535,0,2,51,0,0,0,0,0,0,0x0b
2026-09-06T08:55:40.498,65535,0,2,51,0,0,0,0,0,0,0x0b
2026-09-06T08:55:40.562,65535,0,2,50,0,0,0,0,0,0,0x0b
2026-09-06T08:55:40.644,65535,0,2,51,0,0,0,0,0,0,0x0b
2026-09-06T08:55:40.692,65535,0,2,51,0,0,0,0,0,0,0x0b
2026-09-06T08:55:40.773,65535,0,2,51,0,0,0,0,0,0,0x0b
2026-09-06T08:55:40.838,65535,0,2,51,0,0,0,0,0,0,0x0b
2026-09-06T08:55:40.903,65535,0,2,50,0,0,0,0,0,0,0x0b
2026-09-06T08:55:40.968,65535,0,2,51,0,0,0,0,0,0,0x0b
2026-09-06T08:55:41.033,65535,0,2,51,0,0,0,0,0,0,0x0b
2026-09-06T08:55:41.098,65535,0,2,52,0,0,0,0,0,0,0x0b
2026-09-06T08:55:41.179,65535,0,2,50,0,0,0,0,0,0,0x0b
2026-09-06T08:55:41.228,65535,0,2,51,0,0,0,0,0,0,0x0b
2026-09-06T08:55:41.309,65535,0,2,50,0,0,0,0,0,0,0x0b
2026-09-06T08:55:41.375,65535,0,2,50,0,0,0,0,0,0,0x0b
2026-09-06T08:55:41.439,65535,0,2,50,0,0,0,0,0,0,0x0b
2026-09-06T08:55:41.505,65535,0,2,51,0,0,0,0,0,0,0x0b
2026-09-06T08:55:41.570,65535,0,2,52,0,0,0,0,0,0,0x0b
2026-09-06T08:55:41.635,65535,0,2,52,0,0,0,0,0,0,0x0b
2026-09-06T08:55:41.700,65535,0,2,50,0,0,0,0,0,0,0x0b
2026-09-06T08:55:41.765,65535,0,2,52,0,0,0,0,0,0,0x0b
2026-09-06T08:55:41.846,65535,0,2,50,0,0,0,0,0,0,0x0b
2026-09-06T08:55:41.911,65535,0,2,50,0,0,0,0,0,0,0x0b
2026-09-06T08:55:41.976,65535,0,2,50,0,0,0,0,0,0,0x0b
2026-09-06T08:55:42.041,65535,0,2,51,0,0,0,0,0,0,0x0b
2026-09-06T08:55:42.106,65535,0,2,50,0,0,0,0,0,0,0x0b
2026-09-06T08:55:42.171,65535,0,2,51,0,0,0,0,0,0,0x0b
2026-09-06T08:55:42.236,65535,0,2,51,0,0,0,0,0,0,0x0b
2026-09-06T08:55:42.301,65535,0,2,50,0,0,0,0,0,0,0x0b
2026-09-06T08:55:42.382,65535,0,2,50,0,0,0,0,0,0,0x0b
2026-09-06T08:55:42.448,65535,0,2,53,0,0,0,0,0,0,0x0b
2026-09-06T08:55:42.513,65535,0,2,50,0,0,0,0,0,0,0x0b
2026-09-06T08:55:42.577,65535,0,2,50,0,0,0,0,0,0,0x0b
2026-09-06T08:55:42.642,65535,0,2,52,0,0,0,0,0,0,0x0b
2026-09-06T08:55:42.707,65535,0,2,50,0,0,0,0,0,0,0x0b
2026-09-06T08:55:42.772,65535,0,2,51,0,0,0,0,0,0,0x0b
2026-09-06T08:55:42.837,65535,0,2,53,0,0,0,0,0,0,0x0b
2026-09-06T08:55:42.918,65535,0,2,50,0,0,0,0,0,0,0x0b
2026-09-06T08:55:42.983,65535,0,2,51,0,0,0,0,0,0,0x0b
2026-09-06T08:55:43.049,65535,0,2,52,0,0,0,0,0,0,0x0b
2026-09-06T08:55:43.112,65535,0,2,51,0,0,0,0,0,0,0x0b
2026-09-06T08:55:43.177,65535,0,2,50,0,0,0,0,0,0,0x0b
2026-09-06T08:55:43.242,65535,0,2,50,0,0,0,0,0,0,0x0b
2026-09-06T08:55:43.307,65535,0,2,51,0,0,0,0,0,0,0x0b
2026-09-06T08:55:43.373,65535,0,2,51,0,0,0,0,0,0,0x0b
2026-09-06T08:55:43.454,65535,0,2,51,0,0,0,0,0,0,0x0b
2026-09-06T08:55:43.519,65535,0,2,51,0,0,0,0,0,0,0x0b
2026-09-06T08:55:43.584,65535,0,2,51,0,0,0,0,0,0,0x0b
2026-09-06T08:55:43.649,65535,0,2,51,0,0,0,0,0,0,0x0b
2026-09-06T08:55:43.714,65535,0,2,52,0,0,0,0,0,0,0x0b
2026-09-06T08:55:43.779,65535,0,2,50,0,0,0,0,0,0,0x0b
2026-09-06T08:55:43.844,65535,0,2,52,0,0,0,0,0,0,0x0b
2026-09-06T08:55:43.909,65535,0,2,52,0,0,0,0,0,0,0x0b
2026-09-06T08:55:43.990,65535,0,2,51,0,0,0,0,0,0,0x0b
2026-09-06T08:55:44.054,65535,0,2,51,0,0,0,0,0,0,0x0b
2026-09-06T08:55:44.120,65535,0,2,51,0,0,0,0,0,0,0x0b
2026-09-06T08:55:44.184,65535,0,2,50,0,0,0,0,0,0,0x0b
2026-09-06T08:55:44.249,65535,0,2,51,0,0,0,0,0,0,0x0b
2026-09-06T08:55:44.314,65535,0,2,51,0,0,0,0,0,0,0x0b
2026-09-06T08:55:44.379,65535,0,2,52,0,0,0,0,0,0,0x0b
2026-09-06T08:55:44.444,65535,0,2,50,0,0,0,0,0,0,0x0b
2026-09-06T08:55:44.525,65535,0,2,52,0,0,0,0,0,0,0x0b
2026-09-06T08:55:44.590,65535,0,2,51,0,0,0,0,0,0,0x0b
2026-09-06T08:55:44.654,65535,0,2,52,0,0,0,0,0,0,0x0b
2026-09-06T08:55:44.719,65535,0,2,51,0,0,0,0,0,0,0x0b
2026-09-06T08:55:44.784,65535,0,2,51,0,0,0,0,0,0,0x0b
2026-09-06T08:55:44.849,65535,0,2,52,0,0,0,0,0,0,0x0b
2026-09-06T08:55:44.914,65535,0,2,51,0,0,0,0,0,0,0x0b
2026-09-06T08:55:44.995,65535,0,2,51,0,0,0,0,0,0,0x0b
2026-09-06T08:55:45.060,65535,0,2,51,0,0,0,0,0,0,0x0b
2026-09-06T08:55:45.125,65535,0,2,51,0,0,0,0,0,0,0x0b
2026-09-06T08:55:45.190,65535,0,2,50,0,0,0,0,0,0,0x0b
2026-09-06T08:55:45.256,65535,0,2,52,0,0,0,0,0,0,0x0b
2026-09-06T08:55:45.321,65535,0,2,51,0,0,0,0,0,0,0x0b
2026-09-06T08:55:45.386,65535,0,2,50,0,0,0,0,0,0,0x0b
2026-09-06T08:55:45.451,65535,0,2,51,0,0,0,0,0,0,0x0b
2026-09-06T08:55:45.516,65535,0,2,50,0,0,0,0,0,0,0x0b
2026-09-06T08:55:45.581,65535,0,2,51,0,0,0,0,0,0,0x0b
2026-09-06T08:55:45.662,65535,0,2,50,0,0,0,0,0,0,0x0b
2026-09-06T08:55:45.726,65535,0,2,51,0,0,0,0,0,0,0x0b
2026-09-06T08:55:45.791,65535,0,2,50,0,0,0,0,0,0,0x0b
2026-09-06T08:55:45.857,65535,0,2,51,0,0,0,0,0,0,0x0b
2026-09-06T08:55:45.921,65535,0,2,50,0,0,0,0,0,0,0x0b
2026-09-06T08:55:45.986,65535,0,2,51,0,0,0,0,0,0,0x0b
2026-09-06T08:55:46.067,65535,0,2,51,0,0,0,0,0,0,0x0b
2026-09-06T08:55:46.197,65535,0,2,51,0,0,0,0,0,0,0x0b
2026-09-06T08:55:46.263,65535,0,2,51,0,0,0,0,0,0,0x0b
2026-09-06T08:55:46.327,65535,0,2,51,0,0,0,0,0,0,0x0b
2026-09-06T08:55:46.392,65535,0,2,51,0,0,0,0,0,0,0x0b
2026-09-06T08:55:46.457,65535,0,2,51,0,0,0,0,0,0,0x0b
2026-09-06T08:55:46.522,65535,0,2,51,0,0,0,0,0,0,0x0b
2026-09-06T08:55:46.587,65535,0,2,50,0,0,0,0,0,0,0x0b
2026-09-06T08:55:46.652,65535,0,2,52,0,0,0,0,0,0,0x0b
2026-09-06T08:55:46.733,65535,0,2,51,0,0,0,0,0,0,0x0b
2026-09-06T08:55:46.798,65535,0,2,51,0,0,0,0,0,0,0x0b
2026-09-06T08:55:46.863,65535,0,2,52,0,0,0,0,0,0,0x0b
2026-09-06T08:55:46.928,65535,0,2,50,0,0,0,0,0,0,0x0b
2026-09-06T08:55:46.993,65535,0,2,50,0,0,0,0,0,0,0x0b
2026-09-06T08:55:47.058,65535,0,2,52,0,0,0,0,0,0,0x0b
2026-09-06T08:55:47.139,65535,0,2,52,0,0,0,0,0,0,0x0b
2026-09-06T08:55:47.188,65535,0,2,50,0,0,0,0,0,0,0x0b
2026-09-06T08:55:47.269,65535,0,2,50,0,0,0,0,0,0,0x0b
2026-09-06T08:55:47.333,65535,0,2,52,0,0,0,0,0,0,0x0b
2026-09-06T08:55:47.398,65535,0,2,50,0,0,0,0,0,0,0x0b
2026-09-06T08:55:47.463,65535,0,2,50,0,0,0,0,0,0,0x0b
2026-09-06T08:55:47.528,65535,0,2,50,0,0,0,0,0,0,0x0b
2026-09-06T08:55:47.593,65535,0,2,51,0,0,0,0,0,0,0x0b
2026-09-06T08:55:47.658,65535,0,2,50,0,0,0,0,0,0,0x0b
2026-09-06T08:55:47.739,65535,0,2,51,0,0,0,0,0,0,0x0b
2026-09-06T08:55:47.804,65535,0,2,52,0,0,0,0,0,0,0x0b
2026-09-06T08:55:47.869,65535,0,2,50,0,0,0,0,0,0,0x0b
2026-09-06T08:55:47.934,65535,0,2,52,0,0,0,0,0,0,0x0b
2026-09-06T08:55:47.999,65535,0,2,52,0,0,0,0,0,0,0x0b
2026-09-06T08:55:48.064,65535,0,2,50,0,0,0,0,0,0,0x0b
2026-09-06T08:55:48.130,65535,0,2,51,0,0,0,0,0,0,0x0b
2026-09-06T08:55:48.195,65535,0,2,50,0,0,0,0,0,0,0x0b
2026-09-06T08:55:48.259,65535,0,2,50,0,0,0,0,0,0,0x0b
2026-09-06T08:55:48.340,65535,0,2,50,0,0,0,0,0,0,0x0b
2026-09-06T08:55:48.405,65535,0,2,52,0,0,0,0,0,0,0x0b
2026-09-06T08:55:48.470,65535,0,2,50,0,0,0,0,0,0,0x0b
2026-09-06T08:55:48.535,65535,0,2,51,0,0,0,0,0,0,0x0b
2026-09-06T08:55:48.600,65535,0,2,52,0,0,0,0,0,0,0x0b
2026-09-06T08:55:48.665,65535,0,2,50,0,0,0,0,0,0,0x0b
2026-09-06T08:55:48.730,65535,0,2,50,0,0,0,0,0,0,0x0b
2026-09-06T08:55:48.811,65535,0,2,51,0,0,0,0,0,0,0x0b
2026-09-06T08:55:48.876,65535,0,2,50,0,0,0,0,0,0,0x0b
2026-09-06T08:55:48.941,65535,0,2,51,0,0,0,0,0,0,0x0b
2026-09-06T08:55:49.006,65535,0,2,51,0,0,0,0,0,0,0x0b
2026-09-06T08:55:49.071,65535,0,2,50,0,0,0,0,0,0,0x0b
2026-09-06T08:55:49.136,65535,0,2,50,0,0,0,0,0,0,0x0b
2026-09-06T08:55:49.201,65535,0,2,50,0,0,0,0,0,0,0x0b
2026-09-06T08:55:49.265,65535,0,2,51,0,0,0,0,0,0,0x0b
2026-09-06T08:55:49.347,65535,0,2,51,0,0,0,0,0,0,0x0b
2026-09-06T08:55:49.412,65535,0,2,53,0,0,0,0,0,0,0x0b
2026-09-06T08:55:49.477,65535,0,2,50,0,0,0,0,0,0,0x0b
2026-09-06T08:55:49.542,65535,0,2,50,0,0,0,0,0,0,0x0b
2026-09-06T08:55:49.607,65535,0,2,52,0,0,0,0,0,0,0x0b
2026-09-06T08:55:49.672,65535,0,2,51,0,0,0,0,0,0,0x0b
2026-09-06T08:55:49.736,65535,0,2,50,0,0,0,0,0,0,0x0b
2026-09-06T08:55:49.802,65535,0,2,52,0,0,0,0,0,0,0x0b
2026-09-06T08:55:49.883,65535,0,2,50,0,0,0,0,0,0,0x0b
2026-09-06T08:55:49.948,65535,0,2,50,0,0,0,0,0,0,0x0b
2026-09-06T08:55:50.013,65535,0,2,51,0,0,0,0,0,0,0x0b
2026-09-06T08:55:50.077,65535,0,2,50,0,0,0,0,0,0,0x0b
2026-09-06T08:55:50.142,65535,0,2,50,0,0,0,0,0,0,0x0b
2026-09-06T08:55:50.208,65535,0,2,52,0,0,0,0,0,0,0x0b
2026-09-06T08:55:50.272,65535,0,2,51,0,0,0,0,0,0,0x0b
2026-09-06T08:55:50.337,65535,0,2,50,0,0,0,0,0,0,0x0b
2026-09-06T08:55:50.418,65535,0,2,51,0,0,0,0,0,0,0x0b
2026-09-06T08:55:50.483,65535,0,2,51,0,0,0,0,0,0,0x0b
2026-09-06T08:55:50.548,65535,0,2,51,0,0,0,0,0,0,0x0b
2026-09-06T08:55:50.613,65535,0,2,51,0,0,0,0,0,0,0x0b
2026-09-06T08:55:50.677,65535,0,2,50,0,0,0,0,0,0,0x0b
2026-09-06T08:55:50.743,65535,0,2,50,0,0,0,0,0,0,0x0b
2026-09-06T08:55:50.807,65535,0,2,50,0,0,0,0,0,0,0x0b
2026-09-06T08:55:50.873,65535,0,2,51,0,0,0,0,0,0,0x0b
2026-09-06T08:55:50.953,65535,0,2,51,0,0,0,0,0,0,0x0b
2026-09-06T08:55:51.018,65535,0,2,50,0,0,0,0,0,0,0x0b
2026-09-06T08:55:51.082,65535,0,2,51,0,0,0,0,0,0,0x0b
2026-09-06T08:55:51.147,65535,0,2,51,0,0,0,0,0,0,0x0b
2026-09-06T08:55:51.211,65535,0,2,50,0,0,0,0,0,0,0x0b
2026-09-06T08:55:51.276,65535,0,2,50,0,0,0,0,0,0,0x0b
2026-09-06T08:55:51.341,65535,0,2,51,0,0,0,0,0,0,0x0b
2026-09-06T08:55:51.422,65535,0,2,51,0,0,0,0,0,0,0x0b
2026-09-06T08:55:51.488,65535,0,2,50,0,0,0,0,0,0,0x0b
2026-09-06T08:55:51.552,65535,0,2,51,0,0,0,0,0,0,0x0b
2026-09-06T08:55:51.618,65535,0,2,51,0,0,0,0,0,0,0x0b
2026-09-06T08:55:51.683,65535,0,2,50,0,0,0,0,0,0,0x0b
2026-09-06T08:55:51.748,65535,0,2,51,0,0,0,0,0,0,0x0b
2026-09-06T08:55:51.813,65535,0,2,51,0,0,0,0,0,0,0x0b
2026-09-06T08:55:51.878,65535,0,2,50,0,0,0,0,0,0,0x0b
2026-09-06T08:55:51.943,65535,0,2,51,0,0,0,0,0,0,0x0b
2026-09-06T08:55:52.025,65535,0,2,51,0,0,0,0,0,0,0x0b
2026-09-06T08:55:52.090,65535,0,2,50,0,0,0,0,0,0,0x0b
2026-09-06T08:55:52.155,65535,0,2,50,0,0,0,0,0,0,0x0b
2026-09-06T08:55:52.220,65535,0,2,50,0,0,0,0,0,0,0x0b
2026-09-06T08:55:52.285,65535,0,2,50,0,0,0,0,0,0,0x0b
2026-09-06T08:55:52.350,65535,0,2,50,0,0,0,0,0,0,0x0b
2026-09-06T08:55:52.415,65535,0,2,52,0,0,0,0,0,0,0x0b
2026-09-06T08:55:52.480,65535,0,2,51,0,0,0,0,0,0,0x0b
2026-09-06T08:55:52.546,65535,0,2,51,0,0,0,0,0,0,0x0b
2026-09-06T08:55:52.627,65535,0,2,50,0,0,0,0,0,0,0x0b
2026-09-06T08:55:52.692,65535,0,2,51,0,0,0,0,0,0,0x0b
2026-09-06T08:55:52.757,65535,0,2,50,0,0,0,0,0,0,0x0b
2026-09-06T08:55:52.822,65535,0,2,52,0,0,0,0,0,0,0x0b
2026-09-06T08:55:52.888,65535,0,2,50,0,0,0,0,0,0,0x0b
2026-09-06T08:55:52.953,65535,0,2,51,0,0,0,0,0,0,0x0b
2026-09-06T08:55:53.018,65535,0,2,50,0,0,0,0,0,0,0x0b
2026-09-06T08:55:53.083,65535,0,2,50,0,0,0,0,0,0,0x0b
2026-09-06T08:55:53.148,65535,0,2,50,0,0,0,0,0,0,0x0b
2026-09-06T08:55:53.229,65535,0,2,51,0,0,0,0,0,0,0x0b
2026-09-06T08:55:53.295,65535,0,2,51,0,0,0,0,0,0,0x0b
2026-09-06T08:55:53.360,65535,0,2,51,0,0,0,0,0,0,0x0b
2026-09-06T08:55:53.425,65535,0,2,52,0,0,0,0,0,0,0x0b
2026-09-06T08:55:53.489,65535,0,2,51,0,0,0,0,0,0,0x0b
2026-09-06T08:55:53.555,65535,0,2,50,0,0,0,0,0,0,0x0b
2026-09-06T08:55:53.620,65535,0,2,52,0,0,0,0,0,0,0x0b
2026-09-06T08:55:53.685,65535,0,2,50,0,0,0,0,0,0,0x0b
2026-09-06T08:55:53.766,65535,0,2,50,0,0,0,0,0,0,0x0b
2026-09-06T08:55:53.830,65535,0,2,53,0,0,0,0,0,0,0x0b
2026-09-06T08:55:53.895,65535,0,2,51,0,0,0,0,0,0,0x0b
2026-09-06T08:55:53.960,65535,0,2,51,0,0,0,0,0,0,0x0b
2026-09-06T08:55:54.026,65535,0,2,50,0,0,0,0,0,0,0x0b
2026-09-06T08:55:54.091,65535,0,2,50,0,0,0,0,0,0,0x0b
2026-09-06T08:55:54.157,65535,0,2,52,0,0,0,0,0,0,0x0b
2026-09-06T08:55:54.222,65535,0,2,50,0,0,0,0,0,0,0x0b
2026-09-06T08:55:54.287,65535,0,2,51,0,0,0,0,0,0,0x0b
2026-09-06T08:55:54.352,65535,0,2,52,0,0,0,0,0,0,0x0b
2026-09-06T08:55:54.434,65535,0,2,50,0,0,0,0,0,0,0x0b
2026-09-06T08:55:54.498,65535,0,2,51,0,0,0,0,0,0,0x0b
2026-09-06T08:55:54.564,65535,0,2,50,0,0,0,0,0,0,0x0b
2026-09-06T08:55:54.629,65535,0,2,52,0,0,0,0,0,0,0x0b
2026-09-06T08:55:54.694,65535,0,2,51,0,0,0,0,0,0,0x0b
2026-09-06T08:55:54.759,65535,0,2,50,0,0,0,0,0,0,0x0b
2026-09-06T08:55:54.824,65535,0,2,51,0,0,0,0,0,0,0x0b
2026-09-06T08:55:54.889,65535,0,2,50,0,0,0,0,0,0,0x0b
2026-09-06T08:55:54.970,65535,0,2,51,0,0,0,0,0,0,0x0b
2026-09-06T08:55:55.035,65535,0,2,52,0,0,0,0,0,0,0x0b
2026-09-06T08:55:55.100,65535,0,2,51,0,0,0,0,0,0,0x0b
2026-09-06T08:55:55.165,65535,0,2,52,0,0,0,0,0,0,0x0b
2026-09-06T08:55:55.230,65535,0,2,51,0,0,0,0,0,0,0x0b
2026-09-06T08:55:55.295,65535,0,2,50,0,0,0,0,0,0,0x0b
2026-09-06T08:55:55.360,65535,0,2,50,0,0,0,0,0,0,0x0b
2026-09-06T08:55:55.425,65535,0,2,50,0,0,0,0,0,0,0x0b
2026-09-06T08:55:55.506,65535,0,2,50,0,0,0,0,0,0,0x0b
2026-09-06T08:55:55.571,65535,0,2,51,0,0,0,0,0,0,0x0b
2026-09-06T08:55:55.636,65535,0,2,50,0,0,0,0,0,0,0x0b
2026-09-06T08:55:55.701,65535,0,2,50,0,0,0,0,0,0,0x0b
2026-09-06T08:55:55.766,65535,0,2,50,0,0,0,0,0,0,0x0b
2026-09-06T08:55:55.831,65535,0,2,51,0,0,0,0,0,0,0x0b
2026-09-06T08:55:55.896,65535,0,2,50,0,0,0,0,0,0,0x0b
2026-09-06T08:55:55.961,65535,0,2,51,0,0,0,0,0,0,0x0b
2026-09-06T08:55:56.042,65535,0,2,51,0,0,0,0,0,0,0x0b
2026-09-06T08:55:56.107,65535,0,2,50,0,0,0,0,0,0,0x0b
2026-09-06T08:55:56.172,65535,0,2,50,0,0,0,0,0,0,0x0b
2026-09-06T08:55:56.238,65535,0,2,51,0,0,0,0,0,0,0x0b
2026-09-06T08:55:56.303,65535,0,2,51,0,0,0,0,0,0,0x0b
2026-09-06T08:55:56.367,65535,0,2,51,0,0,0,0,0,0,0x0b
2026-09-06T08:55:56.432,65535,0,2,50,0,0,0,0,0,0,0x0b
2026-09-06T08:55:56.497,65535,0,2,51,0,0,0,0,0,0,0x0b
2026-09-06T08:55:56.579,65535,0,2,50,0,0,0,0,0,0,0x0b
2026-09-06T08:55:56.644,65535,0,2,50,0,0,0,0,0,0,0x0b
2026-09-06T08:55:56.709,65535,0,2,50,0,0,0,0,0,0,0x0b
2026-09-06T08:55:56.774,65535,0,2,52,0,0,0,0,0,0,0x0b
2026-09-06T08:55:56.839,65535,0,2,50,0,0,0,0,0,0,0x0b
2026-09-06T08:55:56.904,65535,0,2,51,0,0,0,0,0,0,0x0b
2026-09-06T08:55:56.968,65535,0,2,50,0,0,0,0,0,0,0x0b
2026-09-06T08:55:57.033,65535,0,2,51,0,0,0,0,0,0,0x0b
2026-09-06T08:55:57.114,65535,0,2,52,0,0,0,0,0,0,0x0b
2026-09-06T08:55:57.180,65535,0,2,51,0,0,0,0,0,0,0x0b
2026-09-06T08:55:57.245,65535,0,2,51,0,0,0,0,0,0,0x0b
2026-09-06T08:55:57.310,65535,0,2,51,0,0,0,0,0,0,0x0b
2026-09-06T08:55:57.375,65535,0,2,51,0,0,0,0,0,0,0x0b
2026-09-06T08:55:57.440,65535,0,2,51,0,0,0,0,0,0,0x0b
2026-09-06T08:55:57.505,65535,0,2,52,0,0,0,0,0,0,0x0b
2026-09-06T08:55:57.569,65535,0,2,52,0,0,0,0,0,0,0x0b
2026-09-06T08:55:57.634,65535,0,2,52,0,0,0,0,0,0,0x0b
2026-09-06T08:55:57.699,65535,0,2,52,0,0,0,0,0,0,0x0b
2026-09-06T08:55:57.780,65535,0,2,51,0,0,0,0,0,0,0x0b
2026-09-06T08:55:57.845,65535,0,2,51,0,0,0,0,0,0,0x0b
2026-09-06T08:55:57.910,65535,0,2,50,0,0,0,0,0,0,0x0b
2026-09-06T08:55:57.975,65535,0,2,52,0,0,0,0,0,0,0x0b
2026-09-06T08:55:58.040,65535,0,2,51,0,0,0,0,0,0,0x0b
2026-09-06T08:55:58.104,65535,0,2,52,0,0,0,0,0,0,0x0b
2026-09-06T08:55:58.186,65535,0,2,50,0,0,0,0,0,0,0x0b
2026-09-06T08:55:58.235,65535,0,2,51,0,0,0,0,0,0,0x0b
2026-09-06T08:55:58.316,65535,0,2,51,0,0,0,0,0,0,0x0b
2026-09-06T08:55:58.382,65535,0,2,50,0,0,0,0,0,0,0x0b
2026-09-06T08:55:58.446,65535,0,2,51,0,0,0,0,0,0,0x0b
2026-09-06T08:55:58.511,65535,0,2,51,0,0,0,0,0,0,0x0b
2026-09-06T08:55:58.576,65535,0,2,50,0,0,0,0,0,0,0x0b
2026-09-06T08:55:58.641,65535,0,2,50,0,0,0,0,0,0,0x0b
2026-09-06T08:55:58.722,65535,0,2,51,0,0,0,0,0,0,0x0b
2026-09-06T08:55:58.770,65535,0,2,52,0,0,0,0,0,0,0x0b
2026-09-06T08:55:58.851,65535,0,2,51,0,0,0,0,0,0,0x0b
2026-09-06T08:55:58.916,65535,0,2,51,0,0,0,0,0,0,0x0b
2026-09-06T08:55:58.981,65535,0,2,51,0,0,0,0,0,0,0x0b
2026-09-06T08:55:59.046,65535,0,2,50,0,0,0,0,0,0,0x0b
2026-09-06T08:55:59.110,65535,0,2,52,0,0,0,0,0,0,0x0b
2026-09-06T08:55:59.176,65535,0,2,50,0,0,0,0,0,0,0x0b
2026-09-06T08:55:59.241,65535,0,2,51,0,0,0,0,0,0,0x0b
2026-09-06T08:55:59.322,65535,0,2,51,0,0,0,0,0,0,0x0b
2026-09-06T08:55:59.387,65535,0,2,50,0,0,0,0,0,0,0x0b
2026-09-06T08:55:59.452,65535,0,2,52,0,0,0,0,0,0,0x0b
2026-09-06T08:55:59.517,65535,0,2,51,0,0,0,0,0,0,0x0b
2026-09-06T08:55:59.583,65535,0,2,51,0,0,0,0,0,0,0x0b
2026-09-06T08:55:59.648,65535,0,2,51,0,0,0,0,0,0,0x0b
2026-09-06T08:55:59.713,65535,0,2,51,0,0,0,0,0,0,0x0b
2026-09-06T08:55:59.778,65535,0,2,50,0,0,0,0,0,0,0x0b
2026-09-06T08:55:59.843,65535,0,2,51,0,0,0,0,0,0,0x0b
2026-09-06T08:55:59.924,65535,0,2,52,0,0,0,0,0,0,0x0b
2026-09-06T08:55:59.989,65535,0,2,51,0,0,0,0,0,0,0x0b
2026-09-06T08:56:00.054,65535,0,2,52,0,0,0,0,0,0,0x0b
2026-09-06T08:56:00.120,65535,0,2,51,0,0,0,0,0,0,0x0b
2026-09-06T08:56:00.184,65535,0,2,51,0,0,0,0,0,0,0x0b
2026-09-06T08:56:00.249,65535,0,2,50,0,0,0,0,0,0,0x0b
2026-09-06T08:56:00.314,65535,0,2,51,0,0,0,0,0,0,0x0b
2026-09-06T08:56:00.379,65535,0,2,50,0,0,0,0,0,0,0x0b
2026-09-06T08:56:00.461,65535,0,2,50,0,0,0,0,0,0,0x0b
2026-09-06T08:56:00.526,65535,0,2,50,0,0,0,0,0,0,0x0b
2026-09-06T08:56:00.591,65535,0,2,50,0,0,0,0,0,0,0x0b
2026-09-06T08:56:00.656,65535,0,2,51,0,0,0,0,0,0,0x0b
2026-09-06T08:56:00.721,65535,0,2,51,0,0,0,0,0,0,0x0b
2026-09-06T08:56:00.786,65535,0,2,50,0,0,0,0,0,0,0x0b
2026-09-06T08:56:00.851,65535,0,2,50,0,0,0,0,0,0,0x0b
2026-09-06T08:56:00.916,65535,0,2,50,0,0,0,0,0,0,0x0b
2026-09-06T08:56:00.997,65535,0,2,51,0,0,0,0,0,0,0x0b
2026-09-06T08:56:01.062,65535,0,2,51,0,0,0,0,0,0,0x0b
2026-09-06T08:56:01.127,65535,0,2,51,0,0,0,0,0,0,0x0b
2026-09-06T08:56:01.192,65535,0,2,52,0,0,0,0,0,0,0x0b
2026-09-06T08:56:01.257,65535,0,2,50,0,0,0,0,0,0,0x0b
2026-09-06T08:56:01.322,65535,0,2,52,0,0,0,0,0,0,0x0b
2026-09-06T08:56:01.386,65535,0,2,50,0,0,0,0,0,0,0x0b
2026-09-06T08:56:01.451,65535,0,2,52,0,0,0,0,0,0,0x0b
2026-09-06T08:56:01.532,65535,0,2,50,0,0,0,0,0,0,0x0b
2026-09-06T08:56:01.597,65535,0,2,51,0,0,0,0,0,0,0x0b
2026-09-06T08:56:01.662,65535,0,2,52,0,0,0,0,0,0,0x0b
2026-09-06T08:56:01.727,65535,0,2,51,0,0,0,0,0,0,0x0b
2026-09-06T08:56:01.792,65535,0,2,50,0,0,0,0,0,0,0x0b
2026-09-06T08:56:01.857,65535,0,2,51,0,0,0,0,0,0,0x0b
2026-09-06T08:56:01.922,65535,0,2,52,0,0,0,0,0,0,0x0b
2026-09-06T08:56:01.987,65535,0,2,51,0,0,0,0,0,0,0x0b
2026-09-06T08:56:02.068,65535,0,2,50,0,0,0,0,0,0,0x0b
2026-09-06T08:56:02.133,65535,0,2,52,0,0,0,0,0,0,0x0b
2026-09-06T08:56:02.199,65535,0,2,52,0,0,0,0,0,0,0x0b
2026-09-06T08:56:02.262,65535,0,2,50,0,0,0,0,0,0,0x0b
2026-09-06T08:56:02.328,65535,0,2,51,0,0,0,0,0,0,0x0b
2026-09-06T08:56:02.392,65535,0,2,51,0,0,0,0,0,0,0x0b
2026-09-06T08:56:02.457,65535,0,2,50,0,0,0,0,0,0,0x0b
2026-09-06T08:56:02.538,65535,0,2,51,0,0,0,0,0,0,0x0b
2026-09-06T08:56:02.586,65535,0,2,50,0,0,0,0,0,0,0x0b
2026-09-06T08:56:02.668,65535,0,2,50,0,0,0,0,0,0,0x0b
2026-09-06T08:56:02.732,65535,0,2,52,0,0,0,0,0,0,0x0b
2026-09-06T08:56:02.797,65535,0,2,52,0,0,0,0,0,0,0x0b
2026-09-06T08:56:02.862,65535,0,2,50,0,0,0,0,0,0,0x0b
2026-09-06T08:56:02.927,65535,0,2,50,0,0,0,0,0,0,0x0b
2026-09-06T08:56:02.992,65535,0,2,50,0,0,0,0,0,0,0x0b
2026-09-06T08:56:03.072,65535,0,2,50,0,0,0,0,0,0,0x0b
2026-09-06T08:56:03.137,65535,0,2,54,0,0,0,0,0,0,0x0b
2026-09-06T08:56:03.202,65535,0,2,52,0,0,0,0,0,0,0x0b
2026-09-06T08:56:03.267,65535,0,2,50,0,0,0,0,0,0,0x0b
2026-09-06T08:56:03.332,65535,0,2,50,0,0,0,0,0,0,0x0b
2026-09-06T08:56:03.397,65535,0,2,50,0,0,0,0,0,0,0x0b
2026-09-06T08:56:03.462,65535,0,2,50,0,0,0,0,0,0,0x0b
2026-09-06T08:56:03.527,65535,0,2,51,0,0,0,0,0,0,0x0b
2026-09-06T08:56:03.608,65535,0,2,50,0,0,0,0,0,0,0x0b
2026-09-06T08:56:03.673,65535,0,2,50,0,0,0,0,0,0,0x0b
2026-09-06T08:56:03.738,65535,0,2,51,0,0,0,0,0,0,0x0b
2026-09-06T08:56:03.803,65535,0,2,51,0,0,0,0,0,0,0x0b
2026-09-06T08:56:03.867,65535,0,2,50,0,0,0,0,0,0,0x0b
2026-09-06T08:56:03.932,65535,0,2,50,0,0,0,0,0,0,0x0b
2026-09-06T08:56:03.997,65535,0,2,50,0,0,0,0,0,0,0x0b
2026-09-06T08:56:04.063,65535,0,2,50,0,0,0,0,0,0,0x0b
2026-09-06T08:56:04.128,65535,0,2,50,0,0,0,0,0,0,0x0b
2026-09-06T08:56:04.209,65535,0,2,51,0,0,0,0,0,0,0x0b
2026-09-06T08:56:04.274,65535,0,2,51,0,0,0,0,0,0,0x0b
2026-09-06T08:56:04.339,65535,0,2,50,0,0,0,0,0,0,0x0b
2026-09-06T08:56:04.403,65535,0,2,51,0,0,0,0,0,0,0x0b
2026-09-06T08:56:04.468,65535,0,2,50,0,0,0,0,0,0,0x0b
2026-09-06T08:56:04.533,65535,0,2,50,0,0,0,0,0,0,0x0b
2026-09-06T08:56:04.598,65535,0,2,50,0,0,0,0,0,0,0x0b
2026-09-06T08:56:04.663,65535,0,2,51,0,0,0,0,0,0,0x0b
2026-09-06T08:56:04.744,65535,0,2,50,0,0,0,0,0,0,0x0b
2026-09-06T08:56:04.809,65535,0,2,51,0,0,0,0,0,0,0x0b
2026-09-06T08:56:04.875,65535,0,2,55,0,0,0,0,0,0,0x0b
2026-09-06T08:56:04.940,65535,0,2,52,0,0,0,0,0,0,0x0b
2026-09-06T08:56:05.004,65535,0,2,51,0,0,0,0,0,0,0x0b
2026-09-06T08:56:05.069,65535,0,2,52,0,0,0,0,0,0,0x0b
2026-09-06T08:56:05.134,65535,0,2,52,0,0,0,0,0,0,0x0b
2026-09-06T08:56:05.199,65535,0,2,52,0,0,0,0,0,0,0x0b
2026-09-06T08:56:05.281,65535,0,2,50,0,0,0,0,0,0,0x0b
2026-09-06T08:56:05.346,65535,0,2,51,0,0,0,0,0,0,0x0b
2026-09-06T08:56:05.410,65535,0,2,50,0,0,0,0,0,0,0x0b
2026-09-06T08:56:05.475,65535,0,2,50,0,0,0,0,0,0,0x0b
2026-09-06T08:56:05.540,65535,0,2,52,0,0,0,0,0,0,0x0b
2026-09-06T08:56:05.606,65535,0,2,54,0,0,0,0,0,0,0x0b
2026-09-06T08:56:05.671,65535,0,2,52,0,0,0,0,0,0,0x0b
2026-09-06T08:56:05.736,65535,0,2,50,0,0,0,0,0,0,0x0b
2026-09-06T08:56:05.817,65535,0,2,50,0,0,0,0,0,0,0x0b
2026-09-06T08:56:05.882,65535,0,2,50,0,0,0,0,0,0,0x0b
2026-09-06T08:56:05.947,65535,0,2,50,0,0,0,0,0,0,0x0b
2026-09-06T08:56:06.012,65535,0,2,51,0,0,0,0,0,0,0x0b
2026-09-06T08:56:06.077,65535,0,2,51,0,0,0,0,0,0,0x0b
2026-09-06T08:56:06.142,65535,0,2,50,0,0,0,0,0,0,0x0b
2026-09-06T08:56:06.207,65535,0,2,50,0,0,0,0,0,0,0x0b
2026-09-06T08:56:06.272,65535,0,2,52,0,0,0,0,0,0,0x0b
2026-09-06T08:56:06.353,65535,0,2,50,0,0,0,0,0,0,0x0b
2026-09-06T08:56:06.419,65535,0,2,52,0,0,0,0,0,0,0x0b
2026-09-06T08:56:06.484,65535,0,2,51,0,0,0,0,0,0,0x0b
2026-09-06T08:56:06.549,65535,0,2,51,0,0,0,0,0,0,0x0b
2026-09-06T08:56:06.615,65535,0,2,52,0,0,0,0,0,0,0x0b
2026-09-06T08:56:06.680,65535,0,2,50,0,0,0,0,0,0,0x0b
2026-09-06T08:56:06.745,65535,0,2,50,0,0,0,0,0,0,0x0b
2026-09-06T08:56:06.810,65535,0,2,50,0,0,0,0,0,0,0x0b
2026-09-06T08:56:06.875,65535,0,2,52,0,0,0,0,0,0,0x0b
2026-09-06T08:56:06.956,65535,0,2,51,0,0,0,0,0,0,0x0b
2026-09-06T08:56:07.021,65535,0,2,50,0,0,0,0,0,0,0x0b
2026-09-06T08:56:07.086,65535,0,2,50,0,0,0,0,0,0,0x0b
2026-09-06T08:56:07.151,65535,0,2,51,0,0,0,0,0,0,0x0b
2026-09-06T08:56:07.216,65535,0,2,52,0,0,0,0,0,0,0x0b
2026-09-06T08:56:07.281,65535,0,2,50,0,0,0,0,0,0,0x0b
2026-09-06T08:56:07.346,65535,0,2,50,0,0,0,0,0,0,0x0b
2026-09-06T08:56:07.411,65535,0,2,50,0,0,0,0,0,0,0x0b
2026-09-06T08:56:07.476,65535,0,2,51,0,0,0,0,0,0,0x0b
2026-09-06T08:56:07.558,65535,0,2,53,0,0,0,0,0,0,0x0b
2026-09-06T08:56:07.623,65535,0,2,51,0,0,0,0,0,0,0x0b
2026-09-06T08:56:07.688,65535,0,2,50,0,0,0,0,0,0,0x0b
2026-09-06T08:56:07.753,65535,0,2,51,0,0,0,0,0,0,0x0b
2026-09-06T08:56:07.818,65535,0,2,50,0,0,0,0,0,0,0x0b
2026-09-06T08:56:07.883,65535,0,2,50,0,0,0,0,0,0,0x0b
2026-09-06T08:56:07.948,65535,0,2,50,0,0,0,0,0,0,0x0b
2026-09-06T08:56:08.013,65535,0,2,50,0,0,0,0,0,0,0x0b
2026-09-06T08:56:08.078,65535,0,2,51,0,0,0,0,0,0,0x0b
2026-09-06T08:56:08.159,65535,0,2,51,0,0,0,0,0,0,0x0b
2026-09-06T08:56:08.224,65535,0,2,50,0,0,0,0,0,0,0x0b
2026-09-06T08:56:08.289,65535,0,2,50,0,0,0,0,0,0,0x0b
2026-09-06T08:56:08.354,65535,0,2,53,0,0,0,0,0,0,0x0b
2026-09-06T08:56:08.419,65535,0,2,50,0,0,0,0,0,0,0x0b
2026-09-06T08:56:08.484,65535,0,2,50,0,0,0,0,0,0,0x0b
2026-09-06T08:56:08.549,65535,0,2,52,0,0,0,0,0,0,0x0b
2026-09-06T08:56:08.630,65535,0,2,51,0,0,0,0,0,0,0x0b
2026-09-06T08:56:08.695,65535,0,2,51,0,0,0,0,0,0,0x0b
2026-09-06T08:56:08.760,65535,0,2,52,0,0,0,0,0,0,0x0b
2026-09-06T08:56:08.825,65535,0,2,50,0,0,0,0,0,0,0x0b
2026-09-06T08:56:08.890,65535,0,2,51,0,0,0,0,0,0,0x0b
2026-09-06T08:56:08.955,65535,0,2,51,0,0,0,0,0,0,0x0b
2026-09-06T08:56:09.020,65535,0,2,53,0,0,0,0,0,0,0x0b
2026-09-06T08:56:09.085,65535,0,2,51,0,0,0,0,0,0,0x0b
2026-09-06T08:56:09.150,65535,0,2,51,0,0,0,0,0,0,0x0b
2026-09-06T08:56:09.232,65535,0,2,52,0,0,0,0,0,0,0x0b
2026-09-06T08:56:09.297,65535,0,2,53,0,0,0,0,0,0,0x0b
2026-09-06T08:56:09.361,65535,0,2,51,0,0,0,0,0,0,0x0b
2026-09-06T08:56:09.426,65535,0,2,51,0,0,0,0,0,0,0x0b
2026-09-06T08:56:09.491,65535,0,2,50,0,0,0,0,0,0,0x0b
2026-09-06T08:56:09.556,65535,0,2,50,0,0,0,0,0,0,0x0b
2026-09-06T08:56:09.621,65535,0,2,51,0,0,0,0,0,0,0x0b
2026-09-06T08:56:09.686,65535,0,2,50,0,0,0,0,0,0,0x0b
2026-09-06T08:56:09.767,65535,0,2,50,0,0,0,0,0,0,0x0b
2026-09-06T08:56:09.832,65535,0,2,51,0,0,0,0,0,0,0x0b
2026-09-06T08:56:09.897,65535,0,2,51,0,0,0,0,0,0,0x0b
2026-09-06T08:56:09.962,65535,0,2,50,0,0,0,0,0,0,0x0b
2026-09-06T08:56:10.027,65535,0,2,50,0,0,0,0,0,0,0x0b
2026-09-06T08:56:10.092,65535,0,2,51,0,0,0,0,0,0,0x0b
2026-09-06T08:56:10.157,65535,0,2,50,0,0,0,0,0,0,0x0b
2026-09-06T08:56:10.223,65535,0,2,51,0,0,0,0,0,0,0x0b
2026-09-06T08:56:10.304,65535,0,2,50,0,0,0,0,0,0,0x0b
2026-09-06T08:56:10.369,65535,0,2,52,0,0,0,0,0,0,0x0b
2026-09-06T08:56:10.433,65535,0,2,51,0,0,0,0,0,0,0x0b
2026-09-06T08:56:10.498,65535,0,2,50,0,0,0,0,0,0,0x0b
2026-09-06T08:56:10.563,65535,0,2,50,0,0,0,0,0,0,0x0b
2026-09-06T08:56:10.628,65535,0,2,50,0,0,0,0,0,0,0x0b
2026-09-06T08:56:10.693,65535,0,2,51,0,0,0,0,0,0,0x0b
2026-09-06T08:56:10.758,65535,0,2,52,0,0,0,0,0,0,0x0b
2026-09-06T08:56:10.823,65535,0,2,51,0,0,0,0,0,0,0x0b
2026-09-06T08:56:10.904,65535,0,2,50,0,0,0,0,0,0,0x0b
2026-09-06T08:56:10.969,65535,0,2,53,0,0,0,0,0,0,0x0b
2026-09-06T08:56:11.034,65535,0,2,50,0,0,0,0,0,0,0x0b
2026-09-06T08:56:11.100,65535,0,2,51,0,0,0,0,0,0,0x0b
2026-09-06T08:56:11.165,65535,0,2,50,0,0,0,0,0,0,0x0b
2026-09-06T08:56:11.230,65535,0,2,52,0,0,0,0,0,0,0x0b
2026-09-06T08:56:11.295,65535,0,2,51,0,0,0,0,0,0,0x0b
2026-09-06T08:56:11.360,65535,0,2,51,0,0,0,0,0,0,0x0b
2026-09-06T08:56:11.441,65535,0,2,50,0,0,0,0,0,0,0x0b
2026-09-06T08:56:11.506,65535,0,2,50,0,0,0,0,0,0,0x0b
2026-09-06T08:56:11.572,65535,0,2,50,0,0,0,0,0,0,0x0b
2026-09-06T08:56:11.637,65535,0,2,50,0,0,0,0,0,0,0x0b
2026-09-06T08:56:11.702,65535,0,2,50,0,0,0,0,0,0,0x0b
2026-09-06T08:56:11.767,65535,0,2,50,0,0,0,0,0,0,0x0b
2026-09-06T08:56:11.832,65535,0,2,50,0,0,0,0,0,0,0x0b
2026-09-06T08:56:11.897,65535,0,2,51,0,0,0,0,0,0,0x0b
2026-09-06T08:56:11.962,65535,0,2,50,0,0,0,0,0,0,0x0b
2026-09-06T08:56:12.043,65535,0,2,50,0,0,0,0,0,0,0x0b
2026-09-06T08:56:12.108,65535,0,2,51,0,0,0,0,0,0,0x0b
2026-09-06T08:56:12.173,65535,0,2,50,0,0,0,0,0,0,0x0b
2026-09-06T08:56:12.238,65535,0,2,52,0,0,0,0,0,0,0x0b
2026-09-06T08:56:12.302,65535,0,2,52,0,0,0,0,0,0,0x0b
2026-09-06T08:56:12.368,65535,0,2,52,0,0,0,0,0,0,0x0b
2026-09-06T08:56:12.433,65535,0,2,50,0,0,0,0,0,0,0x0b
2026-09-06T08:56:12.498,65535,0,2,50,0,0,0,0,0,0,0x0b
2026-09-06T08:56:12.579,65535,0,2,51,0,0,0,0,0,0,0x0b
2026-09-06T08:56:12.644,65535,0,2,52,0,0,0,0,0,0,0x0b
2026-09-06T08:56:12.709,65535,0,2,51,0,0,0,0,0,0,0x0b
2026-09-06T08:56:12.775,65535,0,2,50,0,0,0,0,0,0,0x0b
2026-09-06T08:56:12.840,65535,0,2,51,0,0,0,0,0,0,0x0b
2026-09-06T08:56:12.904,65535,0,2,51,0,0,0,0,0,0,0x0b
2026-09-06T08:56:12.969,65535,0,2,50,0,0,0,0,0,0,0x0b
2026-09-06T08:56:13.035,65535,0,2,50,0,0,0,0,0,0,0x0b
2026-09-06T08:56:13.116,65535,0,2,51,0,0,0,0,0,0,0x0b
2026-09-06T08:56:13.182,65535,0,2,50,0,0,0,0,0,0,0x0b
2026-09-06T08:56:13.246,65535,0,2,52,0,0,0,0,0,0,0x0b
2026-09-06T08:56:13.310,65535,0,2,51,0,0,0,0,0,0,0x0b
2026-09-06T08:56:13.375,65535,0,2,51,0,0,0,0,0,0,0x0b
2026-09-06T08:56:13.441,65535,0,2,50,0,0,0,0,0,0,0x0b
2026-09-06T08:56:13.506,65535,0,2,51,0,0,0,0,0,0,0x0b
2026-09-06T08:56:13.571,65535,0,2,51,0,0,0,0,0,0,0x0b
2026-09-06T08:56:13.652,65535,0,2,51,0,0,0,0,0,0,0x0b
2026-09-06T08:56:13.717,65535,0,2,53,0,0,0,0,0,0,0x0b
2026-09-06T08:56:13.781,65535,0,2,50,0,0,0,0,0,0,0x0b
2026-09-06T08:56:13.846,65535,0,2,50,0,0,0,0,0,0,0x0b
2026-09-06T08:56:13.911,65535,0,2,51,0,0,0,0,0,0,0x0b
2026-09-06T08:56:13.976,65535,0,2,50,0,0,0,0,0,0,0x0b
2026-09-06T08:56:14.041,65535,0,2,52,0,0,0,0,0,0,0x0b
2026-09-06T08:56:14.106,65535,0,2,50,0,0,0,0,0,0,0x0b
2026-09-06T08:56:14.171,65535,0,2,52,0,0,0,0,0,0,0x0b
2026-09-06T08:56:14.252,65535,0,2,51,0,0,0,0,0,0,0x0b
2026-09-06T08:56:14.317,65535,0,2,52,0,0,0,0,0,0,0x0b
2026-09-06T08:56:14.382,65535,0,2,51,0,0,0,0,0,0,0x0b
2026-09-06T08:56:14.447,65535,0,2,50,0,0,0,0,0,0,0x0b
2026-09-06T08:56:14.512,65535,0,2,51,0,0,0,0,0,0,0x0b
2026-09-06T08:56:14.577,65535,0,2,50,0,0,0,0,0,0,0x0b
2026-09-06T08:56:14.642,65535,0,2,51,0,0,0,0,0,0,0x0b
2026-09-06T08:56:14.707,65535,0,2,51,0,0,0,0,0,0,0x0b
2026-09-06T08:56:14.788,65535,0,2,51,0,0,0,0,0,0,0x0b
2026-09-06T08:56:14.854,65535,0,2,50,0,0,0,0,0,0,0x0b
2026-09-06T08:56:14.919,65535,0,2,51,0,0,0,0,0,0,0x0b
2026-09-06T08:56:14.983,65535,0,2,51,0,0,0,0,0,0,0x0b
2026-09-06T08:56:15.049,65535,0,2,50,0,0,0,0,0,0,0x0b
2026-09-06T08:56:15.114,65535,0,2,51,0,0,0,0,0,0,0x0b
2026-09-06T08:56:15.179,65535,0,2,50,0,0,0,0,0,0,0x0b
2026-09-06T08:56:15.244,65535,0,2,50,0,0,0,0,0,0,0x0b
2026-09-06T08:56:15.325,65535,0,2,50,0,0,0,0,0,0,0x0b
2026-09-06T08:56:15.390,65535,0,2,50,0,0,0,0,0,0,0x0b
2026-09-06T08:56:15.454,65535,0,2,52,0,0,0,0,0,0,0x0b
2026-09-06T08:56:15.519,65535,0,2,52,0,0,0,0,0,0,0x0b
2026-09-06T08:56:15.584,65535,0,2,51,0,0,0,0,0,0,0x0b
2026-09-06T08:56:15.650,65535,0,2,50,0,0,0,0,0,0,0x0b
2026-09-06T08:56:15.714,65535,0,2,51,0,0,0,0,0,0,0x0b
2026-09-06T08:56:15.779,65535,0,2,51,0,0,0,0,0,0,0x0b
2026-09-06T08:56:15.861,65535,0,2,50,0,0,0,0,0,0,0x0b
2026-09-06T08:56:15.926,65535,0,2,50,0,0,0,0,0,0,0x0b
2026-09-06T08:56:15.991,65535,0,2,50,0,0,0,0,0,0,0x0b
2026-09-06T08:56:16.056,65535,0,2,51,0,0,0,0,0,0,0x0b
2026-09-06T08:56:16.122,65535,0,2,51,0,0,0,0,0,0,0x0b
2026-09-06T08:56:16.188,65535,0,2,50,0,0,0,0,0,0,0x0b
2026-09-06T08:56:16.252,65535,0,2,50,0,0,0,0,0,0,0x0b
2026-09-06T08:56:16.317,65535,0,2,50,0,0,0,0,0,0,0x0b
2026-09-06T08:56:16.382,65535,0,2,52,0,0,0,0,0,0,0x0b
2026-09-06T08:56:16.463,65535,0,2,54,0,0,0,0,0,0,0x0b
2026-09-06T08:56:16.527,65535,0,2,51,0,0,0,0,0,0,0x0b
2026-09-06T08:56:16.592,65535,0,2,52,0,0,0,0,0,0,0x0b
2026-09-06T08:56:16.658,65535,0,2,51,0,0,0,0,0,0,0x0b
2026-09-06T08:56:16.723,65535,0,2,51,0,0,0,0,0,0,0x0b
2026-09-06T08:56:16.788,65535,0,2,50,0,0,0,0,0,0,0x0b
2026-09-06T08:56:16.853,65535,0,2,51,0,0,0,0,0,0,0x0b
2026-09-06T08:56:16.918,65535,0,2,52,0,0,0,0,0,0,0x0b
2026-09-06T08:56:16.999,65535,0,2,50,0,0,0,0,0,0,0x0b
2026-09-06T08:56:17.064,65535,0,2,51,0,0,0,0,0,0,0x0b
2026-09-06T08:56:17.129,65535,0,2,52,0,0,0,0,0,0,0x0b
2026-09-06T08:56:17.195,65535,0,2,50,0,0,0,0,0,0,0x0b
2026-09-06T08:56:17.259,65535,0,2,50,0,0,0,0,0,0,0x0b
2026-09-06T08:56:17.324,65535,0,2,52,0,0,0,0,0,0,0x0b
2026-09-06T08:56:17.389,65535,0,2,52,0,0,0,0,0,0,0x0b
2026-09-06T08:56:17.454,65535,0,2,51,0,0,0,0,0,0,0x0b
2026-09-06T08:56:17.519,65535,0,2,52,0,0,0,0,0,0,0x0b
2026-09-06T08:56:17.600,65535,0,2,52,0,0,0,0,0,0,0x0b
2026-09-06T08:56:17.665,65535,0,2,50,0,0,0,0,0,0,0x0b
2026-09-06T08:56:17.730,65535,0,2,50,0,0,0,0,0,0,0x0b
2026-09-06T08:56:17.795,65535,0,2,51,0,0,0,0,0,0,0x0b
2026-09-06T08:56:17.860,65535,0,2,52,0,0,0,0,0,0,0x0b
2026-09-06T08:56:17.925,65535,0,2,50,0,0,0,0,0,0,0x0b
2026-09-06T08:56:17.990,65535,0,2,52,0,0,0,0,0,0,0x0b
2026-09-06T08:56:18.055,65535,0,2,52,0,0,0,0,0,0,0x0b
2026-09-06T08:56:18.136,65535,0,2,51,0,0,0,0,0,0,0x0b
2026-09-06T08:56:18.201,65535,0,2,50,0,0,0,0,0,0,0x0b
2026-09-06T08:56:18.266,65535,0,2,50,0,0,0,0,0,0,0x0b
2026-09-06T08:56:18.331,65535,0,2,52,0,0,0,0,0,0,0x0b
2026-09-06T08:56:18.396,65535,0,2,52,0,0,0,0,0,0,0x0b
2026-09-06T08:56:18.461,65535,0,2,52,0,0,0,0,0,0,0x0b
2026-09-06T08:56:18.526,65535,0,2,51,0,0,0,0,0,0,0x0b
2026-09-06T08:56:18.590,65535,0,2,50,0,0,0,0,0,0,0x0b
2026-09-06T08:56:18.672,65535,0,2,50,0,0,0,0,0,0,0x0b
2026-09-06T08:56:18.737,65535,0,2,51,0,0,0,0,0,0,0x0b
2026-09-06T08:56:18.801,65535,0,2,50,0,0,0,0,0,0,0x0b
2026-09-06T08:56:18.867,65535,0,2,52,0,0,0,0,0,0,0x0b
2026-09-06T08:56:18.932,65535,0,2,50,0,0,0,0,0,0,0x0b
2026-09-06T08:56:18.998,65535,0,2,51,0,0,0,0,0,0,0x0b
2026-09-06T08:56:19.063,65535,0,2,51,0,0,0,0,0,0,0x0b
2026-09-06T08:56:19.128,65535,0,2,50,0,0,0,0,0,0,0x0b
2026-09-06T08:56:19.209,65535,0,2,50,0,0,0,0,0,0,0x0b
2026-09-06T08:56:19.274,65535,0,2,53,0,0,0,0,0,0,0x0b
2026-09-06T08:56:19.339,65535,0,2,50,0,0,0,0,0,0,0x0b
2026-09-06T08:56:19.404,65535,0,2,50,0,0,0,0,0,0,0x0b
2026-09-06T08:56:19.470,65535,0,2,52,0,0,0,0,0,0,0x0b
2026-09-06T08:56:19.535,65535,0,2,51,0,0,0,0,0,0,0x0b
2026-09-06T08:56:19.600,65535,0,2,51,0,0,0,0,0,0,0x0b
2026-09-06T08:56:19.665,65535,0,2,51,0,0,0,0,0,0,0x0b
2026-09-06T08:56:19.730,65535,0,2,50,0,0,0,0,0,0,0x0b
2026-09-06T08:56:19.812,65535,0,2,52,0,0,0,0,0,0,0x0b
2026-09-06T08:56:19.877,65535,0,2,50,0,0,0,0,0,0,0x0b
2026-09-06T08:56:19.942,65535,0,2,50,0,0,0,0,0,0,0x0b
2026-09-06T08:56:20.007,65535,0,2,52,0,0,0,0,0,0,0x0b
2026-09-06T08:56:20.072,65535,0,2,51,0,0,0,0,0,0,0x0b
2026-09-06T08:56:20.137,65535,0,2,52,0,0,0,0,0,0,0x0b
2026-09-06T08:56:20.202,65535,0,2,51,0,0,0,0,0,0,0x0b
2026-09-06T08:56:20.267,65535,0,2,50,0,0,0,0,0,0,0x0b
2026-09-06T08:56:20.347,65535,0,2,53,0,0,0,0,0,0,0x0b
2026-09-06T08:56:20.412,65535,0,2,52,0,0,0,0,0,0,0x0b
2026-09-06T08:56:20.478,65535,0,2,51,0,0,0,0,0,0,0x0b
2026-09-06T08:56:20.543,65535,0,2,50,0,0,0,0,0,0,0x0b
2026-09-06T08:56:20.609,65535,0,2,51,0,0,0,0,0,0,0x0b
2026-09-06T08:56:20.674,65535,0,2,50,0,0,0,0,0,0,0x0b
2026-09-06T08:56:20.739,65535,0,2,52,0,0,0,0,0,0,0x0b
2026-09-06T08:56:20.804,65535,0,2,50,0,0,0,0,0,0,0x0b
2026-09-06T08:56:20.869,65535,0,2,52,0,0,0,0,0,0,0x0b
2026-09-06T08:56:20.934,65535,0,2,51,0,0,0,0,0,0,0x0b
2026-09-06T08:56:21.015,65535,0,2,50,0,0,0,0,0,0,0x0b
2026-09-06T08:56:21.081,65535,0,2,50,0,0,0,0,0,0,0x0b
2026-09-06T08:56:21.146,65535,0,2,51,0,0,0,0,0,0,0x0b
2026-09-06T08:56:21.212,65535,0,2,50,0,0,0,0,0,0,0x0b
2026-09-06T08:56:21.277,65535,0,2,51,0,0,0,0,0,0,0x0b
2026-09-06T08:56:21.343,65535,0,2,51,0,0,0,0,0,0,0x0b
2026-09-06T08:56:21.408,65535,0,2,51,0,0,0,0,0,0,0x0b
2026-09-06T08:56:21.473,65535,0,2,51,0,0,0,0,0,0,0x0b
2026-09-06T08:56:21.538,65535,0,2,51,0,0,0,0,0,0,0x0b
2026-09-06T08:56:21.619,65535,0,2,53,0,0,0,0,0,0,0x0b
2026-09-06T08:56:21.684,65535,0,2,52,0,0,0,0,0,0,0x0b
2026-09-06T08:56:21.749,65535,0,2,50,0,0,0,0,0,0,0x0b
2026-09-06T08:56:21.814,65535,0,2,52,0,0,0,0,0,0,0x0b
2026-09-06T08:56:21.880,65535,0,2,50,0,0,0,0,0,0,0x0b
2026-09-06T08:56:21.945,65535,0,2,50,0,0,0,0,0,0,0x0b
2026-09-06T08:56:22.010,65535,0,2,51,0,0,0,0,0,0,0x0b
2026-09-06T08:56:22.075,65535,0,2,50,0,0,0,0,0,0,0x0b
2026-09-06T08:56:22.156,65535,0,2,52,0,0,0,0,0,0,0x0b
2026-09-06T08:56:22.221,65535,0,2,50,0,0,0,0,0,0,0x0b
2026-09-06T08:56:22.286,65535,0,2,51,0,0,0,0,0,0,0x0b
2026-09-06T08:56:22.350,65535,0,2,50,0,0,0,0,0,0,0x0b
2026-09-06T08:56:22.416,65535,0,2,53,0,0,0,0,0,0,0x0b
2026-09-06T08:56:22.481,65535,0,2,50,0,0,0,0,0,0,0x0b
2026-09-06T08:56:22.545,65535,0,2,50,0,0,0,0,0,0,0x0b
2026-09-06T08:56:22.610,65535,0,2,50,0,0,0,0,0,0,0x0b
2026-09-06T08:56:22.675,65535,0,2,51,0,0,0,0,0,0,0x0b
2026-09-06T08:56:22.756,65535,0,2,50,0,0,0,0,0,0,0x0b
2026-09-06T08:56:22.821,65535,0,2,50,0,0,0,0,0,0,0x0b
2026-09-06T08:56:22.886,65535,0,2,53,0,0,0,0,0,0,0x0b
2026-09-06T08:56:22.951,65535,0,2,51,0,0,0,0,0,0,0x0b
2026-09-06T08:56:23.016,65535,0,2,51,0,0,0,0,0,0,0x0b
2026-09-06T08:56:23.081,65535,0,2,51,0,0,0,0,0,0,0x0b
2026-09-06T08:56:23.146,65535,0,2,50,0,0,0,0,0,0,0x0b
2026-09-06T08:56:23.211,65535,0,2,50,0,0,0,0,0,0,0x0b
2026-09-06T08:56:23.292,65535,0,2,51,0,0,0,0,0,0,0x0b
2026-09-06T08:56:23.357,65535,0,2,51,0,0,0,0,0,0,0x0b
2026-09-06T08:56:23.422,65535,0,2,51,0,0,0,0,0,0,0x0b
2026-09-06T08:56:23.487,65535,0,2,51,0,0,0,0,0,0,0x0b
2026-09-06T08:56:23.552,65535,0,2,50,0,0,0,0,0,0,0x0b
2026-09-06T08:56:23.617,65535,0,2,51,0,0,0,0,0,0,0x0b
2026-09-06T08:56:23.682,65535,0,2,51,0,0,0,0,0,0,0x0b
2026-09-06T08:56:23.747,65535,0,2,51,0,0,0,0,0,0,0x0b
2026-09-06T08:56:23.828,65535,0,2,50,0,0,0,0,0,0,0x0b
2026-09-06T08:56:23.894,65535,0,2,51,0,0,0,0,0,0,0x0b
2026-09-06T08:56:23.959,65535,0,2,51,0,0,0,0,0,0,0x0b
2026-09-06T08:56:24.024,65535,0,2,51,0,0,0,0,0,0,0x0b
2026-09-06T08:56:24.089,65535,0,2,52,0,0,0,0,0,0,0x0b
2026-09-06T08:56:24.154,65535,0,2,50,0,0,0,0,0,0,0x0b
2026-09-06T08:56:24.219,65535,0,2,52,0,0,0,0,0,0,0x0b
2026-09-06T08:56:24.284,65535,0,2,51,0,0,0,0,0,0,0x0b
2026-09-06T08:56:24.365,65535,0,2,51,0,0,0,0,0,0,0x0b
2026-09-06T08:56:24.430,65535,0,2,51,0,0,0,0,0,0,0x0b
2026-09-06T08:56:24.495,65535,0,2,51,0,0,0,0,0,0,0x0b
2026-09-06T08:56:24.560,65535,0,2,50,0,0,0,0,0,0,0x0b
2026-09-06T08:56:24.625,65535,0,2,51,0,0,0,0,0,0,0x0b
2026-09-06T08:56:24.690,65535,0,2,51,0,0,0,0,0,0,0x0b
2026-09-06T08:56:24.755,65535,0,2,50,0,0,0,0,0,0,0x0b
2026-09-06T08:56:24.820,65535,0,2,50,0,0,0,0,0,0,0x0b
2026-09-06T08:56:24.886,65535,0,2,51,0,0,0,0,0,0,0x0b
2026-09-06T08:56:24.967,65535,0,2,51,0,0,0,0,0,0,0x0b
2026-09-06T08:56:25.032,65535,0,2,50,0,0,0,0,0,0,0x0b
2026-09-06T08:56:25.097,65535,0,2,50,0,0,0,0,0,0,0x0b
2026-09-06T08:56:25.163,65535,0,2,51,0,0,0,0,0,0,0x0b
2026-09-06T08:56:25.228,65535,0,2,50,0,0,0,0,0,0,0x0b
2026-09-06T08:56:25.293,65535,0,2,50,0,0,0,0,0,0,0x0b
2026-09-06T08:56:25.358,65535,0,2,53,0,0,0,0,0,0,0x0b
2026-09-06T08:56:25.424,65535,0,2,51,0,0,0,0,0,0,0x0b
2026-09-06T08:56:25.489,65535,0,2,50,0,0,0,0,0,0,0x0b
2026-09-06T08:56:25.554,65535,0,2,50,0,0,0,0,0,0,0x0b
2026-09-06T08:56:25.635,65535,0,2,51,0,0,0,0,0,0,0x0b
2026-09-06T08:56:25.700,65535,0,2,52,0,0,0,0,0,0,0x0b
2026-09-06T08:56:25.765,65535,0,2,50,0,0,0,0,0,0,0x0b
2026-09-06T08:56:25.831,65535,0,2,51,0,0,0,0,0,0,0x0b
2026-09-06T08:56:25.896,65535,0,2,51,0,0,0,0,0,0,0x0b
2026-09-06T08:56:25.961,65535,0,2,50,0,0,0,0,0,0,0x0b
2026-09-06T08:56:26.026,65535,0,2,50,0,0,0,0,0,0,0x0b
2026-09-06T08:56:26.091,65535,0,2,51,0,0,0,0,0,0,0x0b
2026-09-06T08:56:26.172,65535,0,2,50,0,0,0,0,0,0,0x0b
2026-09-06T08:56:26.237,65535,0,2,53,0,0,0,0,0,0,0x0b
2026-09-06T08:56:26.302,65535,0,2,50,0,0,0,0,0,0,0x0b
2026-09-06T08:56:26.367,65535,0,2,51,0,0,0,0,0,0,0x0b
2026-09-06T08:56:26.432,65535,0,2,51,0,0,0,0,0,0,0x0b
2026-09-06T08:56:26.497,65535,0,2,51,0,0,0,0,0,0,0x0b
2026-09-06T08:56:26.562,65535,0,2,51,0,0,0,0,0,0,0x0b
2026-09-06T08:56:26.627,65535,0,2,51,0,0,0,0,0,0,0x0b
2026-09-06T08:56:26.708,65535,0,2,52,0,0,0,0,0,0,0x0b
2026-09-06T08:56:26.773,65535,0,2,51,0,0,0,0,0,0,0x0b
2026-09-06T08:56:26.838,65535,0,2,50,0,0,0,0,0,0,0x0b
2026-09-06T08:56:26.903,65535,0,2,50,0,0,0,0,0,0,0x0b
2026-09-06T08:56:26.968,65535,0,2,50,0,0,0,0,0,0,0x0b
2026-09-06T08:56:27.033,65535,0,2,50,0,0,0,0,0,0,0x0b
2026-09-06T08:56:27.098,65535,0,2,52,0,0,0,0,0,0,0x0b
2026-09-06T08:56:27.163,65535,0,2,50,0,0,0,0,0,0,0x0b
2026-09-06T08:56:27.244,65535,0,2,51,0,0,0,0,0,0,0x0b
2026-09-06T08:56:27.308,65535,0,2,52,0,0,0,0,0,0,0x0b
2026-09-06T08:56:27.373,65535,0,2,51,0,0,0,0,0,0,0x0b
2026-09-06T08:56:27.438,65535,0,2,50,0,0,0,0,0,0,0x0b
2026-09-06T08:56:27.503,65535,0,2,50,0,0,0,0,0,0,0x0b
2026-09-06T08:56:27.568,65535,0,2,50,0,0,0,0,0,0,0x0b
2026-09-06T08:56:27.634,65535,0,2,51,0,0,0,0,0,0,0x0b
2026-09-06T08:56:27.698,65535,0,2,51,0,0,0,0,0,0,0x0b
2026-09-06T08:56:27.780,65535,0,2,52,0,0,0,0,0,0,0x0b
2026-09-06T08:56:27.829,65535,0,2,50,0,0,0,0,0,0,0x0b
2026-09-06T08:56:27.910,65535,0,2,51,0,0,0,0,0,0,0x0b
2026-09-06T08:56:27.975,65535,0,2,51,0,0,0,0,0,0,0x0b
2026-09-06T08:56:28.040,65535,0,2,51,0,0,0,0,0,0,0x0b
2026-09-06T08:56:28.104,65535,0,2,50,0,0,0,0,0,0,0x0b
2026-09-06T08:56:28.169,65535,0,2,51,0,0,0,0,0,0,0x0b
2026-09-06T08:56:28.235,65535,0,2,51,0,0,0,0,0,0,0x0b
2026-09-06T08:56:28.316,65535,0,2,51,0,0,0,0,0,0,0x0b
2026-09-06T08:56:28.365,65535,0,2,51,0,0,0,0,0,0,0x0b
2026-09-06T08:56:28.447,65535,0,2,50,0,0,0,0,0,0,0x0b
2026-09-06T08:56:28.511,65535,0,2,51,0,0,0,0,0,0,0x0b
2026-09-06T08:56:28.576,65535,0,2,51,0,0,0,0,0,0,0x0b
2026-09-06T08:56:28.641,65535,0,2,50,0,0,0,0,0,0,0x0b
2026-09-06T08:56:28.706,65535,0,2,52,0,0,0,0,0,0,0x0b
2026-09-06T08:56:28.772,65535,0,2,50,0,0,0,0,0,0,0x0b
2026-09-06T08:56:28.837,65535,0,2,50,0,0,0,0,0,0,0x0b
2026-09-06T08:56:28.902,65535,0,2,52,0,0,0,0,0,0,0x0b
2026-09-06T08:56:28.983,65535,0,2,51,0,0,0,0,0,0,0x0b
2026-09-06T08:56:29.048,65535,0,2,51,0,0,0,0,0,0,0x0b
2026-09-06T08:56:29.114,65535,0,2,51,0,0,0,0,0,0,0x0b
2026-09-06T08:56:29.179,65535,0,2,50,0,0,0,0,0,0,0x0b
2026-09-06T08:56:29.244,65535,0,2,50,0,0,0,0,0,0,0x0b
2026-09-06T08:56:29.308,65535,0,2,50,0,0,0,0,0,0,0x0b
2026-09-06T08:56:29.374,65535,0,2,52,0,0,0,0,0,0,0x0b
2026-09-06T08:56:29.438,65535,0,2,51,0,0,0,0,0,0,0x0b
2026-09-06T08:56:29.520,65535,0,2,51,0,0,0,0,0,0,0x0b
2026-09-06T08:56:29.585,65535,0,2,52,0,0,0,0,0,0,0x0b
2026-09-06T08:56:29.649,65535,0,2,50,0,0,0,0,0,0,0x0b
2026-09-06T08:56:29.714,65535,0,2,51,0,0,0,0,0,0,0x0b
2026-09-06T08:56:29.779,65535,0,2,52,0,0,0,0,0,0,0x0b
2026-09-06T08:56:29.844,65535,0,2,50,0,0,0,0,0,0,0x0b
2026-09-06T08:56:29.909,65535,0,2,50,0,0,0,0,0,0,0x0b
2026-09-06T08:56:29.974,65535,0,2,50,0,0,0,0,0,0,0x0b
2026-09-06T08:56:30.055,65535,0,2,50,0,0,0,0,0,0,0x0b
2026-09-06T08:56:30.120,65535,0,2,52,0,0,0,0,0,0,0x0b
2026-09-06T08:56:30.186,65535,0,2,51,0,0,0,0,0,0,0x0b
2026-09-06T08:56:30.251,65535,0,2,51,0,0,0,0,0,0,0x0b
2026-09-06T08:56:30.317,65535,0,2,51,0,0,0,0,0,0,0x0b
2026-09-06T08:56:30.382,65535,0,2,51,0,0,0,0,0,0,0x0b
2026-09-06T08:56:30.447,65535,0,2,50,0,0,0,0,0,0,0x0b
2026-09-06T08:56:30.512,65535,0,2,50,0,0,0,0,0,0,0x0b
2026-09-06T08:56:30.577,65535,0,2,50,0,0,0,0,0,0,0x0b
2026-09-06T08:56:30.658,65535,0,2,52,0,0,0,0,0,0,0x0b
2026-09-06T08:56:30.723,65535,0,2,50,0,0,0,0,0,0,0x0b
2026-09-06T08:56:30.789,65535,0,2,50,0,0,0,0,0,0,0x0b
2026-09-06T08:56:30.854,65535,0,2,51,0,0,0,0,0,0,0x0b
2026-09-06T08:56:30.919,65535,0,2,50,0,0,0,0,0,0,0x0b
2026-09-06T08:56:30.984,65535,0,2,50,0,0,0,0,0,0,0x0b
2026-09-06T08:56:31.049,65535,0,2,50,0,0,0,0,0,0,0x0b
2026-09-06T08:56:31.114,65535,0,2,51,0,0,0,0,0,0,0x0b
2026-09-06T08:56:31.179,65535,0,2,52,0,0,0,0,0,0,0x0b
2026-09-06T08:56:31.260,65535,0,2,51,0,0,0,0,0,0,0x0b
2026-09-06T08:56:31.325,65535,0,2,51,0,0,0,0,0,0,0x0b
2026-09-06T08:56:31.389,65535,0,2,51,0,0,0,0,0,0,0x0b
2026-09-06T08:56:31.454,65535,0,2,50,0,0,0,0,0,0,0x0b
2026-09-06T08:56:31.519,65535,0,2,50,0,0,0,0,0,0,0x0b
2026-09-06T08:56:31.584,65535,0,2,51,0,0,0,0,0,0,0x0b
2026-09-06T08:56:31.649,65535,0,2,51,0,0,0,0,0,0,0x0b
2026-09-06T08:56:31.714,65535,0,2,52,0,0,0,0,0,0,0x0b
2026-09-06T08:56:31.795,65535,0,2,50,0,0,0,0,0,0,0x0b
2026-09-06T08:56:31.860,65535,0,2,50,0,0,0,0,0,0,0x0b
2026-09-06T08:56:31.925,65535,0,2,50,0,0,0,0,0,0,0x0b
2026-09-06T08:56:31.989,65535,0,2,52,0,0,0,0,0,0,0x0b
2026-09-06T08:56:32.055,65535,0,2,53,0,0,0,0,0,0,0x0b
2026-09-06T08:56:32.120,65535,0,2,51,0,0,0,0,0,0,0x0b
2026-09-06T08:56:32.185,65535,0,2,51,0,0,0,0,0,0,0x0b
2026-09-06T08:56:32.249,65535,0,2,50,0,0,0,0,0,0,0x0b
2026-09-06T08:56:32.330,65535,0,2,52,0,0,0,0,0,0,0x0b
2026-09-06T08:56:32.395,65535,0,2,52,0,0,0,0,0,0,0x0b
2026-09-06T08:56:32.460,65535,0,2,50,0,0,0,0,0,0,0x0b
2026-09-06T08:56:32.525,65535,0,2,51,0,0,0,0,0,0,0x0b
2026-09-06T08:56:32.590,65535,0,2,51,0,0,0,0,0,0,0x0b
2026-09-06T08:56:32.655,65535,0,2,52,0,0,0,0,0,0,0x0b
2026-09-06T08:56:32.720,65535,0,2,51,0,0,0,0,0,0,0x0b
2026-09-06T08:56:32.785,65535,0,2,51,0,0,0,0,0,0,0x0b
2026-09-06T08:56:32.866,65535,0,2,51,0,0,0,0,0,0,0x0b
2026-09-06T08:56:32.931,65535,0,2,50,0,0,0,0,0,0,0x0b
2026-09-06T08:56:32.996,65535,0,2,51,0,0,0,0,0,0,0x0b
2026-09-06T08:56:33.061,65535,0,2,50,0,0,0,0,0,0,0x0b
2026-09-06T08:56:33.126,65535,0,2,51,0,0,0,0,0,0,0x0b
2026-09-06T08:56:33.191,65535,0,2,52,0,0,0,0,0,0,0x0b
2026-09-06T08:56:33.256,65535,0,2,52,0,0,0,0,0,0,0x0b
2026-09-06T08:56:33.321,65535,0,2,50,0,0,0,0,0,0,0x0b
2026-09-06T08:56:33.402,65535,0,2,50,0,0,0,0,0,0,0x0b
2026-09-06T08:56:33.467,65535,0,2,50,0,0,0,0,0,0,0x0b
2026-09-06T08:56:33.532,65535,0,2,50,0,0,0,0,0,0,0x0b
2026-09-06T08:56:33.597,65535,0,2,51,0,0,0,0,0,0,0x0b
2026-09-06T08:56:33.662,65535,0,2,51,0,0,0,0,0,0,0x0b
2026-09-06T08:56:33.726,65535,0,2,50,0,0,0,0,0,0,0x0b
2026-09-06T08:56:33.791,65535,0,2,51,0,0,0,0,0,0,0x0b
2026-09-06T08:56:33.872,65535,0,2,51,0,0,0,0,0,0,0x0b
2026-09-06T08:56:33.937,65535,0,2,51,0,0,0,0,0,0,0x0b
2026-09-06T08:56:34.002,65535,0,2,51,0,0,0,0,0,0,0x0b
2026-09-06T08:56:34.067,65535,0,2,51,0,0,0,0,0,0,0x0b
2026-09-06T08:56:34.132,65535,0,2,50,0,0,0,0,0,0,0x0b
2026-09-06T08:56:34.197,65535,0,2,53,0,0,0,0,0,0,0x0b
2026-09-06T08:56:34.261,65535,0,2,50,0,0,0,0,0,0,0x0b
2026-09-06T08:56:34.326,65535,0,2,51,0,0,0,0,0,0,0x0b
2026-09-06T08:56:34.407,65535,0,2,50,0,0,0,0,0,0,0x0b
2026-09-06T08:56:34.472,65535,0,2,51,0,0,0,0,0,0,0x0b
2026-09-06T08:56:34.537,65535,0,2,52,0,0,0,0,0,0,0x0b
2026-09-06T08:56:34.602,65535,0,2,50,0,0,0,0,0,0,0x0b
2026-09-06T08:56:34.667,65535,0,2,51,0,0,0,0,0,0,0x0b
2026-09-06T08:56:34.732,65535,0,2,51,0,0,0,0,0,0,0x0b
2026-09-06T08:56:34.797,65535,0,2,50,0,0,0,0,0,0,0x0b
2026-09-06T08:56:34.862,65535,0,2,51,0,0,0,0,0,0,0x0b
2026-09-06T08:56:34.943,65535,0,2,50,0,0,0,0,0,0,0x0b
2026-09-06T08:56:35.008,65535,0,2,50,0,0,0,0,0,0,0x0b
2026-09-06T08:56:35.073,65535,0,2,53,0,0,0,0,0,0,0x0b
2026-09-06T08:56:35.138,65535,0,2,50,0,0,0,0,0,0,0x0b
2026-09-06T08:56:35.202,65535,0,2,50,0,0,0,0,0,0,0x0b
2026-09-06T08:56:35.267,65535,0,2,51,0,0,0,0,0,0,0x0b
2026-09-06T08:56:35.332,65535,0,2,51,0,0,0,0,0,0,0x0b
2026-09-06T08:56:35.397,65535,0,2,52,0,0,0,0,0,0,0x0b
2026-09-06T08:56:35.477,65535,0,2,50,0,0,0,0,0,0,0x0b
2026-09-06T08:56:35.542,65535,0,2,51,0,0,0,0,0,0,0x0b
2026-09-06T08:56:35.607,65535,0,2,50,0,0,0,0,0,0,0x0b
2026-09-06T08:56:35.672,65535,0,2,52,0,0,0,0,0,0,0x0b
2026-09-06T08:56:35.737,65535,0,2,50,0,0,0,0,0,0,0x0b
2026-09-06T08:56:35.802,65535,0,2,50,0,0,0,0,0,0,0x0b
2026-09-06T08:56:35.867,65535,0,2,51,0,0,0,0,0,0,0x0b
2026-09-06T08:56:35.932,65535,0,2,50,0,0,0,0,0,0,0x0b
2026-09-06T08:56:36.013,65535,0,2,51,0,0,0,0,0,0,0x0b
2026-09-06T08:56:36.078,65535,0,2,50,0,0,0,0,0,0,0x0b
2026-09-06T08:56:36.143,65535,0,2,51,0,0,0,0,0,0,0x0b
2026-09-06T08:56:36.208,65535,0,2,50,0,0,0,0,0,0,0x0b
2026-09-06T08:56:36.273,65535,0,2,50,0,0,0,0,0,0,0x0b
2026-09-06T08:56:36.338,65535,0,2,50,0,0,0,0,0,0,0x0b
2026-09-06T08:56:36.402,65535,0,2,50,0,0,0,0,0,0,0x0b
2026-09-06T08:56:36.483,65535,0,2,50,0,0,0,0,0,0,0x0b
2026-09-06T08:56:36.547,65535,0,2,52,0,0,0,0,0,0,0x0b
2026-09-06T08:56:36.612,65535,0,2,50,0,0,0,0,0,0,0x0b
2026-09-06T08:56:36.677,65535,0,2,51,0,0,0,0,0,0,0x0b
2026-09-06T08:56:36.742,65535,0,2,51,0,0,0,0,0,0,0x0b
2026-09-06T08:56:36.807,65535,0,2,51,0,0,0,0,0,0,0x0b
2026-09-06T08:56:36.872,65535,0,2,50,0,0,0,0,0,0,0x0b
2026-09-06T08:56:36.937,65535,0,2,50,0,0,0,0,0,0,0x0b
2026-09-06T08:56:37.018,65535,0,2,50,0,0,0,0,0,0,0x0b
2026-09-06T08:56:37.083,65535,0,2,50,0,0,0,0,0,0,0x0b
2026-09-06T08:56:37.148,65535,0,2,53,0,0,0,0,0,0,0x0b
2026-09-06T08:56:37.213,65535,0,2,50,0,0,0,0,0,0,0x0b
2026-09-06T08:56:37.278,65535,0,2,50,0,0,0,0,0,0,0x0b
2026-09-06T08:56:37.342,65535,0,2,52,0,0,0,0,0,0,0x0b
2026-09-06T08:56:37.407,65535,0,2,51,0,0,0,0,0,0,0x0b
2026-09-06T08:56:37.488,65535,0,2,51,0,0,0,0,0,0,0x0b
2026-09-06T08:56:37.553,65535,0,2,50,0,0,0,0,0,0,0x0b
2026-09-06T08:56:37.618,65535,0,2,50,0,0,0,0,0,0,0x0b
2026-09-06T08:56:37.683,65535,0,2,51,0,0,0,0,0,0,0x0b
2026-09-06T08:56:37.748,65535,0,2,50,0,0,0,0,0,0,0x0b
2026-09-06T08:56:37.812,65535,0,2,50,0,0,0,0,0,0,0x0b
2026-09-06T08:56:37.877,65535,0,2,51,0,0,0,0,0,0,0x0b
2026-09-06T08:56:37.942,65535,0,2,53,0,0,0,0,0,0,0x0b
2026-09-06T08:56:38.024,65535,0,2,50,0,0,0,0,0,0,0x0b
2026-09-06T08:56:38.089,65535,0,2,50,0,0,0,0,0,0,0x0b
2026-09-06T08:56:38.153,65535,0,2,51,0,0,0,0,0,0,0x0b
2026-09-06T08:56:38.218,65535,0,2,50,0,0,0,0,0,0,0x0b
2026-09-06T08:56:38.283,65535,0,2,50,0,0,0,0,0,0,0x0b
2026-09-06T08:56:38.348,65535,0,2,51,0,0,0,0,0,0,0x0b
2026-09-06T08:56:38.413,65535,0,2,50,0,0,0,0,0,0,0x0b
2026-09-06T08:56:38.478,65535,0,2,52,0,0,0,0,0,0,0x0b
2026-09-06T08:56:38.558,65535,0,2,50,0,0,0,0,0,0,0x0b
2026-09-06T08:56:38.623,65535,0,2,52,0,0,0,0,0,0,0x0b
2026-09-06T08:56:38.688,65535,0,2,50,0,0,0,0,0,0,0x0b
2026-09-06T08:56:38.753,65535,0,2,51,0,0,0,0,0,0,0x0b
2026-09-06T08:56:38.817,65535,0,2,52,0,0,0,0,0,0,0x0b
2026-09-06T08:56:38.882,65535,0,2,51,0,0,0,0,0,0,0x0b
2026-09-06T08:56:38.947,65535,0,2,50,0,0,0,0,0,0,0x0b
2026-09-06T08:56:39.012,65535,0,2,51,0,0,0,0,0,0,0x0b
2026-09-06T08:56:39.092,65535,0,2,50,0,0,0,0,0,0,0x0b
2026-09-06T08:56:39.157,65535,0,2,50,0,0,0,0,0,0,0x0b
2026-09-06T08:56:39.222,65535,0,2,52,0,0,0,0,0,0,0x0b
2026-09-06T08:56:39.287,65535,0,2,51,0,0,0,0,0,0,0x0b
2026-09-06T08:56:39.352,65535,0,2,50,0,0,0,0,0,0,0x0b
2026-09-06T08:56:39.417,65535,0,2,52,0,0,0,0,0,0,0x0b
2026-09-06T08:56:39.481,65535,0,2,50,0,0,0,0,0,0,0x0b
2026-09-06T08:56:39.562,65535,0,2,52,0,0,0,0,0,0,0x0b
2026-09-06T08:56:39.627,65535,0,2,50,0,0,0,0,0,0,0x0b
2026-09-06T08:56:39.693,65535,0,2,50,0,0,0,0,0,0,0x0b
2026-09-06T08:56:39.757,65535,0,2,51,0,0,0,0,0,0,0x0b
2026-09-06T08:56:39.822,65535,0,2,52,0,0,0,0,0,0,0x0b
2026-09-06T08:56:39.887,65535,0,2,51,0,0,0,0,0,0,0x0b
2026-09-06T08:56:39.952,65535,0,2,51,0,0,0,0,0,0,0x0b
2026-09-06T08:56:40.017,65535,0,2,50,0,0,0,0,0,0,0x0b
2026-09-06T08:56:40.098,65535,0,2,52,0,0,0,0,0,0,0x0b
2026-09-06T08:56:40.163,65535,0,2,52,0,0,0,0,0,0,0x0b
2026-09-06T08:56:40.228,65535,0,2,50,0,0,0,0,0,0,0x0b
2026-09-06T08:56:40.293,65535,0,2,51,0,0,0,0,0,0,0x0b
2026-09-06T08:56:40.358,65535,0,2,51,0,0,0,0,0,0,0x0b
2026-09-06T08:56:40.422,65535,0,2,50,0,0,0,0,0,0,0x0b
2026-09-06T08:56:40.487,65535,0,2,51,0,0,0,0,0,0,0x0b
2026-09-06T08:56:40.552,65535,0,2,52,0,0,0,0,0,0,0x0b
2026-09-06T08:56:40.633,65535,0,2,51,0,0,0,0,0,0,0x0b
2026-09-06T08:56:40.698,65535,0,2,50,0,0,0,0,0,0,0x0b
2026-09-06T08:56:40.763,65535,0,2,51,0,0,0,0,0,0,0x0b
2026-09-06T08:56:40.828,65535,0,2,50,0,0,0,0,0,0,0x0b
2026-09-06T08:56:40.893,65535,0,2,50,0,0,0,0,0,0,0x0b
2026-09-06T08:56:40.958,65535,0,2,51,0,0,0,0,0,0,0x0b
2026-09-06T08:56:41.023,65535,0,2,51,0,0,0,0,0,0,0x0b
2026-09-06T08:56:41.087,65535,0,2,50,0,0,0,0,0,0,0x0b
2026-09-06T08:56:41.168,65535,0,2,51,0,0,0,0,0,0,0x0b
2026-09-06T08:56:41.233,65535,0,2,50,0,0,0,0,0,0,0x0b
2026-09-06T08:56:41.298,65535,0,2,50,0,0,0,0,0,0,0x0b
2026-09-06T08:56:41.363,65535,0,2,50,0,0,0,0,0,0,0x0b
2026-09-06T08:56:41.428,65535,0,2,51,0,0,0,0,0,0,0x0b
2026-09-06T08:56:41.492,65535,0,2,51,0,0,0,0,0,0,0x0b
2026-09-06T08:56:41.557,65535,0,2,51,0,0,0,0,0,0,0x0b
2026-09-06T08:56:41.638,65535,0,2,50,0,0,0,0,0,0,0x0b
2026-09-06T08:56:41.703,65535,0,2,51,0,0,0,0,0,0,0x0b
2026-09-06T08:56:41.768,65535,0,2,50,0,0,0,0,0,0,0x0b
2026-09-06T08:56:41.832,65535,0,2,51,0,0,0,0,0,0,0x0b
2026-09-06T08:56:41.897,65535,0,2,50,0,0,0,0,0,0,0x0b
2026-09-06T08:56:41.962,65535,0,2,50,0,0,0,0,0,0,0x0b
2026-09-06T08:56:42.027,65535,0,2,52,0,0,0,0,0,0,0x0b
2026-09-06T08:56:42.107,65535,0,2,50,0,0,0,0,0,0,0x0b
2026-09-06T08:56:42.172,65535,0,2,51,0,0,0,0,0,0,0x0b
2026-09-06T08:56:42.237,65535,0,2,51,0,0,0,0,0,0,0x0b
2026-09-06T08:56:42.302,65535,0,2,51,0,0,0,0,0,0,0x0b
2026-09-06T08:56:42.366,65535,0,2,52,0,0,0,0,0,0,0x0b
2026-09-06T08:56:42.432,65535,0,2,50,0,0,0,0,0,0,0x0b
2026-09-06T08:56:42.497,65535,0,2,50,0,0,0,0,0,0,0x0b
2026-09-06T08:56:42.562,65535,0,2,50,0,0,0,0,0,0,0x0b
2026-09-06T08:56:42.643,65535,0,2,51,0,0,0,0,0,0,0x0b
2026-09-06T08:56:42.708,65535,0,2,52,0,0,0,0,0,0,0x0b
2026-09-06T08:56:42.773,65535,0,2,51,0,0,0,0,0,0,0x0b
2026-09-06T08:56:42.838,65535,0,2,50,0,0,0,0,0,0,0x0b
2026-09-06T08:56:42.902,65535,0,2,50,0,0,0,0,0,0,0x0b
2026-09-06T08:56:42.968,65535,0,2,52,0,0,0,0,0,0,0x0b
2026-09-06T08:56:43.033,65535,0,2,50,0,0,0,0,0,0,0x0b
2026-09-06T08:56:43.098,65535,0,2,51,0,0,0,0,0,0,0x0b
2026-09-06T08:56:43.179,65535,0,2,50,0,0,0,0,0,0,0x0b
2026-09-06T08:56:43.245,65535,0,2,52,0,0,0,0,0,0,0x0b
2026-09-06T08:56:43.310,65535,0,2,50,0,0,0,0,0,0,0x0b
2026-09-06T08:56:43.375,65535,0,2,51,0,0,0,0,0,0,0x0b
2026-09-06T08:56:43.440,65535,0,2,50,0,0,0,0,0,0,0x0b
2026-09-06T08:56:43.504,65535,0,2,51,0,0,0,0,0,0,0x0b
2026-09-06T08:56:43.570,65535,0,2,50,0,0,0,0,0,0,0x0b
2026-09-06T08:56:43.634,65535,0,2,53,0,0,0,0,0,0,0x0b
2026-09-06T08:56:43.715,65535,0,2,51,0,0,0,0,0,0,0x0b
2026-09-06T08:56:43.780,65535,0,2,50,0,0,0,0,0,0,0x0b
2026-09-06T08:56:43.845,65535,0,2,50,0,0,0,0,0,0,0x0b
2026-09-06T08:56:43.911,65535,0,2,52,0,0,0,0,0,0,0x0b
2026-09-06T08:56:43.976,65535,0,2,51,0,0,0,0,0,0,0x0b
2026-09-06T08:56:44.041,65535,0,2,50,0,0,0,0,0,0,0x0b
2026-09-06T08:56:44.106,65535,0,2,50,0,0,0,0,0,0,0x0b
2026-09-06T08:56:44.171,65535,0,2,50,0,0,0,0,0,0,0x0b
2026-09-06T08:56:44.236,65535,0,2,51,0,0,0,0,0,0,0x0b
2026-09-06T08:56:44.301,65535,0,2,50,0,0,0,0,0,0,0x0b
2026-09-06T08:56:44.381,65535,0,2,51,0,0,0,0,0,0,0x0b
2026-09-06T08:56:44.446,65535,0,2,51,0,0,0,0,0,0,0x0b
2026-09-06T08:56:44.511,65535,0,2,51,0,0,0,0,0,0,0x0b
2026-09-06T08:56:44.576,65535,0,2,51,0,0,0,0,0,0,0x0b
2026-09-06T08:56:44.641,65535,0,2,50,0,0,0,0,0,0,0x0b
2026-09-06T08:56:44.706,65535,0,2,52,0,0,0,0,0,0,0x0b
2026-09-06T08:56:44.787,65535,0,2,50,0,0,0,0,0,0,0x0b
2026-09-06T08:56:44.836,65535,0,2,50,0,0,0,0,0,0,0x0b
2026-09-06T08:56:44.917,65535,0,2,51,0,0,0,0,0,0,0x0b
2026-09-06T08:56:44.982,65535,0,2,51,0,0,0,0,0,0,0x0b
2026-09-06T08:56:45.046,65535,0,2,51,0,0,0,0,0,0,0x0b
2026-09-06T08:56:45.111,65535,0,2,54,0,0,0,0,0,0,0x0b
2026-09-06T08:56:45.176,65535,0,2,51,0,0,0,0,0,0,0x0b
2026-09-06T08:56:45.241,65535,0,2,51,0,0,0,0,0,0,0x0b
2026-09-06T08:56:45.323,65535,0,2,51,0,0,0,0,0,0,0x0b
2026-09-06T08:56:45.372,65535,0,2,51,0,0,0,0,0,0,0x0b
2026-09-06T08:56:45.453,65535,0,2,50,0,0,0,0,0,0,0x0b
2026-09-06T08:56:45.517,65535,0,2,51,0,0,0,0,0,0,0x0b
2026-09-06T08:56:45.582,65535,0,2,51,0,0,0,0,0,0,0x0b
2026-09-06T08:56:45.648,65535,0,2,50,0,0,0,0,0,0,0x0b
2026-09-06T08:56:45.713,65535,0,2,51,0,0,0,0,0,0,0x0b
2026-09-06T08:56:45.778,65535,0,2,51,0,0,0,0,0,0,0x0b
2026-09-06T08:56:45.843,65535,0,2,50,0,0,0,0,0,0,0x0b
2026-09-06T08:56:45.908,65535,0,2,51,0,0,0,0,0,0,0x0b
2026-09-06T08:56:45.989,65535,0,2,51,0,0,0,0,0,0,0x0b
2026-09-06T08:56:46.054,65535,0,2,51,0,0,0,0,0,0,0x0b
2026-09-06T08:56:46.119,65535,0,2,52,0,0,0,0,0,0,0x0b
2026-09-06T08:56:46.184,65535,0,2,50,0,0,0,0,0,0,0x0b
2026-09-06T08:56:46.249,65535,0,2,50,0,0,0,0,0,0,0x0b
2026-09-06T08:56:46.314,65535,0,2,51,0,0,0,0,0,0,0x0b
2026-09-06T08:56:46.379,65535,0,2,52,0,0,0,0,0,0,0x0b
2026-09-06T08:56:46.444,65535,0,2,51,0,0,0,0,0,0,0x0b
2026-09-06T08:56:46.525,65535,0,2,50,0,0,0,0,0,0,0x0b
2026-09-06T08:56:46.590,65535,0,2,50,0,0,0,0,0,0,0x0b
2026-09-06T08:56:46.655,65535,0,2,53,0,0,0,0,0,0,0x0b
2026-09-06T08:56:46.720,65535,0,2,52,0,0,0,0,0,0,0x0b
2026-09-06T08:56:46.785,65535,0,2,50,0,0,0,0,0,0,0x0b
2026-09-06T08:56:46.850,65535,0,2,51,0,0,0,0,0,0,0x0b
2026-09-06T08:56:46.915,65535,0,2,52,0,0,0,0,0,0,0x0b
2026-09-06T08:56:46.980,65535,0,2,50,0,0,0,0,0,0,0x0b
2026-09-06T08:56:47.061,65535,0,2,50,0,0,0,0,0,0,0x0b
2026-09-06T08:56:47.126,65535,0,2,50,0,0,0,0,0,0,0x0b
2026-09-06T08:56:47.191,65535,0,2,50,0,0,0,0,0,0,0x0b
2026-09-06T08:56:47.256,65535,0,2,50,0,0,0,0,0,0,0x0b
2026-09-06T08:56:47.321,65535,0,2,50,0,0,0,0,0,0,0x0b
2026-09-06T08:56:47.386,65535,0,2,50,0,0,0,0,0,0,0x0b
2026-09-06T08:56:47.451,65535,0,2,51,0,0,0,0,0,0,0x0b
2026-09-06T08:56:47.516,65535,0,2,50,0,0,0,0,0,0,0x0b
2026-09-06T08:56:47.597,65535,0,2,50,0,0,0,0,0,0,0x0b
2026-09-06T08:56:47.662,65535,0,2,51,0,0,0,0,0,0,0x0b
2026-09-06T08:56:47.726,65535,0,2,50,0,0,0,0,0,0,0x0b
2026-09-06T08:56:47.791,65535,0,2,51,0,0,0,0,0,0,0x0b
2026-09-06T08:56:47.856,65535,0,2,51,0,0,0,0,0,0,0x0b
2026-09-06T08:56:47.920,65535,0,2,51,0,0,0,0,0,0,0x0b
2026-09-06T08:56:47.985,65535,0,2,50,0,0,0,0,0,0,0x0b
2026-09-06T08:56:48.066,65535,0,2,52,0,0,0,0,0,0,0x0b
2026-09-06T08:56:48.130,65535,0,2,51,0,0,0,0,0,0,0x0b
2026-09-06T08:56:48.195,65535,0,2,51,0,0,0,0,0,0,0x0b
2026-09-06T08:56:48.260,65535,0,2,50,0,0,0,0,0,0,0x0b
2026-09-06T08:56:48.324,65535,0,2,51,0,0,0,0,0,0,0x0b
2026-09-06T08:56:48.389,65535,0,2,50,0,0,0,0,0,0,0x0b
2026-09-06T08:56:48.454,65535,0,2,52,0,0,0,0,0,0,0x0b
2026-09-06T08:56:48.534,65535,0,2,51,0,0,0,0,0,0,0x0b
2026-09-06T08:56:48.599,65535,0,2,52,0,0,0,0,0,0,0x0b
2026-09-06T08:56:48.664,65535,0,2,51,0,0,0,0,0,0,0x0b
2026-09-06T08:56:48.729,65535,0,2,52,0,0,0,0,0,0,0x0b
2026-09-06T08:56:48.793,65535,0,2,51,0,0,0,0,0,0,0x0b
2026-09-06T08:56:48.858,65535,0,2,51,0,0,0,0,0,0,0x0b
2026-09-06T08:56:48.939,65535,0,2,52,0,0,0,0,0,0,0x0b
2026-09-06T08:56:48.988,65535,0,2,50,0,0,0,0,0,0,0x0b
2026-09-06T08:56:49.069,65535,0,2,50,0,0,0,0,0,0,0x0b
2026-09-06T08:56:49.134,65535,0,2,51,0,0,0,0,0,0,0x0b
2026-09-06T08:56:49.199,65535,0,2,51,0,0,0,0,0,0,0x0b
2026-09-06T08:56:49.264,65535,0,2,51,0,0,0,0,0,0,0x0b
2026-09-06T08:56:49.329,65535,0,2,51,0,0,0,0,0,0,0x0b
2026-09-06T08:56:49.394,65535,0,2,52,0,0,0,0,0,0,0x0b
2026-09-06T08:56:49.459,65535,0,2,51,0,0,0,0,0,0,0x0b
2026-09-06T08:56:49.525,65535,0,2,52,0,0,0,0,0,0,0x0b
2026-09-06T08:56:49.606,65535,0,2,51,0,0,0,0,0,0,0x0b
2026-09-06T08:56:49.671,65535,0,2,50,0,0,0,0,0,0,0x0b
2026-09-06T08:56:49.736,65535,0,2,51,0,0,0,0,0,0,0x0b
2026-09-06T08:56:49.801,65535,0,2,51,0,0,0,0,0,0,0x0b
2026-09-06T08:56:49.866,65535,0,2,51,0,0,0,0,0,0,0x0b
2026-09-06T08:56:49.931,65535,0,2,52,0,0,0,0,0,0,0x0b
2026-09-06T08:56:49.996,65535,0,2,50,0,0,0,0,0,0,0x0b
2026-09-06T08:56:50.061,65535,0,2,52,0,0,0,0,0,0,0x0b
2026-09-06T08:56:50.142,65535,0,2,51,0,0,0,0,0,0,0x0b
2026-09-06T08:56:50.207,65535,0,2,50,0,0,0,0,0,0,0x0b
2026-09-06T08:56:50.272,65535,0,2,50,0,0,0,0,0,0,0x0b
2026-09-06T08:56:50.337,65535,0,2,51,0,0,0,0,0,0,0x0b
2026-09-06T08:56:50.402,65535,0,2,51,0,0,0,0,0,0,0x0b
2026-09-06T08:56:50.466,65535,0,2,52,0,0,0,0,0,0,0x0b
2026-09-06T08:56:50.531,65535,0,2,50,0,0,0,0,0,0,0x0b
2026-09-06T08:56:50.596,65535,0,2,51,0,0,0,0,0,0,0x0b
2026-09-06T08:56:50.677,65535,0,2,50,0,0,0,0,0,0,0x0b
2026-09-06T08:56:50.742,65535,0,2,51,0,0,0,0,0,0,0x0b
2026-09-06T08:56:50.807,65535,0,2,51,0,0,0,0,0,0,0x0b
2026-09-06T08:56:50.872,65535,0,2,51,0,0,0,0,0,0,0x0b
2026-09-06T08:56:50.937,65535,0,2,50,0,0,0,0,0,0,0x0b
2026-09-06T08:56:51.003,65535,0,2,51,0,0,0,0,0,0,0x0b
2026-09-06T08:56:51.067,65535,0,2,50,0,0,0,0,0,0,0x0b
2026-09-06T08:56:51.131,65535,0,2,50,0,0,0,0,0,0,0x0b
2026-09-06T08:56:51.212,65535,0,2,51,0,0,0,0,0,0,0x0b
2026-09-06T08:56:51.278,65535,0,2,50,0,0,0,0,0,0,0x0b
2026-09-06T08:56:51.343,65535,0,2,53,0,0,0,0,0,0,0x0b
2026-09-06T08:56:51.408,65535,0,2,51,0,0,0,0,0,0,0x0b
2026-09-06T08:56:51.473,65535,0,2,50,0,0,0,0,0,0,0x0b
2026-09-06T08:56:51.538,65535,0,2,52,0,0,0,0,0,0,0x0b
2026-09-06T08:56:51.603,65535,0,2,51,0,0,0,0,0,0,0x0b
2026-09-06T08:56:51.668,65535,0,2,51,0,0,0,0,0,0,0x0b
2026-09-06T08:56:51.750,65535,0,2,50,0,0,0,0,0,0,0x0b
2026-09-06T08:56:51.814,65535,0,2,51,0,0,0,0,0,0,0x0b
2026-09-06T08:56:51.879,65535,0,2,50,0,0,0,0,0,0,0x0b
2026-09-06T08:56:51.944,65535,0,2,50,0,0,0,0,0,0,0x0b
2026-09-06T08:56:52.009,65535,0,2,50,0,0,0,0,0,0,0x0b
2026-09-06T08:56:52.074,65535,0,2,50,0,0,0,0,0,0,0x0b
2026-09-06T08:56:52.139,65535,0,2,52,0,0,0,0,0,0,0x0b
2026-09-06T08:56:52.204,65535,0,2,50,0,0,0,0,0,0,0x0b
2026-09-06T08:56:52.284,65535,0,2,51,0,0,0,0,0,0,0x0b
2026-09-06T08:56:52.349,65535,0,2,52,0,0,0,0,0,0,0x0b
2026-09-06T08:56:52.414,65535,0,2,51,0,0,0,0,0,0,0x0b
2026-09-06T08:56:52.479,65535,0,2,50,0,0,0,0,0,0,0x0b
2026-09-06T08:56:52.544,65535,0,2,52,0,0,0,0,0,0,0x0b
2026-09-06T08:56:52.608,65535,0,2,52,0,0,0,0,0,0,0x0b
2026-09-06T08:56:52.673,65535,0,2,50,0,0,0,0,0,0,0x0b
2026-09-06T08:56:52.755,65535,0,2,52,0,0,0,0,0,0,0x0b
2026-09-06T08:56:52.804,65535,0,2,50,0,0,0,0,0,0,0x0b
2026-09-06T08:56:52.885,65535,0,2,51,0,0,0,0,0,0,0x0b
2026-09-06T08:56:52.950,65535,0,2,50,0,0,0,0,0,0,0x0b
2026-09-06T08:56:53.014,65535,0,2,50,0,0,0,0,0,0,0x0b
2026-09-06T08:56:53.079,65535,0,2,51,0,0,0,0,0,0,0x0b
2026-09-06T08:56:53.144,65535,0,2,50,0,0,0,0,0,0,0x0b
2026-09-06T08:56:53.209,65535,0,2,53,0,0,0,0,0,0,0x0b
2026-09-06T08:56:53.290,65535,0,2,50,0,0,0,0,0,0,0x0b
2026-09-06T08:56:53.339,65535,0,2,52,0,0,0,0,0,0,0x0b
2026-09-06T08:56:53.419,65535,0,2,50,0,0,0,0,0,0,0x0b
2026-09-06T08:56:53.484,65535,0,2,50,0,0,0,0,0,0,0x0b
2026-09-06T08:56:53.549,65535,0,2,51,0,0,0,0,0,0,0x0b
2026-09-06T08:56:53.614,65535,0,2,52,0,0,0,0,0,0,0x0b
2026-09-06T08:56:53.679,65535,0,2,50,0,0,0,0,0,0,0x0b
2026-09-06T08:56:53.744,65535,0,2,51,0,0,0,0,0,0,0x0b
2026-09-06T08:56:53.825,65535,0,2,50,0,0,0,0,0,0,0x0b
2026-09-06T08:56:53.890,65535,0,2,51,0,0,0,0,0,0,0x0b
2026-09-06T08:56:53.955,65535,0,2,50,0,0,0,0,0,0,0x0b
2026-09-06T08:56:54.020,65535,0,2,51,0,0,0,0,0,0,0x0b
2026-09-06T08:56:54.085,65535,0,2,50,0,0,0,0,0,0,0x0b
2026-09-06T08:56:54.150,65535,0,2,51,0,0,0,0,0,0,0x0b
2026-09-06T08:56:54.215,65535,0,2,50,0,0,0,0,0,0,0x0b
2026-09-06T08:56:54.279,65535,0,2,51,0,0,0,0,0,0,0x0b
2026-09-06T08:56:54.344,65535,0,2,50,0,0,0,0,0,0,0x0b
2026-09-06T08:56:54.425,65535,0,2,50,0,0,0,0,0,0,0x0b
2026-09-06T08:56:54.490,65535,0,2,51,0,0,0,0,0,0,0x0b
2026-09-06T08:56:54.555,65535,0,2,52,0,0,0,0,0,0,0x0b
2026-09-06T08:56:54.620,65535,0,2,51,0,0,0,0,0,0,0x0b
2026-09-06T08:56:54.686,65535,0,2,52,0,0,0,0,0,0,0x0b
2026-09-06T08:56:54.751,65535,0,2,50,0,0,0,0,0,0,0x0b
2026-09-06T08:56:54.816,65535,0,2,51,0,0,0,0,0,0,0x0b
2026-09-06T08:56:54.881,65535,0,2,52,0,0,0,0,0,0,0x0b
2026-09-06T08:56:54.962,65535,0,2,51,0,0,0,0,0,0,0x0b
2026-09-06T08:56:55.027,65535,0,2,50,0,0,0,0,0,0,0x0b
2026-09-06T08:56:55.092,65535,0,2,51,0,0,0,0,0,0,0x0b
2026-09-06T08:56:55.157,65535,0,2,52,0,0,0,0,0,0,0x0b
2026-09-06T08:56:55.222,65535,0,2,50,0,0,0,0,0,0,0x0b
2026-09-06T08:56:55.287,65535,0,2,50,0,0,0,0,0,0,0x0b
2026-09-06T08:56:55.352,65535,0,2,51,0,0,0,0,0,0,0x0b
2026-09-06T08:56:55.417,65535,0,2,50,0,0,0,0,0,0,0x0b
2026-09-06T08:56:55.498,65535,0,2,51,0,0,0,0,0,0,0x0b
2026-09-06T08:56:55.563,65535,0,2,53,0,0,0,0,0,0,0x0b
2026-09-06T08:56:55.628,65535,0,2,50,0,0,0,0,0,0,0x0b
2026-09-06T08:56:55.693,65535,0,2,50,0,0,0,0,0,0,0x0b
2026-09-06T08:56:55.758,65535,0,2,50,0,0,0,0,0,0,0x0b
2026-09-06T08:56:55.823,65535,0,2,51,0,0,0,0,0,0,0x0b
2026-09-06T08:56:55.888,65535,0,2,51,0,0,0,0,0,0,0x0b
2026-09-06T08:56:55.954,65535,0,2,52,0,0,0,0,0,0,0x0b
2026-09-06T08:56:56.035,65535,0,2,50,0,0,0,0,0,0,0x0b
2026-09-06T08:56:56.100,65535,0,2,50,0,0,0,0,0,0,0x0b
2026-09-06T08:56:56.164,65535,0,2,51,0,0,0,0,0,0,0x0b
2026-09-06T08:56:56.229,65535,0,2,51,0,0,0,0,0,0,0x0b
2026-09-06T08:56:56.294,65535,0,2,50,0,0,0,0,0,0,0x0b
2026-09-06T08:56:56.359,65535,0,2,53,0,0,0,0,0,0,0x0b
2026-09-06T08:56:56.424,65535,0,2,50,0,0,0,0,0,0,0x0b
2026-09-06T08:56:56.489,65535,0,2,52,0,0,0,0,0,0,0x0b
2026-09-06T08:56:56.571,65535,0,2,51,0,0,0,0,0,0,0x0b
2026-09-06T08:56:56.636,65535,0,2,50,0,0,0,0,0,0,0x0b
2026-09-06T08:56:56.701,65535,0,2,50,0,0,0,0,0,0,0x0b
2026-09-06T08:56:56.767,65535,0,2,53,0,0,0,0,0,0,0x0b
2026-09-06T08:56:56.832,65535,0,2,51,0,0,0,0,0,0,0x0b
2026-09-06T08:56:56.897,65535,0,2,51,0,0,0,0,0,0,0x0b
2026-09-06T08:56:56.962,65535,0,2,50,0,0,0,0,0,0,0x0b
2026-09-06T08:56:57.028,65535,0,2,51,0,0,0,0,0,0,0x0b
2026-09-06T08:56:57.093,65535,0,2,50,0,0,0,0,0,0,0x0b
2026-09-06T08:56:57.174,65535,0,2,51,0,0,0,0,0,0,0x0b
2026-09-06T08:56:57.239,65535,0,2,51,0,0,0,0,0,0,0x0b
2026-09-06T08:56:57.304,65535,0,2,50,0,0,0,0,0,0,0x0b
2026-09-06T08:56:57.369,65535,0,2,50,0,0,0,0,0,0,0x0b
2026-09-06T08:56:57.433,65535,0,2,52,0,0,0,0,0,0,0x0b
2026-09-06T08:56:57.498,65535,0,2,51,0,0,0,0,0,0,0x0b
2026-09-06T08:56:57.563,65535,0,2,50,0,0,0,0,0,0,0x0b
2026-09-06T08:56:57.628,65535,0,2,50,0,0,0,0,0,0,0x0b
2026-09-06T08:56:57.693,65535,0,2,50,0,0,0,0,0,0,0x0b
2026-09-06T08:56:57.774,65535,0,2,51,0,0,0,0,0,0,0x0b
2026-09-06T08:56:57.839,65535,0,2,51,0,0,0,0,0,0,0x0b
2026-09-06T08:56:57.904,65535,0,2,51,0,0,0,0,0,0,0x0b
2026-09-06T08:56:57.968,65535,0,2,50,0,0,0,0,0,0,0x0b
2026-09-06T08:56:58.033,65535,0,2,52,0,0,0,0,0,0,0x0b
2026-09-06T08:56:58.098,65535,0,2,51,0,0,0,0,0,0,0x0b
2026-09-06T08:56:58.179,65535,0,2,50,0,0,0,0,0,0,0x0b
2026-09-06T08:56:58.228,65535,0,2,50,0,0,0,0,0,0,0x0b
2026-09-06T08:56:58.308,65535,0,2,50,0,0,0,0,0,0,0x0b
2026-09-06T08:56:58.373,65535,0,2,50,0,0,0,0,0,0,0x0b
2026-09-06T08:56:58.438,65535,0,2,50,0,0,0,0,0,0,0x0b
2026-09-06T08:56:58.503,65535,0,2,51,0,0,0,0,0,0,0x0b
2026-09-06T08:56:58.568,65535,0,2,50,0,0,0,0,0,0,0x0b
2026-09-06T08:56:58.633,65535,0,2,50,0,0,0,0,0,0,0x0b
2026-09-06T08:56:58.714,65535,0,2,50,0,0,0,0,0,0,0x0b
2026-09-06T08:56:58.778,65535,0,2,51,0,0,0,0,0,0,0x0b
2026-09-06T08:56:58.843,65535,0,2,51,0,0,0,0,0,0,0x0b
2026-09-06T08:56:58.908,65535,0,2,51,0,0,0,0,0,0,0x0b
2026-09-06T08:56:58.973,65535,0,2,50,0,0,0,0,0,0,0x0b
2026-09-06T08:56:59.039,65535,0,2,50,0,0,0,0,0,0,0x0b
2026-09-06T08:56:59.103,65535,0,2,50,0,0,0,0,0,0,0x0b
2026-09-06T08:56:59.168,65535,0,2,50,0,0,0,0,0,0,0x0b
2026-09-06T08:56:59.233,65535,0,2,51,0,0,0,0,0,0,0x0b
2026-09-06T08:56:59.314,65535,0,2,53,0,0,0,0,0,0,0x0b
2026-09-06T08:56:59.379,65535,0,2,50,0,0,0,0,0,0,0x0b
2026-09-06T08:56:59.443,65535,0,2,52,0,0,0,0,0,0,0x0b
2026-09-06T08:56:59.508,65535,0,2,51,0,0,0,0,0,0,0x0b
2026-09-06T08:56:59.574,65535,0,2,50,0,0,0,0,0,0,0x0b
2026-09-06T08:56:59.639,65535,0,2,51,0,0,0,0,0,0,0x0b
2026-09-06T08:56:59.704,65535,0,2,51,0,0,0,0,0,0,0x0b
2026-09-06T08:56:59.770,65535,0,2,52,0,0,0,0,0,0,0x0b
2026-09-06T08:56:59.850,65535,0,2,52,0,0,0,0,0,0,0x0b
2026-09-06T08:56:59.915,65535,0,2,51,0,0,0,0,0,0,0x0b
2026-09-06T08:56:59.980,65535,0,2,52,0,0,0,0,0,0,0x0b
2026-09-06T08:57:00.045,65535,0,2,51,0,0,0,0,0,0,0x0b
2026-09-06T08:57:00.110,65535,0,2,50,0,0,0,0,0,0,0x0b
2026-09-06T08:57:00.174,65535,0,2,52,0,0,0,0,0,0,0x0b
2026-09-06T08:57:00.239,65535,0,2,50,0,0,0,0,0,0,0x0b
2026-09-06T08:57:00.304,65535,0,2,52,0,0,0,0,0,0,0x0b
2026-09-06T08:57:00.385,65535,0,2,52,0,0,0,0,0,0,0x0b
2026-09-06T08:57:00.450,65535,0,2,50,0,0,0,0,0,0,0x0b
2026-09-06T08:57:00.515,65535,0,2,51,0,0,0,0,0,0,0x0b
2026-09-06T08:57:00.580,65535,0,2,50,0,0,0,0,0,0,0x0b
2026-09-06T08:57:00.644,65535,0,2,51,0,0,0,0,0,0,0x0b
2026-09-06T08:57:00.709,65535,0,2,50,0,0,0,0,0,0,0x0b
2026-09-06T08:57:00.774,65535,0,2,54,0,0,0,0,0,0,0x0b
2026-09-06T08:57:00.840,65535,0,2,51,0,0,0,0,0,0,0x0b
2026-09-06T08:57:00.921,65535,0,2,52,0,0,0,0,0,0,0x0b
2026-09-06T08:57:00.986,65535,0,2,50,0,0,0,0,0,0,0x0b
2026-09-06T08:57:01.051,65535,0,2,51,0,0,0,0,0,0,0x0b
2026-09-06T08:57:01.116,65535,0,2,50,0,0,0,0,0,0,0x0b
2026-09-06T08:57:01.181,65535,0,2,51,0,0,0,0,0,0,0x0b
2026-09-06T08:57:01.246,65535,0,2,50,0,0,0,0,0,0,0x0b
2026-09-06T08:57:01.311,65535,0,2,50,0,0,0,0,0,0,0x0b
2026-09-06T08:57:01.376,65535,0,2,51,0,0,0,0,0,0,0x0b
2026-09-06T08:57:01.457,65535,0,2,52,0,0,0,0,0,0,0x0b
2026-09-06T08:57:01.522,65535,0,2,51,0,0,0,0,0,0,0x0b
2026-09-06T08:57:01.587,65535,0,2,51,0,0,0,0,0,0,0x0b
2026-09-06T08:57:01.653,65535,0,2,51,0,0,0,0,0,0,0x0b
2026-09-06T08:57:01.718,65535,0,2,50,0,0,0,0,0,0,0x0b
2026-09-06T08:57:01.783,65535,0,2,50,0,0,0,0,0,0,0x0b
2026-09-06T08:57:01.848,65535,0,2,51,0,0,0,0,0,0,0x0b
2026-09-06T08:57:01.913,65535,0,2,50,0,0,0,0,0,0,0x0b
2026-09-06T08:57:01.994,65535,0,2,51,0,0,0,0,0,0,0x0b
2026-09-06T08:57:02.059,65535,0,2,52,0,0,0,0,0,0,0x0b
2026-09-06T08:57:02.124,65535,0,2,50,0,0,0,0,0,0,0x0b
2026-09-06T08:57:02.189,65535,0,2,51,0,0,0,0,0,0,0x0b
2026-09-06T08:57:02.254,65535,0,2,50,0,0,0,0,0,0,0x0b
2026-09-06T08:57:02.319,65535,0,2,50,0,0,0,0,0,0,0x0b
2026-09-06T08:57:02.385,65535,0,2,50,0,0,0,0,0,0,0x0b
2026-09-06T08:57:02.450,65535,0,2,51,0,0,0,0,0,0,0x0b
2026-09-06T08:57:02.515,65535,0,2,51,0,0,0,0,0,0,0x0b
2026-09-06T08:57:02.580,65535,0,2,50,0,0,0,0,0,0,0x0b
2026-09-06T08:57:02.661,65535,0,2,50,0,0,0,0,0,0,0x0b
2026-09-06T08:57:02.725,65535,0,2,50,0,0,0,0,0,0,0x0b
2026-09-06T08:57:02.790,65535,0,2,50,0,0,0,0,0,0,0x0b
2026-09-06T08:57:02.856,65535,0,2,50,0,0,0,0,0,0,0x0b
2026-09-06T08:57:02.921,65535,0,2,51,0,0,0,0,0,0,0x0b
2026-09-06T08:57:02.986,65535,0,2,51,0,0,0,0,0,0,0x0b
2026-09-06T08:57:03.052,65535,0,2,50,0,0,0,0,0,0,0x0b
2026-09-06T08:57:03.117,65535,0,2,53,0,0,0,0,0,0,0x0b
2026-09-06T08:57:03.197,65535,0,2,50,0,0,0,0,0,0,0x0b
2026-09-06T08:57:03.263,65535,0,2,50,0,0,0,0,0,0,0x0b
2026-09-06T08:57:03.328,65535,0,2,51,0,0,0,0,0,0,0x0b
2026-09-06T08:57:03.393,65535,0,2,50,0,0,0,0,0,0,0x0b
2026-09-06T08:57:03.457,65535,0,2,51,0,0,0,0,0,0,0x0b
2026-09-06T08:57:03.522,65535,0,2,51,0,0,0,0,0,0,0x0b
2026-09-06T08:57:03.587,65535,0,2,50,0,0,0,0,0,0,0x0b
2026-09-06T08:57:03.652,65535,0,2,50,0,0,0,0,0,0,0x0b
2026-09-06T08:57:03.733,65535,0,2,51,0,0,0,0,0,0,0x0b
2026-09-06T08:57:03.798,65535,0,2,52,0,0,0,0,0,0,0x0b
2026-09-06T08:57:03.863,65535,0,2,50,0,0,0,0,0,0,0x0b
2026-09-06T08:57:03.928,65535,0,2,51,0,0,0,0,0,0,0x0b
2026-09-06T08:57:03.994,65535,0,2,51,0,0,0,0,0,0,0x0b
2026-09-06T08:57:04.059,65535,0,2,51,0,0,0,0,0,0,0x0b
2026-09-06T08:57:04.124,65535,0,2,51,0,0,0,0,0,0,0x0b
2026-09-06T08:57:04.188,65535,0,2,50,0,0,0,0,0,0,0x0b
2026-09-06T08:57:04.270,65535,0,2,50,0,0,0,0,0,0,0x0b
2026-09-06T08:57:04.335,65535,0,2,51,0,0,0,0,0,0,0x0b
2026-09-06T08:57:04.400,65535,0,2,53,0,0,0,0,0,0,0x0b
2026-09-06T08:57:04.465,65535,0,2,51,0,0,0,0,0,0,0x0b
2026-09-06T08:57:04.531,65535,0,2,51,0,0,0,0,0,0,0x0b
2026-09-06T08:57:04.596,65535,0,2,50,0,0,0,0,0,0,0x0b
2026-09-06T08:57:04.661,65535,0,2,51,0,0,0,0,0,0,0x0b
2026-09-06T08:57:04.726,65535,0,2,51,0,0,0,0,0,0,0x0b
2026-09-06T08:57:04.791,65535,0,2,51,0,0,0,0,0,0,0x0b
2026-09-06T08:57:04.872,65535,0,2,50,0,0,0,0,0,0,0x0b
2026-09-06T08:57:04.938,65535,0,2,52,0,0,0,0,0,0,0x0b
2026-09-06T08:57:05.003,65535,0,2,50,0,0,0,0,0,0,0x0b
2026-09-06T08:57:05.068,65535,0,2,50,0,0,0,0,0,0,0x0b
2026-09-06T08:57:05.133,65535,0,2,51,0,0,0,0,0,0,0x0b
2026-09-06T08:57:05.198,65535,0,2,50,0,0,0,0,0,0,0x0b
2026-09-06T08:57:05.263,65535,0,2,50,0,0,0,0,0,0,0x0b
2026-09-06T08:57:05.329,65535,0,2,50,0,0,0,0,0,0,0x0b
2026-09-06T08:57:05.410,65535,0,2,50,0,0,0,0,0,0,0x0b
2026-09-06T08:57:05.459,65535,0,2,52,0,0,0,0,0,0,0x0b
2026-09-06T08:57:05.540,65535,0,2,51,0,0,0,0,0,0,0x0b
2026-09-06T08:57:05.605,65535,0,2,50,0,0,0,0,0,0,0x0b
2026-09-06T08:57:05.671,65535,0,2,50,0,0,0,0,0,0,0x0b
2026-09-06T08:57:05.736,65535,0,2,51,0,0,0,0,0,0,0x0b
2026-09-06T08:57:05.801,65535,0,2,51,0,0,0,0,0,0,0x0b
2026-09-06T08:57:05.867,65535,0,2,50,0,0,0,0,0,0,0x0b
2026-09-06T08:57:05.932,65535,0,2,50,0,0,0,0,0,0,0x0b
2026-09-06T08:57:05.997,65535,0,2,51,0,0,0,0,0,0,0x0b
2026-09-06T08:57:06.062,65535,0,2,51,0,0,0,0,0,0,0x0b
2026-09-06T08:57:06.144,65535,0,2,51,0,0,0,0,0,0,0x0b
2026-09-06T08:57:06.208,65535,0,2,51,0,0,0,0,0,0,0x0b
2026-09-06T08:57:06.273,65535,0,2,51,0,0,0,0,0,0,0x0b
2026-09-06T08:57:06.338,65535,0,2,50,0,0,0,0,0,0,0x0b
2026-09-06T08:57:06.403,65535,0,2,50,0,0,0,0,0,0,0x0b
2026-09-06T08:57:06.469,65535,0,2,51,0,0,0,0,0,0,0x0b
2026-09-06T08:57:06.534,65535,0,2,50,0,0,0,0,0,0,0x0b
2026-09-06T08:57:06.599,65535,0,2,50,0,0,0,0,0,0,0x0b
2026-09-06T08:57:06.681,65535,0,2,51,0,0,0,0,0,0,0x0b
2026-09-06T08:57:06.746,65535,0,2,51,0,0,0,0,0,0,0x0b
2026-09-06T08:57:06.812,65535,0,2,51,0,0,0,0,0,0,0x0b
2026-09-06T08:57:06.876,65535,0,2,52,0,0,0,0,0,0,0x0b
2026-09-06T08:57:06.942,65535,0,2,51,0,0,0,0,0,0,0x0b
2026-09-06T08:57:07.007,65535,0,2,52,0,0,0,0,0,0,0x0b
2026-09-06T08:57:07.072,65535,0,2,50,0,0,0,0,0,0,0x0b
2026-09-06T08:57:07.137,65535,0,2,52,0,0,0,0,0,0,0x0b
2026-09-06T08:57:07.217,65535,0,2,51,0,0,0,0,0,0,0x0b
2026-09-06T08:57:07.266,65535,0,2,52,0,0,0,0,0,0,0x0b
2026-09-06T08:57:07.348,65535,0,2,50,0,0,0,0,0,0,0x0b
2026-09-06T08:57:07.413,65535,0,2,52,0,0,0,0,0,0,0x0b
2026-09-06T08:57:07.477,65535,0,2,51,0,0,0,0,0,0,0x0b
2026-09-06T08:57:07.542,65535,0,2,53,0,0,0,0,0,0,0x0b
2026-09-06T08:57:07.607,65535,0,2,52,0,0,0,0,0,0,0x0b
2026-09-06T08:57:07.673,65535,0,2,50,0,0,0,0,0,0,0x0b
2026-09-06T08:57:07.738,65535,0,2,50,0,0,0,0,0,0,0x0b
2026-09-06T08:57:07.803,65535,0,2,52,0,0,0,0,0,0,0x0b
2026-09-06T08:57:07.884,65535,0,2,50,0,0,0,0,0,0,0x0b
2026-09-06T08:57:07.950,65535,0,2,50,0,0,0,0,0,0,0x0b
2026-09-06T08:57:08.015,65535,0,2,53,0,0,0,0,0,0,0x0b
2026-09-06T08:57:08.080,65535,0,2,50,0,0,0,0,0,0,0x0b
2026-09-06T08:57:08.145,65535,0,2,50,0,0,0,0,0,0,0x0b
2026-09-06T08:57:08.210,65535,0,2,51,0,0,0,0,0,0,0x0b
2026-09-06T08:57:08.275,65535,0,2,51,0,0,0,0,0,0,0x0b
2026-09-06T08:57:08.340,65535,0,2,52,0,0,0,0,0,0,0x0b
2026-09-06T08:57:08.422,65535,0,2,52,0,0,0,0,0,0,0x0b
2026-09-06T08:57:08.487,65535,0,2,51,0,0,0,0,0,0,0x0b
2026-09-06T08:57:08.552,65535,0,2,50,0,0,0,0,0,0,0x0b
2026-09-06T08:57:08.617,65535,0,2,51,0,0,0,0,0,0,0x0b
2026-09-06T08:57:08.683,65535,0,2,50,0,0,0,0,0,0,0x0b
2026-09-06T08:57:08.748,65535,0,2,50,0,0,0,0,0,0,0x0b
2026-09-06T08:57:08.813,65535,0,2,53,0,0,0,0,0,0,0x0b
2026-09-06T08:57:08.878,65535,0,2,50,0,0,0,0,0,0,0x0b
2026-09-06T08:57:08.943,65535,0,2,52,0,0,0,0,0,0,0x0b
2026-09-06T08:57:09.024,65535,0,2,51,0,0,0,0,0,0,0x0b
2026-09-06T08:57:09.088,65535,0,2,51,0,0,0,0,0,0,0x0b
2026-09-06T08:57:09.153,65535,0,2,50,0,0,0,0,0,0,0x0b
2026-09-06T08:57:09.218,65535,0,2,52,0,0,0,0,0,0,0x0b
2026-09-06T08:57:09.283,65535,0,2,51,0,0,0,0,0,0,0x0b
2026-09-06T08:57:09.348,65535,0,2,52,0,0,0,0,0,0,0x0b
2026-09-06T08:57:09.414,65535,0,2,52,0,0,0,0,0,0,0x0b
2026-09-06T08:57:09.479,65535,0,2,53,0,0,0,0,0,0,0x0b
2026-09-06T08:57:09.543,65535,0,2,51,0,0,0,0,0,0,0x0b
2026-09-06T08:57:09.624,65535,0,2,50,0,0,0,0,0,0,0x0b
2026-09-06T08:57:09.689,65535,0,2,50,0,0,0,0,0,0,0x0b
2026-09-06T08:57:09.754,65535,0,2,50,0,0,0,0,0,0,0x0b
2026-09-06T08:57:09.819,65535,0,2,50,0,0,0,0,0,0,0x0b
2026-09-06T08:57:09.883,65535,0,2,52,0,0,0,0,0,0,0x0b
2026-09-06T08:57:09.949,65535,0,2,51,0,0,0,0,0,0,0x0b
2026-09-06T08:57:10.014,65535,0,2,51,0,0,0,0,0,0,0x0b
2026-09-06T08:57:10.080,65535,0,2,50,0,0,0,0,0,0,0x0b
2026-09-06T08:57:10.162,65535,0,2,50,0,0,0,0,0,0,0x0b
2026-09-06T08:57:10.227,65535,0,2,50,0,0,0,0,0,0,0x0b
2026-09-06T08:57:10.292,65535,0,2,52,0,0,0,0,0,0,0x0b
2026-09-06T08:57:10.358,65535,0,2,50,0,0,0,0,0,0,0x0b
2026-09-06T08:57:10.422,65535,0,2,50,0,0,0,0,0,0,0x0b
2026-09-06T08:57:10.488,65535,0,2,51,0,0,0,0,0,0,0x0b
2026-09-06T08:57:10.553,65535,0,2,50,0,0,0,0,0,0,0x0b
2026-09-06T08:57:10.618,65535,0,2,52,0,0,0,0,0,0,0x0b
2026-09-06T08:57:10.683,65535,0,2,51,0,0,0,0,0,0,0x0b
2026-09-06T08:57:10.765,65535,0,2,53,0,0,0,0,0,0,0x0b
2026-09-06T08:57:10.830,65535,0,2,52,0,0,0,0,0,0,0x0b
2026-09-06T08:57:10.895,65535,0,2,51,0,0,0,0,0,0,0x0b
2026-09-06T08:57:10.960,65535,0,2,51,0,0,0,0,0,0,0x0b
2026-09-06T08:57:11.025,65535,0,2,51,0,0,0,0,0,0,0x0b
2026-09-06T08:57:11.090,65535,0,2,50,0,0,0,0,0,0,0x0b
2026-09-06T08:57:11.155,65535,0,2,51,0,0,0,0,0,0,0x0b
2026-09-06T08:57:11.220,65535,0,2,50,0,0,0,0,0,0,0x0b
2026-09-06T08:57:11.301,65535,0,2,50,0,0,0,0,0,0,0x0b
2026-09-06T08:57:11.350,65535,0,2,52,0,0,0,0,0,0,0x0b
2026-09-06T08:57:11.432,65535,0,2,51,0,0,0,0,0,0,0x0b
2026-09-06T08:57:11.497,65535,0,2,50,0,0,0,0,0,0,0x0b
2026-09-06T08:57:11.562,65535,0,2,51,0,0,0,0,0,0,0x0b
2026-09-06T08:57:11.627,65535,0,2,50,0,0,0,0,0,0,0x0b
2026-09-06T08:57:11.693,65535,0,2,50,0,0,0,0,0,0,0x0b
2026-09-06T08:57:11.758,65535,0,2,50,0,0,0,0,0,0,0x0b
2026-09-06T08:57:11.822,65535,0,2,50,0,0,0,0,0,0,0x0b
2026-09-06T08:57:11.887,65535,0,2,51,0,0,0,0,0,0,0x0b
2026-09-06T08:57:11.969,65535,0,2,52,0,0,0,0,0,0,0x0b
2026-09-06T08:57:12.034,65535,0,2,61,0,0,0,0,0,0,0x0b
2026-09-06T08:57:12.099,65535,0,2,50,0,0,0,0,0,0,0x0b
2026-09-06T08:57:12.165,65535,0,2,50,0,0,0,0,0,0,0x0b
2026-09-06T08:57:12.229,65535,0,2,52,0,0,0,0,0,0,0x0b
2026-09-06T08:57:12.293,65535,0,2,50,0,0,0,0,0,0,0x0b
2026-09-06T08:57:12.358,65535,0,2,52,0,0,0,0,0,0,0x0b
2026-09-06T08:57:12.424,65535,0,2,51,0,0,0,0,0,0,0x0b
2026-09-06T08:57:12.505,65535,0,2,52,0,0,0,0,0,0,0x0b
2026-09-06T08:57:12.570,65535,0,2,51,0,0,0,0,0,0,0x0b
2026-09-06T08:57:12.635,65535,0,2,50,0,0,0,0,0,0,0x0b
2026-09-06T08:57:12.701,65535,0,2,51,0,0,0,0,0,0,0x0b
2026-09-06T08:57:12.765,65535,0,2,50,0,0,0,0,0,0,0x0b
2026-09-06T08:57:12.830,65535,0,2,51,0,0,0,0,0,0,0x0b
2026-09-06T08:57:12.894,65535,0,2,50,0,0,0,0,0,0,0x0b
2026-09-06T08:57:12.959,65535,0,2,51,0,0,0,0,0,0,0x0b
2026-09-06T08:57:13.041,65535,0,2,50,0,0,0,0,0,0,0x0b
2026-09-06T08:57:13.106,65535,0,2,51,0,0,0,0,0,0,0x0b
2026-09-06T08:57:13.171,65535,0,2,51,0,0,0,0,0,0,0x0b
2026-09-06T08:57:13.237,65535,0,2,50,0,0,0,0,0,0,0x0b
2026-09-06T08:57:13.302,65535,0,2,51,0,0,0,0,0,0,0x0b
2026-09-06T08:57:13.367,65535,0,2,51,0,0,0,0,0,0,0x0b
2026-09-06T08:57:13.432,65535,0,2,51,0,0,0,0,0,0,0x0b
2026-09-06T08:57:13.497,65535,0,2,51,0,0,0,0,0,0,0x0b
2026-09-06T08:57:13.562,65535,0,2,50,0,0,0,0,0,0,0x0b
2026-09-06T08:57:13.643,65535,0,2,51,0,0,0,0,0,0,0x0b
2026-09-06T08:57:13.707,65535,0,2,50,0,0,0,0,0,0,0x0b
2026-09-06T08:57:13.772,65535,0,2,51,0,0,0,0,0,0,0x0b
2026-09-06T08:57:13.837,65535,0,2,50,0,0,0,0,0,0,0x0b
2026-09-06T08:57:13.902,65535,0,2,50,0,0,0,0,0,0,0x0b
2026-09-06T08:57:13.967,65535,0,2,52,0,0,0,0,0,0,0x0b
2026-09-06T08:57:14.032,65535,0,2,50,0,0,0,0,0,0,0x0b
2026-09-06T08:57:14.097,65535,0,2,52,0,0,0,0,0,0,0x0b
2026-09-06T08:57:14.179,65535,0,2,53,0,0,0,0,0,0,0x0b
2026-09-06T08:57:14.244,65535,0,2,51,0,0,0,0,0,0,0x0b
2026-09-06T08:57:14.309,65535,0,2,50,0,0,0,0,0,0,0x0b
2026-09-06T08:57:14.374,65535,0,2,52,0,0,0,0,0,0,0x0b
2026-09-06T08:57:14.439,65535,0,2,50,0,0,0,0,0,0,0x0b
2026-09-06T08:57:14.504,65535,0,2,50,0,0,0,0,0,0,0x0b
2026-09-06T08:57:14.569,65535,0,2,51,0,0,0,0,0,0,0x0b
2026-09-06T08:57:14.649,65535,0,2,50,0,0,0,0,0,0,0x0b
2026-09-06T08:57:14.698,65535,0,2,50,0,0,0,0,0,0,0x0b
2026-09-06T08:57:14.779,65535,0,2,51,0,0,0,0,0,0,0x0b
2026-09-06T08:57:14.844,65535,0,2,52,0,0,0,0,0,0,0x0b
2026-09-06T08:57:14.909,65535,0,2,51,0,0,0,0,0,0,0x0b
2026-09-06T08:57:14.974,65535,0,2,51,0,0,0,0,0,0,0x0b
2026-09-06T08:57:15.039,65535,0,2,51,0,0,0,0,0,0,0x0b
2026-09-06T08:57:15.104,65535,0,2,51,0,0,0,0,0,0,0x0b
2026-09-06T08:57:15.185,65535,0,2,50,0,0,0,0,0,0,0x0b
2026-09-06T08:57:15.234,65535,0,2,50,0,0,0,0,0,0,0x0b
2026-09-06T08:57:15.315,65535,0,2,51,0,0,0,0,0,0,0x0b
2026-09-06T08:57:15.380,65535,0,2,50,0,0,0,0,0,0,0x0b
2026-09-06T08:57:15.444,65535,0,2,50,0,0,0,0,0,0,0x0b
2026-09-06T08:57:15.510,65535,0,2,52,0,0,0,0,0,0,0x0b
2026-09-06T08:57:15.574,65535,0,2,50,0,0,0,0,0,0,0x0b
2026-09-06T08:57:15.640,65535,0,2,53,0,0,0,0,0,0,0x0b
2026-09-06T08:57:15.721,65535,0,2,51,0,0,0,0,0,0,0x0b
2026-09-06T08:57:15.770,65535,0,2,52,0,0,0,0,0,0,0x0b
2026-09-06T08:57:15.852,65535,0,2,50,0,0,0,0,0,0,0x0b
2026-09-06T08:57:15.917,65535,0,2,50,0,0,0,0,0,0,0x0b
2026-09-06T08:57:15.982,65535,0,2,51,0,0,0,0,0,0,0x0b
2026-09-06T08:57:16.047,65535,0,2,51,0,0,0,0,0,0,0x0b
2026-09-06T08:57:16.112,65535,0,2,52,0,0,0,0,0,0,0x0b
2026-09-06T08:57:16.177,65535,0,2,52,0,0,0,0,0,0,0x0b
2026-09-06T08:57:16.241,65535,0,2,51,0,0,0,0,0,0,0x0b
2026-09-06T08:57:16.306,65535,0,2,52,0,0,0,0,0,0,0x0b
2026-09-06T08:57:16.387,65535,0,2,50,0,0,0,0,0,0,0x0b
2026-09-06T08:57:16.453,65535,0,2,50,0,0,0,0,0,0,0x0b
2026-09-06T08:57:16.519,65535,0,2,51,0,0,0,0,0,0,0x0b
2026-09-06T08:57:16.584,65535,0,2,50,0,0,0,0,0,0,0x0b
2026-09-06T08:57:16.649,65535,0,2,51,0,0,0,0,0,0,0x0b
2026-09-06T08:57:16.715,65535,0,2,53,0,0,0,0,0,0,0x0b
2026-09-06T08:57:16.780,65535,0,2,50,0,0,0,0,0,0,0x0b
2026-09-06T08:57:16.845,65535,0,2,51,0,0,0,0,0,0,0x0b
2026-09-06T08:57:16.910,65535,0,2,50,0,0,0,0,0,0,0x0b
2026-09-06T08:57:16.992,65535,0,2,51,0,0,0,0,0,0,0x0b
2026-09-06T08:57:17.057,65535,0,2,51,0,0,0,0,0,0,0x0b
2026-09-06T08:57:17.122,65535,0,2,50,0,0,0,0,0,0,0x0b
2026-09-06T08:57:17.187,65535,0,2,50,0,0,0,0,0,0,0x0b
2026-09-06T08:57:17.252,65535,0,2,50,0,0,0,0,0,0,0x0b
2026-09-06T08:57:17.317,65535,0,2,50,0,0,0,0,0,0,0x0b
2026-09-06T08:57:17.383,65535,0,2,51,0,0,0,0,0,0,0x0b
2026-09-06T08:57:17.448,65535,0,2,52,0,0,0,0,0,0,0x0b
2026-09-06T08:57:17.513,65535,0,2,51,0,0,0,0,0,0,0x0b
2026-09-06T08:57:17.578,65535,0,2,51,0,0,0,0,0,0,0x0b
2026-09-06T08:57:17.659,65535,0,2,50,0,0,0,0,0,0,0x0b
2026-09-06T08:57:17.725,65535,0,2,50,0,0,0,0,0,0,0x0b
2026-09-06T08:57:17.789,65535,0,2,51,0,0,0,0,0,0,0x0b
2026-09-06T08:57:17.854,65535,0,2,52,0,0,0,0,0,0,0x0b
2026-09-06T08:57:17.919,65535,0,2,52,0,0,0,0,0,0,0x0b
2026-09-06T08:57:17.984,65535,0,2,50,0,0,0,0,0,0,0x0b
2026-09-06T08:57:18.050,65535,0,2,50,0,0,0,0,0,0,0x0b
2026-09-06T08:57:18.115,65535,0,2,52,0,0,0,0,0,0,0x0b
2026-09-06T08:57:18.197,65535,0,2,50,0,0,0,0,0,0,0x0b
2026-09-06T08:57:18.262,65535,0,2,51,0,0,0,0,0,0,0x0b
2026-09-06T08:57:18.327,65535,0,2,51,0,0,0,0,0,0,0x0b
2026-09-06T08:57:18.392,65535,0,2,53,0,0,0,0,0,0,0x0b
2026-09-06T08:57:18.457,65535,0,2,51,0,0,0,0,0,0,0x0b
2026-09-06T08:57:18.523,65535,0,2,51,0,0,0,0,0,0,0x0b
2026-09-06T08:57:18.588,65535,0,2,51,0,0,0,0,0,0,0x0b
2026-09-06T08:57:18.653,65535,0,2,51,0,0,0,0,0,0,0x0b
2026-09-06T08:57:18.719,65535,0,2,52,0,0,0,0,0,0,0x0b
2026-09-06T08:57:18.800,65535,0,2,51,0,0,0,0,0,0,0x0b
2026-09-06T08:57:18.865,65535,0,2,50,0,0,0,0,0,0,0x0b
2026-09-06T08:57:18.930,65535,0,2,51,0,0,0,0,0,0,0x0b
2026-09-06T08:57:18.995,65535,0,2,51,0,0,0,0,0,0,0x0b
2026-09-06T08:57:19.060,65535,0,2,51,0,0,0,0,0,0,0x0b
2026-09-06T08:57:19.125,65535,0,2,50,0,0,0,0,0,0,0x0b
2026-09-06T08:57:19.191,65535,0,2,52,0,0,0,0,0,0,0x0b
2026-09-06T08:57:19.255,65535,0,2,51,0,0,0,0,0,0,0x0b
2026-09-06T08:57:19.320,65535,0,2,51,0,0,0,0,0,0,0x0b
2026-09-06T08:57:19.401,65535,0,2,51,0,0,0,0,0,0,0x0b
2026-09-06T08:57:19.467,65535,0,2,51,0,0,0,0,0,0,0x0b
2026-09-06T08:57:19.532,65535,0,2,50,0,0,0,0,0,0,0x0b
2026-09-06T08:57:19.598,65535,0,2,50,0,0,0,0,0,0,0x0b
2026-09-06T08:57:19.663,65535,0,2,51,0,0,0,0,0,0,0x0b
2026-09-06T08:57:19.728,65535,0,2,51,0,0,0,0,0,0,0x0b
2026-09-06T08:57:19.794,65535,0,2,51,0,0,0,0,0,0,0x0b
2026-09-06T08:57:19.859,65535,0,2,50,0,0,0,0,0,0,0x0b
2026-09-06T08:57:19.924,65535,0,2,53,0,0,0,0,0,0,0x0b
2026-09-06T08:57:19.990,65535,0,2,50,0,0,0,0,0,0,0x0b
2026-09-06T08:57:20.071,65535,0,2,50,0,0,0,0,0,0,0x0b
2026-09-06T08:57:20.136,65535,0,2,51,0,0,0,0,0,0,0x0b
2026-09-06T08:57:20.201,65535,0,2,50,0,0,0,0,0,0,0x0b
2026-09-06T08:57:20.266,65535,0,2,51,0,0,0,0,0,0,0x0b
2026-09-06T08:57:20.331,65535,0,2,51,0,0,0,0,0,0,0x0b
2026-09-06T08:57:20.396,65535,0,2,50,0,0,0,0,0,0,0x0b
2026-09-06T08:57:20.461,65535,0,2,51,0,0,0,0,0,0,0x0b
2026-09-06T08:57:20.527,65535,0,2,51,0,0,0,0,0,0,0x0b
2026-09-06T08:57:20.608,65535,0,2,51,0,0,0,0,0,0,0x0b
2026-09-06T08:57:20.673,65535,0,2,50,0,0,0,0,0,0,0x0b
2026-09-06T08:57:20.738,65535,0,2,50,0,0,0,0,0,0,0x0b
2026-09-06T08:57:20.803,65535,0,2,51,0,0,0,0,0,0,0x0b
2026-09-06T08:57:20.868,65535,0,2,50,0,0,0,0,0,0,0x0b
2026-09-06T08:57:20.933,65535,0,2,52,0,0,0,0,0,0,0x0b
2026-09-06T08:57:20.998,65535,0,2,50,0,0,0,0,0,0,0x0b
2026-09-06T08:57:21.064,65535,0,2,50,0,0,0,0,0,0,0x0b
2026-09-06T08:57:21.129,65535,0,2,50,0,0,0,0,0,0,0x0b
2026-09-06T08:57:21.194,65535,0,2,50,0,0,0,0,0,0,0x0b
2026-09-06T08:57:21.276,65535,0,2,50,0,0,0,0,0,0,0x0b
2026-09-06T08:57:21.341,65535,0,2,51,0,0,0,0,0,0,0x0b
2026-09-06T08:57:21.406,65535,0,2,53,0,0,0,0,0,0,0x0b
2026-09-06T08:57:21.471,65535,0,2,52,0,0,0,0,0,0,0x0b
2026-09-06T08:57:21.536,65535,0,2,50,0,0,0,0,0,0,0x0b
2026-09-06T08:57:21.601,65535,0,2,50,0,0,0,0,0,0,0x0b
2026-09-06T08:57:21.666,65535,0,2,50,0,0,0,0,0,0,0x0b
2026-09-06T08:57:21.731,65535,0,2,50,0,0,0,0,0,0,0x0b
2026-09-06T08:57:21.813,65535,0,2,50,0,0,0,0,0,0,0x0b
2026-09-06T08:57:21.877,65535,0,2,50,0,0,0,0,0,0,0x0b
2026-09-06T08:57:21.943,65535,0,2,50,0,0,0,0,0,0,0x0b
2026-09-06T08:57:22.008,65535,0,2,51,0,0,0,0,0,0,0x0b
2026-09-06T08:57:22.073,65535,0,2,50,0,0,0,0,0,0,0x0b
2026-09-06T08:57:22.139,65535,0,2,50,0,0,0,0,0,0,0x0b
2026-09-06T08:57:22.269,65535,0,2,50,0,0,0,0,0,0,0x0b
2026-09-06T08:57:22.334,65535,0,2,50,0,0,0,0,0,0,0x0b
2026-09-06T08:57:22.415,65535,0,2,50,0,0,0,0,0,0,0x0b
2026-09-06T08:57:22.480,65535,0,2,51,0,0,0,0,0,0,0x0b
2026-09-06T08:57:22.545,65535,0,2,50,0,0,0,0,0,0,0x0b
2026-09-06T08:57:22.610,65535,0,2,51,0,0,0,0,0,0,0x0b
2026-09-06T08:57:22.675,65535,0,2,50,0,0,0,0,0,0,0x0b
2026-09-06T08:57:22.740,65535,0,2,50,0,0,0,0,0,0,0x0b
2026-09-06T08:57:22.805,65535,0,2,51,0,0,0,0,0,0,0x0b
2026-09-06T08:57:22.869,65535,0,2,50,0,0,0,0,0,0,0x0b
2026-09-06T08:57:22.934,65535,0,2,52,0,0,0,0,0,0,0x0b
2026-09-06T08:57:23.015,65535,0,2,50,0,0,0,0,0,0,0x0b
2026-09-06T08:57:23.079,65535,0,2,52,0,0,0,0,0,0,0x0b
2026-09-06T08:57:23.144,65535,0,2,52,0,0,0,0,0,0,0x0b
2026-09-06T08:57:23.209,65535,0,2,54,0,0,0,0,0,0,0x0b
2026-09-06T08:57:23.274,65535,0,2,51,0,0,0,0,0,0,0x0b
2026-09-06T08:57:23.339,65535,0,2,50,0,0,0,0,0,0,0x0b
2026-09-06T08:57:23.420,65535,0,2,52,0,0,0,0,0,0,0x0b
2026-09-06T08:57:23.485,65535,0,2,52,0,0,0,0,0,0,0x0b
2026-09-06T08:57:23.549,65535,0,2,50,0,0,0,0,0,0,0x0b
2026-09-06T08:57:23.615,65535,0,2,50,0,0,0,0,0,0,0x0b
2026-09-06T08:57:23.680,65535,0,2,51,0,0,0,0,0,0,0x0b
2026-09-06T08:57:23.745,65535,0,2,50,0,0,0,0,0,0,0x0b
2026-09-06T08:57:23.810,65535,0,2,52,0,0,0,0,0,0,0x0b
2026-09-06T08:57:23.875,65535,0,2,52,0,0,0,0,0,0,0x0b
2026-09-06T08:57:23.956,65535,0,2,52,0,0,0,0,0,0,0x0b
2026-09-06T08:57:24.005,65535,0,2,52,0,0,0,0,0,0,0x0b
2026-09-06T08:57:24.086,65535,0,2,51,0,0,0,0,0,0,0x0b
2026-09-06T08:57:24.151,65535,0,2,50,0,0,0,0,0,0,0x0b
2026-09-06T08:57:24.216,65535,0,2,51,0,0,0,0,0,0,0x0b
2026-09-06T08:57:24.282,65535,0,2,51,0,0,0,0,0,0,0x0b
2026-09-06T08:57:24.348,65535,0,2,52,0,0,0,0,0,0,0x0b
2026-09-06T08:57:24.413,65535,0,2,50,0,0,0,0,0,0,0x0b
2026-09-06T08:57:24.478,65535,0,2,50,0,0,0,0,0,0,0x0b
2026-09-06T08:57:24.543,65535,0,2,50,0,0,0,0,0,0,0x0b
2026-09-06T08:57:24.624,65535,0,2,50,0,0,0,0,0,0,0x0b
2026-09-06T08:57:24.690,65535,0,2,50,0,0,0,0,0,0,0x0b
2026-09-06T08:57:24.754,65535,0,2,53,0,0,0,0,0,0,0x0b
2026-09-06T08:57:24.819,65535,0,2,52,0,0,0,0,0,0,0x0b
2026-09-06T08:57:24.884,65535,0,2,52,0,0,0,0,0,0,0x0b
2026-09-06T08:57:24.949,65535,0,2,51,0,0,0,0,0,0,0x0b
2026-09-06T08:57:25.014,65535,0,2,51,0,0,0,0,0,0,0x0b
2026-09-06T08:57:25.079,65535,0,2,50,0,0,0,0,0,0,0x0b
2026-09-06T08:57:25.161,65535,0,2,52,0,0,0,0,0,0,0x0b
2026-09-06T08:57:25.225,65535,0,2,50,0,0,0,0,0,0,0x0b
2026-09-06T08:57:25.291,65535,0,2,50,0,0,0,0,0,0,0x0b
2026-09-06T08:57:25.356,65535,0,2,50,0,0,0,0,0,0,0x0b
2026-09-06T08:57:25.421,65535,0,2,50,0,0,0,0,0,0,0x0b
2026-09-06T08:57:25.486,65535,0,2,50,0,0,0,0,0,0,0x0b
2026-09-06T08:57:25.552,65535,0,2,50,0,0,0,0,0,0,0x0b
2026-09-06T08:57:25.617,65535,0,2,51,0,0,0,0,0,0,0x0b
2026-09-06T08:57:25.697,65535,0,2,50,0,0,0,0,0,0,0x0b
2026-09-06T08:57:25.763,65535,0,2,50,0,0,0,0,0,0,0x0b
2026-09-06T08:57:25.828,65535,0,2,51,0,0,0,0,0,0,0x0b
2026-09-06T08:57:25.893,65535,0,2,50,0,0,0,0,0,0,0x0b
2026-09-06T08:57:25.958,65535,0,2,51,0,0,0,0,0,0,0x0b
2026-09-06T08:57:26.023,65535,0,2,50,0,0,0,0,0,0,0x0b
2026-09-06T08:57:26.088,65535,0,2,51,0,0,0,0,0,0,0x0b
2026-09-06T08:57:26.153,65535,0,2,51,0,0,0,0,0,0,0x0b
2026-09-06T08:57:26.218,65535,0,2,53,0,0,0,0,0,0,0x0b
2026-09-06T08:57:26.283,65535,0,2,51,0,0,0,0,0,0,0x0b
2026-09-06T08:57:26.365,65535,0,2,51,0,0,0,0,0,0,0x0b
2026-09-06T08:57:26.430,65535,0,2,51,0,0,0,0,0,0,0x0b
2026-09-06T08:57:26.495,65535,0,2,52,0,0,0,0,0,0,0x0b
2026-09-06T08:57:26.560,65535,0,2,50,0,0,0,0,0,0,0x0b
2026-09-06T08:57:26.625,65535,0,2,51,0,0,0,0,0,0,0x0b
2026-09-06T08:57:26.690,65535,0,2,50,0,0,0,0,0,0,0x0b
2026-09-06T08:57:26.755,65535,0,2,51,0,0,0,0,0,0,0x0b
2026-09-06T08:57:26.820,65535,0,2,52,0,0,0,0,0,0,0x0b
2026-09-06T08:57:26.885,65535,0,2,51,0,0,0,0,0,0,0x0b
2026-09-06T08:57:26.967,65535,0,2,50,0,0,0,0,0,0,0x0b
2026-09-06T08:57:27.032,65535,0,2,52,0,0,0,0,0,0,0x0b
2026-09-06T08:57:27.097,65535,0,2,52,0,0,0,0,0,0,0x0b
2026-09-06T08:57:27.163,65535,0,2,51,0,0,0,0,0,0,0x0b
2026-09-06T08:57:27.228,65535,0,2,51,0,0,0,0,0,0,0x0b
2026-09-06T08:57:27.292,65535,0,2,51,0,0,0,0,0,0,0x0b
2026-09-06T08:57:27.357,65535,0,2,51,0,0,0,0,0,0,0x0b
2026-09-06T08:57:27.422,65535,0,2,50,0,0,0,0,0,0,0x0b
2026-09-06T08:57:27.502,65535,0,2,52,0,0,0,0,0,0,0x0b
2026-09-06T08:57:27.567,65535,0,2,51,0,0,0,0,0,0,0x0b
2026-09-06T08:57:27.632,65535,0,2,50,0,0,0,0,0,0,0x0b
2026-09-06T08:57:27.697,65535,0,2,54,0,0,0,0,0,0,0x0b
2026-09-06T08:57:27.761,65535,0,2,51,0,0,0,0,0,0,0x0b
2026-09-06T08:57:27.826,65535,0,2,51,0,0,0,0,0,0,0x0b
2026-09-06T08:57:27.890,65535,0,2,51,0,0,0,0,0,0,0x0b
2026-09-06T08:57:27.971,65535,0,2,51,0,0,0,0,0,0,0x0b
2026-09-06T08:57:28.036,65535,0,2,52,0,0,0,0,0,0,0x0b
2026-09-06T08:57:28.101,65535,0,2,51,0,0,0,0,0,0,0x0b
2026-09-06T08:57:28.166,65535,0,2,51,0,0,0,0,0,0,0x0b
2026-09-06T08:57:28.230,65535,0,2,50,0,0,0,0,0,0,0x0b
2026-09-06T08:57:28.295,65535,0,2,52,0,0,0,0,0,0,0x0b
2026-09-06T08:57:28.360,65535,0,2,52,0,0,0,0,0,0,0x0b
2026-09-06T08:57:28.440,65535,0,2,50,0,0,0,0,0,0,0x0b
2026-09-06T08:57:28.505,65535,0,2,51,0,0,0,0,0,0,0x0b
2026-09-06T08:57:28.570,65535,0,2,50,0,0,0,0,0,0,0x0b
2026-09-06T08:57:28.635,65535,0,2,52,0,0,0,0,0,0,0x0b
2026-09-06T08:57:28.700,65535,0,2,51,0,0,0,0,0,0,0x0b
2026-09-06T08:57:28.765,65535,0,2,51,0,0,0,0,0,0,0x0b
2026-09-06T08:57:28.830,65535,0,2,51,0,0,0,0,0,0,0x0b
2026-09-06T08:57:28.896,65535,0,2,52,0,0,0,0,0,0,0x0b
2026-09-06T08:57:28.976,65535,0,2,52,0,0,0,0,0,0,0x0b
2026-09-06T08:57:29.041,65535,0,2,51,0,0,0,0,0,0,0x0b
2026-09-06T08:57:29.105,65535,0,2,52,0,0,0,0,0,0,0x0b
2026-09-06T08:57:29.170,65535,0,2,52,0,0,0,0,0,0,0x0b
2026-09-06T08:57:29.236,65535,0,2,50,0,0,0,0,0,0,0x0b
2026-09-06T08:57:29.301,65535,0,2,50,0,0,0,0,0,0,0x0b
2026-09-06T08:57:29.366,65535,0,2,51,0,0,0,0,0,0,0x0b
2026-09-06T08:57:29.431,65535,0,2,52,0,0,0,0,0,0,0x0b
2026-09-06T08:57:29.497,65535,0,2,51,0,0,0,0,0,0,0x0b
2026-09-06T08:57:29.578,65535,0,2,50,0,0,0,0,0,0,0x0b
2026-09-06T08:57:29.643,65535,0,2,51,0,0,0,0,0,0,0x0b
2026-09-06T08:57:29.707,65535,0,2,51,0,0,0,0,0,0,0x0b
2026-09-06T08:57:29.772,65535,0,2,51,0,0,0,0,0,0,0x0b
2026-09-06T08:57:29.837,65535,0,2,50,0,0,0,0,0,0,0x0b
2026-09-06T08:57:29.903,65535,0,2,51,0,0,0,0,0,0,0x0b
2026-09-06T08:57:29.967,65535,0,2,52,0,0,0,0,0,0,0x0b
2026-09-06T08:57:30.049,65535,0,2,51,0,0,0,0,0,0,0x0b
2026-09-06T08:57:30.114,65535,0,2,50,0,0,0,0,0,0,0x0b
2026-09-06T08:57:30.179,65535,0,2,51,0,0,0,0,0,0,0x0b
2026-09-06T08:57:30.243,65535,0,2,52,0,0,0,0,0,0,0x0b
2026-09-06T08:57:30.308,65535,0,2,52,0,0,0,0,0,0,0x0b
2026-09-06T08:57:30.373,65535,0,2,52,0,0,0,0,0,0,0x0b
2026-09-06T08:57:30.438,65535,0,2,51,0,0,0,0,0,0,0x0b
2026-09-06T08:57:30.504,65535,0,2,51,0,0,0,0,0,0,0x0b
2026-09-06T08:57:30.569,65535,0,2,50,0,0,0,0,0,0,0x0b
2026-09-06T08:57:30.650,65535,0,2,50,0,0,0,0,0,0,0x0b
2026-09-06T08:57:30.715,65535,0,2,51,0,0,0,0,0,0,0x0b
2026-09-06T08:57:30.780,65535,0,2,52,0,0,0,0,0,0,0x0b
2026-09-06T08:57:30.845,65535,0,2,52,0,0,0,0,0,0,0x0b
2026-09-06T08:57:30.910,65535,0,2,50,0,0,0,0,0,0,0x0b
2026-09-06T08:57:30.975,65535,0,2,52,0,0,0,0,0,0,0x0b
2026-09-06T08:57:31.040,65535,0,2,52,0,0,0,0,0,0,0x0b
2026-09-06T08:57:31.104,65535,0,2,51,0,0,0,0,0,0,0x0b
2026-09-06T08:57:31.169,65535,0,2,50,0,0,0,0,0,0,0x0b
2026-09-06T08:57:31.251,65535,0,2,50,0,0,0,0,0,0,0x0b
2026-09-06T08:57:31.316,65535,0,2,51,0,0,0,0,0,0,0x0b
2026-09-06T08:57:31.382,65535,0,2,51,0,0,0,0,0,0,0x0b
2026-09-06T08:57:31.447,65535,0,2,50,0,0,0,0,0,0,0x0b
2026-09-06T08:57:31.512,65535,0,2,51,0,0,0,0,0,0,0x0b
2026-09-06T08:57:31.578,65535,0,2,51,0,0,0,0,0,0,0x0b
2026-09-06T08:57:31.642,65535,0,2,50,0,0,0,0,0,0,0x0b
2026-09-06T08:57:31.707,65535,0,2,50,0,0,0,0,0,0,0x0b
2026-09-06T08:57:31.788,65535,0,2,51,0,0,0,0,0,0,0x0b
2026-09-06T08:57:31.837,65535,0,2,51,0,0,0,0,0,0,0x0b
