timestamp,sequence,team,robot_id,interval_ms,left_target_eps,left_measured_eps,left_duty,right_target_eps,right_measured_eps,right_duty,flags
2026-09-06T10:56:28.136,350,0,2,52,0,0,11535,0,0,13789,0x07
2026-09-06T10:56:34.403,351,0,2,51,0,0,0,0,0,0,0x03
2026-09-06T10:56:34.469,352,0,2,52,0,0,0,0,0,0,0x03
2026-09-06T10:56:34.728,0,0,2,50,0,0,0,0,0,0,0x03
2026-09-06T10:56:35.261,1,0,2,51,0,0,0,0,0,0,0x03
2026-09-06T10:56:35.342,2,0,2,51,0,0,20773,0,0,6356,0x07
2026-09-06T10:56:35.407,3,0,2,57,1409,0,20645,289,0,6090,0x07
2026-09-06T10:56:35.471,4,0,2,50,0,0,0,0,0,0,0x03
2026-09-06T10:56:35.536,5,0,2,50,0,0,15095,0,0,4379,0x07
2026-09-06T10:56:35.601,6,0,2,55,1583,345,21417,107,0,3658,0x07
2026-09-06T10:56:35.730,7,0,2,52,1583,385,21251,107,0,3658,0x07
2026-09-06T10:56:35.811,8,0,2,50,1309,560,16984,392,0,7481,0x07
2026-09-06T10:56:35.876,9,0,2,54,1389,722,17325,309,0,6362,0x07
2026-09-06T10:56:35.941,10,0,2,50,1389,900,16570,309,20,6277,0x07
2026-09-06T10:56:36.071,12,0,2,50,1373,960,16107,326,40,6418,0x07
2026-09-06T10:56:36.136,13,0,2,52,1256,923,14767,447,19,8132,0x07
2026-09-06T10:56:36.201,14,0,2,52,1216,865,14501,488,0,8767,0x07
2026-09-06T10:56:36.266,15,0,2,51,1083,824,12967,627,0,10628,0x07
2026-09-06T10:56:36.347,17,0,2,52,1083,750,13279,627,0,10628,0x07
2026-09-06T10:56:36.541,18,0,2,52,2511,712,31747,2616,0,37322,0x07
2026-09-06T10:56:36.606,19,0,2,57,3242,1018,39820,3500,2140,40000,0x07
2026-09-06T10:56:36.671,20,0,2,50,0,0,30158,0,0,34312,0x07
2026-09-06T10:56:36.736,21,0,2,57,2961,2211,31151,3464,2123,39681,0x07
2026-09-06T10:56:36.801,24,0,2,51,2961,2157,31379,3464,2235,39203,0x07
2026-09-06T10:56:36.882,25,0,2,51,1221,2059,9489,1972,1980,20263,0x07
2026-09-06T10:56:36.946,26,0,2,50,437,1580,1469,1297,1740,12228,0x07
2026-09-06T10:56:37.011,27,0,2,50,402,1040,3318,1333,1360,14327,0x07
2026-09-06T10:56:37.076,28,0,2,51,1315,1078,14859,1542,1373,17082,0x07
2026-09-06T10:56:37.140,29,0,2,50,400,840,4146,1335,1200,15029,0x07
2026-09-06T10:56:37.205,30,0,2,51,400,373,6132,1335,1196,15046,0x07
2026-09-06T10:56:37.270,31,0,2,50,378,460,5472,1358,1020,16110,0x07
2026-09-06T10:56:37.351,32,0,2,51,441,510,6078,1292,1000,15307,0x07
2026-09-06T10:56:37.415,33,0,2,56,553,536,7399,1176,946,13980,0x07
2026-09-06T10:56:37.480,34,0,2,50,553,480,7636,1176,660,15197,0x07
2026-09-06T10:56:37.546,35,0,2,52,620,212,9641,1106,885,13302,0x07
2026-09-06T10:56:37.610,36,0,2,50,1279,340,17539,1670,700,21655,0x07
2026-09-06T10:56:37.675,37,0,2,51,1998,451,26280,2298,706,30061,0x07
2026-09-06T10:56:37.740,38,0,2,52,2489,712,31466,2752,827,35629,0x07
2026-09-06T10:56:37.805,39,0,2,50,3285,1360,38914,3344,1320,40000,0x07
2026-09-06T10:56:37.886,40,0,2,50,3285,1600,37894,3344,1620,40000,0x07
2026-09-06T10:56:37.951,41,0,2,50,3318,1840,37306,3449,1640,40000,0x07
2026-09-06T10:56:38.016,42,0,2,51,3363,2216,36284,3475,1941,40000,0x07
2026-09-06T10:56:38.080,43,0,2,51,3333,2314,35483,3500,2176,39937,0x07
2026-09-06T10:56:38.145,44,0,2,50,3244,2440,33800,3500,2520,38477,0x07
2026-09-06T10:56:38.210,45,0,2,55,2716,2727,25819,3232,2618,34466,0x07
2026-09-06T10:56:38.275,46,0,2,50,2716,2600,26360,3232,2560,34713,0x07
2026-09-06T10:56:38.356,47,0,2,51,2332,2608,21405,2900,2824,29131,0x07
2026-09-06T10:56:38.421,48,0,2,51,1834,2490,15516,2476,2725,23855,0x07
2026-09-06T10:56:38.485,49,0,2,51,1153,1510,10950,1896,2255,18081,0x07
2026-09-06T10:56:38.550,50,0,2,50,456,1820,695,1277,1940,11111,0x07
2026-09-06T10:56:38.615,51,0,2,51,388,1471,1311,1348,1412,14299,0x07
2026-09-06T10:56:38.809,52,0,2,51,370,882,3582,1366,1569,13887,0x07
2026-09-06T10:56:38.890,53,0,2,50,341,740,3819,1396,1500,14572,0x07
2026-09-06T10:56:38.955,54,0,2,50,0,0,6429,0,0,13997,0x07
2026-09-06T10:56:39.019,55,0,2,50,496,420,7163,1235,1200,13691,0x07
2026-09-06T10:56:39.084,58,0,2,50,496,280,7758,1235,840,15221,0x07
2026-09-06T10:56:39.149,59,0,2,50,669,40,10989,1153,520,15473,0x07
2026-09-06T10:56:39.214,60,0,2,50,1329,20,19543,1736,680,22624,0x07
2026-09-06T10:56:39.278,61,0,2,54,2718,481,35381,2900,685,38224,0x07
2026-09-06T10:56:39.359,62,0,2,51,2718,804,34011,2900,961,37053,0x07
2026-09-06T10:56:39.424,63,0,2,50,3110,1120,37701,3231,1260,40000,0x07
2026-09-06T10:56:39.489,64,0,2,50,3369,1740,38375,3396,1420,40000,0x07
2026-09-06T10:56:39.554,65,0,2,50,3374,1940,37594,3448,1640,40000,0x07
2026-09-06T10:56:39.619,66,0,2,52,3374,1962,37502,3461,2135,39589,0x07
2026-09-06T10:56:39.684,67,0,2,52,3314,2462,34604,3500,2288,39461,0x07
2026-09-06T10:56:39.748,68,0,2,51,3314,2549,34232,3500,2392,39020,0x07
2026-09-06T10:56:39.813,69,0,2,50,3205,2700,32194,3500,2480,38647,0x07
2026-09-06T10:56:39.894,70,0,2,50,3009,2600,30109,3425,2700,36702,0x07
2026-09-06T10:56:39.959,71,0,2,58,1931,2621,16207,2634,2741,25912,0x07
2026-09-06T10:56:40.024,72,0,2,51,1931,2392,17178,2634,2647,26312,0x07
2026-09-06T10:56:40.089,73,0,2,50,718,2040,3121,1630,2680,12696,0x07
2026-09-06T10:56:40.153,74,0,2,51,207,1000,988,1535,1118,18071,0x07
2026-09-06T10:56:40.218,75,0,2,50,117,40,3918,1629,180,23312,0x07
2026-09-06T10:56:40.299,76,0,2,52,159,38,4456,1586,38,23330,0x07
2026-09-06T10:56:40.363,77,0,2,50,179,120,4369,1564,0,23211,0x07
2026-09-06T10:56:40.428,78,0,2,52,45,0,3157,0,0,22914,0x07
2026-09-06T10:56:40.493,79,0,2,50,3374,0,40000,0,0,5191,0x07
2026-09-06T10:56:40.557,80,0,2,52,1426,365,19308,271,212,4957,0x07
2026-09-06T10:56:40.622,81,0,2,51,1426,569,18444,271,333,4439,0x07
2026-09-06T10:56:40.687,82,0,2,50,1482,420,19793,213,320,3715,0x07
2026-09-06T10:56:40.768,83,0,2,52,1526,173,21419,167,231,3470,0x07
2026-09-06T10:56:40.817,84,0,2,54,1419,0,20778,278,111,5472,0x07
2026-09-06T10:56:40.898,85,0,2,50,1419,0,20778,278,160,5264,0x07
2026-09-06T10:56:40.963,86,0,2,52,1429,0,20899,268,38,5650,0x07
2026-09-06T10:56:41.028,87,0,2,52,1422,0,20817,275,0,5902,0x07
2026-09-06T10:56:41.093,88,0,2,52,1425,0,20853,272,0,5865,0x07
2026-09-06T10:56:41.158,89,0,2,50,1440,0,21047,256,0,5654,0x07
2026-09-06T10:56:41.223,90,0,2,50,1433,0,20956,264,0,5752,0x07
2026-09-06T10:56:41.304,91,0,2,51,1447,0,21134,249,0,5559,0x07
2026-09-06T10:56:41.352,92,0,2,51,1448,0,21156,247,0,5536,0x07
2026-09-06T10:56:41.433,93,0,2,55,1439,0,21030,258,0,5672,0x07
2026-09-06T10:56:41.498,94,0,2,51,1438,0,21025,258,0,5676,0x07
2026-09-06T10:56:41.562,95,0,2,50,1438,0,21025,258,0,5676,0x07
2026-09-06T10:56:41.627,96,0,2,52,1439,0,21034,257,0,5667,0x07
2026-09-06T10:56:41.692,97,0,2,50,1451,0,21186,245,0,5502,0x07
2026-09-06T10:56:41.756,98,0,2,51,1439,0,21038,257,0,5663,0x07
2026-09-06T10:56:41.837,99,0,2,51,0,0,17044,256,0,5654,0x07
2026-09-06T10:56:41.902,100,0,2,51,-1687,-216,23297,1750,0,25702,0x07
2026-09-06T10:56:41.967,101,0,2,50,-1687,-260,23109,1750,140,25106,0x07
2026-09-06T10:56:42.031,102,0,2,51,-1687,-373,22630,1750,373,24118,0x07
2026-09-06T10:56:42.096,103,0,2,54,-1687,-611,21617,1750,444,23813,0x07
2026-09-06T10:56:42.161,104,0,2,50,-1687,-720,21154,1750,240,24682,0x07
2026-09-06T10:56:42.226,105,0,2,51,0,0,0,0,0,0,0x03
2026-09-06T10:56:42.307,106,0,2,50,0,0,18582,0,0,34312,0x07
2026-09-06T10:56:42.372,107,0,2,50,0,0,6669,3500,1000,40000,0x07
2026-09-06T10:56:42.436,108,0,2,51,476,255,7610,1256,706,16069,0x07
2026-09-06T10:56:42.501,109,0,2,52,625,19,10516,1102,654,14224,0x07
2026-09-06T10:56:42.566,110,0,2,51,625,176,9848,1102,627,14336,0x07
2026-09-06T10:56:42.630,111,0,2,50,915,180,13547,1283,560,17055,0x07
2026-09-06T10:56:42.695,112,0,2,50,1969,260,26728,2201,720,28696,0x07
2026-09-06T10:56:42.760,113,0,2,57,2843,737,35895,3068,754,40000,0x07
2026-09-06T10:56:42.841,114,0,2,50,2843,1080,34437,3068,1080,38801,0x07
2026-09-06T10:56:42.906,115,0,2,51,3130,1353,36957,3281,1314,40000,0x07
2026-09-06T10:56:42.971,116,0,2,50,3246,1880,36210,3398,1600,40000,0x07
2026-09-06T10:56:43.035,117,0,2,50,3248,1980,35815,3450,1880,40000,0x07
2026-09-06T10:56:43.100,118,0,2,51,3219,2078,35024,3461,2235,39161,0x07
2026-09-06T10:56:43.165,119,0,2,53,2237,2151,22126,2763,2472,28785,0x07
2026-09-06T10:56:43.230,120,0,2,51,2237,2157,22101,2763,1843,31457,0x07
2026-09-06T10:56:43.296,121,0,2,50,859,2080,4763,1650,1900,16278,0x07
2026-09-06T10:56:43.377,122,0,2,51,2667,1137,31949,587,1706,2838,0x07
2026-09-06T10:56:43.442,123,0,2,50,2008,2420,18038,1668,960,20517,0x07
2026-09-06T10:56:43.506,124,0,2,51,2046,1784,21236,1661,1784,16924,0x07
2026-09-06T10:56:43.571,125,0,2,52,0,0,0,0,0,0,0x03
2026-09-06T10:56:43.636,126,0,2,51,0,0,7114,0,0,20426,0x07
2026-09-06T10:56:43.701,127,0,2,51,0,0,31499,1986,843,25283,0x07
2026-09-06T10:56:43.766,128,0,2,51,3374,529,40000,1867,1961,18936,0x07
2026-09-06T10:56:43.847,129,0,2,58,-1463,-86,20971,2589,1241,31680,0x07
2026-09-06T10:56:43.912,130,0,2,52,0,0,3667,2589,1327,31316,0x07
2026-09-06T10:56:43.977,131,0,2,50,126,200,3353,1187,1640,11174,0x07
2026-09-06T10:56:44.042,132,0,2,51,361,588,4711,1318,1176,14899,0x07
2026-09-06T10:56:44.107,133,0,2,50,371,380,5734,1365,1060,16024,0x07
2026-09-06T10:56:44.172,134,0,2,50,358,440,5311,1378,1180,15697,0x07
2026-09-06T10:56:44.237,135,0,2,53,566,377,8240,1163,1038,13414,0x07
2026-09-06T10:56:44.302,136,0,2,50,566,560,7464,1163,1000,13574,0x07
2026-09-06T10:56:44.383,137,0,2,50,665,640,8387,1060,820,12963,0x07
2026-09-06T10:56:44.432,138,0,2,50,1540,360,20802,1806,640,23728,0x07
2026-09-06T10:56:44.513,139,0,2,50,2560,620,32767,2685,980,34087,0x07
2026-09-06T10:56:44.578,140,0,2,52,3186,923,39512,3209,904,40000,0x07
2026-09-06T10:56:44.643,141,0,2,55,3374,1600,39038,3292,1364,40000,0x07
2026-09-06T10:56:44.773,142,0,2,50,3374,1760,38358,3292,1780,38827,0x07
2026-09-06T10:56:44.838,143,0,2,50,3299,1960,36545,3074,1900,35390,0x07
2026-09-06T10:56:44.903,144,0,2,57,3000,2491,30463,2767,2070,30553,0x07
2026-09-06T10:56:44.969,145,0,2,51,3000,2529,30301,2767,2216,29935,0x07
2026-09-06T10:56:45.115,147,0,2,51,2938,2529,29496,2753,2333,29246,0x07
2026-09-06T10:56:45.180,148,0,2,50,2947,2580,29403,2822,2260,30488,0x07
2026-09-06T10:56:45.311,149,0,2,51,3012,2510,30528,2912,2412,31042,0x07
2026-09-06T10:56:45.570,150,0,2,58,3235,2586,33066,3500,2431,38855,0x07
2026-09-06T10:56:49.529,152,0,2,51,3235,2706,32558,3500,2569,38270,0x07
2026-09-06T10:56:49.659,153,0,2,50,0,0,30765,0,0,32037,0x07
2026-09-06T10:56:49.788,155,0,2,52,0,0,30263,0,0,31359,0x07
2026-09-06T10:56:49.853,156,0,2,50,0,0,0,0,0,0,0x03
2026-09-06T10:56:50.064,157,0,2,50,0,0,11993,0,0,28705,0x07
2026-09-06T10:56:50.258,159,0,2,50,202,0,5178,1541,2060,14138,0x07
2026-09-06T10:56:50.387,161,0,2,50,0,0,4024,0,0,16668,0x07
2026-09-06T10:56:50.468,162,0,2,50,0,0,0,0,0,0,0x03
2026-09-06T10:56:50.533,165,0,2,50,0,0,0,0,0,0,0x03
2026-09-06T10:56:50.597,168,0,2,54,0,0,0,0,0,0,0x03
2026-09-06T10:56:50.791,170,0,2,51,0,0,0,0,0,0,0x03
2026-09-06T10:56:51.001,171,0,2,50,0,0,0,0,0,0,0x03
2026-09-06T10:56:51.066,172,0,2,52,0,0,5090,0,0,15484,0x07
2026-09-06T10:56:51.131,173,0,2,50,0,0,5024,0,0,15557,0x07
2026-09-06T10:56:51.196,176,0,2,51,0,0,0,0,0,0,0x03
2026-09-06T10:56:51.261,179,0,2,58,276,0,6124,1464,0,21859,0x07
2026-09-06T10:56:51.471,180,0,2,51,0,0,0,0,0,0,0x03
2026-09-06T10:56:51.536,181,0,2,51,0,0,0,0,0,0,0x03
2026-09-06T10:56:51.601,182,0,2,51,0,0,0,0,0,0,0x03
2026-09-06T10:56:51.666,183,0,2,50,0,0,0,0,0,0,0x03
2026-09-06T10:56:51.795,186,0,2,52,0,0,4943,0,0,15648,0x07
2026-09-06T10:56:51.876,187,0,2,51,275,0,6112,0,0,18264,0x07
2026-09-06T10:56:51.942,188,0,2,53,0,0,0,0,0,0,0x03
2026-09-06T10:56:52.006,189,0,2,50,0,0,17044,0,0,18264,0x07
2026-09-06T10:56:52.072,191,0,2,52,0,0,0,0,0,0,0x03
2026-09-06T10:56:52.137,192,0,2,51,0,0,0,0,0,0,0x03
2026-09-06T10:56:52.202,193,0,2,52,0,0,0,0,0,0,0x03
2026-09-06T10:56:52.267,194,0,2,50,0,0,0,0,0,0,0x03
2026-09-06T10:56:52.331,195,0,2,52,0,0,0,0,0,0,0x03
2026-09-06T10:56:52.412,196,0,2,51,0,0,0,0,0,0,0x03
2026-09-06T10:56:52.461,197,0,2,50,0,0,4270,0,0,16395,0x07
2026-09-06T10:56:52.607,198,0,2,50,196,0,5105,1546,1560,16337,0x07
2026-09-06T10:56:52.672,199,0,2,51,230,20,5457,1511,255,21410,0x07
2026-09-06T10:56:52.737,200,0,2,51,233,0,5576,1508,157,21788,0x07
2026-09-06T10:56:52.801,201,0,2,51,236,0,5606,1506,0,22422,0x07
2026-09-06T10:56:52.866,203,0,2,50,240,0,5658,1502,0,22365,0x07
2026-09-06T10:56:52.931,204,0,2,52,259,0,5913,1481,0,22089,0x07
2026-09-06T10:56:53.011,205,0,2,51,294,0,6354,1445,0,21609,0x07
2026-09-06T10:56:53.076,206,0,2,51,294,0,6354,1445,0,21609,0x07
2026-09-06T10:56:53.141,207,0,2,50,275,0,6112,1465,0,21873,0x07
2026-09-06T10:56:53.206,208,0,2,50,273,0,6090,1466,0,21896,0x07
2026-09-06T10:56:53.271,209,0,2,51,286,0,6255,1453,0,21718,0x07
2026-09-06T10:56:53.336,210,0,2,51,285,0,6242,1454,0,21732,0x07
2026-09-06T10:56:53.401,211,0,2,50,266,0,5995,1474,0,21999,0x07
2026-09-06T10:56:53.466,212,0,2,52,267,0,6012,0,0,18264,0x07
2026-09-06T10:56:53.547,213,0,2,51,1687,0,24214,-1750,-490,23618,0x07
2026-09-06T10:56:53.612,214,0,2,50,1687,60,23959,-1750,-1720,18392,0x07
2026-09-06T10:56:53.676,215,0,2,51,1687,98,23797,-1750,-431,23868,0x07
2026-09-06T10:56:53.741,216,0,2,51,1687,333,22797,-1750,-627,23035,0x07
2026-09-06T10:56:53.806,217,0,2,50,1687,500,22089,-1750,-780,22386,0x07
2026-09-06T10:56:53.952,218,0,2,50,0,0,0,0,0,0,0x03
2026-09-06T10:56:54.001,219,0,2,51,0,0,0,0,0,0,0x03
2026-09-06T10:56:54.082,220,0,2,51,0,0,0,0,0,0,0x03
2026-09-06T10:56:54.211,221,0,2,50,0,0,31499,0,0,20417,0x07
2026-09-06T10:56:54.276,223,0,2,51,3374,686,40000,0,0,8356,0x07
2026-09-06T10:56:54.341,224,0,2,50,1042,560,13563,670,880,7462,0x07
2026-09-06T10:56:54.471,225,0,2,51,986,510,13058,728,431,10147,0x07
2026-09-06T10:56:54.536,227,0,2,50,0,0,0,0,0,0,0x03
2026-09-06T10:56:54.617,228,0,2,50,0,0,0,0,0,0,0x03
2026-09-06T10:56:54.682,229,0,2,51,0,0,0,0,0,0,0x03
2026-09-06T10:56:54.747,231,0,2,50,0,0,29103,0,0,31516,0x07
2026-09-06T10:56:54.812,232,0,2,50,3094,380,40000,3195,400,40000,0x07
2026-09-06T10:56:54.877,233,0,2,57,3327,772,40000,3500,860,40000,0x07
2026-09-06T10:56:54.941,234,0,2,50,3327,1000,40000,3500,1260,40000,0x07
2026-09-06T10:56:55.006,235,0,2,51,3344,1353,39705,3500,1784,40000,0x07
2026-09-06T10:56:55.087,236,0,2,51,3370,1667,38705,3500,2059,40000,0x07
2026-09-06T10:56:55.152,237,0,2,51,3374,2176,36588,3485,2059,40000,0x07
2026-09-06T10:56:55.216,238,0,2,50,3374,2200,36488,3485,1920,40000,0x07
2026-09-06T10:56:55.281,239,0,2,50,3361,2420,35390,3500,2200,39837,0x07
2026-09-06T10:56:55.346,240,0,2,50,3316,2600,34040,3500,2440,38817,0x07
2026-09-06T10:56:55.411,241,0,2,51,2947,2706,28864,3467,2569,37834,0x07
2026-09-06T10:56:55.475,242,0,2,50,2576,2720,24050,3133,2540,33465,0x07
2026-09-06T10:56:55.540,243,0,2,54,495,2148,0,1439,2648,10270,0x07
2026-09-06T10:56:55.621,244,0,2,50,495,1180,3922,1439,1960,13195,0x07
2026-09-06T10:56:55.686,245,0,2,51,276,1157,1204,1464,1471,15618,0x07
2026-09-06T10:56:55.751,246,0,2,50,200,940,1156,1542,1900,14840,0x07
2026-09-06T10:56:55.815,247,0,2,51,190,647,2276,1553,1804,15389,0x07
2026-09-06T10:56:55.880,248,0,2,50,201,440,3299,1541,1720,15586,0x07
2026-09-06T10:56:55.945,249,0,2,50,325,200,5906,1413,1140,16328,0x07
2026-09-06T10:56:56.009,250,0,2,50,325,240,5736,1413,1040,16753,0x07
2026-09-06T10:56:56.090,251,0,2,52,430,365,6548,1304,923,15790,0x07
2026-09-06T10:56:56.155,252,0,2,50,519,340,7793,1212,900,14652,0x07
2026-09-06T10:56:56.220,253,0,2,51,608,118,9881,1119,863,13569,0x07
2026-09-06T10:56:56.285,254,0,2,51,727,157,11240,1096,882,13177,0x07
2026-09-06T10:56:56.349,255,0,2,50,2316,380,30665,2553,820,32992,0x07
2026-09-06T10:56:56.414,256,0,2,50,2316,660,29475,2553,1000,32227,0x07
2026-09-06T10:56:56.479,257,0,2,51,2903,980,35635,3043,902,39219,0x07
2026-09-06T10:56:56.543,258,0,2,50,3252,1300,38744,3322,1240,40000,0x07
2026-09-06T10:56:56.624,259,0,2,50,3374,1860,37934,3408,1640,40000,0x07
2026-09-06T10:56:56.689,260,0,2,51,3374,2020,37255,3356,1745,39839,0x07
2026-09-06T10:56:56.754,261,0,2,53,3352,2453,35137,3400,2283,38136,0x07
2026-09-06T10:56:56.948,262,0,2,51,0,0,0,0,0,0,0x03
2026-09-06T10:56:57.029,263,0,2,50,0,0,30962,0,0,34312,0x07
2026-09-06T10:56:57.093,264,0,2,50,0,0,30014,0,0,34312,0x07
2026-09-06T10:56:57.158,265,0,2,51,0,0,0,0,0,0,0x03
2026-09-06T10:56:57.223,268,0,2,50,0,0,4281,0,0,17801,0x07
2026-09-06T10:56:57.288,269,0,2,51,0,0,31499,0,0,20440,0x07
2026-09-06T10:56:57.547,270,0,2,52,3374,404,40000,0,0,4728,0x07
2026-09-06T10:56:57.628,271,0,2,51,1423,922,16910,274,255,4809,0x07
2026-09-06T10:56:57.692,272,0,2,52,0,0,12110,0,0,7691,0x07
2026-09-06T10:56:57.757,273,0,2,51,1111,275,15667,597,176,9479,0x07
2026-09-06T10:56:57.822,277,0,2,52,1420,38,20633,276,0,5926,0x07
2026-09-06T10:56:57.951,278,0,2,52,1420,0,20797,276,0,5926,0x07
2026-09-06T10:56:58.097,279,0,2,52,1392,0,20428,306,0,6326,0x07
2026-09-06T10:56:58.162,280,0,2,54,1408,0,20636,289,0,6100,0x07
2026-09-06T10:56:58.227,281,0,2,50,1408,0,20636,289,0,6100,0x07
2026-09-06T10:56:58.292,283,0,2,51,1384,0,20333,314,0,6428,0x07
2026-09-06T10:56:58.356,285,0,2,52,1385,0,20342,313,0,6419,0x07
2026-09-06T10:56:58.421,286,0,2,51,1388,0,20386,310,0,6371,0x07
2026-09-06T10:56:58.567,287,0,2,50,1391,0,20419,307,0,6335,0x07
2026-09-06T10:56:58.631,288,0,2,52,1391,0,20419,307,0,6335,0x07
2026-09-06T10:56:58.696,289,0,2,53,1392,0,20437,306,0,6316,0x07
2026-09-06T10:56:58.761,290,0,2,52,1392,0,20437,306,0,6316,0x07
2026-09-06T10:56:58.826,292,0,2,51,1370,0,20142,329,0,6635,0x07
2026-09-06T10:56:58.890,293,0,2,54,1393,0,20450,304,0,6301,0x07
2026-09-06T10:56:58.955,294,0,2,54,1393,0,20446,305,0,6307,0x07
2026-09-06T10:56:59.035,295,0,2,52,1393,0,20446,0,0,18264,0x07
2026-09-06T10:56:59.100,296,0,2,52,1687,0,24214,-1750,-712,22677,0x07
2026-09-06T10:56:59.294,297,0,2,52,1687,0,24214,-1750,-154,25048,0x07
2026-09-06T10:56:59.359,298,0,2,50,1687,0,24214,-1750,-280,24512,0x07
2026-09-06T10:56:59.423,299,0,2,50,0,0,17044,0,0,18264,0x07
2026-09-06T10:56:59.504,300,0,2,51,1687,353,22714,-1750,-980,21535,0x07
2026-09-06T10:56:59.568,303,0,2,50,1687,460,22259,0,0,6503,0x07
2026-09-06T10:56:59.633,304,0,2,50,0,0,0,0,0,0,0x03
2026-09-06T10:56:59.697,305,0,2,51,0,0,0,0,0,0,0x03
2026-09-06T10:56:59.762,306,0,2,51,0,0,10119,0,0,9902,0x07
2026-09-06T10:56:59.827,307,0,2,55,2460,418,32349,2781,36,39389,0x07
2026-09-06T10:56:59.892,308,0,2,50,2460,300,32851,2781,520,37333,0x07
2026-09-06T10:56:59.956,309,0,2,50,3151,480,40000,3500,700,40000,0x07
2026-09-06T10:57:00.037,310,0,2,50,3260,860,40000,3500,1400,40000,0x07
2026-09-06T10:57:00.101,311,0,2,51,3245,1667,37100,3500,1980,40000,0x07
2026-09-06T10:57:00.231,312,0,2,51,3223,1824,36148,3488,2000,40000,0x07
2026-09-06T10:57:00.296,313,0,2,54,3101,2259,32743,3420,1833,40000,0x07
2026-09-06T10:57:00.361,314,0,2,51,3101,2333,32428,3420,2333,38190,0x07
2026-09-06T10:57:00.426,315,0,2,50,2901,2460,29326,3315,2380,36592,0x07
2026-09-06T10:57:00.507,317,0,2,57,714,2474,1226,1546,2421,12674,0x07
2026-09-06T10:57:00.573,318,0,2,52,714,1423,5691,1546,2096,14055,0x07
2026-09-06T10:57:00.637,319,0,2,50,400,1060,3216,1335,1660,13071,0x07
2026-09-06T10:57:00.703,320,0,2,51,375,1078,2809,1361,1745,13066,0x07
2026-09-06T10:57:00.767,321,0,2,51,321,902,2866,0,0,19746,0x07
2026-09-06T10:57:00.832,322,0,2,50,2527,720,31927,-1912,-300,26596,0x07
2026-09-06T10:57:00.897,323,0,2,52,1614,769,20010,76,0,3230,0x07
2026-09-06T10:57:00.962,324,0,2,50,0,0,22014,76,20,3145,0x07
2026-09-06T10:57:01.043,325,0,2,50,0,0,5414,3500,80,40000,0x07
2026-09-06T10:57:01.172,326,0,2,51,330,78,6483,1408,2000,12608,0x07
2026-09-06T10:57:01.237,327,0,2,51,297,373,4814,1442,235,20563,0x07
2026-09-06T10:57:01.301,328,0,2,52,175,38,4664,1569,423,21470,0x07
2026-09-06T10:57:01.366,329,0,2,51,91,39,3592,1655,588,21928,0x07
2026-09-06T10:57:01.431,331,0,2,50,0,0,22803,1668,640,21886,0x07
2026-09-06T10:57:01.512,332,0,2,51,0,0,4272,3500,647,40000,0x07
2026-09-06T10:57:01.576,333,0,2,53,242,321,4329,1499,962,18239,0x07
2026-09-06T10:57:01.641,334,0,2,50,242,100,5268,1499,880,18588,0x07
2026-09-06T10:57:01.706,335,0,2,51,322,118,6217,1416,902,17382,0x07
2026-09-06T10:57:01.771,336,0,2,51,392,137,7025,1344,745,17081,0x07
2026-09-06T10:57:01.836,337,0,2,51,510,39,8965,1220,706,15594,0x07
2026-09-06T10:57:01.966,338,0,2,52,570,58,9651,1158,712,14739,0x07
2026-09-06T10:57:02.031,339,0,2,50,1090,200,15717,1445,720,18549,0x07
2026-09-06T10:57:02.112,340,0,2,51,1090,412,14817,1445,686,18692,0x07
2026-09-06T10:57:02.241,341,0,2,50,1830,580,23582,2146,660,28213,0x07
2026-09-06T10:57:02.307,343,0,2,51,2407,941,29444,2666,922,34077,0x07
2026-09-06T10:57:02.372,344,0,2,50,3299,1740,37480,3395,1580,40000,0x07
2026-09-06T10:57:02.437,345,0,2,50,3299,1960,36545,3395,1640,40000,0x07
2026-09-06T10:57:02.501,347,0,2,51,3318,2157,35955,3464,2039,40000,0x07
2026-09-06T10:57:02.582,348,0,2,51,3200,2255,34024,3488,2255,39444,0x07
2026-09-06T10:57:02.647,349,0,2,58,1915,2448,16727,2567,2362,26630,0x07
2026-09-06T10:57:02.712,350,0,2,51,1915,2314,17299,2567,2294,26919,0x07
2026-09-06T10:57:02.777,351,0,2,51,0,0,3812,1327,2431,9689,0x07
2026-09-06T10:57:02.841,352,0,2,56,-33,-768,0,1577,1125,18599,0x07
2026-09-06T10:57:02.971,353,0,2,50,0,0,31266,0,0,18161,0x07
2026-09-06T10:57:03.035,354,0,2,50,3347,1100,40000,0,0,4096,0x07
2026-09-06T10:57:03.116,355,0,2,51,1489,1412,15678,205,235,3968,0x07
2026-09-06T10:57:03.310,356,0,2,50,1118,1280,11476,590,220,9204,0x07
2026-09-06T10:57:03.375,358,0,2,53,1339,1170,14787,360,434,5210,0x07
2026-09-06T10:57:03.440,359,0,2,51,0,0,13088,0,0,6609,0x07
2026-09-06T10:57:03.505,360,0,2,50,0,0,0,0,0,0,0x03
2026-09-06T10:57:03.585,363,0,2,52,0,0,15650,0,0,14068,0x07
2026-09-06T10:57:03.650,364,0,2,51,1524,529,19879,1293,373,17978,0x07
2026-09-06T10:57:03.715,365,0,2,50,2165,940,26351,2009,800,25781,0x07
2026-09-06T10:57:03.780,366,0,2,50,2598,980,31731,2505,720,32777,0x07
2026-09-06T10:57:03.845,367,0,2,54,3120,1389,36676,3181,1333,39237,0x07
2026-09-06T10:57:03.909,368,0,2,55,3264,1691,37238,3420,1800,40000,0x07
2026-09-06T10:57:03.990,369,0,2,51,3264,1980,36008,3420,1569,40000,0x07
2026-09-06T10:57:04.039,370,0,2,50,3325,1920,37048,3500,1800,40000,0x07
2026-09-06T10:57:04.120,371,0,2,51,3301,2451,34493,3500,2314,39354,0x07
2026-09-06T10:57:04.184,372,0,2,56,2891,2429,29328,3361,2339,37375,0x07
2026-09-06T10:57:04.249,373,0,2,51,2891,2627,28483,3361,2412,37067,0x07
2026-09-06T10:57:04.314,374,0,2,50,0,0,6883,3057,2460,32780,0x07
2026-09-06T10:57:04.378,375,0,2,55,3374,36,40000,2125,1600,23936,0x07
2026-09-06T10:57:04.443,376,0,2,51,3374,2725,34255,2125,1412,24736,0x07
2026-09-06T10:57:04.508,377,0,2,51,2153,2765,18441,1675,2627,13524,0x07
2026-09-06T10:57:04.588,378,0,2,51,1959,1980,19282,1240,2216,9445,0x07
2026-09-06T10:57:04.653,379,0,2,54,1311,1630,12474,390,1093,2799,0x07
2026-09-06T10:57:04.718,380,0,2,50,1311,1340,13705,390,1100,2768,0x07
2026-09-06T10:57:04.782,381,0,2,50,1367,1460,13907,332,860,3013,0x07
2026-09-06T10:57:04.847,382,0,2,52,1376,1481,13937,322,481,4499,0x07
2026-09-06T10:57:04.912,383,0,2,50,1404,1240,15319,293,400,4452,0x07
2026-09-06T10:57:04.993,384,0,2,51,1358,1078,15417,341,353,5290,0x07
2026-09-06T10:57:05.042,385,0,2,53,1226,1038,13890,478,472,6632,0x07
2026-09-06T10:57:05.123,386,0,2,50,1226,1000,14051,478,540,6341,0x07
2026-09-06T10:57:05.187,387,0,2,50,1141,1000,12965,566,560,7436,0x07
2026-09-06T10:57:05.317,388,0,2,50,1092,820,13102,617,540,8201,0x07
2026-09-06T10:57:05.381,389,0,2,51,1225,804,14875,894,392,12544,0x07
2026-09-06T10:57:05.446,390,0,2,54,2479,907,30513,2372,759,30816,0x07
2026-09-06T10:57:05.529,391,0,2,51,2479,1176,29370,2372,1000,29793,0x07
2026-09-06T10:57:05.577,393,0,2,51,2843,1392,33116,2822,1176,35084,0x07
2026-09-06T10:57:05.658,394,0,2,51,3260,1804,36715,3394,1725,40000,0x07
2026-09-06T10:57:05.723,395,0,2,55,3342,2055,36692,3500,1982,40000,0x07
2026-09-06T10:57:05.787,396,0,2,51,3342,2333,35507,3500,1882,40000,0x07
2026-09-06T10:57:05.852,397,0,2,51,3307,2255,35395,3500,2294,39437,0x07
2026-09-06T10:57:05.917,398,0,2,58,3105,2603,31332,3467,2483,38199,0x07
2026-09-06T10:57:05.981,399,0,2,50,3105,2840,30327,3467,2640,37531,0x07
2026-09-06T10:57:06.046,400,0,2,50,2499,2640,23400,2976,2660,30846,0x07
2026-09-06T10:57:06.127,401,0,2,52,0,0,6213,1601,2808,11763,0x07
2026-09-06T10:57:06.192,402,0,2,55,-265,-91,5595,1597,1436,17543,0x07
2026-09-06T10:57:06.257,403,0,2,52,0,0,27492,0,0,17634,0x07
2026-09-06T10:57:06.322,404,0,2,51,2906,412,38094,0,0,23492,0x07
2026-09-06T10:57:06.387,405,0,2,51,1845,1216,21067,2320,2431,23019,0x07
2026-09-06T10:57:06.451,406,0,2,51,1330,1137,14808,370,1882,3935,0x07
2026-09-06T10:57:06.516,407,0,2,50,1506,1020,17560,188,440,2862,0x07
2026-09-06T10:57:06.581,408,0,2,52,1807,1231,20522,-125,0,3888,0x07
2026-09-06T10:57:06.662,409,0,2,51,0,0,22488,0,0,34312,0x07
2026-09-06T10:57:06.726,410,0,2,50,0,0,3882,3500,1380,40000,0x07
2026-09-06T10:57:06.791,411,0,2,58,3374,621,40000,-2422,-34,34578,0x07
2026-09-06T10:57:06.856,412,0,2,52,3374,1596,39055,0,0,4561,0x07
2026-09-06T10:57:06.921,413,0,2,50,1441,1020,16720,256,560,3268,0x07
2026-09-06T10:57:06.985,414,0,2,51,1229,902,14510,475,353,7090,0x07
2026-09-06T10:57:07.066,415,0,2,56,1355,321,18587,345,536,4564,0x07
2026-09-06T10:57:07.131,416,0,2,50,1355,200,19103,345,420,5056,0x07
2026-09-06T10:57:07.196,417,0,2,52,1283,346,17560,420,327,6458,0x07
2026-09-06T10:57:07.260,418,0,2,56,1361,482,17986,338,518,4552,0x07
2026-09-06T10:57:07.325,419,0,2,52,1361,500,17911,338,404,5037,0x07
2026-09-06T10:57:07.390,420,0,2,51,1274,588,16419,428,333,6548,0x07
2026-09-06T10:57:07.455,421,0,2,51,1257,647,15957,446,373,6612,0x07
2026-09-06T10:57:07.520,422,0,2,55,1189,782,14502,517,418,7375,0x07
2026-09-06T10:57:07.585,423,0,2,50,1189,780,14510,517,400,7452,0x07
2026-09-06T10:57:07.665,424,0,2,51,1067,706,13263,643,333,9431,0x07
2026-09-06T10:57:07.730,425,0,2,50,1120,500,14821,588,260,9001,0x07
2026-09-06T10:57:07.990,426,0,2,50,0,0,0,0,0,0,0x03
2026-09-06T10:57:13.008,427,0,2,52,0,0,0,0,0,0,0x03
2026-09-06T10:57:13.074,428,0,2,51,0,0,0,0,0,0,0x03
2026-09-06T10:57:13.153,429,0,2,51,0,0,0,0,0,0,0x03
2026-09-06T10:57:13.218,430,0,2,51,0,0,0,0,0,0,0x03
2026-09-06T10:57:13.283,431,0,2,52,0,0,0,0,0,0,0x03
2026-09-06T10:57:13.348,432,0,2,50,0,0,0,0,0,0,0x03
2026-09-06T10:57:13.412,433,0,2,52,0,0,0,0,0,0,0x03
2026-09-06T10:57:13.477,434,0,2,51,0,0,0,0,0,0,0x03
2026-09-06T10:57:13.542,435,0,2,51,0,0,0,0,0,0,0x03
2026-09-06T10:57:13.622,436,0,2,52,0,0,0,0,0,0,0x03
2026-09-06T10:57:13.687,437,0,2,51,0,0,0,0,0,0,0x03
2026-09-06T10:57:13.752,438,0,2,51,0,0,0,0,0,0,0x03
2026-09-06T10:57:13.816,439,0,2,52,0,0,0,0,0,0,0x03
2026-09-06T10:57:13.881,440,0,2,50,0,0,0,0,0,0,0x03
2026-09-06T10:57:13.945,441,0,2,52,0,0,0,0,0,0,0x03
2026-09-06T10:57:14.026,442,0,2,50,0,0,0,0,0,0,0x03
2026-09-06T10:57:14.091,443,0,2,53,0,0,0,0,0,0,0x03
2026-09-06T10:57:14.155,444,0,2,50,0,0,0,0,0,0,0x03
2026-09-06T10:57:14.220,445,0,2,52,0,0,0,0,0,0,0x03
2026-09-06T10:57:14.285,446,0,2,51,0,0,0,0,0,0,0x03
2026-09-06T10:57:14.349,447,0,2,50,0,0,0,0,0,0,0x03
2026-09-06T10:57:14.414,448,0,2,52,0,0,0,0,0,0,0x03
2026-09-06T10:57:14.495,449,0,2,51,0,0,0,0,0,0,0x03
2026-09-06T10:57:14.559,450,0,2,52,0,0,0,0,0,0,0x03
2026-09-06T10:57:14.624,451,0,2,50,0,0,0,0,0,0,0x03
2026-09-06T10:57:14.689,452,0,2,52,0,0,0,0,0,0,0x03
2026-09-06T10:57:14.753,453,0,2,50,0,0,0,0,0,0,0x03
2026-09-06T10:57:14.819,454,0,2,51,0,0,0,0,0,0,0x03
2026-09-06T10:57:14.883,455,0,2,52,0,0,0,0,0,0,0x03
2026-09-06T10:57:14.948,456,0,2,50,0,0,0,0,0,0,0x03
2026-09-06T10:57:15.028,457,0,2,51,0,0,0,0,0,0,0x03
2026-09-06T10:57:15.093,458,0,2,50,0,0,0,0,0,0,0x03
2026-09-06T10:57:15.158,459,0,2,50,0,0,0,0,0,0,0x03
2026-09-06T10:57:15.222,460,0,2,50,0,0,0,0,0,0,0x03
2026-09-06T10:57:15.287,461,0,2,51,0,0,0,0,0,0,0x03
2026-09-06T10:57:15.351,462,0,2,51,0,0,0,0,0,0,0x03
2026-09-06T10:57:15.416,463,0,2,51,0,0,0,0,0,0,0x03
2026-09-06T10:57:15.497,464,0,2,51,0,0,0,0,0,0,0x03
2026-09-06T10:57:15.562,465,0,2,51,0,0,0,0,0,0,0x03
2026-09-06T10:57:15.628,466,0,2,51,0,0,0,0,0,0,0x03
2026-09-06T10:57:15.692,467,0,2,50,0,0,0,0,0,0,0x03
2026-09-06T10:57:15.757,468,0,2,54,0,0,0,0,0,0,0x03
2026-09-06T10:57:15.823,469,0,2,51,0,0,0,0,0,0,0x03
2026-09-06T10:57:15.887,470,0,2,50,0,0,0,0,0,0,0x03
2026-09-06T10:57:15.952,471,0,2,50,0,0,0,0,0,0,0x03
2026-09-06T10:57:16.035,472,0,2,50,0,0,0,0,0,0,0x03
2026-09-06T10:57:16.084,473,0,2,51,0,0,0,0,0,0,0x03
2026-09-06T10:57:16.165,474,0,2,55,0,0,0,0,0,0,0x03
2026-09-06T10:57:16.229,475,0,2,55,0,0,0,0,0,0,0x03
2026-09-06T10:57:16.294,476,0,2,50,0,0,0,0,0,0,0x03
2026-09-06T10:57:16.359,477,0,2,51,0,0,0,0,0,0,0x03
2026-09-06T10:57:16.423,478,0,2,52,0,0,0,0,0,0,0x03
2026-09-06T10:57:16.568,479,0,2,50,0,0,0,0,0,0,0x03
2026-09-06T10:57:16.633,480,0,2,50,0,0,0,0,0,0,0x03
2026-09-06T10:57:16.698,481,0,2,51,0,0,0,0,0,0,0x03
2026-09-06T10:57:16.763,482,0,2,50,0,0,0,0,0,0,0x03
2026-09-06T10:57:16.827,484,0,2,51,0,0,0,0,0,0,0x03
2026-09-06T10:57:16.893,485,0,2,50,0,0,0,0,0,0,0x03
2026-09-06T10:57:16.957,486,0,2,50,0,0,0,0,0,0,0x03
2026-09-06T10:57:17.022,487,0,2,51,0,0,0,0,0,0,0x03
2026-09-06T10:57:17.103,488,0,2,51,0,0,0,0,0,0,0x03
2026-09-06T10:57:17.168,489,0,2,50,0,0,0,0,0,0,0x03
2026-09-06T10:57:17.233,490,0,2,52,0,0,0,0,0,0,0x03
2026-09-06T10:57:17.297,491,0,2,51,0,0,0,0,0,0,0x03
2026-09-06T10:57:17.363,492,0,2,50,0,0,0,0,0,0,0x03
2026-09-06T10:57:17.427,493,0,2,50,0,0,0,0,0,0,0x03
2026-09-06T10:57:17.492,494,0,2,50,0,0,0,0,0,0,0x03
2026-09-06T10:57:17.573,495,0,2,51,0,0,0,0,0,0,0x03
2026-09-06T10:57:17.621,496,0,2,52,0,0,0,0,0,0,0x03
2026-09-06T10:57:17.702,497,0,2,51,0,0,0,0,0,0,0x03
2026-09-06T10:57:17.766,498,0,2,51,0,0,0,0,0,0,0x03
2026-09-06T10:57:17.831,499,0,2,51,0,0,0,0,0,0,0x03
2026-09-06T10:57:17.896,500,0,2,53,0,0,0,0,0,0,0x03
2026-09-06T10:57:17.961,501,0,2,51,0,0,0,0,0,0,0x03
2026-09-06T10:57:18.026,502,0,2,51,0,0,0,0,0,0,0x03
2026-09-06T10:57:18.107,503,0,2,51,0,0,0,0,0,0,0x03
2026-09-06T10:57:18.172,504,0,2,51,0,0,0,0,0,0,0x03
2026-09-06T10:57:18.237,505,0,2,51,0,0,0,0,0,0,0x03
2026-09-06T10:57:18.302,506,0,2,51,0,0,0,0,0,0,0x03
2026-09-06T10:57:18.366,507,0,2,51,0,0,0,0,0,0,0x03
2026-09-06T10:57:18.431,508,0,2,51,0,0,0,0,0,0,0x03
2026-09-06T10:57:18.496,509,0,2,50,0,0,0,0,0,0,0x03
2026-09-06T10:57:18.561,510,0,2,51,0,0,0,0,0,0,0x03
2026-09-06T10:57:18.642,511,0,2,52,0,0,0,0,0,0,0x03
2026-09-06T10:57:18.707,512,0,2,52,0,0,0,0,0,0,0x03
2026-09-06T10:57:18.772,513,0,2,50,0,0,0,0,0,0,0x03
2026-09-06T10:57:18.836,514,0,2,52,0,0,0,0,0,0,0x03
2026-09-06T10:57:18.901,515,0,2,50,0,0,0,0,0,0,0x03
2026-09-06T10:57:18.966,516,0,2,50,0,0,0,0,0,0,0x03
2026-09-06T10:57:19.030,517,0,2,50,0,0,0,0,0,0,0x03
2026-09-06T10:57:19.111,518,0,2,51,0,0,0,0,0,0,0x03
2026-09-06T10:57:19.176,519,0,2,51,0,0,0,0,0,0,0x03
2026-09-06T10:57:19.241,520,0,2,50,0,0,0,0,0,0,0x03
2026-09-06T10:57:19.306,521,0,2,51,0,0,0,0,0,0,0x03
2026-09-06T10:57:19.370,522,0,2,52,0,0,0,0,0,0,0x03
2026-09-06T10:57:19.435,523,0,2,51,0,0,0,0,0,0,0x03
2026-09-06T10:57:19.500,524,0,2,50,0,0,0,0,0,0,0x03
2026-09-06T10:57:19.565,525,0,2,50,0,0,0,0,0,0,0x03
2026-09-06T10:57:19.646,526,0,2,54,0,0,0,0,0,0,0x03
2026-09-06T10:57:19.710,527,0,2,50,0,0,0,0,0,0,0x03
2026-09-06T10:57:19.775,528,0,2,50,0,0,0,0,0,0,0x03
2026-09-06T10:57:19.840,529,0,2,51,0,0,0,0,0,0,0x03
2026-09-06T10:57:19.904,530,0,2,52,0,0,0,0,0,0,0x03
2026-09-06T10:57:19.969,531,0,2,52,0,0,0,0,0,0,0x03
2026-09-06T10:57:20.035,532,0,2,50,0,0,0,0,0,0,0x03
2026-09-06T10:57:20.116,533,0,2,51,0,0,0,0,0,0,0x03
2026-09-06T10:57:20.180,534,0,2,51,0,0,0,0,0,0,0x03
2026-09-06T10:57:20.245,535,0,2,54,0,0,0,0,0,0,0x03
2026-09-06T10:57:20.503,536,0,2,50,0,0,0,0,0,0,0x03
2026-09-06T10:57:20.648,537,0,2,51,0,0,0,0,0,0,0x03
2026-09-06T10:57:20.907,538,0,2,50,0,0,0,0,0,0,0x03
2026-09-06T10:57:20.972,539,0,2,50,0,0,0,0,0,0,0x03
2026-09-06T10:57:21.231,540,0,2,51,0,0,0,0,0,0,0x03
2026-09-06T10:57:21.247,541,0,2,52,0,0,0,0,0,0,0x03
2026-09-06T10:57:21.312,542,0,2,51,0,0,0,0,0,0,0x03
2026-09-06T10:57:21.377,543,0,2,50,0,0,0,0,0,0,0x03
2026-09-06T10:57:21.442,544,0,2,52,0,0,0,0,0,0,0x03
2026-09-06T10:57:21.507,545,0,2,50,0,0,26523,0,0,34312,0x07
2026-09-06T10:57:21.572,546,0,2,51,2793,1686,31228,3500,2333,39270,0x07
2026-09-06T10:57:21.652,547,0,2,51,3335,706,40000,3496,1922,40000,0x07
2026-09-06T10:57:21.717,548,0,2,51,3371,863,40000,3488,1235,40000,0x07
2026-09-06T10:57:21.782,549,0,2,51,3370,1412,39783,3498,1235,40000,0x07
2026-09-06T10:57:21.847,550,0,2,51,3358,1686,38466,3500,1608,40000,0x07
2026-09-06T10:57:21.911,551,0,2,51,3324,2020,36612,3500,1941,40000,0x07
2026-09-06T10:57:21.976,552,0,2,53,2998,2434,30672,3404,2094,38995,0x07
2026-09-06T10:57:22.041,553,0,2,51,2998,2431,30683,3404,2216,38479,0x07
2026-09-06T10:57:22.122,554,0,2,50,2758,2460,27487,3221,2300,35668,0x07
2026-09-06T10:57:22.187,555,0,2,51,2355,2569,21856,2918,2667,30047,0x07
2026-09-06T10:57:22.251,556,0,2,51,1910,2235,17572,2530,2549,25338,0x07
2026-09-06T10:57:22.316,557,0,2,50,1223,2060,9511,1961,2420,18248,0x07
2026-09-06T10:57:22.381,558,0,2,50,465,1480,2253,1268,1820,11498,0x07
2026-09-06T10:57:22.445,559,0,2,51,465,1412,2543,1268,1353,13483,0x07
2026-09-06T10:57:22.526,560,0,2,51,439,1118,3464,1295,1314,14007,0x07
2026-09-06T10:57:22.574,561,0,2,51,342,882,3218,1395,1373,15109,0x07
2026-09-06T10:57:22.655,562,0,2,50,294,420,4569,1445,1360,15829,0x07
2026-09-06T10:57:22.720,563,0,2,51,3374,314,40000,2637,1118,32854,0x07
2026-09-06T10:57:22.784,564,0,2,51,3205,1529,37173,3373,1510,40000,0x07
2026-09-06T10:57:22.849,565,0,2,50,3352,1160,40000,3437,1560,40000,0x07
2026-09-06T10:57:22.914,566,0,2,51,3269,1608,37666,3143,1431,38312,0x07
2026-09-06T10:57:22.978,567,0,2,50,2808,1940,30341,2426,1660,27716,0x07
2026-09-06T10:57:23.043,568,0,2,53,1373,1962,11852,617,1491,4162,0x07
2026-09-06T10:57:23.124,569,0,2,50,1373,1780,12626,617,1060,5991,0x07
2026-09-06T10:57:23.188,570,0,2,51,1016,1471,9364,0,0,2219,0x07
2026-09-06T10:57:23.253,571,0,2,51,1097,1255,11319,0,0,2838,0x07
2026-09-06T10:57:23.317,572,0,2,51,1282,1235,13772,68,373,1543,0x07
2026-09-06T10:57:23.382,573,0,2,50,1427,1300,15358,270,340,4392,0x07
2026-09-06T10:57:23.447,574,0,2,52,0,0,14507,313,327,5024,0x07
2026-09-06T10:57:23.527,575,0,2,50,0,0,3694,3165,2240,35167,0x07
2026-09-06T10:57:23.592,576,0,2,52,129,308,2936,1616,1173,18917,0x07
2026-09-06T10:57:23.657,577,0,2,52,52,58,3008,1696,769,21714,0x07
2026-09-06T10:57:23.721,578,0,2,50,52,120,2743,0,0,23708,0x07
2026-09-06T10:57:23.786,579,0,2,50,3374,100,40000,0,0,3990,0x07
2026-09-06T10:57:23.851,580,0,2,50,1500,1540,15277,194,100,4388,0x07
2026-09-06T10:57:23.916,581,0,2,56,-2230,-36,31021,3500,286,40000,0x07
2026-09-06T10:57:23.997,582,0,2,51,0,0,5498,3500,2196,39854,0x07
2026-09-06T10:57:24.062,583,0,2,51,340,333,5525,1398,2686,9554,0x07
2026-09-06T10:57:24.127,584,0,2,51,368,392,5643,1368,431,18738,0x07
2026-09-06T10:57:24.191,585,0,2,50,322,220,5778,1416,360,19690,0x07
2026-09-06T10:57:24.256,586,0,2,51,257,118,5377,1484,333,20714,0x07
2026-09-06T10:57:24.321,587,0,2,50,334,80,6529,1404,440,19181,0x07
2026-09-06T10:57:24.386,588,0,2,52,334,96,6460,1404,519,18844,0x07
2026-09-06T10:57:24.450,589,0,2,51,347,98,6616,1390,510,18706,0x07
2026-09-06T10:57:24.532,590,0,2,51,382,118,6988,1353,510,18212,0x07
2026-09-06T10:57:24.597,591,0,2,54,422,111,7526,1312,556,17465,0x07
2026-09-06T10:57:24.661,592,0,2,51,422,137,7415,1312,549,17492,0x07
2026-09-06T10:57:24.726,593,0,2,50,444,180,7518,1289,580,17049,0x07
2026-09-06T10:57:24.791,594,0,2,50,515,200,8333,1216,700,15563,0x07
2026-09-06T10:57:24.855,595,0,2,51,537,235,8468,1193,686,15311,0x07
2026-09-06T10:57:24.920,596,0,2,52,541,269,8371,1189,750,14988,0x07
2026-09-06T10:57:25.001,597,0,2,50,794,220,11833,1296,700,16629,0x07
2026-09-06T10:57:25.066,598,0,2,50,794,320,11408,1296,680,16714,0x07
2026-09-06T10:57:25.131,599,0,2,50,1213,300,16865,1685,660,22017,0x07
2026-09-06T10:57:25.195,600,0,2,52,1602,577,20675,2034,712,26491,0x07
2026-09-06T10:57:25.260,601,0,2,51,1972,745,24702,2358,824,30365,0x07
2026-09-06T10:57:25.325,602,0,2,51,2289,941,27934,2638,922,33702,0x07
2026-09-06T10:57:25.390,603,0,2,52,2551,1192,30223,2866,1038,36268,0x07
2026-09-06T10:57:25.454,604,0,2,50,2659,1480,30388,2994,1540,35849,0x07
2026-09-06T10:57:25.535,605,0,2,51,2596,1549,29282,2996,1765,34927,0x07
2026-09-06T10:57:25.600,606,0,2,51,2451,1824,26255,2906,1882,33216,0x07
2026-09-06T10:57:25.664,607,0,2,51,2028,1843,20757,2618,1980,28929,0x07
2026-09-06T10:57:25.729,608,0,2,50,1493,1940,13476,2170,2040,22662,0x07
2026-09-06T10:57:25.794,609,0,2,50,692,1640,4488,1498,1940,14069,0x07
2026-09-06T10:57:25.859,610,0,2,50,314,820,3132,1424,1720,14014,0x07
2026-09-06T10:57:25.924,611,0,2,51,396,1000,3419,1339,1569,13516,0x07
2026-09-06T10:57:26.005,612,0,2,51,201,686,2252,1541,1373,17063,0x07
2026-09-06T10:57:26.069,613,0,2,50,251,280,4610,1490,1180,17201,0x07
2026-09-06T10:57:26.134,614,0,2,51,289,294,5038,1450,1137,16848,0x07
2026-09-06T10:57:26.199,615,0,2,50,349,240,6035,1388,1240,15585,0x07
2026-09-06T10:57:26.263,616,0,2,51,457,412,6697,1276,1098,14681,0x07
2026-09-06T10:57:26.328,617,0,2,51,530,157,8711,1200,1137,13509,0x07
2026-09-06T10:57:26.393,618,0,2,51,625,39,10426,1102,961,12938,0x07
2026-09-06T10:57:26.457,619,0,2,50,1763,100,24766,2056,820,26347,0x07
2026-09-06T10:57:26.538,620,0,2,51,1763,333,23774,2056,882,26091,0x07
2026-09-06T10:57:26.603,621,0,2,51,2585,608,33148,2752,902,35353,0x07
2026-09-06T10:57:26.668,622,0,2,51,3142,1294,37368,3205,1196,40000,0x07
2026-09-06T10:57:26.733,623,0,2,50,3374,1580,39124,3388,1400,40000,0x07
2026-09-06T10:57:26.797,624,0,2,50,3374,1820,38104,3390,1800,40000,0x07
2026-09-06T10:57:26.927,625,0,2,53,3297,2396,34674,3172,2019,36272,0x07
2026-09-06T10:57:26.991,626,0,2,50,3297,2380,34743,3172,2080,36023,0x07
2026-09-06T10:57:27.072,627,0,2,51,2979,2490,30187,2777,2255,29974,0x07
2026-09-06T10:57:27.137,628,0,2,56,1449,2411,10922,246,1964,0,0x07
2026-09-06T10:57:27.202,630,0,2,50,1449,1780,13602,246,960,1454,0x07
2026-09-06T10:57:27.267,631,0,2,50,1293,1660,12101,776,540,10354,0x07
2026-09-06T10:57:27.332,632,0,2,50,1273,1600,12110,715,1140,7002,0x07
2026-09-06T10:57:27.396,633,0,2,50,1157,1520,10962,550,1060,5110,0x07
2026-09-06T10:57:27.462,634,0,2,51,1155,1275,11980,552,824,6146,0x07
2026-09-06T10:57:27.542,635,0,2,52,2109,1250,24316,-438,-38,7958,0x07
2026-09-06T10:57:27.607,636,0,2,50,2109,1340,23933,0,0,4674,0x07
2026-09-06T10:57:27.672,637,0,2,50,1431,1100,16251,266,120,5294,0x07
2026-09-06T10:57:27.737,638,0,2,51,1409,1039,16228,289,353,4610,0x07
2026-09-06T10:57:27.801,639,0,2,50,1409,1020,16310,289,300,4835,0x07
2026-09-06T10:57:27.866,640,0,2,51,1352,1000,15673,347,294,5648,0x07
2026-09-06T10:57:27.931,641,0,2,52,1168,1000,13306,539,173,8739,0x07
2026-09-06T10:57:27.996,642,0,2,52,1168,885,13796,539,135,8902,0x07
2026-09-06T10:57:28.077,643,0,2,51,1084,784,13168,625,176,9888,0x07
2026-09-06T10:57:28.141,644,0,2,51,1032,745,12681,679,255,10280,0x07
2026-09-06T10:57:28.271,645,0,2,50,1778,800,22042,1593,600,21117,0x07
2026-09-06T10:57:28.336,646,0,2,51,2409,882,29803,2326,510,31364,0x07
2026-09-06T10:57:28.401,647,0,2,50,2837,1480,32820,2838,1340,34733,0x07
2026-09-06T10:57:28.465,648,0,2,50,3081,1620,35391,3110,1380,38223,0x07
2026-09-06T10:57:28.547,650,0,2,51,3222,1843,36290,3295,1824,38825,0x07
2026-09-06T10:57:28.611,651,0,2,57,3305,2193,35944,3500,2123,40000,0x07
2026-09-06T10:57:28.676,652,0,2,50,3305,2400,35096,3500,2280,39641,0x07
2026-09-06T10:57:28.741,653,0,2,50,1597,2580,12276,1984,2420,18639,0x07
2026-09-06T10:57:28.806,654,0,2,51,1597,1980,14842,1984,2373,18841,0x07
2026-09-06T10:57:28.870,655,0,2,51,37,1667,5023,1712,2255,15677,0x07
2026-09-06T10:57:28.935,656,0,2,50,277,1700,4546,1462,2140,12810,0x07
2026-09-06T10:57:29.000,657,0,2,54,210,815,1867,1532,1648,15843,0x07
2026-09-06T10:57:29.081,658,0,2,51,210,647,2580,1532,1549,16264,0x07
2026-09-06T10:57:29.145,659,0,2,50,202,400,3530,1540,1380,17091,0x07
2026-09-06T10:57:29.210,660,0,2,50,252,100,5446,1489,1260,16913,0x07
2026-09-06T10:57:29.275,661,0,2,50,326,100,6404,1412,1280,15788,0x07
2026-09-06T10:57:29.340,662,0,2,50,438,260,7168,1296,1340,13973,0x07
2026-09-06T10:57:29.405,663,0,2,51,673,98,10900,1052,1020,12052,0x07
2026-09-06T10:57:29.470,664,0,2,51,673,176,10567,1052,1039,11969,0x07
2026-09-06T10:57:29.550,665,0,2,50,1485,140,21216,1721,920,21472,0x07
2026-09-06T10:57:29.616,666,0,2,51,2578,392,34266,2681,1059,33808,0x07
2026-09-06T10:57:29.680,667,0,2,51,3232,1098,39712,3225,1745,38211,0x07
2026-09-06T10:57:29.744,668,0,2,51,3374,1471,39968,3373,2157,38450,0x07
2026-09-06T10:57:29.874,669,0,2,51,3158,1961,35121,2835,1608,33542,0x07
2026-09-06T10:57:29.940,670,0,2,50,3158,2000,34984,2835,1860,32470,0x07
2026-09-06T10:57:30.005,671,0,2,50,2919,2380,30329,2636,2040,29030,0x07
2026-09-06T10:57:30.085,672,0,2,50,2852,2580,28667,2647,2140,28756,0x07
2026-09-06T10:57:30.150,674,0,2,50,2828,2440,28986,2618,2120,28446,0x07
2026-09-06T10:57:30.215,675,0,2,57,2507,2298,25432,2158,2421,20976,0x07
2026-09-06T10:57:30.279,676,0,2,50,2507,2180,25958,2158,1720,23955,0x07
2026-09-06T10:57:30.344,677,0,2,51,0,0,3766,980,1922,7252,0x07
2026-09-06T10:57:30.409,678,0,2,51,0,0,6337,2316,1235,28140,0x07
2026-09-06T10:57:30.474,679,0,2,56,394,1286,2299,1341,1464,14052,0x07
2026-09-06T10:57:30.538,680,0,2,51,394,961,3680,1341,1490,13942,0x07
2026-09-06T10:57:30.797,681,0,2,51,354,863,3571,1383,1216,15674,0x07
2026-09-06T10:57:31.879,682,0,2,50,351,660,4392,1386,1140,16038,0x07
2026-09-06T10:57:31.960,683,0,2,52,494,0,9066,1237,38,18718,0x07
2026-09-06T10:57:32.024,684,0,2,52,0,0,20835,0,0,11328,0x07
2026-09-06T10:57:32.089,685,0,2,50,0,0,0,0,0,0,0x03
2026-09-06T10:57:32.219,687,0,2,53,2788,0,38885,611,0,10448,0x07
2026-09-06T10:57:32.284,688,0,2,51,2788,745,35718,611,529,8198,0x07
2026-09-06T10:57:32.348,689,0,2,50,1829,800,23015,2116,1300,25193,0x07
2026-09-06T10:57:32.413,690,0,2,55,1992,1018,24202,2370,745,30965,0x07
2026-09-06T10:57:32.493,692,0,2,52,1992,1250,23217,2370,981,29965,0x07
2026-09-06T10:57:32.558,693,0,2,50,1415,1280,15594,2099,1080,25887,0x07
2026-09-06T10:57:32.623,694,0,2,51,703,902,7947,1520,1157,17772,0x07
2026-09-06T10:57:32.688,695,0,2,51,244,765,2561,1265,1255,13919,0x07
2026-09-06T10:57:32.882,696,0,2,51,265,745,2917,1387,1235,15643,0x07
2026-09-06T10:57:32.964,697,0,2,51,291,804,3009,1448,1137,16884,0x07
2026-09-06T10:57:33.029,698,0,2,51,0,0,4654,0,0,16147,0x07
2026-09-06T10:57:33.094,699,0,2,51,230,275,4465,0,0,17853,0x07
2026-09-06T10:57:33.158,702,0,2,50,3322,200,40000,0,0,2354,0x07
2026-09-06T10:57:33.223,703,0,2,52,0,0,21957,14,250,1351,0x07
2026-09-06T10:57:33.288,704,0,2,50,0,0,11257,3500,2160,40000,0x07
2026-09-06T10:57:33.352,705,0,2,51,985,569,13026,728,1549,5447,0x07
2026-09-06T10:57:33.497,706,0,2,52,638,769,7664,1088,731,13769,0x07
2026-09-06T10:57:33.562,707,0,2,50,1125,280,16077,1666,720,21589,0x07
2026-09-06T10:57:33.627,708,0,2,51,1125,471,15267,1666,588,22149,0x07
2026-09-06T10:57:33.692,709,0,2,56,2066,679,26615,2414,714,31691,0x07
2026-09-06T10:57:33.821,711,0,2,50,2066,940,25504,2414,840,31157,0x07
2026-09-06T10:57:33.886,712,0,2,50,2594,1120,31594,2899,980,37088,0x07
2026-09-06T10:57:33.967,713,0,2,57,2781,1509,32371,3126,1614,37452,0x07
2026-09-06T10:57:34.096,714,0,2,50,2781,1860,30878,3126,1820,36576,0x07
2026-09-06T10:57:34.161,716,0,2,51,2717,2059,29210,3102,1941,35731,0x07
2026-09-06T10:57:34.225,717,0,2,52,2121,2173,20969,2699,2058,29812,0x07
2026-09-06T10:57:34.291,718,0,2,51,1682,1980,16082,2318,2098,24510,0x07
2026-09-06T10:57:34.355,720,0,2,51,1210,1922,10206,1896,2196,18421,0x07
2026-09-06T10:57:34.436,721,0,2,51,619,941,6694,1330,1647,13130,0x07
2026-09-06T10:57:34.501,722,0,2,51,465,1294,3185,1268,1412,13295,0x07
2026-09-06T10:57:34.630,723,0,2,54,448,833,4919,1286,1296,14022,0x07
2026-09-06T10:57:34.695,724,0,2,50,448,680,5571,1286,1300,14007,0x07
2026-09-06T10:57:34.760,725,0,2,52,473,558,6419,1259,1192,14111,0x07
2026-09-06T10:57:34.889,726,0,2,57,562,404,8237,1167,930,13978,0x07
2026-09-06T10:57:34.970,728,0,2,50,562,540,7657,1167,880,14190,0x07
2026-09-06T10:57:35.034,729,0,2,51,1948,471,25968,2278,804,29482,0x07
2026-09-06T10:57:35.099,730,0,2,50,1948,600,25418,2278,900,29074,0x07
2026-09-06T10:57:35.164,732,0,2,50,2446,780,31128,2719,980,34661,0x07
2026-09-06T10:57:35.229,733,0,2,51,3374,1353,40000,3434,1569,40000,0x07
2026-09-06T10:57:35.294,734,0,2,51,3374,1804,38831,3434,1863,40000,0x07
2026-09-06T10:57:35.375,735,0,2,50,3374,2020,37912,3415,1720,40000,0x07
2026-09-06T10:57:35.423,736,0,2,50,3374,2140,37402,3298,1980,38214,0x07
2026-09-06T10:57:35.504,737,0,2,51,3327,2412,35644,3255,2216,36628,0x07
2026-09-06T10:57:35.569,738,0,2,50,3307,2560,34750,3336,2380,37018,0x07
2026-09-06T10:57:35.633,739,0,2,54,3334,2722,34403,3500,2463,38875,0x07
2026-09-06T10:57:35.698,740,0,2,51,3334,2882,33722,3500,2549,38510,0x07
2026-09-06T10:57:35.762,741,0,2,50,3298,2760,33786,3500,2740,37698,0x07
2026-09-06T10:57:35.843,742,0,2,51,3179,2961,31380,3500,2824,37343,0x07
2026-09-06T10:57:35.908,743,0,2,55,189,2455,0,1554,2564,12250,0x07
2026-09-06T10:57:35.972,744,0,2,51,189,1333,4834,1554,1961,14812,0x07
2026-09-06T10:57:36.037,745,0,2,50,251,960,1819,1490,1380,16423,0x07
2026-09-06T10:57:36.101,746,0,2,57,149,1000,330,1595,1965,15368,0x07
2026-09-06T10:57:36.166,747,0,2,51,149,843,996,1595,1765,16225,0x07
2026-09-06T10:57:36.231,748,0,2,51,201,529,3005,1541,1765,15504,0x07
2026-09-06T10:57:36.295,749,0,2,51,242,412,4041,1499,1667,15351,0x07
2026-09-06T10:57:36.376,750,0,2,53,393,170,7024,1343,1113,15608,0x07
2026-09-06T10:57:36.441,751,0,2,50,393,320,6386,1343,1080,15754,0x07
2026-09-06T10:57:36.506,752,0,2,50,458,300,7321,1275,1060,14927,0x07
2026-09-06T10:57:36.570,753,0,2,51,551,39,9636,1178,922,14226,0x07
2026-09-06T10:57:36.635,754,0,2,52,648,0,11061,1078,885,13027,0x07
2026-09-06T10:57:36.700,755,0,2,50,1385,0,20648,1651,900,20700,0x07
2026-09-06T10:57:36.765,756,0,2,50,2979,760,38128,3076,940,39765,0x07
2026-09-06T10:57:36.846,757,0,2,51,2979,863,37691,3076,1490,37426,0x07
2026-09-06T10:57:36.910,758,0,2,50,3374,1320,40000,3356,1780,39970,0x07
2026-09-06T10:57:36.975,759,0,2,50,3374,1960,38168,3336,1980,38855,0x07
2026-09-06T10:57:37.040,760,0,2,50,3361,2160,37151,3151,1840,36965,0x07
2026-09-06T10:57:37.169,761,0,2,50,3151,2220,34159,2897,1840,33534,0x07
2026-09-06T10:57:37.234,762,0,2,54,3024,2444,31557,2902,2278,31758,0x07
2026-09-06T10:57:37.380,763,0,2,50,3024,2560,31066,2902,2280,31766,0x07
2026-09-06T10:57:37.445,764,0,2,50,3089,2700,31340,3033,2240,33709,0x07
2026-09-06T10:57:37.510,766,0,2,51,3209,2314,34631,3290,2294,36989,0x07
2026-09-06T10:57:37.575,767,0,2,53,2054,1906,21312,3385,1717,40000,0x07
2026-09-06T10:57:37.639,769,0,2,50,2054,2020,20845,3385,2720,36462,0x07
2026-09-06T10:57:37.704,770,0,2,51,2476,2392,24770,2894,2608,30297,0x07
2026-09-06T10:57:37.769,771,0,2,50,2329,2580,22071,2801,2260,30530,0x07
2026-09-06T10:57:37.834,772,0,2,50,2045,2020,20766,2594,2260,27737,0x07
2026-09-06T10:57:37.915,773,0,2,51,0,0,0,0,0,0,0x03
2026-09-06T10:57:37.980,774,0,2,50,0,0,17877,0,0,23280,0x07
2026-09-06T10:57:38.045,775,0,2,51,1729,2137,16141,2267,2275,23246,0x07
2026-09-06T10:57:38.110,776,0,2,51,1861,2078,18122,2329,1745,26345,0x07
2026-09-06T10:57:38.368,777,0,2,51,2012,1765,21420,2449,1863,27463,0x07
2026-09-06T10:57:40.116,778,0,2,56,2366,1750,26098,2759,1911,31461,0x07
2026-09-06T10:57:40.246,779,0,2,54,0,0,0,0,0,0,0x03
2026-09-06T10:57:40.312,780,0,2,51,0,0,20214,0,0,26019,0x07
2026-09-06T10:57:40.377,781,0,2,50,0,0,0,0,0,0,0x03
2026-09-06T10:57:40.458,782,0,2,50,0,0,25605,0,0,11095,0x07
2026-09-06T10:57:40.523,784,0,2,50,2607,580,34219,0,0,5390,0x07
2026-09-06T10:57:40.653,785,0,2,50,1360,680,17520,339,320,5471,0x07
2026-09-06T10:57:40.719,786,0,2,51,1342,706,17168,358,353,5592,0x07
2026-09-06T10:57:40.783,787,0,2,55,1403,818,17498,294,309,4911,0x07
2026-09-06T10:57:40.848,788,0,2,50,1403,860,17320,294,320,4865,0x07
2026-09-06T10:57:40.913,790,0,2,50,1336,920,16183,364,120,6662,0x07
2026-09-06T10:57:40.994,791,0,2,51,1247,1039,14518,456,0,8418,0x07
2026-09-06T10:57:41.060,792,0,2,51,1204,922,14460,501,176,8269,0x07
2026-09-06T10:57:41.125,793,0,2,50,1149,920,13739,559,640,7081,0x07
2026-09-06T10:57:41.255,794,0,2,54,1351,907,16439,1031,593,13676,0x07
2026-09-06T10:57:41.320,795,0,2,52,0,0,0,0,0,0,0x03
2026-09-06T10:57:41.385,796,0,2,51,0,0,22561,0,0,23076,0x07
2026-09-06T10:57:41.450,797,0,2,55,2910,1655,33615,3054,927,39625,0x07
2026-09-06T10:57:41.531,799,0,2,50,2910,800,37247,3054,1580,36850,0x07
2026-09-06T10:57:41.580,800,0,2,50,3293,1040,40000,3500,1600,40000,0x07
2026-09-06T10:57:41.661,801,0,2,51,3234,1529,38376,3500,1314,40000,0x07
2026-09-06T10:57:41.791,802,0,2,50,3120,1700,36162,3487,1480,40000,0x07
2026-09-06T10:57:41.920,803,0,2,52,2890,2000,31884,3334,1808,39681,0x07
2026-09-06T10:57:41.985,804,0,2,50,0,0,22038,0,0,28095,0x07
2026-09-06T10:57:42.066,805,0,2,55,1593,2636,12250,2283,2582,22164,0x07
2026-09-06T10:57:42.131,807,0,2,50,1593,1920,15294,2283,1980,24722,0x07
2026-09-06T10:57:42.196,809,0,2,51,410,1569,1338,1325,1922,12007,0x07
2026-09-06T10:57:42.260,810,0,2,50,254,1260,614,1487,1640,15391,0x07
2026-09-06T10:57:42.325,811,0,2,50,728,1100,7482,995,1180,10692,0x07
2026-09-06T10:57:42.390,812,0,2,52,370,923,3561,1367,1077,16160,0x07
2026-09-06T10:57:42.455,813,0,2,50,336,480,5000,1402,1320,15600,0x07
2026-09-06T10:57:42.520,814,0,2,51,435,471,6339,1298,961,15730,0x07
2026-09-06T10:57:42.601,815,0,2,50,435,460,6384,1298,900,15989,0x07
2026-09-06T10:57:42.665,816,0,2,51,460,471,6664,1273,922,15546,0x07
2026-09-06T10:57:42.730,817,0,2,51,513,294,8097,1218,922,14812,0x07
2026-09-06T10:57:42.795,818,0,2,50,598,180,9697,1130,800,14135,0x07
2026-09-06T10:57:42.860,819,0,2,52,766,231,11670,1224,692,15866,0x07
2026-09-06T10:57:42.924,820,0,2,52,2361,481,31439,2616,769,34376,0x07
2026-09-06T10:57:42.989,821,0,2,51,2361,824,29982,2616,961,33562,0x07
2026-09-06T10:57:43.070,822,0,2,50,2931,1160,35987,3070,1140,38933,0x07
2026-09-06T10:57:43.119,823,0,2,50,3282,1540,38956,3336,1280,40000,0x07
2026-09-06T10:57:43.201,824,0,2,50,3374,1940,38454,3442,1620,40000,0x07
2026-09-06T10:57:43.266,825,0,2,51,3374,2275,37032,3481,1745,40000,0x07
2026-09-06T10:57:43.330,826,0,2,51,3212,2373,34506,3500,2039,40000,0x07
2026-09-06T10:57:43.395,827,0,2,50,3212,2420,34305,3500,2360,39574,0x07
2026-09-06T10:57:43.460,828,0,2,50,2909,2560,29745,3388,2300,38309,0x07
2026-09-06T10:57:43.525,829,0,2,51,2240,2725,20313,2918,2490,31144,0x07
2026-09-06T10:57:43.606,830,0,2,51,1118,1667,10170,1989,2137,20079,0x07
2026-09-06T10:57:43.655,831,0,2,50,336,1640,79,1401,2140,12105,0x07
2026-09-06T10:57:43.736,832,0,2,54,206,778,2038,1536,1519,16579,0x07
2026-09-06T10:57:43.801,833,0,2,50,218,760,2268,1524,1600,16068,0x07
2026-09-06T10:57:43.866,834,0,2,51,218,569,3081,1524,1627,15951,0x07
2026-09-06T10:57:43.930,835,0,2,50,213,420,3656,1529,1440,16810,0x07
2026-09-06T10:57:43.995,836,0,2,57,346,298,5909,1391,1298,15547,0x07
2026-09-06T10:57:44.060,837,0,2,50,346,340,5731,1391,1120,16304,0x07
2026-09-06T10:57:44.142,838,0,2,51,483,392,7292,1249,1020,14813,0x07
2026-09-06T10:57:44.191,839,0,2,51,575,20,10075,1154,941,13857,0x07
2026-09-06T10:57:44.272,840,0,2,51,665,157,10672,1060,843,13004,0x07
2026-09-06T10:57:44.337,841,0,2,51,1356,255,19269,1666,804,21374,0x07
2026-09-06T10:57:44.402,842,0,2,50,2908,660,37808,3032,820,39791,0x07
2026-09-06T10:57:44.467,843,0,2,50,2908,1040,36193,3032,1060,38771,0x07
2026-09-06T10:57:44.532,844,0,2,51,3226,1333,39095,3314,1373,40000,0x07
2026-09-06T10:57:44.597,845,0,2,51,3374,1647,39698,3420,1725,40000,0x07
2026-09-06T10:57:44.662,846,0,2,50,3374,2260,37094,3425,1860,40000,0x07
2026-09-06T10:57:44.727,847,0,2,51,3374,2392,36532,3400,2078,39415,0x07
2026-09-06T10:57:44.808,848,0,2,51,3372,2471,36177,3447,2059,40000,0x07
2026-09-06T10:57:44.873,849,0,2,53,3326,2698,34607,3500,2509,38939,0x07
2026-09-06T10:57:44.938,850,0,2,50,3326,2940,33579,3500,2540,38809,0x07
2026-09-06T10:57:45.003,851,0,2,51,3167,2078,35162,3500,2412,39354,0x07
2026-09-06T10:57:45.068,852,0,2,51,0,0,3566,2545,2902,24345,0x07
2026-09-06T10:57:45.133,853,0,2,51,-103,-157,3338,1065,2098,7742,0x07
2026-09-06T10:57:45.198,854,0,2,51,0,0,5233,1412,451,19435,0x07
2026-09-06T10:57:45.262,855,0,2,51,-3,-39,2526,1753,529,23711,0x07
2026-09-06T10:57:45.343,856,0,2,52,0,0,32359,0,0,23533,0x07
2026-09-06T10:57:45.408,857,0,2,51,3374,922,40000,0,0,5126,0x07
2026-09-06T10:57:45.473,858,0,2,55,1460,0,21714,236,200,4579,0x07
2026-09-06T10:57:45.538,859,0,2,51,1460,0,21714,236,255,4346,0x07
2026-09-06T10:57:45.603,860,0,2,51,1515,0,22437,178,59,4402,0x07
2026-09-06T10:57:45.668,861,0,2,50,1506,0,22322,187,0,4776,0x07
2026-09-06T10:57:45.733,862,0,2,50,1550,0,22891,142,0,4169,0x07
2026-09-06T10:57:45.813,863,0,2,51,1530,0,22626,163,0,4448,0x07
2026-09-06T10:57:45.878,864,0,2,50,1533,0,22674,159,0,4397,0x07
2026-09-06T10:57:45.943,865,0,2,51,1536,0,22701,157,0,4369,0x07
2026-09-06T10:57:46.008,866,0,2,52,1537,0,22714,156,0,4354,0x07
2026-09-06T10:57:46.073,867,0,2,50,1537,0,22714,156,0,4354,0x07
2026-09-06T10:57:46.139,868,0,2,51,1536,0,22710,156,0,4360,0x07
2026-09-06T10:57:46.204,869,0,2,50,1536,0,22704,157,0,4363,0x07
2026-09-06T10:57:46.269,870,0,2,52,1535,0,22696,158,0,4373,0x07
2026-09-06T10:57:46.334,871,0,2,50,-2355,0,33399,3500,0,40000,0x07
2026-09-06T10:57:46.415,872,0,2,51,0,0,32359,0,0,24924,0x07
2026-09-06T10:57:46.479,873,0,2,55,3374,1182,40000,0,0,3740,0x07
2026-09-06T10:57:46.544,874,0,2,53,1530,132,22073,162,75,4118,0x07
2026-09-06T10:57:46.609,875,0,2,51,0,0,23279,162,59,4189,0x07
2026-09-06T10:57:46.674,876,0,2,51,0,0,32359,0,0,24924,0x07
2026-09-06T10:57:46.739,877,0,2,50,3374,580,40000,0,0,3730,0x07
2026-09-06T10:57:46.804,878,0,2,56,1532,304,21363,161,161,3737,0x07
2026-09-06T10:57:46.870,879,0,2,51,1532,78,22320,161,0,4420,0x07
2026-09-06T10:57:46.950,880,0,2,52,1555,0,22961,136,0,4088,0x07
2026-09-06T10:57:47.015,881,0,2,50,1533,0,22674,160,0,4402,0x07
2026-09-06T10:57:47.080,882,0,2,51,1533,0,22665,160,0,4406,0x07
2026-09-06T10:57:47.144,883,0,2,50,0,0,17509,177,0,4639,0x07
2026-09-06T10:57:47.209,884,0,2,50,-1687,-1300,19154,1750,1300,20398,0x07
2026-09-06T10:57:47.273,885,0,2,51,-1687,-176,23929,1750,765,22674,0x07
2026-09-06T10:57:47.338,886,0,2,51,-1687,-333,23262,1750,78,25590,0x07
2026-09-06T10:57:47.419,887,0,2,51,-1687,-451,22762,1750,20,25840,0x07
2026-09-06T10:57:47.484,888,0,2,54,-1687,-685,21767,1750,185,25136,0x07
2026-09-06T10:57:47.548,889,0,2,51,0,0,0,0,0,0,0x03
2026-09-06T10:57:47.614,890,0,2,51,0,0,20775,0,0,34729,0x07
2026-09-06T10:57:47.678,891,0,2,50,0,0,6326,3500,980,40000,0x07
2026-09-06T10:57:47.743,892,0,2,51,417,235,7097,1318,569,17657,0x07
2026-09-06T10:57:47.808,893,0,2,51,555,333,8481,1175,627,15469,0x07
2026-09-06T10:57:47.873,894,0,2,50,0,0,0,0,0,0,0x03
2026-09-06T10:57:47.954,895,0,2,52,0,0,3495,0,0,11032,0x07
2026-09-06T10:57:48.019,896,0,2,51,0,0,4769,947,98,14641,0x07
2026-09-06T10:57:48.083,897,0,2,55,300,291,5332,744,0,12316,0x07
2026-09-06T10:57:48.148,898,0,2,51,300,353,5068,744,235,11316,0x07
2026-09-06T10:57:48.213,899,0,2,51,270,333,4769,813,196,12411,0x07
2026-09-06T10:57:48.278,900,0,2,50,188,240,4095,787,40,12723,0x07
2026-09-06T10:57:48.342,901,0,2,50,155,120,4165,756,220,11533,0x07
2026-09-06T10:57:48.424,902,0,2,52,0,0,2830,685,115,11015,0x07
2026-09-06T10:57:48.489,903,0,2,50,-20,-20,2828,715,140,11328,0x07
2026-09-06T10:57:48.554,904,0,2,52,-77,0,3662,768,19,12552,0x07
2026-09-06T10:57:48.619,905,0,2,51,-84,0,3754,795,0,13003,0x07
2026-09-06T10:57:48.684,906,0,2,51,-33,0,3084,757,0,12486,0x07
2026-09-06T10:57:48.749,907,0,2,56,-57,0,3397,778,0,12766,0x07
2026-09-06T10:57:48.814,908,0,2,51,-57,0,3397,778,0,12766,0x07
2026-09-06T10:57:48.880,909,0,2,51,-62,0,3467,782,0,12818,0x07
2026-09-06T10:57:48.945,910,0,2,50,-59,0,3428,776,0,12746,0x07
2026-09-06T10:57:49.026,911,0,2,56,-23,0,2957,743,0,12301,0x07
2026-09-06T10:57:49.091,912,0,2,57,0,0,2723,743,0,12301,0x07
2026-09-06T10:57:49.156,913,0,2,51,0,0,2817,720,0,11980,0x07
2026-09-06T10:57:49.220,914,0,2,55,-51,-18,3244,771,0,12680,0x07
2026-09-06T10:57:49.285,915,0,2,51,0,0,2681,771,0,12680,0x07
2026-09-06T10:57:49.351,916,0,2,51,0,0,2857,723,0,12026,0x07
2026-09-06T10:57:49.415,917,0,2,51,-23,-20,2870,748,0,12358,0x07
2026-09-06T10:57:49.480,918,0,2,55,-26,0,2996,749,0,12377,0x07
2026-09-06T10:57:49.545,919,0,2,51,-26,0,2996,749,0,12377,0x07
2026-09-06T10:57:49.627,920,0,2,50,-27,0,3005,749,0,12377,0x07
2026-09-06T10:57:49.692,921,0,2,51,-1687,0,24679,1750,0,25924,0x07
2026-09-06T10:57:49.757,922,0,2,52,-1687,-327,23289,1750,212,25024,0x07
2026-09-06T10:57:49.822,923,0,2,50,-1687,-580,22214,1750,480,23884,0x07
2026-09-06T10:57:49.887,924,0,2,52,-1687,-788,21328,1750,692,22981,0x07
2026-09-06T10:57:49.952,925,0,2,50,-1687,-900,20854,1750,840,22354,0x07
2026-09-06T10:57:50.017,926,0,2,50,0,0,0,0,0,0,0x03
2026-09-06T10:57:50.082,927,0,2,52,0,0,31119,0,0,11796,0x07
2026-09-06T10:57:50.147,928,0,2,50,3233,340,40000,1029,940,12176,0x07
2026-09-06T10:57:50.229,929,0,2,52,0,0,0,0,0,0,0x03
2026-09-06T10:57:50.294,930,0,2,51,0,0,15899,0,0,3438,0x07
2026-09-06T10:57:50.359,931,0,2,51,1504,725,19208,-129,0,3985,0x07
2026-09-06T10:57:50.424,932,0,2,50,1472,500,19753,0,0,2631,0x07
2026-09-06T10:57:50.489,933,0,2,51,1406,549,18680,42,20,2726,0x07
2026-09-06T10:57:50.554,934,0,2,51,1412,667,18260,117,0,3824,0x07
2026-09-06T10:57:50.619,935,0,2,50,0,0,0,0,0,0,0x03
2026-09-06T10:57:50.684,936,0,2,51,0,0,0,0,0,0,0x03
2026-09-06T10:57:50.765,937,0,2,50,0,0,0,0,0,0,0x03
2026-09-06T10:57:50.830,938,0,2,50,0,0,3923,0,0,7651,0x07
2026-09-06T10:57:50.895,939,0,2,50,144,100,4109,583,20,10043,0x07
2026-09-06T10:57:50.960,940,0,2,51,634,431,9096,265,0,5823,0x07
2026-09-06T10:57:51.025,941,0,2,51,794,431,11191,465,0,8531,0x07
2026-09-06T10:57:51.090,942,0,2,51,892,59,14057,528,0,9384,0x07
2026-09-06T10:57:51.155,943,0,2,51,955,118,14621,598,0,10342,0x07
2026-09-06T10:57:51.220,944,0,2,51,955,157,14454,598,0,10342,0x07
2026-09-06T10:57:51.301,945,0,2,51,963,196,14398,591,0,10240,0x07
2026-09-06T10:57:51.366,946,0,2,52,960,212,14292,589,0,10209,0x07
2026-09-06T10:57:51.431,947,0,2,50,970,260,14209,659,20,11076,0x07
2026-09-06T10:57:51.496,948,0,2,51,985,314,14176,656,0,11119,0x07
2026-09-06T10:57:51.561,949,0,2,50,957,300,13868,717,0,11941,0x07
2026-09-06T10:57:51.626,950,0,2,50,957,320,13783,717,0,11941,0x07
2026-09-06T10:57:51.691,951,0,2,51,939,294,13665,667,0,11264,0x07
2026-09-06T10:57:51.757,952,0,2,50,922,360,13160,706,0,11794,0x07
2026-09-06T10:57:51.838,953,0,2,51,860,373,12305,687,0,11544,0x07
2026-09-06T10:57:51.886,954,0,2,50,852,300,12507,645,0,10966,0x07
2026-09-06T10:57:51.967,955,0,2,53,726,264,11017,579,0,10075,0x07
2026-09-06T10:57:52.032,956,0,2,50,674,200,10606,448,0,8309,0x07
2026-09-06T10:57:52.097,957,0,2,50,674,140,10861,448,0,8309,0x07
2026-09-06T10:57:52.162,958,0,2,51,601,176,9755,451,0,8346,0x07
2026-09-06T10:57:52.227,959,0,2,51,535,78,9309,352,0,7011,0x07
2026-09-06T10:57:52.292,960,0,2,51,492,20,8991,303,0,6348,0x07
2026-09-06T10:57:52.373,961,0,2,50,472,0,8823,274,0,5945,0x07
2026-09-06T10:57:52.437,962,0,2,50,431,0,8277,204,0,5009,0x07
2026-09-06T10:57:52.502,963,0,2,51,431,0,8277,204,0,5009,0x07
2026-09-06T10:57:52.567,964,0,2,51,0,0,0,0,0,0,0x03
2026-09-06T10:57:52.631,965,0,2,51,0,0,7968,0,0,2989,0x07
2026-09-06T10:57:52.696,966,0,2,51,603,0,10532,80,0,3331,0x07
2026-09-06T10:57:52.761,967,0,2,51,438,0,8379,246,0,5567,0x07
2026-09-06T10:57:52.826,968,0,2,50,460,0,8655,341,0,6855,0x07
2026-09-06T10:57:52.891,969,0,2,50,460,0,8655,341,0,6855,0x07
2026-09-06T10:57:52.972,970,0,2,52,473,0,8828,285,0,6092,0x07
2026-09-06T10:57:53.037,971,0,2,52,461,0,8674,265,0,5828,0x07
2026-09-06T10:57:53.102,972,0,2,50,452,0,8559,252,0,5656,0x07
2026-09-06T10:57:53.167,973,0,2,50,443,0,8444,320,0,6576,0x07
2026-09-06T10:57:53.232,974,0,2,51,453,0,8572,256,0,5704,0x07
2026-09-06T10:57:53.297,975,0,2,50,453,0,8572,256,0,5704,0x07
2026-09-06T10:57:53.377,976,0,2,50,455,0,8594,169,0,4525,0x07
2026-09-06T10:57:53.426,977,0,2,50,413,0,8044,300,0,6296,0x07
2026-09-06T10:57:53.507,978,0,2,52,0,0,17509,329,0,6693,0x07
2026-09-06T10:57:53.571,979,0,2,51,-1687,-373,23095,1750,0,25924,0x07
2026-09-06T10:57:53.636,980,0,2,50,-1687,-320,23319,1750,120,25414,0x07
2026-09-06T10:57:53.701,981,0,2,51,-1687,-510,22512,1750,392,24257,0x07
2026-09-06T10:57:53.767,982,0,2,50,-1687,-600,22129,1750,560,23544,0x07
2026-09-06T10:57:53.832,983,0,2,52,-1687,-731,21573,1750,577,23472,0x07
2026-09-06T10:57:53.913,984,0,2,51,0,0,0,0,0,0,0x03
2026-09-06T10:57:53.962,985,0,2,50,0,0,9022,0,0,5666,0x07
2026-09-06T10:57:54.043,986,0,2,51,0,0,0,0,0,0,0x03
2026-09-06T10:57:54.108,987,0,2,51,0,0,0,0,0,0,0x03
2026-09-06T10:57:54.174,988,0,2,51,0,0,0,0,0,0,0x03
2026-09-06T10:57:54.238,989,0,2,50,0,0,0,0,0,0,0x03
2026-09-06T10:57:54.303,990,0,2,50,0,0,0,0,0,0,0x03
2026-09-06T10:57:54.368,991,0,2,51,0,0,0,0,0,0,0x03
2026-09-06T10:57:54.433,992,0,2,50,0,0,0,0,0,0,0x03
2026-09-06T10:57:54.498,993,0,2,52,0,0,0,0,0,0,0x03
2026-09-06T10:57:54.579,994,0,2,52,0,0,0,0,0,0,0x03
2026-09-06T10:57:54.643,995,0,2,51,0,0,0,0,0,0,0x03
2026-09-06T10:57:54.708,996,0,2,56,0,0,0,0,0,0,0x03
2026-09-06T10:57:54.773,997,0,2,51,0,0,0,0,0,0,0x03
2026-09-06T10:57:54.838,998,0,2,51,0,0,0,0,0,0,0x03
2026-09-06T10:57:54.903,999,0,2,50,0,0,0,0,0,0,0x03
2026-09-06T10:57:54.969,1000,0,2,50,0,0,17509,0,0,18486,0x07
2026-09-06T10:57:55.034,1001,0,2,50,-1687,-700,21704,1750,140,25328,0x07
2026-09-06T10:57:55.115,1002,0,2,50,-1687,-820,21194,1750,1200,20824,0x07
2026-09-06T10:57:55.180,1003,0,2,53,-1687,-679,21792,1750,415,24159,0x07
2026-09-06T10:57:55.245,1004,0,2,50,-1687,-800,21279,1750,640,23204,0x07
2026-09-06T10:57:55.310,1005,0,2,51,-1687,-882,20929,1750,667,23090,0x07
2026-09-06T10:57:55.375,1006,0,2,51,0,0,0,0,0,0,0x03
2026-09-06T10:57:55.439,1007,0,2,52,0,0,0,0,0,0,0x03
2026-09-06T10:57:55.504,1008,0,2,50,0,0,0,0,0,0,0x03
2026-09-06T10:57:55.569,1009,0,2,52,293,0,6476,538,0,9517,0x07
2026-09-06T10:57:55.650,1010,0,2,51,293,98,6060,538,0,9517,0x07
2026-09-06T10:57:55.715,1011,0,2,51,688,0,11642,194,0,4871,0x07
2026-09-06T10:57:55.780,1012,0,2,50,711,0,11936,124,0,3914,0x07
2026-09-06T10:57:55.845,1013,0,2,50,599,0,10471,0,0,2398,0x07
2026-09-06T10:57:55.910,1014,0,2,51,584,0,10285,0,0,3207,0x07
2026-09-06T10:57:55.975,1015,0,2,52,495,0,9113,104,0,3649,0x07
2026-09-06T10:57:56.040,1016,0,2,52,505,0,9250,102,0,3615,0x07
2026-09-06T10:57:56.105,1017,0,2,51,513,0,9356,35,0,2710,0x07
2026-09-06T10:57:56.185,1018,0,2,51,478,0,8902,126,0,3952,0x07
2026-09-06T10:57:56.250,1019,0,2,50,512,0,9338,140,0,4133,0x07
2026-09-06T10:57:56.315,1020,0,2,50,512,0,9338,140,0,4133,0x07
2026-09-06T10:57:56.380,1021,0,2,50,514,0,9364,141,0,4147,0x07
2026-09-06T10:57:56.445,1022,0,2,50,0,0,17509,65,0,3124,0x07
2026-09-06T10:57:56.510,1023,0,2,51,-1687,-686,21762,1750,0,25924,0x07
2026-09-06T10:57:56.575,1024,0,2,50,-1687,-680,21789,1750,1080,21334,0x07
2026-09-06T10:57:56.656,1025,0,2,55,-1687,-309,23365,1750,509,23760,0x07
2026-09-06T10:57:56.721,1026,0,2,51,-1687,-569,22262,1750,451,24007,0x07
2026-09-06T10:57:56.786,1027,0,2,50,-1687,-600,22129,1750,640,23204,0x07
2026-09-06T10:57:56.851,1028,0,2,51,0,0,0,0,0,0,0x03
2026-09-06T10:57:56.916,1029,0,2,51,0,0,8930,0,0,6810,0x07
2026-09-06T10:57:56.980,1030,0,2,51,713,118,11459,-492,0,8901,0x07
2026-09-06T10:57:57.045,1031,0,2,51,783,137,12292,-590,0,10227,0x07
2026-09-06T10:57:57.191,1032,0,2,50,0,0,27245,0,0,30911,0x07
2026-09-06T10:57:57.256,1033,0,2,51,-2793,-922,35199,3089,1118,39288,0x07
2026-09-06T10:57:57.321,1034,0,2,50,-241,-240,4782,436,0,8148,0x07
2026-09-06T10:57:57.386,1035,0,2,50,-241,-380,4182,457,0,8428,0x07
2026-09-06T10:57:57.450,1037,0,2,51,-414,-98,7640,654,0,11099,0x07
2026-09-06T10:57:57.515,1038,0,2,51,-348,-20,7119,613,373,8951,0x07
2026-09-06T10:57:57.580,1039,0,2,50,-308,0,6674,577,0,10053,0x07
2026-09-06T10:57:57.646,1040,0,2,52,-213,0,5436,469,0,8588,0x07
2026-09-06T10:57:57.727,1041,0,2,52,-192,0,5163,440,0,8199,0x07
2026-09-06T10:57:57.775,1042,0,2,52,-192,0,5163,440,0,8199,0x07
2026-09-06T10:57:57.856,1043,0,2,51,-150,0,4613,397,0,7617,0x07
2026-09-06T10:57:57.921,1044,0,2,52,-214,0,5449,462,0,8499,0x07
2026-09-06T10:57:57.986,1045,0,2,50,-205,0,5339,453,0,8366,0x07
2026-09-06T10:57:58.051,1046,0,2,51,-1687,0,24679,1750,0,25924,0x07
2026-09-06T10:57:58.116,1047,0,2,50,-1687,-400,22979,1750,20,25838,0x07
2026-09-06T10:57:58.181,1048,0,2,50,-1687,-280,23489,1750,120,25414,0x07
2026-09-06T10:57:58.262,1049,0,2,52,-1687,-462,22717,1750,365,24371,0x07
2026-09-06T10:57:58.326,1050,0,2,50,-1687,-740,21534,1750,220,24988,0x07
2026-09-06T10:57:58.391,1051,0,2,50,0,0,0,0,0,0,0x03
2026-09-06T10:57:58.456,1052,0,2,50,0,0,7680,0,0,5441,0x07
2026-09-06T10:57:58.521,1053,0,2,54,699,167,11070,567,93,9521,0x07
2026-09-06T10:57:58.586,1054,0,2,52,699,38,11615,567,0,9915,0x07
2026-09-06T10:57:58.652,1055,0,2,51,922,59,14448,626,0,10711,0x07
2026-09-06T10:57:58.716,1056,0,2,51,1012,118,15365,490,0,8877,0x07
2026-09-06T10:57:58.798,1057,0,2,53,820,189,12553,320,0,6576,0x07
2026-09-06T10:57:58.847,1058,0,2,51,820,216,12438,320,0,6576,0x07
2026-09-06T10:57:58.928,1059,0,2,50,759,240,11552,373,0,7291,0x07
2026-09-06T10:57:58.993,1060,0,2,50,758,180,11788,374,0,7310,0x07
2026-09-06T10:57:59.058,1061,0,2,51,760,196,11742,326,0,6647,0x07
2026-09-06T10:57:59.123,1062,0,2,50,698,140,11170,303,0,6344,0x07
2026-09-06T10:57:59.188,1063,0,2,51,662,78,10970,326,0,6656,0x07
2026-09-06T10:57:59.253,1064,0,2,51,662,20,11220,326,0,6656,0x07
2026-09-06T10:57:59.334,1065,0,2,51,651,0,11152,314,0,6490,0x07
2026-09-06T10:57:59.382,1066,0,2,51,646,0,11095,309,0,6419,0x07
2026-09-06T10:57:59.463,1067,0,2,51,629,0,10867,236,0,5439,0x07
2026-09-06T10:57:59.528,1068,0,2,51,584,0,10285,25,0,2579,0x07
2026-09-06T10:57:59.593,1069,0,2,52,-1687,0,24679,1750,0,25924,0x07
2026-09-06T10:57:59.658,1070,0,2,50,-1687,-1340,18984,1750,1020,21588,0x07
2026-09-06T10:57:59.723,1071,0,2,50,-1687,-260,23574,1750,160,25244,0x07
2026-09-06T10:57:59.788,1072,0,2,52,-1687,-481,22635,1750,442,24044,0x07
2026-09-06T10:57:59.853,1073,0,2,50,-1687,-600,22129,1750,600,23374,0x07
2026-09-06T10:57:59.918,1074,0,2,51,-1687,-686,21762,1750,647,23174,0x07
2026-09-06T10:57:59.999,1075,0,2,51,0,0,0,0,0,0,0x03
2026-09-06T10:58:00.064,1076,0,2,51,0,0,9551,0,0,7050,0x07
2026-09-06T10:58:00.129,1077,0,2,52,783,58,12634,-518,0,9252,0x07
2026-09-06T10:58:00.194,1078,0,2,50,793,60,12757,-551,0,9702,0x07
2026-09-06T10:58:00.259,1079,0,2,55,-2796,0,39155,3134,0,40000,0x07
2026-09-06T10:58:00.323,1080,0,2,50,-2796,-1620,32270,3134,2140,35555,0x07
2026-09-06T10:58:00.388,1081,0,2,52,-268,-692,3216,559,1173,4820,0x07
2026-09-06T10:58:00.469,1082,0,2,50,-333,-80,6669,662,140,10603,0x07
2026-09-06T10:58:00.534,1083,0,2,55,-383,-564,5256,807,436,11305,0x07
2026-09-06T10:58:00.599,1084,0,2,50,-383,-460,5696,807,80,12820,0x07
2026-09-06T10:58:00.665,1085,0,2,50,-249,-80,5573,715,240,10893,0x07
2026-09-06T10:58:00.730,1086,0,2,51,-133,0,4388,609,0,10488,0x07
2026-09-06T10:58:00.795,1087,0,2,52,-47,0,3265,545,0,9622,0x07
2026-09-06T10:58:00.860,1088,0,2,51,-44,0,3229,554,0,9744,0x07
2026-09-06T10:58:00.925,1089,0,2,54,-65,0,3511,580,0,10084,0x07
2026-09-06T10:58:00.990,1090,0,2,52,-65,0,3511,580,0,10084,0x07
2026-09-06T10:58:01.072,1091,0,2,51,-78,0,3675,589,0,10218,0x07
2026-09-06T10:58:01.137,1092,0,2,50,-1687,0,24679,1750,0,25924,0x07
2026-09-06T10:58:01.202,1093,0,2,50,-1687,-300,23404,1750,140,25328,0x07
2026-09-06T10:58:01.267,1094,0,2,50,-1687,-500,22554,1750,260,24818,0x07
2026-09-06T10:58:01.332,1095,0,2,51,-1687,-647,21929,1750,686,23007,0x07
2026-09-06T10:58:01.398,1096,0,2,50,-1687,-780,21364,1750,720,22864,0x07
2026-09-06T10:58:01.463,1097,0,2,50,0,0,0,0,0,0,0x03
2026-09-06T10:58:01.528,1098,0,2,51,0,0,9534,0,0,7901,0x07
2026-09-06T10:58:01.608,1099,0,2,50,781,160,12174,610,500,8367,0x07
2026-09-06T10:58:01.657,1100,0,2,52,1026,38,15882,830,577,11020,0x07
2026-09-06T10:58:01.738,1101,0,2,52,1137,212,16605,476,269,7544,0x07
2026-09-06T10:58:01.803,1102,0,2,50,899,340,12949,229,240,4324,0x07
2026-09-06T10:58:01.868,1103,0,2,51,899,353,12894,0,0,2330,0x07
2026-09-06T10:58:01.933,1104,0,2,52,702,442,9947,-9,0,2370,0x07
2026-09-06T10:58:01.999,1105,0,2,56,678,375,9915,-222,0,5245,0x07
2026-09-06T10:58:02.063,1106,0,2,50,678,340,10064,-222,0,5245,0x07
2026-09-06T10:58:02.145,1107,0,2,50,751,340,11020,-272,0,5922,0x07
2026-09-06T10:58:02.194,1108,0,2,51,769,275,11533,-251,0,5639,0x07
2026-09-06T10:58:02.275,1109,0,2,51,806,333,11766,-248,0,5605,0x07
2026-09-06T10:58:02.340,1110,0,2,52,857,385,12204,-232,0,5387,0x07
2026-09-06T10:58:02.405,1111,0,2,53,860,302,12600,-106,0,3672,0x07
2026-09-06T10:58:02.470,1112,0,2,51,860,314,12550,-106,0,3672,0x07
2026-09-06T10:58:02.535,1113,0,2,51,844,353,12177,-59,0,3042,0x07
2026-09-06T10:58:02.600,1114,0,2,50,817,400,11625,-16,0,2465,0x07
2026-09-06T10:58:02.664,1115,0,2,50,817,480,11280,0,0,2316,0x07
2026-09-06T10:58:02.729,1116,0,2,50,812,500,11134,8,0,2350,0x07
2026-09-06T10:58:02.810,1117,0,2,51,799,529,10841,45,0,2848,0x07
2026-09-06T10:58:02.875,1118,0,2,51,803,510,10977,70,0,3194,0x07
2026-09-06T10:58:02.939,1119,0,2,51,783,412,11129,111,20,3665,0x07
2026-09-06T10:58:03.004,1120,0,2,51,783,392,11217,148,0,4241,0x07
2026-09-06T10:58:03.069,1121,0,2,53,739,396,10623,216,0,5159,0x07
2026-09-06T10:58:03.133,1122,0,2,51,739,294,11057,216,59,4909,0x07
2026-09-06T10:58:03.198,1123,0,2,51,753,294,11241,197,275,3746,0x07
2026-09-06T10:58:03.279,1124,0,2,52,861,288,12676,392,212,6652,0x07
2026-09-06T10:58:03.343,1125,0,2,54,983,352,13992,505,500,6951,0x07
2026-09-06T10:58:03.408,1126,0,2,51,983,353,13987,505,490,6993,0x07
2026-09-06T10:58:03.473,1127,0,2,51,1033,392,14473,606,373,8858,0x07
2026-09-06T10:58:03.538,1128,0,2,50,1017,440,14066,530,260,8307,0x07
2026-09-06T10:58:03.602,1129,0,2,51,1014,451,13971,572,196,9152,0x07
2026-09-06T10:58:03.683,1130,0,2,51,1029,490,14016,605,353,8931,0x07
2026-09-06T10:58:03.732,1131,0,2,51,1021,490,13921,574,137,9422,0x07
2026-09-06T10:58:03.813,1132,0,2,50,989,540,13309,511,220,8217,0x07
2026-09-06T10:58:03.878,1133,0,2,51,906,569,12097,394,0,7569,0x07
2026-09-06T10:58:03.943,1134,0,2,56,752,625,9845,164,0,4459,0x07
2026-09-06T10:58:04.009,1135,0,2,52,752,558,10138,164,0,4459,0x07
2026-09-06T10:58:04.073,1136,0,2,51,0,0,0,0,0,0,0x03
2026-09-06T10:58:04.139,1137,0,2,52,0,0,8096,0,0,2736,0x07
2026-09-06T10:58:04.220,1138,0,2,56,637,518,8806,144,0,4193,0x07
2026-09-06T10:58:04.268,1139,0,2,51,637,196,10174,144,0,4193,0x07
2026-09-06T10:58:04.349,1140,0,2,50,670,180,10674,229,0,5340,0x07
2026-09-06T10:58:04.414,1141,0,2,52,686,135,11076,158,0,4378,0x07
2026-09-06T10:58:04.479,1142,0,2,50,666,140,10787,185,0,4742,0x07
2026-09-06T10:58:04.545,1143,0,2,51,652,137,10614,124,0,3923,0x07
2026-09-06T10:58:04.610,1144,0,2,52,623,115,10335,79,0,3317,0x07
2026-09-06T10:58:04.675,1145,0,2,50,600,40,10356,60,0,3047,0x07
2026-09-06T10:58:04.740,1146,0,2,50,597,20,10397,147,0,4235,0x07
2026-09-06T10:58:04.805,1147,0,2,50,623,0,10821,207,0,5041,0x07
2026-09-06T10:58:04.886,1148,0,2,55,662,0,11338,158,0,4373,0x07
2026-09-06T10:58:04.952,1149,0,2,51,662,0,11338,158,0,4373,0x07
2026-09-06T10:58:05.017,1150,0,2,51,648,0,11153,272,0,5927,0x07
2026-09-06T10:58:05.083,1151,0,2,52,677,0,11529,265,0,5823,0x07
2026-09-06T10:58:05.148,1152,0,2,50,681,0,11576,169,0,4525,0x07
2026-09-06T10:58:05.213,1153,0,2,51,651,0,11193,132,0,4028,0x07
2026-09-06T10:58:05.278,1154,0,2,51,717,0,12058,243,0,5534,0x07
2026-09-06T10:58:05.343,1155,0,2,52,717,0,12058,243,0,5534,0x07
2026-09-06T10:58:05.408,1156,0,2,50,692,0,11727,315,0,6504,0x07
2026-09-06T10:58:05.490,1157,0,2,51,706,0,11908,326,0,6651,0x07
2026-09-06T10:58:05.555,1158,0,2,52,0,0,17582,330,0,6704,0x07
2026-09-06T10:58:05.619,1159,0,2,51,-1687,-725,21668,1750,0,25924,0x07
2026-09-06T10:58:05.684,1160,0,2,52,-1687,-385,23117,1750,192,25106,0x07
2026-09-06T10:58:05.750,1161,0,2,51,-1687,-549,22418,1750,412,24174,0x07
2026-09-06T10:58:05.880,1162,0,2,51,-1687,-824,21252,1750,529,23674,0x07
2026-09-06T10:58:05.944,1163,0,2,50,-1687,-1000,20502,1750,620,23288,0x07
2026-09-06T10:58:06.025,1164,0,2,50,0,0,0,0,0,0,0x03
2026-09-06T10:58:06.074,1165,0,2,53,0,0,0,0,0,0,0x03
2026-09-06T10:58:06.155,1166,0,2,50,0,0,0,0,0,0,0x03
2026-09-06T10:58:06.220,1167,0,2,51,0,0,17161,0,0,14463,0x07
2026-09-06T10:58:06.285,1168,0,2,50,1639,140,23534,0,0,34729,0x07
2026-09-06T10:58:06.351,1169,0,2,51,1090,392,15271,3500,2333,39687,0x07
2026-09-06T10:58:06.416,1170,0,2,50,3374,480,40000,3285,980,40000,0x07
2026-09-06T10:58:06.481,1171,0,2,50,0,0,13087,3411,1140,40000,0x07
2026-09-06T10:58:06.546,1172,0,2,56,3374,18,40000,1828,964,22885,0x07
2026-09-06T10:58:06.611,1173,0,2,50,3374,2160,37654,1828,1000,22734,0x07
2026-09-06T10:58:06.692,1174,0,2,50,2444,1580,27947,2428,1020,30762,0x07
2026-09-06T10:58:06.757,1175,0,2,51,576,1176,5208,2213,941,28193,0x07
2026-09-06T10:58:06.822,1176,0,2,50,699,700,8841,1401,760,17966,0x07
2026-09-06T10:58:06.887,1177,0,2,50,466,840,5194,1267,860,15732,0x07
2026-09-06T10:58:06.951,1178,0,2,53,438,528,6156,1296,792,16407,0x07
2026-09-06T10:58:07.016,1179,0,2,50,438,540,6106,1296,760,16545,0x07
2026-09-06T10:58:07.081,1180,0,2,51,1706,490,22920,1770,843,22613,0x07
2026-09-06T10:58:07.161,1181,0,2,51,1271,882,15556,1877,1059,23137,0x07
2026-09-06T10:58:07.226,1182,0,2,57,1655,684,21428,2108,947,26737,0x07
2026-09-06T10:58:07.291,1183,0,2,51,0,0,0,0,0,0,0x03
2026-09-06T10:58:07.356,1184,0,2,52,0,0,0,0,0,0,0x03
2026-09-06T10:58:07.421,1185,0,2,55,0,0,0,0,0,0,0x03
2026-09-06T10:58:07.486,1186,0,2,50,0,0,0,0,0,0,0x03
2026-09-06T10:58:07.745,1187,0,2,51,0,0,0,0,0,0,0x03
2026-09-06T10:58:09.702,1188,0,2,51,0,0,0,0,0,0,0x03
2026-09-06T10:58:09.767,1189,0,2,51,2117,0,30379,2464,20,35506,0x07
2026-09-06T10:58:09.832,1190,0,2,50,0,0,21799,0,0,26312,0x07
2026-09-06T10:58:09.896,1191,0,2,50,0,0,0,0,0,0,0x03
2026-09-06T10:58:09.962,1192,0,2,55,2736,0,38487,2945,0,40000,0x07
2026-09-06T10:58:10.026,1193,0,2,51,0,0,0,0,0,0,0x03
2026-09-06T10:58:10.107,1194,0,2,51,0,0,26044,0,0,30336,0x07
2026-09-06T10:58:10.172,1195,0,2,51,0,0,0,0,0,0,0x03
2026-09-06T10:58:10.237,1196,0,2,50,0,0,0,0,0,0,0x03
2026-09-06T10:58:10.302,1197,0,2,51,0,0,0,0,0,0,0x03
2026-09-06T10:58:10.367,1198,0,2,50,0,0,0,0,0,0,0x03
2026-09-06T10:58:10.431,1199,0,2,52,0,0,0,0,0,0,0x03
2026-09-06T10:58:10.496,1200,0,2,51,0,0,0,0,0,0,0x03
2026-09-06T10:58:10.561,1201,0,2,52,0,0,0,0,0,0,0x03
2026-09-06T10:58:10.642,1202,0,2,50,0,0,0,0,0,0,0x03
2026-09-06T10:58:10.707,1203,0,2,50,0,0,0,0,0,0,0x03
2026-09-06T10:58:10.771,1204,0,2,50,0,0,0,0,0,0,0x03
2026-09-06T10:58:10.836,1205,0,2,50,0,0,0,0,0,0,0x03
2026-09-06T10:58:10.901,1206,0,2,50,0,0,0,0,0,0,0x03
2026-09-06T10:58:10.966,1207,0,2,51,0,0,0,0,0,0,0x03
2026-09-06T10:58:11.031,1208,0,2,50,0,0,0,0,0,0,0x03
2026-09-06T10:58:11.111,1209,0,2,52,0,0,0,0,0,0,0x03
2026-09-06T10:58:11.176,1210,0,2,50,0,0,0,0,0,0,0x03
2026-09-06T10:58:11.241,1211,0,2,50,0,0,0,0,0,0,0x03
2026-09-06T10:58:11.305,1212,0,2,51,0,0,0,0,0,0,0x03
2026-09-06T10:58:11.370,1213,0,2,52,0,0,0,0,0,0,0x03
2026-09-06T10:58:11.435,1214,0,2,51,0,0,0,0,0,0,0x03
2026-09-06T10:58:11.499,1215,0,2,50,0,0,0,0,0,0,0x03
2026-09-06T10:58:11.564,1216,0,2,50,0,0,0,0,0,0,0x03
2026-09-06T10:58:11.646,1217,0,2,50,0,0,0,0,0,0,0x03
2026-09-06T10:58:11.711,1218,0,2,55,0,0,0,0,0,0,0x03
2026-09-06T10:58:11.776,1219,0,2,52,0,0,0,0,0,0,0x03
2026-09-06T10:58:11.841,1220,0,2,51,0,0,0,0,0,0,0x03
2026-09-06T10:58:11.905,1221,0,2,51,0,0,0,0,0,0,0x03
2026-09-06T10:58:11.970,1222,0,2,51,0,0,0,0,0,0,0x03
2026-09-06T10:58:12.035,1223,0,2,50,0,0,0,0,0,0,0x03
2026-09-06T10:58:12.100,1224,0,2,51,0,0,0,0,0,0,0x03
2026-09-06T10:58:12.181,1225,0,2,50,0,0,0,0,0,0,0x03
2026-09-06T10:58:12.246,1226,0,2,51,0,0,0,0,0,0,0x03
2026-09-06T10:58:12.311,1227,0,2,50,0,0,0,0,0,0,0x03
2026-09-06T10:58:12.376,1228,0,2,52,0,0,0,0,0,0,0x03
2026-09-06T10:58:12.441,1229,0,2,50,0,0,0,0,0,0,0x03
2026-09-06T10:58:12.506,1230,0,2,50,0,0,0,0,0,0,0x03
2026-09-06T10:58:12.571,1231,0,2,51,0,0,0,0,0,0,0x03
2026-09-06T10:58:12.635,1232,0,2,51,0,0,0,0,0,0,0x03
2026-09-06T10:58:12.716,1233,0,2,51,0,0,0,0,0,0,0x03
2026-09-06T10:58:12.781,1234,0,2,56,0,0,0,0,0,0,0x03
2026-09-06T10:58:12.846,1235,0,2,51,0,0,0,0,0,0,0x03
2026-09-06T10:58:12.911,1236,0,2,50,0,0,0,0,0,0,0x03
2026-09-06T10:58:12.976,1237,0,2,51,0,0,0,0,0,0,0x03
2026-09-06T10:58:13.041,1238,0,2,50,0,0,0,0,0,0,0x03
2026-09-06T10:58:13.106,1239,0,2,51,0,0,0,0,0,0,0x03
2026-09-06T10:58:13.187,1240,0,2,55,0,0,0,0,0,0,0x03
2026-09-06T10:58:13.236,1241,0,2,50,0,0,0,0,0,0,0x03
2026-09-06T10:58:13.316,1242,0,2,52,0,0,0,0,0,0,0x03
2026-09-06T10:58:13.381,1243,0,2,50,0,0,0,0,0,0,0x03
2026-09-06T10:58:13.446,1244,0,2,50,0,0,0,0,0,0,0x03
2026-09-06T10:58:13.511,1245,0,2,51,0,0,0,0,0,0,0x03
2026-09-06T10:58:13.576,1246,0,2,51,0,0,0,0,0,0,0x03
2026-09-06T10:58:13.641,1247,0,2,51,0,0,0,0,0,0,0x03
2026-09-06T10:58:13.722,1248,0,2,50,0,0,0,0,0,0,0x03
2026-09-06T10:58:13.786,1249,0,2,52,0,0,0,0,0,0,0x03
2026-09-06T10:58:13.851,1250,0,2,50,0,0,0,0,0,0,0x03
2026-09-06T10:58:13.916,1251,0,2,51,0,0,0,0,0,0,0x03
2026-09-06T10:58:13.981,1252,0,2,50,0,0,0,0,0,0,0x03
2026-09-06T10:58:14.045,1253,0,2,50,0,0,0,0,0,0,0x03
2026-09-06T10:58:14.110,1254,0,2,51,0,0,0,0,0,0,0x03
2026-09-06T10:58:14.175,1255,0,2,52,0,0,0,0,0,0,0x03
2026-09-06T10:58:14.256,1256,0,2,52,0,0,0,0,0,0,0x03
2026-09-06T10:58:14.321,1257,0,2,51,0,0,0,0,0,0,0x03
2026-09-06T10:58:14.386,1258,0,2,50,0,0,0,0,0,0,0x03
2026-09-06T10:58:14.451,1259,0,2,52,0,0,0,0,0,0,0x03
2026-09-06T10:58:14.515,1260,0,2,52,0,0,0,0,0,0,0x03
2026-09-06T10:58:14.580,1261,0,2,50,0,0,0,0,0,0,0x03
2026-09-06T10:58:14.645,1262,0,2,50,0,0,0,0,0,0,0x03
2026-09-06T10:58:14.726,1263,0,2,51,0,0,0,0,0,0,0x03
2026-09-06T10:58:14.775,1264,0,2,52,0,0,0,0,0,0,0x03
2026-09-06T10:58:14.856,1265,0,2,54,0,0,0,0,0,0,0x03
2026-09-06T10:58:14.920,1266,0,2,54,0,0,0,0,0,0,0x03
2026-09-06T10:58:14.985,1267,0,2,52,0,0,0,0,0,0,0x03
2026-09-06T10:58:15.050,1268,0,2,50,0,0,0,0,0,0,0x03
2026-09-06T10:58:15.115,1269,0,2,53,0,0,0,0,0,0,0x03
2026-09-06T10:58:15.180,1270,0,2,51,0,0,0,0,0,0,0x03
2026-09-06T10:58:15.261,1271,0,2,52,0,0,0,0,0,0,0x03
2026-09-06T10:58:15.326,1272,0,2,51,0,0,0,0,0,0,0x03
2026-09-06T10:58:15.391,1273,0,2,50,0,0,0,0,0,0,0x03
2026-09-06T10:58:15.455,1274,0,2,51,0,0,0,0,0,0,0x03
2026-09-06T10:58:15.520,1275,0,2,51,0,0,0,0,0,0,0x03
2026-09-06T10:58:15.585,1276,0,2,51,0,0,0,0,0,0,0x03
2026-09-06T10:58:15.649,1277,0,2,51,0,0,0,0,0,0,0x03
2026-09-06T10:58:15.714,1278,0,2,52,0,0,0,0,0,0,0x03
2026-09-06T10:58:15.795,1279,0,2,52,0,0,0,0,0,0,0x03
2026-09-06T10:58:15.860,1280,0,2,50,0,0,0,0,0,0,0x03
2026-09-06T10:58:15.924,1281,0,2,50,0,0,0,0,0,0,0x03
2026-09-06T10:58:15.989,1282,0,2,50,0,0,0,0,0,0,0x03
2026-09-06T10:58:16.054,1283,0,2,50,0,0,0,0,0,0,0x03
2026-09-06T10:58:16.118,1284,0,2,51,0,0,0,0,0,0,0x03
2026-09-06T10:58:16.183,1285,0,2,53,0,0,0,0,0,0,0x03
2026-09-06T10:58:16.264,1286,0,2,51,0,0,0,0,0,0,0x03
2026-09-06T10:58:16.329,1287,0,2,51,0,0,0,0,0,0,0x03
2026-09-06T10:58:16.394,1288,0,2,51,0,0,0,0,0,0,0x03
2026-09-06T10:58:16.458,1289,0,2,51,0,0,0,0,0,0,0x03
2026-09-06T10:58:16.523,1290,0,2,52,0,0,0,0,0,0,0x03
2026-09-06T10:58:16.588,1291,0,2,51,0,0,0,0,0,0,0x03
2026-09-06T10:58:16.652,1292,0,2,51,0,0,0,0,0,0,0x03
2026-09-06T10:58:16.717,1293,0,2,50,0,0,0,0,0,0,0x03
2026-09-06T10:58:16.798,1294,0,2,52,0,0,0,0,0,0,0x03
2026-09-06T10:58:16.863,1295,0,2,52,0,0,0,0,0,0,0x03
2026-09-06T10:58:16.928,1296,0,2,50,0,0,0,0,0,0,0x03
2026-09-06T10:58:16.993,1297,0,2,50,0,0,0,0,0,0,0x03
2026-09-06T10:58:17.058,1298,0,2,51,0,0,0,0,0,0,0x03
2026-09-06T10:58:17.122,1299,0,2,50,0,0,0,0,0,0,0x03
2026-09-06T10:58:17.187,1300,0,2,51,0,0,0,0,0,0,0x03
2026-09-06T10:58:17.268,1301,0,2,52,0,0,0,0,0,0,0x03
2026-09-06T10:58:17.333,1302,0,2,52,0,0,0,0,0,0,0x03
2026-09-06T10:58:17.397,1303,0,2,50,0,0,0,0,0,0,0x03
2026-09-06T10:58:17.462,1304,0,2,51,0,0,0,0,0,0,0x03
2026-09-06T10:58:17.526,1305,0,2,51,0,0,0,0,0,0,0x03
2026-09-06T10:58:17.591,1306,0,2,50,0,0,0,0,0,0,0x03
2026-09-06T10:58:17.656,1307,0,2,52,0,0,0,0,0,0,0x03
2026-09-06T10:58:17.737,1308,0,2,51,0,0,0,0,0,0,0x03
2026-09-06T10:58:17.802,1309,0,2,51,0,0,0,0,0,0,0x03
2026-09-06T10:58:17.866,1310,0,2,53,0,0,0,0,0,0,0x03
2026-09-06T10:58:17.931,1311,0,2,51,0,0,0,0,0,0,0x03
2026-09-06T10:58:17.996,1312,0,2,50,0,0,0,0,0,0,0x03
2026-09-06T10:58:18.061,1313,0,2,52,0,0,0,0,0,0,0x03
2026-09-06T10:58:18.126,1314,0,2,52,0,0,0,0,0,0,0x03
2026-09-06T10:58:18.190,1315,0,2,50,0,0,0,0,0,0,0x03
2026-09-06T10:58:18.271,1316,0,2,52,0,0,0,0,0,0,0x03
2026-09-06T10:58:18.336,1317,0,2,50,0,0,0,0,0,0,0x03
2026-09-06T10:58:18.401,1318,0,2,51,0,0,0,0,0,0,0x03
2026-09-06T10:58:18.465,1319,0,2,51,0,0,0,0,0,0,0x03
2026-09-06T10:58:18.530,1320,0,2,54,0,0,0,0,0,0,0x03
2026-09-06T10:58:18.595,1321,0,2,50,0,0,0,0,0,0,0x03
2026-09-06T10:58:18.660,1322,0,2,51,0,0,0,0,0,0,0x03
2026-09-06T10:58:18.725,1323,0,2,51,0,0,0,0,0,0,0x03
2026-09-06T10:58:18.806,1324,0,2,50,0,0,0,0,0,0,0x03
2026-09-06T10:58:18.871,1325,0,2,50,0,0,0,0,0,0,0x03
2026-09-06T10:58:18.935,1326,0,2,53,0,0,0,0,0,0,0x03
2026-09-06T10:58:19.000,1327,0,2,50,0,0,0,0,0,0,0x03
2026-09-06T10:58:19.065,1328,0,2,51,0,0,0,0,0,0,0x03
2026-09-06T10:58:19.130,1329,0,2,51,0,0,0,0,0,0,0x03
2026-09-06T10:58:19.195,1330,0,2,55,0,0,0,0,0,0,0x03
2026-09-06T10:58:19.276,1331,0,2,50,0,0,0,0,0,0,0x03
2026-09-06T10:58:19.341,1332,0,2,52,0,0,0,0,0,0,0x03
2026-09-06T10:58:19.406,1333,0,2,51,0,0,0,0,0,0,0x03
2026-09-06T10:58:19.471,1334,0,2,52,0,0,0,0,0,0,0x03
2026-09-06T10:58:19.536,1335,0,2,51,0,0,0,0,0,0,0x03
2026-09-06T10:58:19.602,1336,0,2,50,0,0,0,0,0,0,0x03
2026-09-06T10:58:19.666,1337,0,2,50,0,0,0,0,0,0,0x03
2026-09-06T10:58:19.732,1338,0,2,50,0,0,0,0,0,0,0x03
2026-09-06T10:58:19.797,1339,0,2,51,0,0,0,0,0,0,0x03
2026-09-06T10:58:19.878,1340,0,2,54,0,0,0,0,0,0,0x03
2026-09-06T10:58:19.943,1341,0,2,51,0,0,0,0,0,0,0x03
2026-09-06T10:58:20.008,1342,0,2,51,0,0,0,0,0,0,0x03
2026-09-06T10:58:20.073,1343,0,2,51,0,0,0,0,0,0,0x03
2026-09-06T10:58:20.138,1344,0,2,52,0,0,0,0,0,0,0x03
2026-09-06T10:58:20.203,1345,0,2,50,0,0,0,0,0,0,0x03
2026-09-06T10:58:20.268,1346,0,2,50,0,0,0,0,0,0,0x03
2026-09-06T10:58:20.333,1347,0,2,50,0,0,0,0,0,0,0x03
2026-09-06T10:58:20.414,1348,0,2,50,0,0,0,0,0,0,0x03
2026-09-06T10:58:20.479,1349,0,2,50,0,0,0,0,0,0,0x03
2026-09-06T10:58:20.544,1350,0,2,50,0,0,0,0,0,0,0x03
2026-09-06T10:58:20.609,1351,0,2,51,0,0,0,0,0,0,0x03
2026-09-06T10:58:20.674,1352,0,2,51,0,0,0,0,0,0,0x03
2026-09-06T10:58:20.739,1353,0,2,51,0,0,0,0,0,0,0x03
2026-09-06T10:58:20.803,1354,0,2,52,0,0,0,0,0,0,0x03
2026-09-06T10:58:20.868,1355,0,2,51,0,0,0,0,0,0,0x03
2026-09-06T10:58:20.949,1356,0,2,50,0,0,0,0,0,0,0x03
2026-09-06T10:58:21.013,1357,0,2,51,0,0,0,0,0,0,0x03
2026-09-06T10:58:21.078,1358,0,2,50,0,0,0,0,0,0,0x03
2026-09-06T10:58:21.142,1359,0,2,51,0,0,0,0,0,0,0x03
2026-09-06T10:58:21.207,1360,0,2,50,0,0,0,0,0,0,0x03
2026-09-06T10:58:21.271,1361,0,2,50,0,0,0,0,0,0,0x03
2026-09-06T10:58:21.336,1362,0,2,50,0,0,0,0,0,0,0x03
2026-09-06T10:58:21.417,1363,0,2,50,0,0,0,0,0,0,0x03
2026-09-06T10:58:21.481,1364,0,2,50,0,0,0,0,0,0,0x03
2026-09-06T10:58:21.546,1365,0,2,51,0,0,0,0,0,0,0x03
2026-09-06T10:58:21.611,1366,0,2,51,0,0,0,0,0,0,0x03
2026-09-06T10:58:21.675,1367,0,2,50,0,0,0,0,0,0,0x03
2026-09-06T10:58:21.740,1368,0,2,50,0,0,0,0,0,0,0x03
2026-09-06T10:58:21.804,1369,0,2,51,0,0,0,0,0,0,0x03
2026-09-06T10:58:21.885,1370,0,2,50,0,0,0,0,0,0,0x03
2026-09-06T10:58:21.950,1371,0,2,52,0,0,0,0,0,0,0x03
2026-09-06T10:58:22.014,1372,0,2,50,0,0,0,0,0,0,0x03
2026-09-06T10:58:22.079,1373,0,2,50,0,0,0,0,0,0,0x03
2026-09-06T10:58:22.143,1374,0,2,51,0,0,0,0,0,0,0x03
2026-09-06T10:58:22.208,1375,0,2,51,0,0,0,0,0,0,0x03
2026-09-06T10:58:22.273,1376,0,2,51,0,0,0,0,0,0,0x03
2026-09-06T10:58:22.354,1377,0,2,52,0,0,0,0,0,0,0x03
2026-09-06T10:58:22.419,1378,0,2,51,0,0,0,0,0,0,0x03
2026-09-06T10:58:22.484,1379,0,2,51,0,0,0,0,0,0,0x03
2026-09-06T10:58:22.548,1380,0,2,51,0,0,0,0,0,0,0x03
2026-09-06T10:58:22.613,1381,0,2,51,0,0,0,0,0,0,0x03
2026-09-06T10:58:22.678,1382,0,2,50,0,0,0,0,0,0,0x03
2026-09-06T10:58:22.743,1383,0,2,50,0,0,0,0,0,0,0x03
2026-09-06T10:58:22.808,1384,0,2,50,0,0,0,0,0,0,0x03
2026-09-06T10:58:22.889,1385,0,2,51,0,0,0,0,0,0,0x03
2026-09-06T10:58:22.954,1386,0,2,51,0,0,0,0,0,0,0x03
2026-09-06T10:58:23.019,1387,0,2,51,0,0,0,0,0,0,0x03
2026-09-06T10:58:23.084,1388,0,2,50,0,0,0,0,0,0,0x03
2026-09-06T10:58:23.149,1389,0,2,50,0,0,0,0,0,0,0x03
2026-09-06T10:58:23.214,1390,0,2,51,0,0,0,0,0,0,0x03
2026-09-06T10:58:23.278,1391,0,2,51,0,0,0,0,0,0,0x03
2026-09-06T10:58:23.343,1392,0,2,50,0,0,0,0,0,0,0x03
2026-09-06T10:58:23.424,1393,0,2,51,0,0,0,0,0,0,0x03
2026-09-06T10:58:23.489,1394,0,2,52,0,0,0,0,0,0,0x03
2026-09-06T10:58:23.554,1395,0,2,50,0,0,0,0,0,0,0x03
2026-09-06T10:58:23.619,1396,0,2,51,0,0,0,0,0,0,0x03
2026-09-06T10:58:23.683,1397,0,2,50,0,0,0,0,0,0,0x03
2026-09-06T10:58:23.748,1398,0,2,50,0,0,0,0,0,0,0x03
2026-09-06T10:58:23.813,1399,0,2,50,0,0,0,0,0,0,0x03
2026-09-06T10:58:23.878,1400,0,2,51,0,0,0,0,0,0,0x03
2026-09-06T10:58:23.959,1401,0,2,51,0,0,0,0,0,0,0x03
2026-09-06T10:58:24.024,1402,0,2,52,0,0,0,0,0,0,0x03
2026-09-06T10:58:24.089,1403,0,2,51,0,0,0,0,0,0,0x03
2026-09-06T10:58:24.154,1404,0,2,50,0,0,0,0,0,0,0x03
2026-09-06T10:58:24.219,1405,0,2,50,0,0,0,0,0,0,0x03
2026-09-06T10:58:24.284,1406,0,2,50,0,0,0,0,0,0,0x03
2026-09-06T10:58:24.349,1407,0,2,51,0,0,0,0,0,0,0x03
2026-09-06T10:58:24.414,1408,0,2,51,0,0,0,0,0,0,0x03
2026-09-06T10:58:24.495,1409,0,2,50,0,0,0,0,0,0,0x03
2026-09-06T10:58:24.560,1410,0,2,51,0,0,0,0,0,0,0x03
2026-09-06T10:58:24.625,1411,0,2,51,0,0,0,0,0,0,0x03
2026-09-06T10:58:24.690,1412,0,2,50,0,0,0,0,0,0,0x03
2026-09-06T10:58:24.755,1413,0,2,52,0,0,0,0,0,0,0x03
2026-09-06T10:58:24.820,1414,0,2,51,0,0,0,0,0,0,0x03
2026-09-06T10:58:24.885,1415,0,2,52,0,0,0,0,0,0,0x03
2026-09-06T10:58:24.950,1416,0,2,50,0,0,0,0,0,0,0x03
2026-09-06T10:58:25.032,1417,0,2,50,0,0,0,0,0,0,0x03
2026-09-06T10:58:25.097,1418,0,2,50,0,0,0,0,0,0,0x03
2026-09-06T10:58:25.162,1419,0,2,50,0,0,0,0,0,0,0x03
2026-09-06T10:58:25.227,1420,0,2,50,0,0,0,0,0,0,0x03
2026-09-06T10:58:25.292,1421,0,2,50,0,0,0,0,0,0,0x03
2026-09-06T10:58:25.357,1422,0,2,52,0,0,0,0,0,0,0x03
2026-09-06T10:58:25.422,1423,0,2,50,0,0,0,0,0,0,0x03
2026-09-06T10:58:25.487,1424,0,2,51,0,0,0,0,0,0,0x03
2026-09-06T10:58:25.568,1425,0,2,51,0,0,0,0,0,0,0x03
2026-09-06T10:58:25.617,1426,0,2,50,0,0,0,0,0,0,0x03
2026-09-06T10:58:25.698,1427,0,2,51,0,0,0,0,0,0,0x03
2026-09-06T10:58:25.762,1428,0,2,52,0,0,0,0,0,0,0x03
2026-09-06T10:58:25.827,1429,0,2,50,0,0,0,0,0,0,0x03
2026-09-06T10:58:25.892,1430,0,2,52,0,0,0,0,0,0,0x03
2026-09-06T10:58:25.957,1431,0,2,50,0,0,0,0,0,0,0x03
2026-09-06T10:58:26.022,1432,0,2,50,0,0,0,0,0,0,0x03
2026-09-06T10:58:26.103,1433,0,2,51,0,0,0,0,0,0,0x03
2026-09-06T10:58:26.168,1434,0,2,51,0,0,0,0,0,0,0x03
2026-09-06T10:58:26.232,1435,0,2,52,0,0,0,0,0,0,0x03
2026-09-06T10:58:26.297,1436,0,2,51,0,0,0,0,0,0,0x03
2026-09-06T10:58:26.362,1437,0,2,52,0,0,0,0,0,0,0x03
2026-09-06T10:58:26.427,1438,0,2,51,0,0,0,0,0,0,0x03
2026-09-06T10:58:26.492,1439,0,2,52,0,0,0,0,0,0,0x03
2026-09-06T10:58:26.573,1440,0,2,52,0,0,0,0,0,0,0x03
2026-09-06T10:58:26.622,1441,0,2,51,0,0,0,0,0,0,0x03
2026-09-06T10:58:26.703,1442,0,2,50,0,0,0,0,0,0,0x03
2026-09-06T10:58:26.768,1443,0,2,52,0,0,0,0,0,0,0x03
2026-09-06T10:58:26.834,1444,0,2,50,0,0,0,0,0,0,0x03
2026-09-06T10:58:26.899,1445,0,2,50,0,0,0,0,0,0,0x03
2026-09-06T10:58:26.964,1446,0,2,53,0,0,0,0,0,0,0x03
2026-09-06T10:58:27.029,1447,0,2,50,0,0,0,0,0,0,0x03
2026-09-06T10:58:27.094,1448,0,2,51,0,0,0,0,0,0,0x03
2026-09-06T10:58:27.159,1449,0,2,50,0,0,0,0,0,0,0x03
2026-09-06T10:58:27.240,1450,0,2,50,0,0,0,0,0,0,0x03
2026-09-06T10:58:27.305,1451,0,2,50,0,0,0,0,0,0,0x03
2026-09-06T10:58:27.370,1452,0,2,54,0,0,0,0,0,0,0x03
2026-09-06T10:58:27.434,1453,0,2,51,0,0,0,0,0,0,0x03
2026-09-06T10:58:27.499,1454,0,2,51,0,0,0,0,0,0,0x03
2026-09-06T10:58:27.564,1455,0,2,51,0,0,0,0,0,0,0x03
2026-09-06T10:58:27.629,1456,0,2,50,0,0,0,0,0,0,0x03
2026-09-06T10:58:27.694,1457,0,2,52,0,0,0,0,0,0,0x03
2026-09-06T10:58:27.775,1458,0,2,50,0,0,0,0,0,0,0x03
2026-09-06T10:58:27.840,1459,0,2,51,0,0,0,0,0,0,0x03
2026-09-06T10:58:27.905,1460,0,2,50,0,0,0,0,0,0,0x03
2026-09-06T10:58:27.970,1461,0,2,50,0,0,0,0,0,0,0x03
2026-09-06T10:58:28.035,1462,0,2,50,0,0,0,0,0,0,0x03
2026-09-06T10:58:28.100,1463,0,2,50,0,0,0,0,0,0,0x03
2026-09-06T10:58:28.165,1464,0,2,51,0,0,0,0,0,0,0x03
2026-09-06T10:58:28.230,1465,0,2,51,0,0,0,0,0,0,0x03
2026-09-06T10:58:28.311,1466,0,2,52,0,0,0,0,0,0,0x03
2026-09-06T10:58:28.376,1467,0,2,51,0,0,0,0,0,0,0x03
2026-09-06T10:58:28.441,1468,0,2,51,0,0,0,0,0,0,0x03
2026-09-06T10:58:28.506,1469,0,2,51,0,0,0,0,0,0,0x03
2026-09-06T10:58:28.571,1470,0,2,50,0,0,0,0,0,0,0x03
2026-09-06T10:58:28.636,1471,0,2,50,0,0,0,0,0,0,0x03
2026-09-06T10:58:28.701,1472,0,2,52,0,0,0,0,0,0,0x03
2026-09-06T10:58:28.766,1473,0,2,50,0,0,0,0,0,0,0x03
2026-09-06T10:58:28.847,1474,0,2,52,0,0,0,0,0,0,0x03
2026-09-06T10:58:28.912,1475,0,2,50,0,0,0,0,0,0,0x03
2026-09-06T10:58:28.977,1476,0,2,50,0,0,0,0,0,0,0x03
2026-09-06T10:58:29.042,1477,0,2,53,0,0,0,0,0,0,0x03
2026-09-06T10:58:29.106,1478,0,2,52,0,0,0,0,0,0,0x03
2026-09-06T10:58:29.171,1479,0,2,51,0,0,0,0,0,0,0x03
2026-09-06T10:58:29.236,1480,0,2,50,0,0,0,0,0,0,0x03
2026-09-06T10:58:29.301,1481,0,2,54,0,0,0,0,0,0,0x03
2026-09-06T10:58:29.382,1482,0,2,51,0,0,0,0,0,0,0x03
2026-09-06T10:58:29.447,1483,0,2,50,0,0,0,0,0,0,0x03
2026-09-06T10:58:29.512,1484,0,2,50,0,0,0,0,0,0,0x03
2026-09-06T10:58:29.577,1485,0,2,51,0,0,0,0,0,0,0x03
2026-09-06T10:58:29.642,1486,0,2,50,0,0,0,0,0,0,0x03
2026-09-06T10:58:29.706,1487,0,2,53,0,0,0,0,0,0,0x03
2026-09-06T10:58:29.771,1488,0,2,50,0,0,0,0,0,0,0x03
2026-09-06T10:58:29.836,1489,0,2,50,0,0,0,0,0,0,0x03
2026-09-06T10:58:29.918,1490,0,2,51,0,0,0,0,0,0,0x03
2026-09-06T10:58:29.983,1491,0,2,50,0,0,0,0,0,0,0x03
2026-09-06T10:58:30.048,1492,0,2,50,0,0,0,0,0,0,0x03
2026-09-06T10:58:30.113,1493,0,2,54,0,0,0,0,0,0,0x03
2026-09-06T10:58:30.178,1494,0,2,50,0,0,0,0,0,0,0x03
2026-09-06T10:58:30.243,1495,0,2,50,0,0,0,0,0,0,0x03
2026-09-06T10:58:30.308,1496,0,2,50,0,0,0,0,0,0,0x03
2026-09-06T10:58:30.373,1497,0,2,50,0,0,0,0,0,0,0x03
2026-09-06T10:58:30.454,1498,0,2,50,0,0,0,0,0,0,0x03
2026-09-06T10:58:30.519,1499,0,2,51,0,0,0,0,0,0,0x03
2026-09-06T10:58:30.584,1500,0,2,50,0,0,0,0,0,0,0x03
2026-09-06T10:58:30.649,1501,0,2,50,0,0,0,0,0,0,0x03
2026-09-06T10:58:30.714,1502,0,2,50,0,0,0,0,0,0,0x03
2026-09-06T10:58:30.779,1503,0,2,52,0,0,0,0,0,0,0x03
2026-09-06T10:58:30.844,1504,0,2,50,0,0,0,0,0,0,0x03
2026-09-06T10:58:30.908,1505,0,2,51,0,0,0,0,0,0,0x03
2026-09-06T10:58:30.989,1506,0,2,50,0,0,0,0,0,0,0x03
2026-09-06T10:58:31.054,1507,0,2,51,0,0,0,0,0,0,0x03
2026-09-06T10:58:31.118,1508,0,2,52,0,0,0,0,0,0,0x03
2026-09-06T10:58:31.183,1509,0,2,51,0,0,0,0,0,0,0x03
2026-09-06T10:58:31.248,1510,0,2,51,0,0,0,0,0,0,0x03
2026-09-06T10:58:31.312,1511,0,2,51,0,0,0,0,0,0,0x03
2026-09-06T10:58:31.377,1512,0,2,53,0,0,0,0,0,0,0x03
2026-09-06T10:58:31.457,1513,0,2,52,0,0,0,0,0,0,0x03
2026-09-06T10:58:31.522,1514,0,2,51,0,0,0,0,0,0,0x03
2026-09-06T10:58:31.587,1515,0,2,55,0,0,0,0,0,0,0x03
2026-09-06T10:58:31.651,1516,0,2,52,0,0,0,0,0,0,0x03
2026-09-06T10:58:31.716,1517,0,2,52,0,0,0,0,0,0,0x03
2026-09-06T10:58:31.781,1518,0,2,51,0,0,0,0,0,0,0x03
2026-09-06T10:58:31.846,1519,0,2,54,0,0,0,0,0,0,0x03
2026-09-06T10:58:31.912,1520,0,2,50,0,0,0,0,0,0,0x03
2026-09-06T10:58:31.993,1521,0,2,51,0,0,0,0,0,0,0x03
2026-09-06T10:58:32.057,1522,0,2,52,0,0,0,0,0,0,0x03
2026-09-06T10:58:32.122,1523,0,2,50,0,0,0,0,0,0,0x03
2026-09-06T10:58:32.187,1524,0,2,50,0,0,0,0,0,0,0x03
2026-09-06T10:58:32.253,1525,0,2,50,0,0,0,0,0,0,0x03
2026-09-06T10:58:32.318,1526,0,2,50,0,0,0,0,0,0,0x03
2026-09-06T10:58:32.383,1527,0,2,50,0,0,0,0,0,0,0x03
2026-09-06T10:58:32.448,1528,0,2,50,0,0,0,0,0,0,0x03
2026-09-06T10:58:32.530,1529,0,2,51,0,0,0,0,0,0,0x03
2026-09-06T10:58:32.579,1530,0,2,52,0,0,0,0,0,0,0x03
2026-09-06T10:58:32.660,1531,0,2,51,0,0,0,0,0,0,0x03
2026-09-06T10:58:32.725,1532,0,2,51,0,0,0,0,0,0,0x03
2026-09-06T10:58:32.790,1533,0,2,52,0,0,0,0,0,0,0x03
2026-09-06T10:58:32.855,1534,0,2,51,0,0,0,0,0,0,0x03
2026-09-06T10:58:32.921,1535,0,2,50,0,0,0,0,0,0,0x03
2026-09-06T10:58:32.985,1536,0,2,50,0,0,0,0,0,0,0x03
2026-09-06T10:58:33.050,1537,0,2,50,0,0,0,0,0,0,0x03
2026-09-06T10:58:33.115,1538,0,2,51,0,0,0,0,0,0,0x03
2026-09-06T10:58:33.196,1539,0,2,50,0,0,0,0,0,0,0x03
2026-09-06T10:58:33.261,1540,0,2,51,0,0,0,0,0,0,0x03
2026-09-06T10:58:33.456,1541,0,2,51,0,0,0,0,0,0,0x03
2026-09-06T10:58:33.521,1542,0,2,50,0,0,0,0,0,0,0x03
2026-09-06T10:58:33.585,1543,0,2,51,0,0,0,0,0,0,0x03
2026-09-06T10:58:33.650,1544,0,2,52,0,0,0,0,0,0,0x03
2026-09-06T10:58:33.910,1545,0,2,51,0,0,0,0,0,0,0x03
2026-09-06T10:58:34.654,1546,0,2,50,0,0,0,0,0,0,0x03
2026-09-06T10:58:34.736,1547,0,2,51,0,0,0,0,0,0,0x03
2026-09-06T10:58:34.801,1548,0,2,50,0,0,0,0,0,0,0x03
2026-09-06T10:58:34.866,1549,0,2,51,0,0,0,0,0,0,0x03
2026-09-06T10:58:34.931,1550,0,2,51,0,0,0,0,0,0,0x03
2026-09-06T10:58:34.996,1551,0,2,53,0,0,0,0,0,0,0x03
2026-09-06T10:58:35.061,1552,0,2,50,0,0,0,0,0,0,0x03
2026-09-06T10:58:35.126,1553,0,2,51,0,0,0,0,0,0,0x03
2026-09-06T10:58:35.191,1554,0,2,51,0,0,0,0,0,0,0x03
2026-09-06T10:58:35.272,1555,0,2,55,0,0,0,0,0,0,0x03
2026-09-06T10:58:35.337,1556,0,2,51,0,0,0,0,0,0,0x03
2026-09-06T10:58:35.402,1557,0,2,51,0,0,0,0,0,0,0x03
2026-09-06T10:58:35.467,1558,0,2,52,0,0,0,0,0,0,0x03
2026-09-06T10:58:35.532,1559,0,2,52,0,0,0,0,0,0,0x03
2026-09-06T10:58:35.598,1560,0,2,50,0,0,0,0,0,0,0x03
2026-09-06T10:58:35.663,1561,0,2,51,0,0,0,0,0,0,0x03
2026-09-06T10:58:35.728,1562,0,2,52,0,0,0,0,0,0,0x03
2026-09-06T10:58:35.793,1563,0,2,50,0,0,0,0,0,0,0x03
2026-09-06T10:58:35.875,1564,0,2,51,0,0,0,0,0,0,0x03
2026-09-06T10:58:35.940,1565,0,2,51,0,0,0,0,0,0,0x03
2026-09-06T10:58:36.005,1566,0,2,51,0,0,0,0,0,0,0x03
2026-09-06T10:58:36.070,1567,0,2,53,0,0,0,0,0,0,0x03
2026-09-06T10:58:36.135,1568,0,2,51,0,0,0,0,0,0,0x03
2026-09-06T10:58:36.200,1569,0,2,50,0,0,0,0,0,0,0x03
2026-09-06T10:58:36.266,1570,0,2,50,0,0,0,0,0,0,0x03
2026-09-06T10:58:36.330,1571,0,2,50,0,0,0,0,0,0,0x03
2026-09-06T10:58:36.395,1572,0,2,52,0,0,0,0,0,0,0x03
2026-09-06T10:58:36.476,1573,0,2,50,0,0,0,0,0,0,0x03
2026-09-06T10:58:36.542,1574,0,2,52,0,0,0,0,0,0,0x03
2026-09-06T10:58:36.606,1575,0,2,52,0,0,0,0,0,0,0x03
2026-09-06T10:58:36.671,1576,0,2,50,0,0,0,0,0,0,0x03
2026-09-06T10:58:36.736,1577,0,2,51,0,0,0,0,0,0,0x03
2026-09-06T10:58:36.801,1578,0,2,50,0,0,0,0,0,0,0x03
2026-09-06T10:58:36.866,1579,0,2,50,0,0,0,0,0,0,0x03
2026-09-06T10:58:36.931,1580,0,2,51,0,0,0,0,0,0,0x03
2026-09-06T10:58:36.996,1581,0,2,51,0,0,0,0,0,0,0x03
2026-09-06T10:58:37.076,1582,0,2,52,0,0,0,0,0,0,0x03
2026-09-06T10:58:37.141,1583,0,2,51,0,0,0,0,0,0,0x03
2026-09-06T10:58:37.206,1584,0,2,52,0,0,0,0,0,0,0x03
2026-09-06T10:58:37.271,1585,0,2,50,0,0,0,0,0,0,0x03
2026-09-06T10:58:37.336,1586,0,2,50,0,0,0,0,0,0,0x03
2026-09-06T10:58:37.401,1587,0,2,51,0,0,0,0,0,0,0x03
2026-09-06T10:58:37.465,1588,0,2,50,0,0,0,0,0,0,0x03
2026-09-06T10:58:37.546,1589,0,2,50,0,0,0,0,0,0,0x03
2026-09-06T10:58:37.611,1590,0,2,53,0,0,0,0,0,0,0x03
2026-09-06T10:58:37.676,1591,0,2,51,0,0,0,0,0,0,0x03
2026-09-06T10:58:37.741,1592,0,2,52,0,0,0,0,0,0,0x03
2026-09-06T10:58:37.805,1593,0,2,51,0,0,0,0,0,0,0x03
2026-09-06T10:58:37.870,1594,0,2,50,0,0,0,0,0,0,0x03
2026-09-06T10:58:37.935,1595,0,2,51,0,0,0,0,0,0,0x03
2026-09-06T10:58:37.999,1596,0,2,52,0,0,0,0,0,0,0x03
2026-09-06T10:58:38.080,1597,0,2,50,0,0,0,0,0,0,0x03
2026-09-06T10:58:38.145,1598,0,2,50,0,0,0,0,0,0,0x03
2026-09-06T10:58:38.210,1599,0,2,51,0,0,0,0,0,0,0x03
2026-09-06T10:58:38.275,1600,0,2,52,0,0,0,0,0,0,0x03
2026-09-06T10:58:38.340,1601,0,2,50,0,0,0,0,0,0,0x03
2026-09-06T10:58:38.405,1602,0,2,51,0,0,0,0,0,0,0x03
2026-09-06T10:58:38.470,1603,0,2,51,0,0,0,0,0,0,0x03
2026-09-06T10:58:38.551,1604,0,2,52,0,0,0,0,0,0,0x03
2026-09-06T10:58:38.616,1605,0,2,51,0,0,0,0,0,0,0x03
2026-09-06T10:58:38.680,1606,0,2,51,0,0,0,0,0,0,0x03
2026-09-06T10:58:38.745,1607,0,2,52,0,0,0,0,0,0,0x03
2026-09-06T10:58:38.810,1608,0,2,51,0,0,0,0,0,0,0x03
2026-09-06T10:58:38.875,1609,0,2,51,0,0,0,0,0,0,0x03
2026-09-06T10:58:38.940,1610,0,2,51,0,0,0,0,0,0,0x03
2026-09-06T10:58:39.005,1611,0,2,50,0,0,0,0,0,0,0x03
2026-09-06T10:58:39.086,1612,0,2,51,0,0,0,0,0,0,0x03
2026-09-06T10:58:39.151,1613,0,2,51,0,0,0,0,0,0,0x03
2026-09-06T10:58:39.410,1614,0,2,50,0,0,0,0,0,0,0x03
2026-09-06T10:58:45.637,1615,0,2,51,0,0,0,0,0,0,0x03
2026-09-06T10:58:45.847,1616,0,2,51,0,0,0,0,0,0,0x03
2026-09-06T10:58:45.912,1617,0,2,51,0,0,0,0,0,0,0x03
2026-09-06T10:58:45.977,1618,0,2,51,0,0,0,0,0,0,0x03
2026-09-06T10:58:46.042,1619,0,2,55,0,0,0,0,0,0,0x03
2026-09-06T10:58:46.106,1620,0,2,51,0,0,0,0,0,0,0x03
2026-09-06T10:58:46.171,1621,0,2,52,0,0,0,0,0,0,0x03
2026-09-06T10:58:46.236,1622,0,2,52,0,0,0,0,0,0,0x03
2026-09-06T10:58:46.301,1623,0,2,50,0,0,0,0,0,0,0x03
2026-09-06T10:58:46.383,1624,0,2,50,0,0,0,0,0,0,0x03
2026-09-06T10:58:46.432,1625,0,2,50,0,0,0,0,0,0,0x03
2026-09-06T10:58:46.513,1626,0,2,50,0,0,0,0,0,0,0x03
2026-09-06T10:58:46.578,1627,0,2,50,0,0,0,0,0,0,0x03
2026-09-06T10:58:46.772,1628,0,2,50,0,0,0,0,0,0,0x03
2026-09-06T10:58:46.983,1629,0,2,52,0,0,0,0,0,0,0x03
2026-09-06T10:58:47.048,1630,0,2,51,0,0,0,0,0,0,0x03
2026-09-06T10:58:47.113,1631,0,2,52,0,0,0,0,0,0,0x03
2026-09-06T10:58:47.178,1632,0,2,50,0,0,0,0,0,0,0x03
2026-09-06T10:58:47.243,1633,0,2,50,0,0,29968,0,0,32220,0x07
2026-09-06T10:58:47.308,1634,0,2,50,0,0,0,0,0,0,0x03
2026-09-06T10:58:47.373,1635,0,2,50,0,0,0,0,0,0,0x03
2026-09-06T10:58:47.519,1636,0,2,50,0,0,0,0,0,0,0x03
2026-09-06T10:58:47.584,1637,0,2,51,0,0,0,0,0,0,0x03
2026-09-06T10:58:47.714,1638,0,2,51,0,0,0,0,0,0,0x03
2026-09-06T10:58:47.844,1639,0,2,51,0,0,0,0,0,0,0x03
2026-09-06T10:58:47.909,1640,0,2,50,0,0,0,0,0,0,0x03
2026-09-06T10:58:47.974,1641,0,2,52,0,0,0,0,0,0,0x03
2026-09-06T10:58:48.039,1642,0,2,51,0,0,0,0,0,0,0x03
2026-09-06T10:58:48.120,1643,0,2,50,0,0,0,0,0,0,0x03
2026-09-06T10:58:48.184,1644,0,2,50,0,0,0,0,0,0,0x03
2026-09-06T10:58:48.249,1645,0,2,50,0,0,0,0,0,0,0x03
2026-09-06T10:58:48.314,1646,0,2,50,0,0,0,0,0,0,0x03
2026-09-06T10:58:48.380,1647,0,2,54,0,0,0,0,0,0,0x03
2026-09-06T10:58:48.445,1648,0,2,50,0,0,0,0,0,0,0x03
2026-09-06T10:58:48.509,1649,0,2,51,0,0,0,0,0,0,0x03
2026-09-06T10:58:48.590,1650,0,2,51,0,0,0,0,0,0,0x03
2026-09-06T10:58:48.655,1651,0,2,51,0,0,0,0,0,0,0x03
2026-09-06T10:58:48.720,1652,0,2,51,0,0,0,0,0,0,0x03
2026-09-06T10:58:48.785,1653,0,2,52,0,0,0,0,0,0,0x03
2026-09-06T10:58:48.850,1654,0,2,51,0,0,0,0,0,0,0x03
2026-09-06T10:58:48.915,1655,0,2,50,0,0,0,0,0,0,0x03
2026-09-06T10:58:48.980,1656,0,2,50,0,0,0,0,0,0,0x03
2026-09-06T10:58:49.045,1657,0,2,51,0,0,0,0,0,0,0x03
2026-09-06T10:58:49.126,1658,0,2,51,0,0,0,0,0,0,0x03
2026-09-06T10:58:49.191,1659,0,2,51,0,0,0,0,0,0,0x03
2026-09-06T10:58:49.256,1660,0,2,50,0,0,0,0,0,0,0x03
2026-09-06T10:58:49.321,1661,0,2,51,0,0,0,0,0,0,0x03
2026-09-06T10:58:49.386,1662,0,2,52,0,0,0,0,0,0,0x03
2026-09-06T10:58:49.450,1663,0,2,50,0,0,0,0,0,0,0x03
2026-09-06T10:58:49.515,1664,0,2,50,0,0,0,0,0,0,0x03
2026-09-06T10:58:49.581,1665,0,2,52,0,0,0,0,0,0,0x03
2026-09-06T10:58:49.662,1666,0,2,52,0,0,0,0,0,0,0x03
2026-09-06T10:58:49.727,1667,0,2,54,0,0,0,0,0,0,0x03
2026-09-06T10:58:49.791,1668,0,2,52,0,0,0,0,0,0,0x03
2026-09-06T10:58:49.857,1669,0,2,50,0,0,0,0,0,0,0x03
2026-09-06T10:58:49.922,1670,0,2,52,0,0,0,0,0,0,0x03
2026-09-06T10:58:49.986,1671,0,2,51,0,0,0,0,0,0,0x03
2026-09-06T10:58:50.051,1672,0,2,50,0,0,0,0,0,0,0x03
2026-09-06T10:58:50.116,1673,0,2,51,0,0,0,0,0,0,0x03
2026-09-06T10:58:50.197,1674,0,2,51,0,0,0,0,0,0,0x03
2026-09-06T10:58:50.262,1675,0,2,51,0,0,0,0,0,0,0x03
2026-09-06T10:58:50.327,1676,0,2,55,0,0,0,0,0,0,0x03
2026-09-06T10:58:50.392,1677,0,2,51,0,0,0,0,0,0,0x03
2026-09-06T10:58:50.456,1678,0,2,50,0,0,0,0,0,0,0x03
2026-09-06T10:58:50.521,1679,0,2,51,0,0,0,0,0,0,0x03
2026-09-06T10:58:50.586,1680,0,2,55,0,0,0,0,0,0,0x03
2026-09-06T10:58:50.651,1681,0,2,50,0,0,0,0,0,0,0x03
2026-09-06T10:58:50.732,1682,0,2,52,0,0,0,0,0,0,0x03
2026-09-06T10:58:50.797,1683,0,2,51,0,0,0,0,0,0,0x03
2026-09-06T10:58:50.863,1684,0,2,50,0,0,0,0,0,0,0x03
2026-09-06T10:58:50.927,1685,0,2,52,0,0,0,0,0,0,0x03
2026-09-06T10:58:50.993,1686,0,2,52,0,0,0,0,0,0,0x03
2026-09-06T10:58:51.058,1687,0,2,50,0,0,0,0,0,0,0x03
2026-09-06T10:58:51.123,1688,0,2,50,0,0,0,0,0,0,0x03
2026-09-06T10:58:51.188,1689,0,2,51,0,0,0,0,0,0,0x03
2026-09-06T10:58:51.254,1690,0,2,51,0,0,0,0,0,0,0x03
2026-09-06T10:58:51.319,1691,0,2,50,0,0,0,0,0,0,0x03
2026-09-06T10:58:51.400,1692,0,2,51,0,0,0,0,0,0,0x03
2026-09-06T10:58:51.465,1693,0,2,50,0,0,0,0,0,0,0x03
2026-09-06T10:58:51.530,1694,0,2,51,0,0,0,0,0,0,0x03
2026-09-06T10:58:51.595,1695,0,2,50,0,0,0,0,0,0,0x03
2026-09-06T10:58:51.660,1696,0,2,50,0,0,0,0,0,0,0x03
2026-09-06T10:58:51.725,1697,0,2,50,0,0,0,0,0,0,0x03
2026-09-06T10:58:51.790,1698,0,2,50,0,0,0,0,0,0,0x03
2026-09-06T10:58:51.854,1699,0,2,53,0,0,0,0,0,0,0x03
2026-09-06T10:58:51.936,1700,0,2,52,0,0,0,0,0,0,0x03
2026-09-06T10:58:52.000,1701,0,2,51,0,0,0,0,0,0,0x03
2026-09-06T10:58:52.065,1702,0,2,50,0,0,0,0,0,0,0x03
2026-09-06T10:58:52.130,1703,0,2,50,0,0,0,0,0,0,0x03
2026-09-06T10:58:52.195,1704,0,2,50,0,0,0,0,0,0,0x03
2026-09-06T10:58:52.259,1705,0,2,50,0,0,0,0,0,0,0x03
2026-09-06T10:58:52.340,1706,0,2,50,0,0,0,0,0,0,0x03
2026-09-06T10:58:52.389,1707,0,2,52,0,0,0,0,0,0,0x03
2026-09-06T10:58:52.470,1708,0,2,50,0,0,0,0,0,0,0x03
2026-09-06T10:58:52.535,1709,0,2,55,0,0,0,0,0,0,0x03
2026-09-06T10:58:52.600,1710,0,2,52,0,0,0,0,0,0,0x03
2026-09-06T10:58:52.665,1711,0,2,50,0,0,0,0,0,0,0x03
2026-09-06T10:58:52.730,1712,0,2,50,0,0,0,0,0,0,0x03
2026-09-06T10:58:52.795,1713,0,2,50,0,0,0,0,0,0,0x03
2026-09-06T10:58:52.876,1714,0,2,50,0,0,0,0,0,0,0x03
2026-09-06T10:58:52.925,1715,0,2,52,0,0,0,0,0,0,0x03
2026-09-06T10:58:53.006,1716,0,2,51,0,0,0,0,0,0,0x03
2026-09-06T10:58:53.071,1717,0,2,50,0,0,0,0,0,0,0x03
2026-09-06T10:58:53.136,1718,0,2,51,0,0,0,0,0,0,0x03
2026-09-06T10:58:53.202,1719,0,2,51,0,0,0,0,0,0,0x03
2026-09-06T10:58:53.266,1720,0,2,50,0,0,0,0,0,0,0x03
2026-09-06T10:58:53.331,1721,0,2,54,0,0,0,0,0,0,0x03
2026-09-06T10:58:53.396,1722,0,2,52,0,0,0,0,0,0,0x03
2026-09-06T10:58:53.461,1723,0,2,51,0,0,0,0,0,0,0x03
2026-09-06T10:58:53.542,1724,0,2,52,0,0,0,0,0,0,0x03
2026-09-06T10:58:53.607,1725,0,2,51,0,0,0,0,0,0,0x03
2026-09-06T10:58:53.672,1726,0,2,50,0,0,0,0,0,0,0x03
2026-09-06T10:58:53.737,1727,0,2,51,0,0,0,0,0,0,0x03
2026-09-06T10:58:53.802,1728,0,2,50,0,0,0,0,0,0,0x03
2026-09-06T10:58:53.867,1729,0,2,52,0,0,0,0,0,0,0x03
2026-09-06T10:58:53.931,1730,0,2,50,0,0,0,0,0,0,0x03
2026-09-06T10:58:53.996,1731,0,2,52,0,0,0,0,0,0,0x03
2026-09-06T10:58:54.077,1732,0,2,50,0,0,0,0,0,0,0x03
2026-09-06T10:58:54.143,1733,0,2,51,0,0,0,0,0,0,0x03
2026-09-06T10:58:54.207,1734,0,2,50,0,0,0,0,0,0,0x03
2026-09-06T10:58:54.272,1735,0,2,50,0,0,0,0,0,0,0x03
2026-09-06T10:58:54.337,1736,0,2,52,0,0,0,0,0,0,0x03
2026-09-06T10:58:54.402,1737,0,2,51,0,0,0,0,0,0,0x03
2026-09-06T10:58:54.467,1738,0,2,50,0,0,0,0,0,0,0x03
2026-09-06T10:58:54.548,1739,0,2,51,0,0,0,0,0,0,0x03
2026-09-06T10:58:54.613,1740,0,2,51,0,0,0,0,0,0,0x03
2026-09-06T10:58:54.678,1741,0,2,52,0,0,0,0,0,0,0x03
2026-09-06T10:58:54.743,1742,0,2,50,0,0,0,0,0,0,0x03
2026-09-06T10:58:54.808,1743,0,2,50,0,0,0,0,0,0,0x03
2026-09-06T10:58:54.873,1744,0,2,52,0,0,0,0,0,0,0x03
2026-09-06T10:58:54.938,1745,0,2,50,0,0,0,0,0,0,0x03
2026-09-06T10:58:55.003,1746,0,2,52,0,0,0,0,0,0,0x03
2026-09-06T10:58:55.068,1747,0,2,53,0,0,0,0,0,0,0x03
2026-09-06T10:58:55.149,1748,0,2,50,0,0,0,0,0,0,0x03
2026-09-06T10:58:55.214,1749,0,2,51,0,0,0,0,0,0,0x03
2026-09-06T10:58:55.280,1750,0,2,51,0,0,0,0,0,0,0x03
2026-09-06T10:58:55.345,1751,0,2,51,0,0,0,0,0,0,0x03
2026-09-06T10:58:55.410,1752,0,2,51,0,0,0,0,0,0,0x03
2026-09-06T10:58:55.475,1753,0,2,51,0,0,0,0,0,0,0x03
2026-09-06T10:58:55.540,1754,0,2,50,0,0,0,0,0,0,0x03
2026-09-06T10:58:55.605,1755,0,2,51,0,0,0,0,0,0,0x03
2026-09-06T10:58:55.687,1756,0,2,52,0,0,0,0,0,0,0x03
2026-09-06T10:58:55.735,1757,0,2,51,0,0,0,0,0,0,0x03
2026-09-06T10:58:55.817,1758,0,2,50,0,0,0,0,0,0,0x03
2026-09-06T10:58:55.882,1759,0,2,50,0,0,0,0,0,0,0x03
2026-09-06T10:58:55.947,1760,0,2,51,0,0,0,0,0,0,0x03
2026-09-06T10:58:56.012,1761,0,2,50,0,0,0,0,0,0,0x03
2026-09-06T10:58:56.076,1762,0,2,54,0,0,0,0,0,0,0x03
2026-09-06T10:58:56.141,1763,0,2,52,0,0,0,0,0,0,0x03
2026-09-06T10:58:56.222,1764,0,2,50,0,0,0,0,0,0,0x03
2026-09-06T10:58:56.287,1765,0,2,51,0,0,0,0,0,0,0x03
2026-09-06T10:58:56.352,1766,0,2,52,0,0,0,0,0,0,0x03
2026-09-06T10:58:56.417,1767,0,2,50,0,0,0,0,0,0,0x03
2026-09-06T10:58:56.481,1768,0,2,52,0,0,0,0,0,0,0x03
2026-09-06T10:58:56.546,1769,0,2,53,0,0,0,0,0,0,0x03
2026-09-06T10:58:56.611,1770,0,2,52,0,0,0,0,0,0,0x03
2026-09-06T10:58:56.676,1771,0,2,51,0,0,0,0,0,0,0x03
2026-09-06T10:58:56.741,1772,0,2,50,0,0,0,0,0,0,0x03
2026-09-06T10:58:56.822,1773,0,2,52,0,0,0,0,0,0,0x03
2026-09-06T10:58:56.887,1774,0,2,52,0,0,0,0,0,0,0x03
2026-09-06T10:58:56.952,1775,0,2,50,0,0,0,0,0,0,0x03
2026-09-06T10:58:57.017,1776,0,2,51,0,0,0,0,0,0,0x03
2026-09-06T10:58:57.082,1777,0,2,50,0,0,0,0,0,0,0x03
2026-09-06T10:58:57.147,1778,0,2,50,0,0,0,0,0,0,0x03
2026-09-06T10:58:57.212,1779,0,2,52,0,0,0,0,0,0,0x03
2026-09-06T10:58:57.277,1780,0,2,50,0,0,0,0,0,0,0x03
2026-09-06T10:58:57.358,1781,0,2,51,0,0,0,0,0,0,0x03
2026-09-06T10:58:57.488,1782,0,2,51,0,0,0,0,0,0,0x03
2026-09-06T10:58:57.553,1783,0,2,52,0,0,0,0,0,0,0x03
2026-09-06T10:58:57.618,1784,0,2,52,0,0,0,0,0,0,0x03
2026-09-06T10:58:57.683,1785,0,2,50,0,0,0,0,0,0,0x03
2026-09-06T10:58:57.747,1787,0,2,50,0,0,0,0,0,0,0x03
2026-09-06T10:58:57.813,1788,0,2,50,0,0,0,0,0,0,0x03
2026-09-06T10:58:57.893,1789,0,2,50,0,0,0,0,0,0,0x03
2026-09-06T10:58:57.958,1790,0,2,50,0,0,0,0,0,0,0x03
2026-09-06T10:58:58.023,1791,0,2,52,0,0,0,0,0,0,0x03
2026-09-06T10:58:58.088,1792,0,2,52,0,0,0,0,0,0,0x03
2026-09-06T10:58:58.153,1793,0,2,52,0,0,0,0,0,0,0x03
2026-09-06T10:58:58.218,1794,0,2,51,0,0,0,0,0,0,0x03
2026-09-06T10:58:58.283,1795,0,2,52,0,0,0,0,0,0,0x03
2026-09-06T10:58:58.348,1796,0,2,50,0,0,0,0,0,0,0x03
2026-09-06T10:58:58.429,1797,0,2,50,0,0,0,0,0,0,0x03
2026-09-06T10:58:58.493,1798,0,2,50,0,0,0,0,0,0,0x03
2026-09-06T10:58:58.559,1799,0,2,51,0,0,0,0,0,0,0x03
2026-09-06T10:58:58.623,1800,0,2,52,0,0,0,0,0,0,0x03
2026-09-06T10:58:58.688,1801,0,2,52,0,0,0,0,0,0,0x03
2026-09-06T10:58:58.753,1802,0,2,52,0,0,0,0,0,0,0x03
2026-09-06T10:58:58.818,1803,0,2,50,0,0,0,0,0,0,0x03
2026-09-06T10:58:58.882,1804,0,2,50,0,0,0,0,0,0,0x03
2026-09-06T10:58:58.963,1805,0,2,50,0,0,0,0,0,0,0x03
2026-09-06T10:58:59.028,1806,0,2,51,0,0,0,0,0,0,0x03
2026-09-06T10:58:59.092,1807,0,2,52,0,0,0,0,0,0,0x03
2026-09-06T10:58:59.157,1808,0,2,50,0,0,0,0,0,0,0x03
2026-09-06T10:58:59.221,1809,0,2,51,0,0,0,0,0,0,0x03
2026-09-06T10:58:59.302,1810,0,2,51,0,0,0,0,0,0,0x03
2026-09-06T10:58:59.351,1811,0,2,51,0,0,0,0,0,0,0x03
2026-09-06T10:58:59.432,1812,0,2,52,0,0,0,0,0,0,0x03
2026-09-06T10:58:59.496,1813,0,2,50,0,0,0,0,0,0,0x03
2026-09-06T10:58:59.562,1814,0,2,50,0,0,0,0,0,0,0x03
2026-09-06T10:58:59.626,1815,0,2,50,0,0,0,0,0,0,0x03
2026-09-06T10:58:59.691,1816,0,2,50,0,0,0,0,0,0,0x03
2026-09-06T10:58:59.756,1817,0,2,51,0,0,0,0,0,0,0x03
2026-09-06T10:58:59.821,1818,0,2,52,0,0,0,0,0,0,0x03
2026-09-06T10:58:59.902,1819,0,2,52,0,0,0,0,0,0,0x03
2026-09-06T10:58:59.966,1820,0,2,51,0,0,0,0,0,0,0x03
2026-09-06T10:59:00.031,1821,0,2,50,0,0,0,0,0,0,0x03
2026-09-06T10:59:00.096,1822,0,2,51,0,0,0,0,0,0,0x03
2026-09-06T10:59:00.161,1823,0,2,52,0,0,0,0,0,0,0x03
2026-09-06T10:59:00.225,1824,0,2,50,0,0,0,0,0,0,0x03
2026-09-06T10:59:00.290,1825,0,2,50,0,0,0,0,0,0,0x03
2026-09-06T10:59:00.354,1826,0,2,52,0,0,0,0,0,0,0x03
2026-09-06T10:59:00.436,1827,0,2,51,0,0,0,0,0,0,0x03
2026-09-06T10:59:00.500,1828,0,2,52,0,0,0,0,0,0,0x03
2026-09-06T10:59:00.565,1829,0,2,51,0,0,0,0,0,0,0x03
2026-09-06T10:59:00.630,1830,0,2,51,0,0,0,0,0,0,0x03
2026-09-06T10:59:00.695,1831,0,2,51,0,0,0,0,0,0,0x03
2026-09-06T10:59:00.760,1832,0,2,51,0,0,0,0,0,0,0x03
2026-09-06T10:59:00.825,1833,0,2,52,0,0,0,0,0,0,0x03
2026-09-06T10:59:00.890,1834,0,2,52,0,0,0,0,0,0,0x03
2026-09-06T10:59:01.102,1835,0,2,50,0,0,0,0,0,0,0x03
2026-09-06T10:59:01.166,1836,0,2,51,0,0,0,0,0,0,0x03
2026-09-06T10:59:01.231,1837,0,2,51,0,0,0,0,0,0,0x03
2026-09-06T10:59:01.360,1838,0,2,50,0,0,0,0,0,0,0x03
2026-09-06T10:59:01.425,1841,0,2,52,0,0,0,0,0,0,0x03
2026-09-06T10:59:01.506,1842,0,2,52,0,0,0,0,0,0,0x03
2026-09-06T10:59:01.571,1843,0,2,52,0,0,0,0,0,0,0x03
2026-09-06T10:59:01.636,1845,0,2,51,0,0,0,0,0,0,0x03
2026-09-06T10:59:01.701,1846,0,2,50,0,0,0,0,0,0,0x03
2026-09-06T10:59:01.766,1847,0,2,50,0,0,0,0,0,0,0x03
2026-09-06T10:59:01.830,1848,0,2,51,0,0,0,0,0,0,0x03
2026-09-06T10:59:01.895,1849,0,2,51,0,0,0,0,0,0,0x03
2026-09-06T10:59:01.976,1850,0,2,50,0,0,0,0,0,0,0x03
2026-09-06T10:59:02.041,1851,0,2,50,0,0,0,0,0,0,0x03
2026-09-06T10:59:02.106,1852,0,2,55,0,0,0,0,0,0,0x03
2026-09-06T10:59:02.170,1853,0,2,51,0,0,0,0,0,0,0x03
2026-09-06T10:59:02.235,1854,0,2,51,0,0,0,0,0,0,0x03
2026-09-06T10:59:02.300,1855,0,2,51,0,0,0,0,0,0,0x03
2026-09-06T10:59:02.365,1856,0,2,52,0,0,0,0,0,0,0x03
2026-09-06T10:59:02.430,1857,0,2,50,0,0,0,0,0,0,0x03
2026-09-06T10:59:02.512,1858,0,2,51,0,0,0,0,0,0,0x03
2026-09-06T10:59:02.577,1859,0,2,51,0,0,0,0,0,0,0x03
2026-09-06T10:59:02.642,1860,0,2,50,0,0,0,0,0,0,0x03
2026-09-06T10:59:02.707,1861,0,2,50,0,0,0,0,0,0,0x03
2026-09-06T10:59:02.838,1862,0,2,50,0,0,0,0,0,0,0x03
2026-09-06T10:59:02.903,1863,0,2,50,0,0,0,0,0,0,0x03
2026-09-06T10:59:02.969,1864,0,2,53,0,0,0,0,0,0,0x03
2026-09-06T10:59:03.034,1865,0,2,51,0,0,0,0,0,0,0x03
2026-09-06T10:59:03.115,1867,0,2,51,0,0,0,0,0,0,0x03
2026-09-06T10:59:03.180,1868,0,2,50,0,0,0,0,0,0,0x03
2026-09-06T10:59:03.245,1869,0,2,51,0,0,0,0,0,0,0x03
2026-09-06T10:59:03.310,1870,0,2,50,0,0,0,0,0,0,0x03
2026-09-06T10:59:03.375,1871,0,2,52,0,0,0,0,0,0,0x03
2026-09-06T10:59:03.441,1872,0,2,52,0,0,0,0,0,0,0x03
2026-09-06T10:59:03.506,1873,0,2,50,0,0,0,0,0,0,0x03
2026-09-06T10:59:03.571,1874,0,2,51,0,0,0,0,0,0,0x03
2026-09-06T10:59:03.652,1875,0,2,51,0,0,0,0,0,0,0x03
2026-09-06T10:59:03.702,1876,0,2,51,0,0,0,0,0,0,0x03
2026-09-06T10:59:03.783,1877,0,2,51,0,0,0,0,0,0,0x03
2026-09-06T10:59:03.848,1878,0,2,50,0,0,0,0,0,0,0x03
2026-09-06T10:59:03.913,1879,0,2,50,0,0,0,0,0,0,0x03
2026-09-06T10:59:03.978,1880,0,2,52,0,0,0,0,0,0,0x03
2026-09-06T10:59:04.043,1881,0,2,50,0,0,0,0,0,0,0x03
2026-09-06T10:59:04.108,1882,0,2,50,0,0,0,0,0,0,0x03
2026-09-06T10:59:04.173,1883,0,2,51,0,0,0,0,0,0,0x03
2026-09-06T10:59:04.319,1884,0,2,53,0,0,0,0,0,0,0x03
2026-09-06T10:59:04.384,1885,0,2,51,0,0,0,0,0,0,0x03
2026-09-06T10:59:04.449,1886,0,2,50,0,0,0,0,0,0,0x03
2026-09-06T10:59:04.578,1887,0,2,51,0,0,0,0,0,0,0x03
2026-09-06T10:59:04.643,1889,0,2,51,0,0,0,0,0,0,0x03
2026-09-06T10:59:04.708,1890,0,2,51,0,0,0,0,0,0,0x03
2026-09-06T10:59:04.773,1891,0,2,51,0,0,0,0,0,0,0x03
2026-09-06T10:59:04.854,1893,0,2,50,0,0,0,0,0,0,0x03
2026-09-06T10:59:04.919,1894,0,2,50,0,0,0,0,0,0,0x03
2026-09-06T10:59:04.984,1895,0,2,50,0,0,0,0,0,0,0x03
2026-09-06T10:59:05.049,1896,0,2,51,0,0,0,0,0,0,0x03
2026-09-06T10:59:05.114,1897,0,2,50,0,0,0,0,0,0,0x03
2026-09-06T10:59:05.179,1898,0,2,50,0,0,0,0,0,0,0x03
2026-09-06T10:59:05.244,1899,0,2,51,0,0,0,0,0,0,0x03
2026-09-06T10:59:05.309,1900,0,2,50,0,0,0,0,0,0,0x03
2026-09-06T10:59:05.390,1901,0,2,51,0,0,0,0,0,0,0x03
2026-09-06T10:59:05.455,1902,0,2,52,0,0,0,0,0,0,0x03
2026-09-06T10:59:05.519,1903,0,2,50,0,0,0,0,0,0,0x03
2026-09-06T10:59:05.584,1904,0,2,51,0,0,0,0,0,0,0x03
2026-09-06T10:59:05.649,1905,0,2,51,0,0,0,0,0,0,0x03
2026-09-06T10:59:05.714,1906,0,2,50,0,0,0,0,0,0,0x03
2026-09-06T10:59:05.779,1907,0,2,50,0,0,0,0,0,0,0x03
2026-09-06T10:59:05.844,1908,0,2,51,0,0,0,0,0,0,0x03
2026-09-06T10:59:05.924,1909,0,2,52,0,0,0,0,0,0,0x03
2026-09-06T10:59:05.989,1910,0,2,50,0,0,0,0,0,0,0x03
2026-09-06T10:59:06.054,1911,0,2,52,0,0,0,0,0,0,0x03
2026-09-06T10:59:06.119,1912,0,2,50,0,0,0,0,0,0,0x03
2026-09-06T10:59:06.184,1913,0,2,51,0,0,0,0,0,0,0x03
2026-09-06T10:59:06.249,1914,0,2,50,0,0,0,0,0,0,0x03
2026-09-06T10:59:06.314,1915,0,2,50,0,0,0,0,0,0,0x03
2026-09-06T10:59:06.395,1916,0,2,51,0,0,0,0,0,0,0x03
2026-09-06T10:59:06.460,1917,0,2,52,0,0,0,0,0,0,0x03
2026-09-06T10:59:06.525,1918,0,2,55,0,0,0,0,0,0,0x03
2026-09-06T10:59:06.590,1919,0,2,52,0,0,0,0,0,0,0x03
2026-09-06T10:59:06.655,1920,0,2,51,0,0,0,0,0,0,0x03
2026-09-06T10:59:06.719,1921,0,2,50,0,0,0,0,0,0,0x03
2026-09-06T10:59:06.784,1922,0,2,54,0,0,0,0,0,0,0x03
2026-09-06T10:59:06.849,1923,0,2,50,0,0,0,0,0,0,0x03
2026-09-06T10:59:06.930,1924,0,2,51,0,0,0,0,0,0,0x03
2026-09-06T10:59:06.995,1925,0,2,50,0,0,0,0,0,0,0x03
2026-09-06T10:59:07.060,1926,0,2,52,0,0,0,0,0,0,0x03
2026-09-06T10:59:07.124,1927,0,2,50,0,0,0,0,0,0,0x03
2026-09-06T10:59:07.189,1928,0,2,51,0,0,0,0,0,0,0x03
2026-09-06T10:59:07.254,1929,0,2,51,0,0,0,0,0,0,0x03
2026-09-06T10:59:07.319,1930,0,2,51,0,0,0,0,0,0,0x03
2026-09-06T10:59:07.384,1931,0,2,50,0,0,0,0,0,0,0x03
2026-09-06T10:59:07.465,1932,0,2,51,0,0,0,0,0,0,0x03
2026-09-06T10:59:07.530,1933,0,2,51,0,0,0,0,0,0,0x03
2026-09-06T10:59:07.595,1934,0,2,51,0,0,0,0,0,0,0x03
2026-09-06T10:59:07.659,1935,0,2,52,0,0,0,0,0,0,0x03
2026-09-06T10:59:07.724,1936,0,2,50,0,0,0,0,0,0,0x03
2026-09-06T10:59:07.789,1937,0,2,52,0,0,0,0,0,0,0x03
2026-09-06T10:59:07.854,1938,0,2,52,0,0,0,0,0,0,0x03
2026-09-06T10:59:07.919,1939,0,2,50,0,0,0,0,0,0,0x03
2026-09-06T10:59:08.000,1940,0,2,52,0,0,0,0,0,0,0x03
2026-09-06T10:59:08.065,1941,0,2,50,0,0,0,0,0,0,0x03
2026-09-06T10:59:08.130,1942,0,2,50,0,0,0,0,0,0,0x03
2026-09-06T10:59:08.194,1943,0,2,50,0,0,0,0,0,0,0x03
2026-09-06T10:59:08.260,1944,0,2,52,0,0,0,0,0,0,0x03
2026-09-06T10:59:08.324,1945,0,2,51,0,0,0,0,0,0,0x03
2026-09-06T10:59:08.389,1946,0,2,51,0,0,0,0,0,0,0x03
2026-09-06T10:59:08.455,1947,0,2,50,0,0,0,0,0,0,0x03
2026-09-06T10:59:08.536,1948,0,2,50,0,0,0,0,0,0,0x03
2026-09-06T10:59:08.601,1949,0,2,50,0,0,0,0,0,0,0x03
2026-09-06T10:59:08.666,1950,0,2,51,0,0,0,0,0,0,0x03
2026-09-06T10:59:08.731,1951,0,2,50,0,0,0,0,0,0,0x03
2026-09-06T10:59:08.795,1952,0,2,50,0,0,0,0,0,0,0x03
2026-09-06T10:59:08.860,1953,0,2,51,0,0,0,0,0,0,0x03
2026-09-06T10:59:08.925,1954,0,2,51,0,0,0,0,0,0,0x03
2026-09-06T10:59:08.990,1955,0,2,52,0,0,0,0,0,0,0x03
2026-09-06T10:59:09.071,1956,0,2,51,0,0,0,0,0,0,0x03
2026-09-06T10:59:09.136,1957,0,2,51,0,0,0,0,0,0,0x03
2026-09-06T10:59:09.330,1958,0,2,50,0,0,0,0,0,0,0x03
2026-09-06T10:59:09.395,1959,0,2,51,0,0,0,0,0,0,0x03
2026-09-06T10:59:09.460,1960,0,2,52,0,0,0,0,0,0,0x03
2026-09-06T10:59:09.541,1961,0,2,52,0,0,0,0,0,0,0x03
2026-09-06T10:59:09.606,1964,0,2,51,0,0,0,0,0,0,0x03
2026-09-06T10:59:09.671,1965,0,2,51,0,0,0,0,0,0,0x03
2026-09-06T10:59:09.736,1966,0,2,50,0,0,0,0,0,0,0x03
2026-09-06T10:59:09.801,1967,0,2,52,0,0,0,0,0,0,0x03
2026-09-06T10:59:09.866,1968,0,2,52,0,0,0,0,0,0,0x03
2026-09-06T10:59:09.931,1969,0,2,50,0,0,0,0,0,0,0x03
2026-09-06T10:59:09.996,1970,0,2,50,0,0,0,0,0,0,0x03
2026-09-06T10:59:10.077,1971,0,2,50,0,0,0,0,0,0,0x03
2026-09-06T10:59:10.126,1972,0,2,52,0,0,0,0,0,0,0x03
2026-09-06T10:59:10.206,1973,0,2,50,0,0,0,0,0,0,0x03
2026-09-06T10:59:10.271,1974,0,2,52,0,0,0,0,0,0,0x03
2026-09-06T10:59:10.336,1975,0,2,50,0,0,0,0,0,0,0x03
2026-09-06T10:59:10.401,1976,0,2,50,0,0,0,0,0,0,0x03
2026-09-06T10:59:10.466,1977,0,2,51,0,0,0,0,0,0,0x03
2026-09-06T10:59:10.531,1978,0,2,50,0,0,0,0,0,0,0x03
2026-09-06T10:59:10.611,1979,0,2,52,0,0,0,0,0,0,0x03
2026-09-06T10:59:10.676,1980,0,2,50,0,0,0,0,0,0,0x03
2026-09-06T10:59:10.741,1981,0,2,51,0,0,0,0,0,0,0x03
2026-09-06T10:59:10.806,1982,0,2,51,0,0,0,0,0,0,0x03
2026-09-06T10:59:10.871,1983,0,2,52,0,0,0,0,0,0,0x03
2026-09-06T10:59:11.001,1984,0,2,52,0,0,0,0,0,0,0x03
2026-09-06T10:59:11.066,1985,0,2,51,0,0,0,0,0,0,0x03
2026-09-06T10:59:11.147,1986,0,2,52,0,0,0,0,0,0,0x03
2026-09-06T10:59:11.212,1987,0,2,51,0,0,0,0,0,0,0x03
2026-09-06T10:59:11.276,1989,0,2,51,0,0,0,0,0,0,0x03
2026-09-06T10:59:11.342,1990,0,2,50,0,0,0,0,0,0,0x03
2026-09-06T10:59:11.406,1991,0,2,51,0,0,0,0,0,0,0x03
2026-09-06T10:59:11.471,1992,0,2,50,0,0,0,0,0,0,0x03
2026-09-06T10:59:11.536,1993,0,2,52,0,0,0,0,0,0,0x03
2026-09-06T10:59:11.617,1994,0,2,51,0,0,0,0,0,0,0x03
2026-09-06T10:59:11.666,1995,0,2,53,0,0,0,0,0,0,0x03
2026-09-06T10:59:11.747,1996,0,2,50,0,0,0,0,0,0,0x03
2026-09-06T10:59:11.812,1997,0,2,50,0,0,0,0,0,0,0x03
2026-09-06T10:59:11.877,1998,0,2,52,0,0,0,0,0,0,0x03
2026-09-06T10:59:11.942,1999,0,2,52,0,0,0,0,0,0,0x03
2026-09-06T10:59:12.007,2000,0,2,50,0,0,0,0,0,0,0x03
2026-09-06T10:59:12.072,2001,0,2,50,0,0,0,0,0,0,0x03
2026-09-06T10:59:12.137,2002,0,2,52,0,0,0,0,0,0,0x03
2026-09-06T10:59:12.202,2003,0,2,50,0,0,0,0,0,0,0x03
2026-09-06T10:59:12.282,2004,0,2,52,0,0,0,0,0,0,0x03
2026-09-06T10:59:12.347,2005,0,2,51,0,0,0,0,0,0,0x03
2026-09-06T10:59:12.412,2006,0,2,51,0,0,0,0,0,0,0x03
2026-09-06T10:59:12.476,2007,0,2,52,0,0,0,0,0,0,0x03
2026-09-06T10:59:12.541,2008,0,2,50,0,0,0,0,0,0,0x03
2026-09-06T10:59:12.606,2009,0,2,50,0,0,0,0,0,0,0x03
2026-09-06T10:59:12.687,2010,0,2,51,0,0,0,0,0,0,0x03
2026-09-06T10:59:12.736,2011,0,2,52,0,0,0,0,0,0,0x03
2026-09-06T10:59:12.817,2012,0,2,52,0,0,0,0,0,0,0x03
2026-09-06T10:59:12.882,2013,0,2,52,0,0,0,0,0,0,0x03
2026-09-06T10:59:12.947,2014,0,2,50,0,0,0,0,0,0,0x03
2026-09-06T10:59:13.012,2015,0,2,50,0,0,0,0,0,0,0x03
2026-09-06T10:59:13.077,2016,0,2,51,0,0,0,0,0,0,0x03
2026-09-06T10:59:13.142,2017,0,2,50,0,0,0,0,0,0,0x03
2026-09-06T10:59:13.206,2018,0,2,51,0,0,0,0,0,0,0x03
2026-09-06T10:59:13.287,2019,0,2,50,0,0,0,0,0,0,0x03
2026-09-06T10:59:13.352,2020,0,2,50,0,0,0,0,0,0,0x03
2026-09-06T10:59:13.417,2021,0,2,51,0,0,0,0,0,0,0x03
2026-09-06T10:59:13.482,2022,0,2,50,0,0,0,0,0,0,0x03
2026-09-06T10:59:13.547,2023,0,2,51,0,0,0,0,0,0,0x03
2026-09-06T10:59:13.612,2024,0,2,52,0,0,0,0,0,0,0x03
2026-09-06T10:59:13.677,2025,0,2,51,0,0,0,0,0,0,0x03
2026-09-06T10:59:13.742,2026,0,2,51,0,0,0,0,0,0,0x03
2026-09-06T10:59:13.887,2027,0,2,54,0,0,0,0,0,0,0x03
2026-09-06T10:59:13.953,2028,0,2,50,0,0,0,0,0,0,0x03
2026-09-06T10:59:14.017,2029,0,2,50,0,0,0,0,0,0,0x03
2026-09-06T10:59:14.082,2030,0,2,52,0,0,0,0,0,0,0x03
2026-09-06T10:59:14.147,2032,0,2,50,0,0,0,0,0,0,0x03
2026-09-06T10:59:14.212,2033,0,2,50,0,0,0,0,0,0,0x03
2026-09-06T10:59:14.276,2034,0,2,50,0,0,0,0,0,0,0x03
2026-09-06T10:59:14.357,2035,0,2,50,0,0,0,0,0,0,0x03
2026-09-06T10:59:14.422,2036,0,2,52,0,0,0,0,0,0,0x03
2026-09-06T10:59:14.487,2037,0,2,51,0,0,0,0,0,0,0x03
2026-09-06T10:59:14.552,2038,0,2,50,0,0,0,0,0,0,0x03
2026-09-06T10:59:14.617,2039,0,2,50,0,0,0,0,0,0,0x03
2026-09-06T10:59:14.682,2040,0,2,51,0,0,0,0,0,0,0x03
2026-09-06T10:59:14.747,2041,0,2,51,0,0,0,0,0,0,0x03
2026-09-06T10:59:14.828,2042,0,2,51,0,0,0,0,0,0,0x03
2026-09-06T10:59:14.893,2043,0,2,52,0,0,0,0,0,0,0x03
2026-09-06T10:59:14.958,2044,0,2,50,0,0,0,0,0,0,0x03
2026-09-06T10:59:15.023,2045,0,2,50,0,0,0,0,0,0,0x03
2026-09-06T10:59:15.088,2046,0,2,50,0,0,0,0,0,0,0x03
2026-09-06T10:59:15.153,2047,0,2,51,0,0,0,0,0,0,0x03
2026-09-06T10:59:15.218,2048,0,2,51,0,0,0,0,0,0,0x03
2026-09-06T10:59:15.282,2049,0,2,50,0,0,0,0,0,0,0x03
2026-09-06T10:59:15.347,2050,0,2,52,0,0,0,0,0,0,0x03
2026-09-06T10:59:15.428,2051,0,2,50,0,0,0,0,0,0,0x03
2026-09-06T10:59:15.492,2052,0,2,52,0,0,0,0,0,0,0x03
2026-09-06T10:59:15.557,2053,0,2,51,0,0,0,0,0,0,0x03
2026-09-06T10:59:15.687,2054,0,2,50,0,0,0,0,0,0,0x03
2026-09-06T10:59:15.752,2055,0,2,51,0,0,0,0,0,0,0x03
2026-09-06T10:59:15.817,2056,0,2,52,0,0,0,0,0,0,0x03
2026-09-06T10:59:15.898,2057,0,2,50,0,0,0,0,0,0,0x03
2026-09-06T10:59:15.963,2059,0,2,51,0,0,0,0,0,0,0x03
2026-09-06T10:59:16.027,2060,0,2,50,0,0,0,0,0,0,0x03
2026-09-06T10:59:16.092,2061,0,2,52,0,0,0,0,0,0,0x03
2026-09-06T10:59:16.157,2062,0,2,50,0,0,0,0,0,0,0x03
2026-09-06T10:59:16.222,2063,0,2,51,0,0,0,0,0,0,0x03
2026-09-06T10:59:16.287,2064,0,2,50,0,0,0,0,0,0,0x03
2026-09-06T10:59:16.352,2065,0,2,50,0,0,0,0,0,0,0x03
2026-09-06T10:59:16.433,2066,0,2,50,0,0,0,0,0,0,0x03
2026-09-06T10:59:16.497,2067,0,2,52,0,0,0,0,0,0,0x03
2026-09-06T10:59:16.562,2068,0,2,50,0,0,0,0,0,0,0x03
2026-09-06T10:59:16.627,2069,0,2,52,0,0,0,0,0,0,0x03
2026-09-06T10:59:16.692,2070,0,2,51,0,0,0,0,0,0,0x03
2026-09-06T10:59:16.756,2071,0,2,52,0,0,0,0,0,0,0x03
2026-09-06T10:59:16.821,2072,0,2,50,0,0,0,0,0,0,0x03
2026-09-06T10:59:16.886,2073,0,2,50,0,0,0,0,0,0,0x03
2026-09-06T10:59:16.967,2074,0,2,51,0,0,0,0,0,0,0x03
2026-09-06T10:59:17.033,2075,0,2,50,0,0,0,0,0,0,0x03
2026-09-06T10:59:17.098,2076,0,2,51,0,0,0,0,0,0,0x03
2026-09-06T10:59:17.163,2077,0,2,51,0,0,0,0,0,0,0x03
2026-09-06T10:59:17.228,2078,0,2,52,0,0,0,0,0,0,0x03
2026-09-06T10:59:17.294,2079,0,2,52,0,0,0,0,0,0,0x03
2026-09-06T10:59:17.358,2080,0,2,50,0,0,0,0,0,0,0x03
2026-09-06T10:59:17.423,2081,0,2,51,0,0,0,0,0,0,0x03
2026-09-06T10:59:17.505,2082,0,2,52,0,0,0,0,0,0,0x03
2026-09-06T10:59:17.570,2083,0,2,50,0,0,0,0,0,0,0x03
2026-09-06T10:59:17.635,2084,0,2,50,0,0,0,0,0,0,0x03
2026-09-06T10:59:17.700,2085,0,2,51,0,0,0,0,0,0,0x03
2026-09-06T10:59:17.765,2086,0,2,50,0,0,0,0,0,0,0x03
2026-09-06T10:59:17.830,2087,0,2,51,0,0,0,0,0,0,0x03
2026-09-06T10:59:17.895,2088,0,2,50,0,0,0,0,0,0,0x03
2026-09-06T10:59:17.960,2089,0,2,52,0,0,0,0,0,0,0x03
2026-09-06T10:59:18.041,2090,0,2,51,0,0,0,0,0,0,0x03
2026-09-06T10:59:18.090,2091,0,2,51,0,0,0,0,0,0,0x03
2026-09-06T10:59:18.171,2092,0,2,51,0,0,0,0,0,0,0x03
2026-09-06T10:59:18.236,2093,0,2,51,0,0,0,0,0,0,0x03
2026-09-06T10:59:18.301,2094,0,2,50,0,0,0,0,0,0,0x03
2026-09-06T10:59:18.367,2095,0,2,51,0,0,0,0,0,0,0x03
2026-09-06T10:59:18.432,2096,0,2,51,0,0,0,0,0,0,0x03
2026-09-06T10:59:18.497,2097,0,2,52,0,0,0,0,0,0,0x03
2026-09-06T10:59:18.578,2098,0,2,50,0,0,0,0,0,0,0x03
2026-09-06T10:59:18.626,2099,0,2,52,0,0,0,0,0,0,0x03
2026-09-06T10:59:18.708,2100,0,2,51,0,0,0,0,0,0,0x03
2026-09-06T10:59:18.773,2101,0,2,50,0,0,0,0,0,0,0x03
2026-09-06T10:59:18.838,2102,0,2,52,0,0,0,0,0,0,0x03
2026-09-06T10:59:18.903,2103,0,2,50,0,0,0,0,0,0,0x03
2026-09-06T10:59:18.968,2104,0,2,50,0,0,0,0,0,0,0x03
2026-09-06T10:59:19.033,2105,0,2,50,0,0,0,0,0,0,0x03
2026-09-06T10:59:19.098,2106,0,2,52,0,0,0,0,0,0,0x03
2026-09-06T10:59:19.163,2107,0,2,51,0,0,0,0,0,0,0x03
2026-09-06T10:59:19.244,2108,0,2,51,0,0,0,0,0,0,0x03
2026-09-06T10:59:19.309,2109,0,2,51,0,0,0,0,0,0,0x03
2026-09-06T10:59:19.374,2110,0,2,51,0,0,0,0,0,0,0x03
2026-09-06T10:59:19.439,2111,0,2,50,0,0,0,0,0,0,0x03
2026-09-06T10:59:19.504,2112,0,2,51,0,0,0,0,0,0,0x03
2026-09-06T10:59:19.569,2113,0,2,51,0,0,0,0,0,0,0x03
2026-09-06T10:59:19.650,2114,0,2,50,0,0,0,0,0,0,0x03
2026-09-06T10:59:19.698,2115,0,2,51,0,0,0,0,0,0,0x03
2026-09-06T10:59:19.779,2116,0,2,51,0,0,0,0,0,0,0x03
2026-09-06T10:59:19.844,2117,0,2,50,0,0,0,0,0,0,0x03
2026-09-06T10:59:19.909,2118,0,2,51,0,0,0,0,0,0,0x03
2026-09-06T10:59:19.974,2119,0,2,52,0,0,0,0,0,0,0x03
2026-09-06T10:59:20.039,2120,0,2,50,0,0,0,0,0,0,0x03
2026-09-06T10:59:20.104,2121,0,2,51,0,0,0,0,0,0,0x03
2026-09-06T10:59:20.169,2122,0,2,50,0,0,0,0,0,0,0x03
2026-09-06T10:59:20.234,2123,0,2,52,0,0,0,0,0,0,0x03
2026-09-06T10:59:20.316,2124,0,2,52,0,0,0,0,0,0,0x03
2026-09-06T10:59:20.381,2125,0,2,50,0,0,0,0,0,0,0x03
2026-09-06T10:59:20.446,2126,0,2,50,0,0,0,0,0,0,0x03
2026-09-06T10:59:20.510,2127,0,2,50,0,0,0,0,0,0,0x03
2026-09-06T10:59:20.575,2128,0,2,50,0,0,0,0,0,0,0x03
2026-09-06T10:59:20.640,2129,0,2,50,0,0,0,0,0,0,0x03
2026-09-06T10:59:20.705,2130,0,2,51,0,0,0,0,0,0,0x03
2026-09-06T10:59:20.770,2131,0,2,51,0,0,0,0,0,0,0x03
2026-09-06T10:59:20.851,2132,0,2,50,0,0,0,0,0,0,0x03
2026-09-06T10:59:20.916,2133,0,2,52,0,0,0,0,0,0,0x03
2026-09-06T10:59:20.981,2134,0,2,52,0,0,0,0,0,0,0x03
2026-09-06T10:59:21.045,2135,0,2,51,0,0,0,0,0,0,0x03
2026-09-06T10:59:21.110,2136,0,2,52,0,0,0,0,0,0,0x03
2026-09-06T10:59:21.175,2137,0,2,50,0,0,0,0,0,0,0x03
2026-09-06T10:59:21.240,2138,0,2,55,0,0,0,0,0,0,0x03
2026-09-06T10:59:21.321,2139,0,2,52,0,0,0,0,0,0,0x03
2026-09-06T10:59:21.386,2140,0,2,52,0,0,0,0,0,0,0x03
2026-09-06T10:59:21.450,2141,0,2,50,0,0,0,0,0,0,0x03
2026-09-06T10:59:21.515,2142,0,2,52,0,0,0,0,0,0,0x03
2026-09-06T10:59:21.580,2143,0,2,50,0,0,0,0,0,0,0x03
2026-09-06T10:59:21.645,2144,0,2,50,0,0,0,0,0,0,0x03
2026-09-06T10:59:21.710,2145,0,2,50,0,0,0,0,0,0,0x03
2026-09-06T10:59:21.774,2146,0,2,50,0,0,0,0,0,0,0x03
2026-09-06T10:59:21.856,2147,0,2,51,0,0,0,0,0,0,0x03
2026-09-06T10:59:21.921,2148,0,2,50,0,0,0,0,0,0,0x03
2026-09-06T10:59:21.986,2149,0,2,51,0,0,0,0,0,0,0x03
2026-09-06T10:59:22.050,2150,0,2,51,0,0,0,0,0,0,0x03
2026-09-06T10:59:22.115,2151,0,2,51,0,0,0,0,0,0,0x03
2026-09-06T10:59:22.180,2152,0,2,51,0,0,0,0,0,0,0x03
2026-09-06T10:59:22.245,2153,0,2,52,0,0,0,0,0,0,0x03
2026-09-06T10:59:22.309,2154,0,2,51,0,0,0,0,0,0,0x03
2026-09-06T10:59:22.390,2155,0,2,50,0,0,0,0,0,0,0x03
2026-09-06T10:59:22.455,2156,0,2,50,0,0,0,0,0,0,0x03
2026-09-06T10:59:22.520,2157,0,2,52,0,0,0,0,0,0,0x03
2026-09-06T10:59:22.585,2158,0,2,50,0,0,0,0,0,0,0x03
2026-09-06T10:59:22.650,2159,0,2,51,0,0,0,0,0,0,0x03
2026-09-06T10:59:22.715,2160,0,2,50,0,0,0,0,0,0,0x03
2026-09-06T10:59:22.779,2161,0,2,51,0,0,0,0,0,0,0x03
2026-09-06T10:59:22.844,2162,0,2,51,0,0,0,0,0,0,0x03
2026-09-06T10:59:22.925,2163,0,2,50,0,0,0,0,0,0,0x03
2026-09-06T10:59:22.990,2164,0,2,52,0,0,0,0,0,0,0x03
2026-09-06T10:59:23.055,2165,0,2,51,0,0,0,0,0,0,0x03
2026-09-06T10:59:23.120,2166,0,2,51,0,0,0,0,0,0,0x03
2026-09-06T10:59:23.184,2167,0,2,52,0,0,0,0,0,0,0x03
2026-09-06T10:59:23.249,2168,0,2,51,0,0,0,0,0,0,0x03
2026-09-06T10:59:23.314,2169,0,2,50,0,0,0,0,0,0,0x03
2026-09-06T10:59:23.395,2170,0,2,52,0,0,0,0,0,0,0x03
2026-09-06T10:59:23.460,2171,0,2,50,0,0,0,0,0,0,0x03
2026-09-06T10:59:23.525,2172,0,2,52,0,0,0,0,0,0,0x03
2026-09-06T10:59:23.591,2173,0,2,53,0,0,0,0,0,0,0x03
2026-09-06T10:59:23.656,2174,0,2,50,0,0,0,0,0,0,0x03
2026-09-06T10:59:23.721,2175,0,2,52,0,0,0,0,0,0,0x03
2026-09-06T10:59:23.786,2176,0,2,50,0,0,0,0,0,0,0x03
2026-09-06T10:59:23.851,2177,0,2,50,0,0,0,0,0,0,0x03
2026-09-06T10:59:23.932,2178,0,2,50,0,0,0,0,0,0,0x03
2026-09-06T10:59:23.997,2179,0,2,51,0,0,0,0,0,0,0x03
2026-09-06T10:59:24.062,2180,0,2,52,0,0,0,0,0,0,0x03
2026-09-06T10:59:24.127,2181,0,2,52,0,0,0,0,0,0,0x03
2026-09-06T10:59:24.191,2182,0,2,50,0,0,0,0,0,0,0x03
2026-09-06T10:59:24.256,2183,0,2,51,0,0,0,0,0,0,0x03
2026-09-06T10:59:24.321,2184,0,2,50,0,0,0,0,0,0,0x03
2026-09-06T10:59:24.386,2185,0,2,52,0,0,0,0,0,0,0x03
2026-09-06T10:59:24.467,2186,0,2,50,0,0,0,0,0,0,0x03
2026-09-06T10:59:24.532,2187,0,2,51,0,0,0,0,0,0,0x03
2026-09-06T10:59:24.596,2188,0,2,50,0,0,0,0,0,0,0x03
2026-09-06T10:59:24.661,2189,0,2,51,0,0,0,0,0,0,0x03
2026-09-06T10:59:24.726,2190,0,2,51,0,0,0,0,0,0,0x03
2026-09-06T10:59:24.791,2191,0,2,50,0,0,0,0,0,0,0x03
2026-09-06T10:59:24.856,2192,0,2,50,0,0,0,0,0,0,0x03
2026-09-06T10:59:24.921,2193,0,2,51,0,0,0,0,0,0,0x03
2026-09-06T10:59:25.002,2194,0,2,50,0,0,0,0,0,0,0x03
2026-09-06T10:59:25.067,2195,0,2,50,0,0,0,0,0,0,0x03
2026-09-06T10:59:25.132,2196,0,2,51,0,0,0,0,0,0,0x03
2026-09-06T10:59:25.197,2197,0,2,52,0,0,0,0,0,0,0x03
2026-09-06T10:59:25.262,2198,0,2,51,0,0,0,0,0,0,0x03
2026-09-06T10:59:25.327,2199,0,2,50,0,0,0,0,0,0,0x03
2026-09-06T10:59:25.392,2200,0,2,50,0,0,0,0,0,0,0x03
2026-09-06T10:59:25.456,2201,0,2,50,0,0,0,0,0,0,0x03
2026-09-06T10:59:25.537,2202,0,2,55,0,0,0,0,0,0,0x03
2026-09-06T10:59:25.602,2203,0,2,51,0,0,0,0,0,0,0x03
2026-09-06T10:59:25.666,2204,0,2,50,0,0,0,0,0,0,0x03
2026-09-06T10:59:25.731,2205,0,2,50,0,0,0,0,0,0,0x03
2026-09-06T10:59:25.796,2206,0,2,50,0,0,0,0,0,0,0x03
2026-09-06T10:59:25.861,2207,0,2,51,0,0,0,0,0,0,0x03
2026-09-06T10:59:25.926,2208,0,2,52,0,0,0,0,0,0,0x03
2026-09-06T10:59:26.007,2209,0,2,52,0,0,0,0,0,0,0x03
2026-09-06T10:59:26.072,2210,0,2,50,0,0,0,0,0,0,0x03
2026-09-06T10:59:26.137,2211,0,2,52,0,0,0,0,0,0,0x03
2026-09-06T10:59:26.202,2212,0,2,50,0,0,0,0,0,0,0x03
2026-09-06T10:59:26.267,2213,0,2,51,0,0,0,0,0,0,0x03
2026-09-06T10:59:26.332,2214,0,2,52,0,0,0,0,0,0,0x03
2026-09-06T10:59:26.397,2215,0,2,50,0,0,0,0,0,0,0x03
2026-09-06T10:59:26.462,2216,0,2,51,0,0,0,0,0,0,0x03
2026-09-06T10:59:26.542,2217,0,2,50,0,0,0,0,0,0,0x03
2026-09-06T10:59:26.591,2218,0,2,50,0,0,0,0,0,0,0x03
2026-09-06T10:59:26.672,2219,0,2,51,0,0,0,0,0,0,0x03
2026-09-06T10:59:26.801,2220,0,2,50,0,0,0,0,0,0,0x03
2026-09-06T10:59:26.866,2221,0,2,51,0,0,0,0,0,0,0x03
2026-09-06T10:59:26.931,2222,0,2,50,0,0,0,0,0,0,0x03
2026-09-06T10:59:26.995,2223,0,2,54,0,0,0,0,0,0,0x03
2026-09-06T10:59:27.077,2225,0,2,51,0,0,0,0,0,0,0x03
2026-09-06T10:59:27.142,2226,0,2,51,0,0,0,0,0,0,0x03
2026-09-06T10:59:27.206,2227,0,2,52,0,0,0,0,0,0,0x03
2026-09-06T10:59:27.271,2228,0,2,50,0,0,0,0,0,0,0x03
2026-09-06T10:59:27.336,2229,0,2,52,0,0,0,0,0,0,0x03
2026-09-06T10:59:27.400,2230,0,2,51,0,0,0,0,0,0,0x03
2026-09-06T10:59:27.465,2231,0,2,51,0,0,0,0,0,0,0x03
2026-09-06T10:59:27.546,2232,0,2,50,0,0,0,0,0,0,0x03
2026-09-06T10:59:27.611,2233,0,2,50,0,0,0,0,0,0,0x03
2026-09-06T10:59:27.676,2234,0,2,51,0,0,0,0,0,0,0x03
2026-09-06T10:59:27.741,2235,0,2,51,0,0,0,0,0,0,0x03
2026-09-06T10:59:27.806,2236,0,2,50,0,0,0,0,0,0,0x03
2026-09-06T10:59:27.871,2237,0,2,50,0,0,0,0,0,0,0x03
2026-09-06T10:59:27.936,2238,0,2,52,0,0,0,0,0,0,0x03
2026-09-06T10:59:28.001,2239,0,2,50,0,0,0,0,0,0,0x03
2026-09-06T10:59:28.082,2240,0,2,53,0,0,0,0,0,0,0x03
2026-09-06T10:59:28.131,2241,0,2,51,0,0,0,0,0,0,0x03
2026-09-06T10:59:28.212,2242,0,2,51,0,0,0,0,0,0,0x03
2026-09-06T10:59:28.277,2243,0,2,51,0,0,0,0,0,0,0x03
2026-09-06T10:59:28.342,2244,0,2,50,0,0,0,0,0,0,0x03
2026-09-06T10:59:28.407,2245,0,2,50,0,0,0,0,0,0,0x03
2026-09-06T10:59:28.472,2246,0,2,50,0,0,0,0,0,0,0x03
2026-09-06T10:59:28.537,2247,0,2,50,0,0,0,0,0,0,0x03
2026-09-06T10:59:28.602,2248,0,2,50,0,0,0,0,0,0,0x03
2026-09-06T10:59:28.667,2249,0,2,51,0,0,0,0,0,0,0x03
2026-09-06T10:59:28.748,2250,0,2,51,0,0,0,0,0,0,0x03
2026-09-06T10:59:28.813,2251,0,2,50,0,0,0,0,0,0,0x03
2026-09-06T10:59:28.878,2252,0,2,53,0,0,0,0,0,0,0x03
2026-09-06T10:59:28.944,2253,0,2,50,0,0,0,0,0,0,0x03
2026-09-06T10:59:29.009,2254,0,2,50,0,0,0,0,0,0,0x03
2026-09-06T10:59:29.074,2255,0,2,52,0,0,0,0,0,0,0x03
2026-09-06T10:59:29.139,2256,0,2,51,0,0,0,0,0,0,0x03
2026-09-06T10:59:29.204,2257,0,2,50,0,0,0,0,0,0,0x03
2026-09-06T10:59:29.269,2258,0,2,50,0,0,0,0,0,0,0x03
2026-09-06T10:59:29.351,2259,0,2,50,0,0,0,0,0,0,0x03
2026-09-06T10:59:29.416,2260,0,2,51,0,0,0,0,0,0,0x03
2026-09-06T10:59:29.481,2261,0,2,50,0,0,0,0,0,0,0x03
2026-09-06T10:59:29.545,2262,0,2,50,0,0,0,0,0,0,0x03
2026-09-06T10:59:29.610,2263,0,2,51,0,0,0,0,0,0,0x03
2026-09-06T10:59:29.675,2264,0,2,52,0,0,0,0,0,0,0x03
2026-09-06T10:59:29.740,2265,0,2,52,0,0,0,0,0,0,0x03
2026-09-06T10:59:29.821,2266,0,2,52,0,0,0,0,0,0,0x03
2026-09-06T10:59:29.886,2267,0,2,50,0,0,0,0,0,0,0x03
2026-09-06T10:59:29.951,2268,0,2,51,0,0,0,0,0,0,0x03
2026-09-06T10:59:30.016,2269,0,2,50,0,0,0,0,0,0,0x03
2026-09-06T10:59:30.081,2270,0,2,50,0,0,0,0,0,0,0x03
2026-09-06T10:59:30.146,2271,0,2,51,0,0,0,0,0,0,0x03
2026-09-06T10:59:30.211,2272,0,2,50,0,0,0,0,0,0,0x03
2026-09-06T10:59:30.275,2273,0,2,51,0,0,0,0,0,0,0x03
2026-09-06T10:59:30.357,2274,0,2,51,0,0,0,0,0,0,0x03
2026-09-06T10:59:30.422,2275,0,2,50,0,0,0,0,0,0,0x03
2026-09-06T10:59:30.487,2276,0,2,50,0,0,0,0,0,0,0x03
2026-09-06T10:59:30.551,2277,0,2,54,0,0,0,0,0,0,0x03
2026-09-06T10:59:30.616,2278,0,2,52,0,0,0,0,0,0,0x03
2026-09-06T10:59:30.681,2279,0,2,51,0,0,0,0,0,0,0x03
2026-09-06T10:59:30.746,2280,0,2,50,0,0,0,0,0,0,0x03
2026-09-06T10:59:30.811,2281,0,2,55,0,0,0,0,0,0,0x03
2026-09-06T10:59:30.892,2282,0,2,51,0,0,0,0,0,0,0x03
2026-09-06T10:59:30.957,2283,0,2,51,0,0,0,0,0,0,0x03
2026-09-06T10:59:31.022,2284,0,2,51,0,0,0,0,0,0,0x03
2026-09-06T10:59:31.087,2285,0,2,51,0,0,0,0,0,0,0x03
2026-09-06T10:59:31.152,2286,0,2,50,0,0,0,0,0,0,0x03
2026-09-06T10:59:31.217,2287,0,2,50,0,0,0,0,0,0,0x03
2026-09-06T10:59:31.281,2288,0,2,50,0,0,0,0,0,0,0x03
2026-09-06T10:59:31.346,2289,0,2,50,0,0,0,0,0,0,0x03
2026-09-06T10:59:31.428,2290,0,2,50,0,0,0,0,0,0,0x03
2026-09-06T10:59:31.493,2291,0,2,50,0,0,0,0,0,0,0x03
2026-09-06T10:59:31.557,2292,0,2,50,0,0,0,0,0,0,0x03
2026-09-06T10:59:31.622,2293,0,2,51,0,0,0,0,0,0,0x03
2026-09-06T10:59:31.687,2294,0,2,50,0,0,0,0,0,0,0x03
2026-09-06T10:59:31.752,2295,0,2,51,0,0,0,0,0,0,0x03
2026-09-06T10:59:31.817,2296,0,2,51,0,0,0,0,0,0,0x03
2026-09-06T10:59:31.882,2297,0,2,52,0,0,0,0,0,0,0x03
2026-09-06T10:59:31.962,2298,0,2,50,0,0,0,0,0,0,0x03
2026-09-06T10:59:32.027,2299,0,2,50,0,0,0,0,0,0,0x03
2026-09-06T10:59:32.092,2300,0,2,51,0,0,0,0,0,0,0x03
2026-09-06T10:59:32.158,2301,0,2,51,0,0,0,0,0,0,0x03
2026-09-06T10:59:32.222,2302,0,2,52,0,0,0,0,0,0,0x03
2026-09-06T10:59:32.287,2303,0,2,50,0,0,0,0,0,0,0x03
2026-09-06T10:59:32.352,2304,0,2,52,0,0,0,0,0,0,0x03
2026-09-06T10:59:32.417,2305,0,2,50,0,0,0,0,0,0,0x03
2026-09-06T10:59:32.498,2306,0,2,54,0,0,0,0,0,0,0x03
2026-09-06T10:59:32.563,2307,0,2,51,0,0,0,0,0,0,0x03
2026-09-06T10:59:32.628,2308,0,2,50,0,0,0,0,0,0,0x03
2026-09-06T10:59:32.693,2309,0,2,50,0,0,0,0,0,0,0x03
2026-09-06T10:59:32.757,2310,0,2,51,0,0,0,0,0,0,0x03
2026-09-06T10:59:32.822,2311,0,2,51,0,0,0,0,0,0,0x03
2026-09-06T10:59:32.887,2312,0,2,52,0,0,0,0,0,0,0x03
2026-09-06T10:59:32.968,2313,0,2,50,0,0,0,0,0,0,0x03
2026-09-06T10:59:33.032,2314,0,2,51,0,0,0,0,0,0,0x03
2026-09-06T10:59:33.097,2315,0,2,50,0,0,0,0,0,0,0x03
2026-09-06T10:59:33.161,2316,0,2,50,0,0,0,0,0,0,0x03
2026-09-06T10:59:33.226,2317,0,2,52,0,0,0,0,0,0,0x03
2026-09-06T10:59:33.290,2318,0,2,50,0,0,0,0,0,0,0x03
2026-09-06T10:59:33.355,2319,0,2,51,0,0,0,0,0,0,0x03
2026-09-06T10:59:33.436,2320,0,2,50,0,0,0,0,0,0,0x03
2026-09-06T10:59:33.501,2321,0,2,50,0,0,0,0,0,0,0x03
2026-09-06T10:59:33.566,2322,0,2,50,0,0,0,0,0,0,0x03
2026-09-06T10:59:33.631,2323,0,2,51,0,0,0,0,0,0,0x03
2026-09-06T10:59:33.696,2324,0,2,50,0,0,0,0,0,0,0x03
2026-09-06T10:59:33.761,2325,0,2,51,0,0,0,0,0,0,0x03
2026-09-06T10:59:33.825,2326,0,2,51,0,0,0,0,0,0,0x03
2026-09-06T10:59:33.890,2327,0,2,50,0,0,0,0,0,0,0x03
2026-09-06T10:59:33.971,2328,0,2,53,0,0,0,0,0,0,0x03
2026-09-06T10:59:34.036,2329,0,2,50,0,0,0,0,0,0,0x03
2026-09-06T10:59:34.101,2330,0,2,51,0,0,0,0,0,0,0x03
2026-09-06T10:59:34.166,2331,0,2,50,0,0,0,0,0,0,0x03
2026-09-06T10:59:34.231,2332,0,2,50,0,0,0,0,0,0,0x03
2026-09-06T10:59:34.295,2333,0,2,50,0,0,0,0,0,0,0x03
2026-09-06T10:59:34.360,2334,0,2,53,0,0,0,0,0,0,0x03
2026-09-06T10:59:34.425,2335,0,2,52,0,0,0,0,0,0,0x03
2026-09-06T10:59:34.506,2336,0,2,51,0,0,0,0,0,0,0x03
2026-09-06T10:59:34.571,2337,0,2,51,0,0,0,0,0,0,0x03
2026-09-06T10:59:34.636,2338,0,2,50,0,0,0,0,0,0,0x03
2026-09-06T10:59:34.701,2339,0,2,50,0,0,0,0,0,0,0x03
2026-09-06T10:59:34.766,2340,0,2,51,0,0,0,0,0,0,0x03
2026-09-06T10:59:34.832,2341,0,2,51,0,0,0,0,0,0,0x03
2026-09-06T10:59:34.897,2342,0,2,50,0,0,0,0,0,0,0x03
2026-09-06T10:59:34.962,2343,0,2,50,0,0,0,0,0,0,0x03
2026-09-06T10:59:35.043,2344,0,2,51,0,0,0,0,0,0,0x03
2026-09-06T10:59:35.092,2345,0,2,52,0,0,0,0,0,0,0x03
2026-09-06T10:59:35.173,2346,0,2,52,0,0,0,0,0,0,0x03
2026-09-06T10:59:35.238,2347,0,2,52,0,0,0,0,0,0,0x03
2026-09-06T10:59:35.368,2348,0,2,51,0,0,0,0,0,0,0x03
2026-09-06T10:59:35.433,2349,0,2,52,0,0,0,0,0,0,0x03
2026-09-06T10:59:35.498,2350,0,2,52,0,0,0,0,0,0,0x03
2026-09-06T10:59:35.579,2351,0,2,51,0,0,0,0,0,0,0x03
2026-09-06T10:59:35.644,2353,0,2,51,0,0,0,0,0,0,0x03
2026-09-06T10:59:35.709,2354,0,2,51,0,0,0,0,0,0,0x03
2026-09-06T10:59:35.774,2355,0,2,52,0,0,0,0,0,0,0x03
2026-09-06T10:59:35.839,2356,0,2,52,0,0,0,0,0,0,0x03
2026-09-06T10:59:35.904,2357,0,2,51,0,0,0,0,0,0,0x03
2026-09-06T10:59:35.968,2358,0,2,51,0,0,0,0,0,0,0x03
2026-09-06T10:59:36.033,2359,0,2,51,0,0,0,0,0,0,0x03
2026-09-06T10:59:36.114,2360,0,2,55,0,0,0,0,0,0,0x03
2026-09-06T10:59:36.179,2361,0,2,50,0,0,0,0,0,0,0x03
2026-09-06T10:59:36.243,2362,0,2,50,0,0,0,0,0,0,0x03
2026-09-06T10:59:36.309,2363,0,2,51,0,0,0,0,0,0,0x03
2026-09-06T10:59:36.373,2364,0,2,52,0,0,0,0,0,0,0x03
2026-09-06T10:59:36.439,2365,0,2,50,0,0,0,0,0,0,0x03
2026-09-06T10:59:36.504,2366,0,2,52,0,0,0,0,0,0,0x03
2026-09-06T10:59:36.568,2367,0,2,50,0,0,0,0,0,0,0x03
2026-09-06T10:59:36.633,2368,0,2,51,0,0,0,0,0,0,0x03
2026-09-06T10:59:36.714,2369,0,2,51,0,0,0,0,0,0,0x03
2026-09-06T10:59:36.779,2370,0,2,53,0,0,0,0,0,0,0x03
2026-09-06T10:59:36.844,2371,0,2,50,0,0,0,0,0,0,0x03
2026-09-06T10:59:36.909,2372,0,2,50,0,0,0,0,0,0,0x03
2026-09-06T10:59:36.974,2373,0,2,52,0,0,0,0,0,0,0x03
2026-09-06T10:59:37.039,2374,0,2,52,0,0,0,0,0,0,0x03
2026-09-06T10:59:37.104,2375,0,2,50,0,0,0,0,0,0,0x03
2026-09-06T10:59:37.169,2376,0,2,51,0,0,0,0,0,0,0x03
2026-09-06T10:59:37.249,2377,0,2,52,0,0,0,0,0,0,0x03
2026-09-06T10:59:37.315,2378,0,2,51,0,0,0,0,0,0,0x03
2026-09-06T10:59:37.380,2379,0,2,50,0,0,0,0,0,0,0x03
2026-09-06T10:59:37.445,2380,0,2,52,0,0,0,0,0,0,0x03
2026-09-06T10:59:37.509,2381,0,2,51,0,0,0,0,0,0,0x03
2026-09-06T10:59:37.574,2382,0,2,52,0,0,0,0,0,0,0x03
2026-09-06T10:59:37.639,2383,0,2,51,0,0,0,0,0,0,0x03
2026-09-06T10:59:37.704,2384,0,2,51,0,0,0,0,0,0,0x03
2026-09-06T10:59:37.785,2385,0,2,50,0,0,0,0,0,0,0x03
2026-09-06T10:59:37.850,2386,0,2,52,0,0,0,0,0,0,0x03
2026-09-06T10:59:37.915,2387,0,2,52,0,0,0,0,0,0,0x03
2026-09-06T10:59:37.980,2388,0,2,50,0,0,0,0,0,0,0x03
2026-09-06T10:59:38.044,2389,0,2,50,0,0,0,0,0,0,0x03
2026-09-06T10:59:38.110,2390,0,2,50,0,0,0,0,0,0,0x03
2026-09-06T10:59:38.174,2391,0,2,51,0,0,0,0,0,0,0x03
2026-09-06T10:59:38.239,2392,0,2,53,0,0,0,0,0,0,0x03
2026-09-06T10:59:38.320,2393,0,2,51,0,0,0,0,0,0,0x03
2026-09-06T10:59:38.385,2394,0,2,50,0,0,0,0,0,0,0x03
2026-09-06T10:59:38.450,2395,0,2,51,0,0,0,0,0,0,0x03
2026-09-06T10:59:38.515,2396,0,2,50,0,0,0,0,0,0,0x03
2026-09-06T10:59:38.579,2397,0,2,50,0,0,0,0,0,0,0x03
2026-09-06T10:59:38.644,2398,0,2,52,0,0,0,0,0,0,0x03
2026-09-06T10:59:38.709,2399,0,2,52,0,0,0,0,0,0,0x03
2026-09-06T10:59:38.775,2400,0,2,51,0,0,0,0,0,0,0x03
2026-09-06T10:59:38.856,2401,0,2,51,0,0,0,0,0,0,0x03
2026-09-06T10:59:38.921,2402,0,2,55,0,0,0,0,0,0,0x03
2026-09-06T10:59:38.986,2403,0,2,51,0,0,0,0,0,0,0x03
2026-09-06T10:59:39.050,2404,0,2,51,0,0,0,0,0,0,0x03
2026-09-06T10:59:39.115,2405,0,2,51,0,0,0,0,0,0,0x03
2026-09-06T10:59:39.180,2406,0,2,51,0,0,0,0,0,0,0x03
2026-09-06T10:59:39.245,2407,0,2,52,0,0,0,0,0,0,0x03
2026-09-06T10:59:39.310,2408,0,2,50,0,0,0,0,0,0,0x03
2026-09-06T10:59:39.391,2409,0,2,51,0,0,0,0,0,0,0x03
2026-09-06T10:59:39.456,2410,0,2,52,0,0,0,0,0,0,0x03
2026-09-06T10:59:39.521,2411,0,2,53,0,0,0,0,0,0,0x03
2026-09-06T10:59:39.587,2412,0,2,52,0,0,0,0,0,0,0x03
2026-09-06T10:59:39.651,2413,0,2,52,0,0,0,0,0,0,0x03
2026-09-06T10:59:39.716,2414,0,2,51,0,0,0,0,0,0,0x03
2026-09-06T10:59:39.781,2415,0,2,55,0,0,0,0,0,0,0x03
2026-09-06T10:59:39.846,2416,0,2,52,0,0,0,0,0,0,0x03
2026-09-06T10:59:39.927,2417,0,2,51,0,0,0,0,0,0,0x03
2026-09-06T10:59:39.992,2418,0,2,50,0,0,0,0,0,0,0x03
2026-09-06T10:59:40.057,2419,0,2,50,0,0,0,0,0,0,0x03
2026-09-06T10:59:40.122,2420,0,2,50,0,0,0,0,0,0,0x03
2026-09-06T10:59:40.187,2421,0,2,51,0,0,0,0,0,0,0x03
2026-09-06T10:59:40.252,2422,0,2,52,0,0,0,0,0,0,0x03
2026-09-06T10:59:40.317,2423,0,2,51,0,0,0,0,0,0,0x03
2026-09-06T10:59:40.382,2424,0,2,52,0,0,0,0,0,0,0x03
2026-09-06T10:59:40.463,2425,0,2,54,0,0,0,0,0,0,0x03
2026-09-06T10:59:40.528,2426,0,2,50,0,0,0,0,0,0,0x03
2026-09-06T10:59:40.593,2427,0,2,51,0,0,0,0,0,0,0x03
2026-09-06T10:59:40.658,2428,0,2,51,0,0,0,0,0,0,0x03
2026-09-06T10:59:40.722,2429,0,2,50,0,0,0,0,0,0,0x03
2026-09-06T10:59:40.788,2430,0,2,50,0,0,0,0,0,0,0x03
2026-09-06T10:59:40.853,2431,0,2,52,0,0,0,0,0,0,0x03
2026-09-06T10:59:40.933,2432,0,2,51,0,0,0,0,0,0,0x03
2026-09-06T10:59:40.999,2433,0,2,51,0,0,0,0,0,0,0x03
2026-09-06T10:59:41.063,2434,0,2,50,0,0,0,0,0,0,0x03
2026-09-06T10:59:41.128,2435,0,2,50,0,0,0,0,0,0,0x03
2026-09-06T10:59:41.193,2436,0,2,52,0,0,0,0,0,0,0x03
2026-09-06T10:59:41.258,2437,0,2,50,0,0,0,0,0,0,0x03
2026-09-06T10:59:41.323,2438,0,2,50,0,0,0,0,0,0,0x03
2026-09-06T10:59:41.388,2439,0,2,52,0,0,0,0,0,0,0x03
2026-09-06T10:59:41.469,2440,0,2,50,0,0,0,0,0,0,0x03
2026-09-06T10:59:41.517,2441,0,2,55,0,0,0,0,0,0,0x03
2026-09-06T10:59:41.598,2442,0,2,51,0,0,0,0,0,0,0x03
2026-09-06T10:59:41.663,2443,0,2,51,0,0,0,0,0,0,0x03
2026-09-06T10:59:41.728,2444,0,2,51,0,0,0,0,0,0,0x03
2026-09-06T10:59:41.792,2445,0,2,52,0,0,0,0,0,0,0x03
2026-09-06T10:59:41.857,2446,0,2,51,0,0,0,0,0,0,0x03
2026-09-06T10:59:41.922,2447,0,2,51,0,0,0,0,0,0,0x03
2026-09-06T10:59:42.004,2448,0,2,51,0,0,0,0,0,0,0x03
2026-09-06T10:59:42.069,2449,0,2,50,0,0,0,0,0,0,0x03
2026-09-06T10:59:42.134,2450,0,2,54,0,0,0,0,0,0,0x03
2026-09-06T10:59:42.199,2451,0,2,52,0,0,0,0,0,0,0x03
2026-09-06T10:59:42.265,2452,0,2,51,0,0,0,0,0,0,0x03
2026-09-06T10:59:42.330,2453,0,2,52,0,0,0,0,0,0,0x03
2026-09-06T10:59:42.394,2454,0,2,50,0,0,0,0,0,0,0x03
2026-09-06T10:59:42.459,2455,0,2,51,0,0,0,0,0,0,0x03
2026-09-06T10:59:42.541,2456,0,2,52,0,0,0,0,0,0,0x03
2026-09-06T10:59:42.589,2457,0,2,51,0,0,0,0,0,0,0x03
2026-09-06T10:59:42.670,2458,0,2,51,0,0,0,0,0,0,0x03
2026-09-06T10:59:42.735,2459,0,2,52,0,0,0,0,0,0,0x03
2026-09-06T10:59:42.800,2460,0,2,52,0,0,0,0,0,0,0x03
2026-09-06T10:59:42.865,2461,0,2,52,0,0,0,0,0,0,0x03
2026-09-06T10:59:42.929,2462,0,2,52,0,0,0,0,0,0,0x03
2026-09-06T10:59:42.994,2463,0,2,51,0,0,0,0,0,0,0x03
2026-09-06T10:59:43.075,2464,0,2,53,0,0,0,0,0,0,0x03
2026-09-06T10:59:43.140,2465,0,2,51,0,0,0,0,0,0,0x03
2026-09-06T10:59:43.205,2466,0,2,50,0,0,0,0,0,0,0x03
2026-09-06T10:59:43.270,2467,0,2,51,0,0,0,0,0,0,0x03
2026-09-06T10:59:43.335,2468,0,2,50,0,0,0,0,0,0,0x03
2026-09-06T10:59:43.400,2469,0,2,51,0,0,0,0,0,0,0x03
2026-09-06T10:59:43.465,2470,0,2,51,0,0,0,0,0,0,0x03
2026-09-06T10:59:43.530,2471,0,2,51,0,0,0,0,0,0,0x03
2026-09-06T10:59:43.595,2472,0,2,51,0,0,0,0,0,0,0x03
2026-09-06T10:59:43.676,2473,0,2,51,0,0,0,0,0,0,0x03
2026-09-06T10:59:43.741,2474,0,2,50,0,0,0,0,0,0,0x03
2026-09-06T10:59:43.806,2475,0,2,51,0,0,0,0,0,0,0x03
2026-09-06T10:59:43.871,2476,0,2,51,0,0,0,0,0,0,0x03
2026-09-06T10:59:43.936,2477,0,2,51,0,0,0,0,0,0,0x03
2026-09-06T10:59:44.001,2478,0,2,51,0,0,0,0,0,0,0x03
2026-09-06T10:59:44.066,2479,0,2,52,0,0,0,0,0,0,0x03
2026-09-06T10:59:44.130,2480,0,2,55,0,0,0,0,0,0,0x03
2026-09-06T10:59:44.212,2481,0,2,50,0,0,0,0,0,0,0x03
2026-09-06T10:59:44.277,2482,0,2,50,0,0,0,0,0,0,0x03
2026-09-06T10:59:44.342,2483,0,2,51,0,0,0,0,0,0,0x03
2026-09-06T10:59:44.407,2484,0,2,51,0,0,0,0,0,0,0x03
2026-09-06T10:59:44.472,2485,0,2,51,0,0,0,0,0,0,0x03
2026-09-06T10:59:44.538,2486,0,2,52,0,0,0,0,0,0,0x03
2026-09-06T10:59:44.603,2487,0,2,51,0,0,0,0,0,0,0x03
2026-09-06T10:59:44.668,2488,0,2,50,0,0,0,0,0,0,0x03
2026-09-06T10:59:44.732,2489,0,2,50,0,0,0,0,0,0,0x03
2026-09-06T10:59:44.813,2490,0,2,50,0,0,0,0,0,0,0x03
2026-09-06T10:59:44.878,2491,0,2,50,0,0,0,0,0,0,0x03
2026-09-06T10:59:44.943,2492,0,2,51,0,0,0,0,0,0,0x03
2026-09-06T10:59:45.008,2493,0,2,50,0,0,0,0,0,0,0x03
2026-09-06T10:59:45.073,2494,0,2,52,0,0,0,0,0,0,0x03
2026-09-06T10:59:45.138,2495,0,2,51,0,0,0,0,0,0,0x03
2026-09-06T10:59:45.203,2496,0,2,52,0,0,0,0,0,0,0x03
2026-09-06T10:59:45.268,2497,0,2,51,0,0,0,0,0,0,0x03
2026-09-06T10:59:45.349,2498,0,2,51,0,0,0,0,0,0,0x03
2026-09-06T10:59:45.414,2499,0,2,50,0,0,0,0,0,0,0x03
2026-09-06T10:59:45.478,2500,0,2,50,0,0,0,0,0,0,0x03
2026-09-06T10:59:45.543,2501,0,2,50,0,0,0,0,0,0,0x03
2026-09-06T10:59:45.608,2502,0,2,55,0,0,0,0,0,0,0x03
2026-09-06T10:59:45.673,2503,0,2,50,0,0,0,0,0,0,0x03
2026-09-06T10:59:45.738,2504,0,2,51,0,0,0,0,0,0,0x03
2026-09-06T10:59:45.819,2505,0,2,50,0,0,0,0,0,0,0x03
2026-09-06T10:59:45.884,2506,0,2,50,0,0,0,0,0,0,0x03
2026-09-06T10:59:45.949,2507,0,2,50,0,0,0,0,0,0,0x03
2026-09-06T10:59:46.014,2508,0,2,54,0,0,0,0,0,0,0x03
2026-09-06T10:59:46.080,2509,0,2,50,0,0,0,0,0,0,0x03
2026-09-06T10:59:46.145,2510,0,2,50,0,0,0,0,0,0,0x03
2026-09-06T10:59:46.210,2511,0,2,50,0,0,0,0,0,0,0x03
2026-09-06T10:59:46.275,2512,0,2,51,0,0,0,0,0,0,0x03
2026-09-06T10:59:46.340,2513,0,2,52,0,0,0,0,0,0,0x03
2026-09-06T10:59:46.421,2514,0,2,50,0,0,0,0,0,0,0x03
2026-09-06T10:59:46.486,2515,0,2,50,0,0,0,0,0,0,0x03
2026-09-06T10:59:46.616,2516,0,2,50,0,0,0,0,0,0,0x03
2026-09-06T10:59:46.680,2517,0,2,52,0,0,0,0,0,0,0x03
2026-09-06T10:59:46.745,2518,0,2,50,0,0,0,0,0,0,0x03
2026-09-06T10:59:46.810,2519,0,2,50,0,0,0,0,0,0,0x03
2026-09-06T10:59:46.875,2521,0,2,51,0,0,0,0,0,0,0x03
2026-09-06T10:59:46.940,2522,0,2,50,0,0,0,0,0,0,0x03
2026-09-06T10:59:47.021,2523,0,2,52,0,0,0,0,0,0,0x03
2026-09-06T10:59:47.086,2524,0,2,51,0,0,0,0,0,0,0x03
2026-09-06T10:59:47.151,2525,0,2,50,0,0,0,0,0,0,0x03
2026-09-06T10:59:47.215,2526,0,2,51,0,0,0,0,0,0,0x03
2026-09-06T10:59:47.280,2527,0,2,50,0,0,0,0,0,0,0x03
2026-09-06T10:59:47.345,2528,0,2,50,0,0,0,0,0,0,0x03
2026-09-06T10:59:47.426,2529,0,2,51,0,0,0,0,0,0,0x03
2026-09-06T10:59:47.490,2530,0,2,50,0,0,0,0,0,0,0x03
2026-09-06T10:59:47.556,2531,0,2,51,0,0,0,0,0,0,0x03
2026-09-06T10:59:47.621,2532,0,2,50,0,0,0,0,0,0,0x03
2026-09-06T10:59:47.686,2533,0,2,54,0,0,0,0,0,0,0x03
2026-09-06T10:59:47.751,2534,0,2,50,0,0,0,0,0,0,0x03
2026-09-06T10:59:47.816,2535,0,2,51,0,0,0,0,0,0,0x03
2026-09-06T10:59:47.881,2536,0,2,51,0,0,0,0,0,0,0x03
2026-09-06T10:59:47.962,2537,0,2,50,0,0,0,0,0,0,0x03
2026-09-06T10:59:48.027,2538,0,2,52,0,0,0,0,0,0,0x03
2026-09-06T10:59:48.091,2539,0,2,52,0,0,0,0,0,0,0x03
2026-09-06T10:59:48.156,2540,0,2,50,0,0,0,0,0,0,0x03
2026-09-06T10:59:48.286,2541,0,2,51,0,0,0,0,0,0,0x03
2026-09-06T10:59:48.351,2542,0,2,50,0,0,0,0,0,0,0x03
2026-09-06T10:59:48.416,2543,0,2,51,0,0,0,0,0,0,0x03
2026-09-06T10:59:48.481,2544,0,2,50,0,0,0,0,0,0,0x03
2026-09-06T10:59:48.562,2545,0,2,50,0,0,0,0,0,0,0x03
2026-09-06T10:59:48.627,2546,0,2,52,0,0,0,0,0,0,0x03
2026-09-06T10:59:48.692,2547,0,2,50,0,0,0,0,0,0,0x03
2026-09-06T10:59:48.757,2548,0,2,54,0,0,0,0,0,0,0x03
2026-09-06T10:59:48.822,2549,0,2,50,0,0,0,0,0,0,0x03
2026-09-06T10:59:48.887,2550,0,2,50,0,0,0,0,0,0,0x03
2026-09-06T10:59:48.952,2551,0,2,51,0,0,0,0,0,0,0x03
2026-09-06T10:59:49.018,2552,0,2,51,0,0,0,0,0,0,0x03
2026-09-06T10:59:49.083,2553,0,2,51,0,0,0,0,0,0,0x03
2026-09-06T10:59:49.164,2554,0,2,50,0,0,0,0,0,0,0x03
2026-09-06T10:59:49.228,2555,0,2,52,0,0,0,0,0,0,0x03
2026-09-06T10:59:49.293,2556,0,2,50,0,0,0,0,0,0,0x03
2026-09-06T10:59:49.358,2557,0,2,50,0,0,0,0,0,0,0x03
2026-09-06T10:59:49.552,2558,0,2,52,0,0,0,0,0,0,0x03
2026-09-06T10:59:49.633,2559,0,2,50,0,0,0,0,0,0,0x03
2026-09-06T10:59:49.699,2560,0,2,50,0,0,0,0,0,0,0x03
2026-09-06T10:59:49.828,2561,0,2,52,0,0,0,0,0,0,0x03
2026-09-06T10:59:49.893,2562,0,2,50,0,0,0,0,0,0,0x03
2026-09-06T10:59:49.958,2563,0,2,52,0,0,0,0,0,0,0x03
2026-09-06T10:59:50.023,2564,0,2,51,0,0,0,0,0,0,0x03
2026-09-06T10:59:50.088,2566,0,2,52,0,0,0,0,0,0,0x03
2026-09-06T10:59:50.169,2567,0,2,51,0,0,0,0,0,0,0x03
2026-09-06T10:59:50.234,2568,0,2,52,0,0,0,0,0,0,0x03
2026-09-06T10:59:50.299,2569,0,2,51,0,0,0,0,0,0,0x03
2026-09-06T10:59:50.364,2570,0,2,52,0,0,0,0,0,0,0x03
2026-09-06T10:59:50.428,2571,0,2,50,0,0,0,0,0,0,0x03
2026-09-06T10:59:50.493,2572,0,2,50,0,0,0,0,0,0,0x03
2026-09-06T10:59:50.558,2573,0,2,51,0,0,0,0,0,0,0x03
2026-09-06T10:59:50.623,2574,0,2,51,0,0,0,0,0,0,0x03
2026-09-06T10:59:50.704,2575,0,2,52,0,0,0,0,0,0,0x03
2026-09-06T10:59:50.769,2576,0,2,50,0,0,0,0,0,0,0x03
2026-09-06T10:59:50.834,2577,0,2,52,0,0,0,0,0,0,0x03
2026-09-06T10:59:50.899,2578,0,2,52,0,0,0,0,0,0,0x03
2026-09-06T10:59:50.964,2579,0,2,51,0,0,0,0,0,0,0x03
2026-09-06T10:59:51.029,2580,0,2,50,0,0,0,0,0,0,0x03
2026-09-06T10:59:51.093,2581,0,2,51,0,0,0,0,0,0,0x03
2026-09-06T10:59:51.158,2582,0,2,50,0,0,0,0,0,0,0x03
2026-09-06T10:59:51.239,2583,0,2,50,0,0,0,0,0,0,0x03
2026-09-06T10:59:51.304,2584,0,2,52,0,0,0,0,0,0,0x03
2026-09-06T10:59:51.369,2585,0,2,50,0,0,0,0,0,0,0x03
2026-09-06T10:59:51.434,2586,0,2,50,0,0,0,0,0,0,0x03
2026-09-06T10:59:51.498,2587,0,2,51,0,0,0,0,0,0,0x03
2026-09-06T10:59:51.563,2588,0,2,52,0,0,0,0,0,0,0x03
2026-09-06T10:59:51.627,2589,0,2,50,0,0,0,0,0,0,0x03
2026-09-06T10:59:51.708,2590,0,2,52,0,0,0,0,0,0,0x03
2026-09-06T10:59:51.774,2591,0,2,53,0,0,0,0,0,0,0x03
2026-09-06T10:59:51.839,2592,0,2,50,0,0,0,0,0,0,0x03
2026-09-06T10:59:51.905,2593,0,2,50,0,0,0,0,0,0,0x03
2026-09-06T10:59:51.969,2594,0,2,50,0,0,0,0,0,0,0x03
2026-09-06T10:59:52.034,2595,0,2,51,0,0,0,0,0,0,0x03
2026-09-06T10:59:52.099,2596,0,2,52,0,0,0,0,0,0,0x03
2026-09-06T10:59:52.164,2597,0,2,52,0,0,0,0,0,0,0x03
2026-09-06T10:59:52.245,2598,0,2,52,0,0,0,0,0,0,0x03
2026-09-06T10:59:52.310,2599,0,2,51,0,0,0,0,0,0,0x03
2026-09-06T10:59:52.375,2600,0,2,51,0,0,0,0,0,0,0x03
2026-09-06T10:59:52.440,2601,0,2,50,0,0,0,0,0,0,0x03
2026-09-06T10:59:52.505,2602,0,2,52,0,0,0,0,0,0,0x03
2026-09-06T10:59:52.571,2603,0,2,50,0,0,0,0,0,0,0x03
2026-09-06T10:59:52.636,2604,0,2,51,0,0,0,0,0,0,0x03
2026-09-06T10:59:52.701,2605,0,2,50,0,0,0,0,0,0,0x03
2026-09-06T10:59:52.766,2606,0,2,50,0,0,0,0,0,0,0x03
2026-09-06T10:59:52.847,2607,0,2,55,0,0,0,0,0,0,0x03
2026-09-06T10:59:52.912,2608,0,2,52,0,0,0,0,0,0,0x03
2026-09-06T10:59:52.976,2609,0,2,51,0,0,0,0,0,0,0x03
2026-09-06T10:59:53.041,2610,0,2,50,0,0,0,0,0,0,0x03
2026-09-06T10:59:53.106,2611,0,2,50,0,0,0,0,0,0,0x03
2026-09-06T10:59:53.170,2612,0,2,50,0,0,0,0,0,0,0x03
2026-09-06T10:59:53.235,2613,0,2,50,0,0,0,0,0,0,0x03
2026-09-06T10:59:53.316,2614,0,2,51,0,0,0,0,0,0,0x03
2026-09-06T10:59:53.380,2615,0,2,52,0,0,0,0,0,0,0x03
2026-09-06T10:59:53.445,2616,0,2,53,0,0,0,0,0,0,0x03
2026-09-06T10:59:53.510,2617,0,2,51,0,0,0,0,0,0,0x03
2026-09-06T10:59:53.575,2618,0,2,50,0,0,0,0,0,0,0x03
2026-09-06T10:59:53.640,2619,0,2,51,0,0,0,0,0,0,0x03
2026-09-06T10:59:53.704,2620,0,2,52,0,0,0,0,0,0,0x03
2026-09-06T10:59:53.769,2621,0,2,51,0,0,0,0,0,0,0x03
2026-09-06T10:59:53.850,2622,0,2,51,0,0,0,0,0,0,0x03
2026-09-06T10:59:53.916,2623,0,2,52,0,0,0,0,0,0,0x03
2026-09-06T10:59:53.981,2624,0,2,51,0,0,0,0,0,0,0x03
2026-09-06T10:59:54.045,2625,0,2,51,0,0,0,0,0,0,0x03
2026-09-06T10:59:54.110,2626,0,2,53,0,0,0,0,0,0,0x03
2026-09-06T10:59:54.175,2627,0,2,50,0,0,0,0,0,0,0x03
2026-09-06T10:59:54.305,2628,0,2,51,0,0,0,0,0,0,0x03
2026-09-06T10:59:54.386,2629,0,2,51,0,0,0,0,0,0,0x03
2026-09-06T10:59:54.516,2630,0,2,52,0,0,0,0,0,0,0x03
2026-09-06T10:59:54.581,2631,0,2,51,0,0,0,0,0,0,0x03
2026-09-06T10:59:54.645,2633,0,2,51,0,0,0,0,0,0,0x03
2026-09-06T10:59:54.710,2634,0,2,52,0,0,0,0,0,0,0x03
2026-09-06T10:59:54.775,2636,0,2,56,0,0,0,0,0,0,0x03
2026-09-06T10:59:54.856,2637,0,2,50,0,0,0,0,0,0,0x03
2026-09-06T10:59:54.905,2638,0,2,50,0,0,0,0,0,0,0x03
2026-09-06T10:59:54.986,2639,0,2,50,0,0,0,0,0,0,0x03
2026-09-06T10:59:55.051,2640,0,2,51,0,0,0,0,0,0,0x03
2026-09-06T10:59:55.115,2641,0,2,50,0,0,0,0,0,0,0x03
2026-09-06T10:59:55.180,2642,0,2,50,0,0,0,0,0,0,0x03
2026-09-06T10:59:55.245,2643,0,2,51,0,0,0,0,0,0,0x03
2026-09-06T10:59:55.309,2644,0,2,50,0,0,0,0,0,0,0x03
2026-09-06T10:59:55.390,2645,0,2,51,0,0,0,0,0,0,0x03
2026-09-06T10:59:55.455,2646,0,2,51,0,0,0,0,0,0,0x03
2026-09-06T10:59:55.520,2647,0,2,50,0,0,0,0,0,0,0x03
2026-09-06T10:59:55.585,2648,0,2,53,0,0,0,0,0,0,0x03
2026-09-06T10:59:55.649,2649,0,2,50,0,0,0,0,0,0,0x03
2026-09-06T10:59:55.714,2650,0,2,51,0,0,0,0,0,0,0x03
2026-09-06T10:59:55.779,2651,0,2,51,0,0,0,0,0,0,0x03
2026-09-06T10:59:55.860,2652,0,2,51,0,0,0,0,0,0,0x03
2026-09-06T10:59:55.925,2653,0,2,51,0,0,0,0,0,0,0x03
2026-09-06T10:59:55.990,2654,0,2,52,0,0,0,0,0,0,0x03
2026-09-06T10:59:56.054,2655,0,2,50,0,0,0,0,0,0,0x03
2026-09-06T10:59:56.119,2656,0,2,50,0,0,0,0,0,0,0x03
2026-09-06T10:59:56.184,2657,0,2,51,0,0,0,0,0,0,0x03
2026-09-06T10:59:56.249,2658,0,2,54,0,0,0,0,0,0,0x03
2026-09-06T10:59:56.314,2659,0,2,51,0,0,0,0,0,0,0x03
2026-09-06T10:59:56.395,2660,0,2,50,0,0,0,0,0,0,0x03
2026-09-06T10:59:56.460,2661,0,2,50,0,0,0,0,0,0,0x03
2026-09-06T10:59:56.524,2662,0,2,50,0,0,0,0,0,0,0x03
2026-09-06T10:59:56.589,2663,0,2,52,0,0,0,0,0,0,0x03
2026-09-06T10:59:56.654,2664,0,2,52,0,0,0,0,0,0,0x03
2026-09-06T10:59:56.784,2665,0,2,50,0,0,0,0,0,0,0x03
2026-09-06T10:59:56.849,2666,0,2,51,0,0,0,0,0,0,0x03
2026-09-06T10:59:56.929,2667,0,2,53,0,0,0,0,0,0,0x03
2026-09-06T10:59:56.994,2668,0,2,50,0,0,0,0,0,0,0x03
2026-09-06T10:59:57.059,2670,0,2,50,0,0,0,0,0,0,0x03
2026-09-06T10:59:57.124,2671,0,2,51,0,0,0,0,0,0,0x03
2026-09-06T10:59:57.189,2672,0,2,50,0,0,0,0,0,0,0x03
2026-09-06T10:59:57.254,2673,0,2,52,0,0,0,0,0,0,0x03
2026-09-06T10:59:57.319,2674,0,2,52,0,0,0,0,0,0,0x03
2026-09-06T10:59:57.400,2675,0,2,51,0,0,0,0,0,0,0x03
2026-09-06T10:59:57.464,2676,0,2,52,0,0,0,0,0,0,0x03
2026-09-06T10:59:57.529,2677,0,2,51,0,0,0,0,0,0,0x03
2026-09-06T10:59:57.594,2678,0,2,50,0,0,0,0,0,0,0x03
2026-09-06T10:59:57.658,2679,0,2,50,0,0,0,0,0,0,0x03
2026-09-06T10:59:57.723,2680,0,2,50,0,0,0,0,0,0,0x03
2026-09-06T10:59:57.788,2681,0,2,52,0,0,0,0,0,0,0x03
2026-09-06T10:59:57.853,2682,0,2,51,0,0,0,0,0,0,0x03
2026-09-06T10:59:57.933,2683,0,2,51,0,0,0,0,0,0,0x03
2026-09-06T10:59:57.998,2684,0,2,50,0,0,0,0,0,0,0x03
2026-09-06T10:59:58.063,2685,0,2,52,0,0,0,0,0,0,0x03
2026-09-06T10:59:58.129,2686,0,2,51,0,0,0,0,0,0,0x03
2026-09-06T10:59:58.194,2687,0,2,51,0,0,0,0,0,0,0x03
2026-09-06T10:59:58.259,2688,0,2,52,0,0,0,0,0,0,0x03
2026-09-06T10:59:58.323,2689,0,2,50,0,0,0,0,0,0,0x03
2026-09-06T10:59:58.388,2690,0,2,52,0,0,0,0,0,0,0x03
2026-09-06T10:59:58.469,2691,0,2,55,0,0,0,0,0,0,0x03
2026-09-06T10:59:58.534,2692,0,2,51,0,0,0,0,0,0,0x03
2026-09-06T10:59:58.600,2693,0,2,51,0,0,0,0,0,0,0x03
2026-09-06T10:59:58.665,2694,0,2,52,0,0,0,0,0,0,0x03
2026-09-06T10:59:58.730,2695,0,2,50,0,0,0,0,0,0,0x03
2026-09-06T10:59:58.795,2696,0,2,51,0,0,0,0,0,0,0x03
2026-09-06T10:59:58.860,2697,0,2,50,0,0,0,0,0,0,0x03
2026-09-06T10:59:58.925,2698,0,2,50,0,0,0,0,0,0,0x03
2026-09-06T10:59:59.006,2699,0,2,51,0,0,0,0,0,0,0x03
2026-09-06T10:59:59.071,2700,0,2,50,0,0,0,0,0,0,0x03
2026-09-06T10:59:59.135,2701,0,2,51,0,0,0,0,0,0,0x03
2026-09-06T10:59:59.200,2702,0,2,50,0,0,0,0,0,0,0x03
2026-09-06T10:59:59.265,2703,0,2,50,0,0,0,0,0,0,0x03
2026-09-06T10:59:59.330,2704,0,2,51,0,0,0,0,0,0,0x03
2026-09-06T10:59:59.394,2705,0,2,51,0,0,0,0,0,0,0x03
2026-09-06T10:59:59.459,2706,0,2,50,0,0,0,0,0,0,0x03
2026-09-06T10:59:59.540,2707,0,2,52,0,0,0,0,0,0,0x03
2026-09-06T10:59:59.605,2708,0,2,52,0,0,0,0,0,0,0x03
2026-09-06T10:59:59.670,2709,0,2,51,0,0,0,0,0,0,0x03
2026-09-06T10:59:59.735,2710,0,2,54,0,0,0,0,0,0,0x03
2026-09-06T10:59:59.800,2711,0,2,51,0,0,0,0,0,0,0x03
2026-09-06T10:59:59.865,2712,0,2,51,0,0,0,0,0,0,0x03
2026-09-06T10:59:59.930,2713,0,2,52,0,0,0,0,0,0,0x03
2026-09-06T10:59:59.995,2714,0,2,50,0,0,0,0,0,0,0x03
2026-09-06T11:00:00.060,2715,0,2,50,0,0,0,0,0,0,0x03
2026-09-06T11:00:00.141,2716,0,2,50,0,0,0,0,0,0,0x03
2026-09-06T11:00:00.271,2717,0,2,50,0,0,0,0,0,0,0x03
2026-09-06T11:00:00.336,2718,0,2,50,0,0,0,0,0,0,0x03
2026-09-06T11:00:00.401,2719,0,2,51,0,0,0,0,0,0,0x03
2026-09-06T11:00:00.466,2720,0,2,51,0,0,0,0,0,0,0x03
2026-09-06T11:00:00.531,2722,0,2,51,0,0,0,0,0,0,0x03
2026-09-06T11:00:00.596,2723,0,2,50,0,0,0,0,0,0,0x03
2026-09-06T11:00:00.677,2724,0,2,50,0,0,0,0,0,0,0x03
2026-09-06T11:00:00.742,2725,0,2,52,0,0,0,0,0,0,0x03
2026-09-06T11:00:00.807,2726,0,2,52,0,0,0,0,0,0,0x03
2026-09-06T11:00:00.872,2727,0,2,50,0,0,0,0,0,0,0x03
2026-09-06T11:00:00.938,2728,0,2,50,0,0,0,0,0,0,0x03
2026-09-06T11:00:01.003,2729,0,2,51,0,0,0,0,0,0,0x03
2026-09-06T11:00:01.068,2730,0,2,51,0,0,0,0,0,0,0x03
2026-09-06T11:00:01.133,2731,0,2,50,0,0,0,0,0,0,0x03
2026-09-06T11:00:01.214,2732,0,2,52,0,0,0,0,0,0,0x03
2026-09-06T11:00:01.280,2733,0,2,55,0,0,0,0,0,0,0x03
2026-09-06T11:00:01.344,2734,0,2,51,0,0,0,0,0,0,0x03
2026-09-06T11:00:01.409,2735,0,2,50,0,0,0,0,0,0,0x03
2026-09-06T11:00:01.474,2736,0,2,50,0,0,0,0,0,0,0x03
2026-09-06T11:00:01.539,2737,0,2,50,0,0,0,0,0,0,0x03
2026-09-06T11:00:01.604,2738,0,2,51,0,0,0,0,0,0,0x03
2026-09-06T11:00:01.668,2739,0,2,51,0,0,0,0,0,0,0x03
2026-09-06T11:00:01.749,2740,0,2,52,0,0,0,0,0,0,0x03
2026-09-06T11:00:01.814,2741,0,2,51,0,0,0,0,0,0,0x03
2026-09-06T11:00:01.879,2742,0,2,51,0,0,0,0,0,0,0x03
2026-09-06T11:00:01.944,2743,0,2,52,0,0,0,0,0,0,0x03
2026-09-06T11:00:02.009,2744,0,2,50,0,0,0,0,0,0,0x03
2026-09-06T11:00:02.074,2745,0,2,51,0,0,0,0,0,0,0x03
2026-09-06T11:00:02.138,2746,0,2,51,0,0,0,0,0,0,0x03
2026-09-06T11:00:02.203,2747,0,2,51,0,0,0,0,0,0,0x03
2026-09-06T11:00:02.284,2748,0,2,52,0,0,0,0,0,0,0x03
2026-09-06T11:00:02.348,2749,0,2,50,0,0,0,0,0,0,0x03
2026-09-06T11:00:02.413,2750,0,2,51,0,0,0,0,0,0,0x03
2026-09-06T11:00:02.478,2751,0,2,51,0,0,0,0,0,0,0x03
2026-09-06T11:00:02.543,2752,0,2,54,0,0,0,0,0,0,0x03
2026-09-06T11:00:02.607,2753,0,2,50,0,0,0,0,0,0,0x03
2026-09-06T11:00:02.672,2754,0,2,51,0,0,0,0,0,0,0x03
2026-09-06T11:00:02.753,2755,0,2,52,0,0,0,0,0,0,0x03
2026-09-06T11:00:02.818,2756,0,2,50,0,0,0,0,0,0,0x03
2026-09-06T11:00:02.883,2757,0,2,51,0,0,0,0,0,0,0x03
2026-09-06T11:00:02.947,2758,0,2,53,0,0,0,0,0,0,0x03
2026-09-06T11:00:03.012,2759,0,2,50,0,0,0,0,0,0,0x03
2026-09-06T11:00:03.077,2760,0,2,50,0,0,0,0,0,0,0x03
2026-09-06T11:00:03.142,2761,0,2,51,0,0,0,0,0,0,0x03
2026-09-06T11:00:03.207,2762,0,2,52,0,0,0,0,0,0,0x03
2026-09-06T11:00:03.288,2763,0,2,50,0,0,0,0,0,0,0x03
2026-09-06T11:00:03.353,2764,0,2,51,0,0,0,0,0,0,0x03
2026-09-06T11:00:03.418,2765,0,2,51,0,0,0,0,0,0,0x03
2026-09-06T11:00:03.483,2766,0,2,50,0,0,0,0,0,0,0x03
2026-09-06T11:00:03.548,2767,0,2,51,0,0,0,0,0,0,0x03
2026-09-06T11:00:03.613,2768,0,2,50,0,0,0,0,0,0,0x03
2026-09-06T11:00:03.678,2769,0,2,51,0,0,0,0,0,0,0x03
2026-09-06T11:00:03.743,2770,0,2,52,0,0,0,0,0,0,0x03
2026-09-06T11:00:03.824,2771,0,2,52,0,0,0,0,0,0,0x03
2026-09-06T11:00:03.889,2772,0,2,51,0,0,0,0,0,0,0x03
2026-09-06T11:00:03.953,2773,0,2,50,0,0,0,0,0,0,0x03
2026-09-06T11:00:04.018,2774,0,2,50,0,0,0,0,0,0,0x03
2026-09-06T11:00:04.083,2775,0,2,51,0,0,0,0,0,0,0x03
2026-09-06T11:00:04.149,2776,0,2,51,0,0,0,0,0,0,0x03
2026-09-06T11:00:04.214,2777,0,2,51,0,0,0,0,0,0,0x03
2026-09-06T11:00:04.279,2778,0,2,51,0,0,0,0,0,0,0x03
2026-09-06T11:00:04.359,2779,0,2,50,0,0,0,0,0,0,0x03
2026-09-06T11:00:04.425,2780,0,2,52,0,0,0,0,0,0,0x03
2026-09-06T11:00:04.490,2781,0,2,51,0,0,0,0,0,0,0x03
2026-09-06T11:00:04.555,2782,0,2,51,0,0,0,0,0,0,0x03
2026-09-06T11:00:04.619,2783,0,2,50,0,0,0,0,0,0,0x03
2026-09-06T11:00:04.684,2784,0,2,50,0,0,0,0,0,0,0x03
2026-09-06T11:00:04.750,2785,0,2,51,0,0,0,0,0,0,0x03
2026-09-06T11:00:04.815,2786,0,2,50,0,0,0,0,0,0,0x03
2026-09-06T11:00:04.896,2787,0,2,55,0,0,0,0,0,0,0x03
2026-09-06T11:00:04.945,2788,0,2,51,0,0,0,0,0,0,0x03
2026-09-06T11:00:05.026,2789,0,2,50,0,0,0,0,0,0,0x03
2026-09-06T11:00:05.091,2790,0,2,50,0,0,0,0,0,0,0x03
2026-09-06T11:00:05.156,2791,0,2,51,0,0,0,0,0,0,0x03
2026-09-06T11:00:05.221,2792,0,2,51,0,0,0,0,0,0,0x03
2026-09-06T11:00:05.286,2793,0,2,52,0,0,0,0,0,0,0x03
2026-09-06T11:00:05.351,2794,0,2,51,0,0,0,0,0,0,0x03
2026-09-06T11:00:05.432,2795,0,2,51,0,0,0,0,0,0,0x03
2026-09-06T11:00:05.481,2796,0,2,50,0,0,0,0,0,0,0x03
2026-09-06T11:00:05.562,2797,0,2,50,0,0,0,0,0,0,0x03
2026-09-06T11:00:05.627,2798,0,2,50,0,0,0,0,0,0,0x03
2026-09-06T11:00:05.692,2799,0,2,51,0,0,0,0,0,0,0x03
2026-09-06T11:00:05.757,2800,0,2,50,0,0,0,0,0,0,0x03
2026-09-06T11:00:05.822,2801,0,2,50,0,0,0,0,0,0,0x03
2026-09-06T11:00:05.887,2802,0,2,50,0,0,0,0,0,0,0x03
2026-09-06T11:00:05.968,2803,0,2,51,0,0,0,0,0,0,0x03
2026-09-06T11:00:06.017,2804,0,2,52,0,0,0,0,0,0,0x03
2026-09-06T11:00:06.098,2805,0,2,51,0,0,0,0,0,0,0x03
2026-09-06T11:00:06.163,2806,0,2,51,0,0,0,0,0,0,0x03
2026-09-06T11:00:06.228,2807,0,2,50,0,0,0,0,0,0,0x03
2026-09-06T11:00:06.293,2808,0,2,50,0,0,0,0,0,0,0x03
2026-09-06T11:00:06.358,2809,0,2,54,0,0,0,0,0,0,0x03
2026-09-06T11:00:06.423,2810,0,2,50,0,0,0,0,0,0,0x03
2026-09-06T11:00:06.504,2811,0,2,51,0,0,0,0,0,0,0x03
2026-09-06T11:00:06.552,2812,0,2,50,0,0,0,0,0,0,0x03
2026-09-06T11:00:06.633,2813,0,2,51,0,0,0,0,0,0,0x03
2026-09-06T11:00:06.698,2814,0,2,52,0,0,0,0,0,0,0x03
2026-09-06T11:00:06.763,2815,0,2,50,0,0,0,0,0,0,0x03
2026-09-06T11:00:06.828,2816,0,2,52,0,0,0,0,0,0,0x03
2026-09-06T11:00:06.893,2817,0,2,50,0,0,0,0,0,0,0x03
2026-09-06T11:00:06.958,2818,0,2,50,0,0,0,0,0,0,0x03
2026-09-06T11:00:07.024,2819,0,2,50,0,0,0,0,0,0,0x03
2026-09-06T11:00:07.088,2820,0,2,50,0,0,0,0,0,0,0x03
2026-09-06T11:00:07.170,2821,0,2,52,0,0,0,0,0,0,0x03
2026-09-06T11:00:07.234,2822,0,2,52,0,0,0,0,0,0,0x03
2026-09-06T11:00:07.299,2823,0,2,51,0,0,0,0,0,0,0x03
2026-09-06T11:00:07.364,2824,0,2,51,0,0,0,0,0,0,0x03
2026-09-06T11:00:07.429,2825,0,2,50,0,0,0,0,0,0,0x03
2026-09-06T11:00:07.494,2826,0,2,50,0,0,0,0,0,0,0x03
2026-09-06T11:00:07.559,2827,0,2,50,0,0,0,0,0,0,0x03
2026-09-06T11:00:07.624,2828,0,2,53,0,0,0,0,0,0,0x03
2026-09-06T11:00:07.705,2829,0,2,52,0,0,0,0,0,0,0x03
2026-09-06T11:00:07.834,2830,0,2,52,0,0,0,0,0,0,0x03
2026-09-06T11:00:07.899,2831,0,2,55,0,0,0,0,0,0,0x03
2026-09-06T11:00:07.964,2832,0,2,52,0,0,0,0,0,0,0x03
2026-09-06T11:00:08.029,2833,0,2,50,0,0,0,0,0,0,0x03
2026-09-06T11:00:08.093,2835,0,2,55,0,0,0,0,0,0,0x03
2026-09-06T11:00:08.174,2836,0,2,51,0,0,0,0,0,0,0x03
2026-09-06T11:00:08.239,2837,0,2,50,0,0,0,0,0,0,0x03
2026-09-06T11:00:08.304,2838,0,2,50,0,0,0,0,0,0,0x03
2026-09-06T11:00:08.368,2839,0,2,51,0,0,0,0,0,0,0x03
2026-09-06T11:00:08.433,2840,0,2,50,0,0,0,0,0,0,0x03
2026-09-06T11:00:08.498,2841,0,2,53,0,0,0,0,0,0,0x03
2026-09-06T11:00:08.563,2842,0,2,51,0,0,0,0,0,0,0x03
2026-09-06T11:00:08.644,2843,0,2,52,0,0,0,0,0,0,0x03
2026-09-06T11:00:08.708,2844,0,2,50,0,0,0,0,0,0,0x03
2026-09-06T11:00:08.773,2845,0,2,50,0,0,0,0,0,0,0x03
2026-09-06T11:00:08.837,2846,0,2,51,0,0,0,0,0,0,0x03
2026-09-06T11:00:08.902,2847,0,2,51,0,0,0,0,0,0,0x03
2026-09-06T11:00:08.967,2848,0,2,51,0,0,0,0,0,0,0x03
2026-09-06T11:00:09.031,2849,0,2,51,0,0,0,0,0,0,0x03
2026-09-06T11:00:09.096,2850,0,2,51,0,0,0,0,0,0,0x03
2026-09-06T11:00:09.177,2851,0,2,50,0,0,0,0,0,0,0x03
2026-09-06T11:00:09.242,2852,0,2,52,0,0,0,0,0,0,0x03
2026-09-06T11:00:09.307,2853,0,2,51,0,0,0,0,0,0,0x03
2026-09-06T11:00:09.371,2854,0,2,50,0,0,0,0,0,0,0x03
2026-09-06T11:00:09.436,2855,0,2,50,0,0,0,0,0,0,0x03
2026-09-06T11:00:09.501,2856,0,2,51,0,0,0,0,0,0,0x03
2026-09-06T11:00:09.582,2857,0,2,51,0,0,0,0,0,0,0x03
2026-09-06T11:00:09.647,2858,0,2,51,0,0,0,0,0,0,0x03
2026-09-06T11:00:09.712,2859,0,2,50,0,0,0,0,0,0,0x03
2026-09-06T11:00:09.777,2860,0,2,50,0,0,0,0,0,0,0x03
2026-09-06T11:00:09.841,2861,0,2,52,0,0,0,0,0,0,0x03
2026-09-06T11:00:09.906,2862,0,2,51,0,0,0,0,0,0,0x03
2026-09-06T11:00:09.971,2863,0,2,50,0,0,0,0,0,0,0x03
2026-09-06T11:00:10.036,2864,0,2,52,0,0,0,0,0,0,0x03
2026-09-06T11:00:10.101,2865,0,2,51,0,0,0,0,0,0,0x03
2026-09-06T11:00:10.182,2866,0,2,52,0,0,0,0,0,0,0x03
2026-09-06T11:00:10.247,2867,0,2,53,0,0,0,0,0,0,0x03
2026-09-06T11:00:10.312,2868,0,2,52,0,0,0,0,0,0,0x03
2026-09-06T11:00:10.377,2869,0,2,50,0,0,0,0,0,0,0x03
2026-09-06T11:00:10.442,2870,0,2,51,0,0,0,0,0,0,0x03
2026-09-06T11:00:10.507,2871,0,2,50,0,0,0,0,0,0,0x03
2026-09-06T11:00:10.572,2872,0,2,51,0,0,0,0,0,0,0x03
2026-09-06T11:00:10.637,2873,0,2,50,0,0,0,0,0,0,0x03
2026-09-06T11:00:10.718,2874,0,2,51,0,0,0,0,0,0,0x03
2026-09-06T11:00:10.782,2875,0,2,51,0,0,0,0,0,0,0x03
2026-09-06T11:00:10.847,2876,0,2,50,0,0,0,0,0,0,0x03
2026-09-06T11:00:10.912,2877,0,2,50,0,0,0,0,0,0,0x03
2026-09-06T11:00:10.977,2878,0,2,51,0,0,0,0,0,0,0x03
2026-09-06T11:00:11.042,2879,0,2,52,0,0,0,0,0,0,0x03
2026-09-06T11:00:11.107,2880,0,2,51,0,0,0,0,0,0,0x03
2026-09-06T11:00:11.172,2881,0,2,52,0,0,0,0,0,0,0x03
2026-09-06T11:00:11.254,2882,0,2,50,0,0,0,0,0,0,0x03
2026-09-06T11:00:11.318,2883,0,2,50,0,0,0,0,0,0,0x03
2026-09-06T11:00:11.384,2884,0,2,51,0,0,0,0,0,0,0x03
2026-09-06T11:00:11.449,2885,0,2,52,0,0,0,0,0,0,0x03
2026-09-06T11:00:11.514,2886,0,2,52,0,0,0,0,0,0,0x03
2026-09-06T11:00:11.579,2887,0,2,51,0,0,0,0,0,0,0x03
2026-09-06T11:00:11.644,2888,0,2,51,0,0,0,0,0,0,0x03
2026-09-06T11:00:11.709,2889,0,2,52,0,0,0,0,0,0,0x03
2026-09-06T11:00:11.790,2890,0,2,51,0,0,0,0,0,0,0x03
2026-09-06T11:00:11.855,2891,0,2,51,0,0,0,0,0,0,0x03
2026-09-06T11:00:11.920,2892,0,2,55,0,0,0,0,0,0,0x03
2026-09-06T11:00:11.984,2893,0,2,50,0,0,0,0,0,0,0x03
2026-09-06T11:00:12.049,2894,0,2,51,0,0,0,0,0,0,0x03
2026-09-06T11:00:12.114,2895,0,2,50,0,0,0,0,0,0,0x03
2026-09-06T11:00:12.178,2896,0,2,51,0,0,0,0,0,0,0x03
2026-09-06T11:00:12.243,2897,0,2,51,0,0,0,0,0,0,0x03
2026-09-06T11:00:12.324,2898,0,2,50,0,0,0,0,0,0,0x03
2026-09-06T11:00:12.389,2899,0,2,51,0,0,0,0,0,0,0x03
2026-09-06T11:00:12.454,2900,0,2,51,0,0,0,0,0,0,0x03
2026-09-06T11:00:12.519,2901,0,2,51,0,0,0,0,0,0,0x03
2026-09-06T11:00:12.584,2902,0,2,55,0,0,0,0,0,0,0x03
2026-09-06T11:00:12.649,2903,0,2,50,0,0,0,0,0,0,0x03
2026-09-06T11:00:12.715,2904,0,2,51,0,0,0,0,0,0,0x03
2026-09-06T11:00:12.780,2905,0,2,51,0,0,0,0,0,0,0x03
2026-09-06T11:00:12.860,2906,0,2,50,0,0,0,0,0,0,0x03
2026-09-06T11:00:12.925,2907,0,2,51,0,0,0,0,0,0,0x03
2026-09-06T11:00:12.990,2908,0,2,51,0,0,0,0,0,0,0x03
2026-09-06T11:00:13.055,2909,0,2,51,0,0,0,0,0,0,0x03
2026-09-06T11:00:13.120,2910,0,2,51,0,0,0,0,0,0,0x03
2026-09-06T11:00:13.185,2911,0,2,50,0,0,0,0,0,0,0x03
2026-09-06T11:00:13.250,2912,0,2,51,0,0,0,0,0,0,0x03
2026-09-06T11:00:13.315,2913,0,2,52,0,0,0,0,0,0,0x03
2026-09-06T11:00:13.397,2914,0,2,51,0,0,0,0,0,0,0x03
2026-09-06T11:00:13.461,2915,0,2,52,0,0,0,0,0,0,0x03
2026-09-06T11:00:13.526,2916,0,2,51,0,0,0,0,0,0,0x03
2026-09-06T11:00:13.591,2917,0,2,50,0,0,0,0,0,0,0x03
2026-09-06T11:00:13.656,2918,0,2,55,0,0,0,0,0,0,0x03
2026-09-06T11:00:13.721,2919,0,2,50,0,0,0,0,0,0,0x03
2026-09-06T11:00:13.786,2920,0,2,50,0,0,0,0,0,0,0x03
2026-09-06T11:00:13.851,2921,0,2,52,0,0,0,0,0,0,0x03
2026-09-06T11:00:13.932,2922,0,2,50,0,0,0,0,0,0,0x03
2026-09-06T11:00:13.997,2923,0,2,50,0,0,0,0,0,0,0x03
2026-09-06T11:00:14.062,2924,0,2,50,0,0,0,0,0,0,0x03
2026-09-06T11:00:14.128,2925,0,2,50,0,0,0,0,0,0,0x03
2026-09-06T11:00:14.193,2926,0,2,50,0,0,0,0,0,0,0x03
2026-09-06T11:00:14.257,2927,0,2,52,0,0,0,0,0,0,0x03
2026-09-06T11:00:14.323,2928,0,2,55,0,0,0,0,0,0,0x03
2026-09-06T11:00:14.388,2929,0,2,50,0,0,0,0,0,0,0x03
2026-09-06T11:00:14.469,2930,0,2,50,0,0,0,0,0,0,0x03
2026-09-06T11:00:14.533,2931,0,2,50,0,0,0,0,0,0,0x03
2026-09-06T11:00:14.599,2932,0,2,51,0,0,0,0,0,0,0x03
2026-09-06T11:00:14.663,2933,0,2,51,0,0,0,0,0,0,0x03
2026-09-06T11:00:14.728,2934,0,2,54,0,0,0,0,0,0,0x03
2026-09-06T11:00:14.793,2935,0,2,50,0,0,0,0,0,0,0x03
2026-09-06T11:00:14.858,2936,0,2,50,0,0,0,0,0,0,0x03
2026-09-06T11:00:14.923,2937,0,2,50,0,0,0,0,0,0,0x03
2026-09-06T11:00:14.988,2938,0,2,51,0,0,0,0,0,0,0x03
2026-09-06T11:00:15.069,2939,0,2,51,0,0,0,0,0,0,0x03
2026-09-06T11:00:15.134,2940,0,2,51,0,0,0,0,0,0,0x03
2026-09-06T11:00:15.199,2941,0,2,50,0,0,0,0,0,0,0x03
2026-09-06T11:00:15.523,2942,0,2,50,0,0,0,0,0,0,0x03
2026-09-06T11:00:15.604,2943,0,2,51,0,0,0,0,0,0,0x03
2026-09-06T11:00:15.669,2944,0,2,51,0,0,0,0,0,0,0x03
2026-09-06T11:00:15.863,2945,0,2,50,0,0,0,0,0,0,0x03
2026-09-06T11:00:15.928,2950,0,2,52,0,0,0,0,0,0,0x03
2026-09-06T11:00:15.993,2951,0,2,51,0,0,0,0,0,0,0x03
2026-09-06T11:00:16.059,2952,0,2,50,0,0,0,0,0,0,0x03
2026-09-06T11:00:16.140,2955,0,2,50,0,0,0,0,0,0,0x03
2026-09-06T11:00:16.205,2956,0,2,50,0,0,0,0,0,0,0x03
2026-09-06T11:00:16.270,2957,0,2,50,0,0,0,0,0,0,0x03
2026-09-06T11:00:16.335,2958,0,2,51,0,0,0,0,0,0,0x03
2026-09-06T11:00:16.399,2959,0,2,53,0,0,0,0,0,0,0x03
2026-09-06T11:00:16.464,2960,0,2,50,0,0,0,0,0,0,0x03
2026-09-06T11:00:16.529,2961,0,2,52,0,0,0,0,0,0,0x03
2026-09-06T11:00:16.595,2962,0,2,51,0,0,0,0,0,0,0x03
2026-09-06T11:00:16.676,2963,0,2,50,0,0,0,0,0,0,0x03
2026-09-06T11:00:16.741,2964,0,2,51,0,0,0,0,0,0,0x03
2026-09-06T11:00:16.805,2965,0,2,50,0,0,0,0,0,0,0x03
2026-09-06T11:00:16.870,2966,0,2,52,0,0,0,0,0,0,0x03
2026-09-06T11:00:16.935,2967,0,2,51,0,0,0,0,0,0,0x03
2026-09-06T11:00:17.000,2968,0,2,52,0,0,0,0,0,0,0x03
2026-09-06T11:00:17.065,2969,0,2,54,0,0,0,0,0,0,0x03
2026-09-06T11:00:17.130,2970,0,2,51,0,0,0,0,0,0,0x03
2026-09-06T11:00:17.211,2971,0,2,50,0,0,0,0,0,0,0x03
2026-09-06T11:00:17.276,2972,0,2,50,0,0,0,0,0,0,0x03
2026-09-06T11:00:17.340,2973,0,2,50,0,0,0,0,0,0,0x03
2026-09-06T11:00:17.405,2974,0,2,50,0,0,0,0,0,0,0x03
2026-09-06T11:00:17.470,2975,0,2,50,0,0,0,0,0,0,0x03
2026-09-06T11:00:17.535,2976,0,2,50,0,0,0,0,0,0,0x03
2026-09-06T11:00:17.600,2977,0,2,50,0,0,0,0,0,0,0x03
2026-09-06T11:00:17.665,2978,0,2,52,0,0,0,0,0,0,0x03
2026-09-06T11:00:17.745,2979,0,2,51,0,0,0,0,0,0,0x03
2026-09-06T11:00:17.811,2980,0,2,51,0,0,0,0,0,0,0x03
2026-09-06T11:00:17.876,2981,0,2,53,0,0,0,0,0,0,0x03
2026-09-06T11:00:17.941,2982,0,2,52,0,0,0,0,0,0,0x03
2026-09-06T11:00:18.005,2983,0,2,51,0,0,0,0,0,0,0x03
2026-09-06T11:00:18.070,2984,0,2,50,0,0,0,0,0,0,0x03
2026-09-06T11:00:18.135,2985,0,2,50,0,0,0,0,0,0,0x03
2026-09-06T11:00:18.216,2986,0,2,51,0,0,0,0,0,0,0x03
2026-09-06T11:00:18.281,2987,0,2,52,0,0,0,0,0,0,0x03
2026-09-06T11:00:18.346,2988,0,2,51,0,0,0,0,0,0,0x03
2026-09-06T11:00:18.411,2989,0,2,52,0,0,0,0,0,0,0x03
2026-09-06T11:00:18.475,2990,0,2,50,0,0,0,0,0,0,0x03
2026-09-06T11:00:18.541,2991,0,2,54,0,0,0,0,0,0,0x03
2026-09-06T11:00:18.605,2992,0,2,51,0,0,0,0,0,0,0x03
2026-09-06T11:00:18.670,2993,0,2,51,0,0,0,0,0,0,0x03
2026-09-06T11:00:18.752,2994,0,2,51,0,0,0,0,0,0,0x03
2026-09-06T11:00:18.817,2995,0,2,53,0,0,0,0,0,0,0x03
2026-09-06T11:00:18.882,2996,0,2,50,0,0,0,0,0,0,0x03
2026-09-06T11:00:18.947,2997,0,2,51,0,0,0,0,0,0,0x03
2026-09-06T11:00:19.012,2998,0,2,51,0,0,0,0,0,0,0x03
2026-09-06T11:00:19.077,2999,0,2,52,0,0,0,0,0,0,0x03
2026-09-06T11:00:19.142,3000,0,2,50,0,0,0,0,0,0,0x03
2026-09-06T11:00:19.207,3001,0,2,51,0,0,0,0,0,0,0x03
2026-09-06T11:00:19.288,3002,0,2,51,0,0,0,0,0,0,0x03
2026-09-06T11:00:19.353,3003,0,2,51,0,0,0,0,0,0,0x03
2026-09-06T11:00:19.417,3004,0,2,50,0,0,0,0,0,0,0x03
2026-09-06T11:00:19.482,3005,0,2,50,0,0,0,0,0,0,0x03
2026-09-06T11:00:19.547,3006,0,2,51,0,0,0,0,0,0,0x03
2026-09-06T11:00:19.612,3007,0,2,50,0,0,0,0,0,0,0x03
2026-09-06T11:00:19.677,3008,0,2,50,0,0,0,0,0,0,0x03
2026-09-06T11:00:19.742,3009,0,2,50,0,0,0,0,0,0,0x03
2026-09-06T11:00:19.823,3010,0,2,51,0,0,0,0,0,0,0x03
2026-09-06T11:00:19.888,3011,0,2,50,0,0,0,0,0,0,0x03
2026-09-06T11:00:19.952,3012,0,2,51,0,0,0,0,0,0,0x03
2026-09-06T11:00:20.017,3013,0,2,50,0,0,0,0,0,0,0x03
2026-09-06T11:00:20.082,3014,0,2,52,0,0,0,0,0,0,0x03
2026-09-06T11:00:20.147,3015,0,2,51,0,0,0,0,0,0,0x03
2026-09-06T11:00:20.211,3016,0,2,52,0,0,0,0,0,0,0x03
2026-09-06T11:00:20.276,3017,0,2,54,0,0,0,0,0,0,0x03
2026-09-06T11:00:20.357,3018,0,2,50,0,0,0,0,0,0,0x03
2026-09-06T11:00:20.422,3019,0,2,50,0,0,0,0,0,0,0x03
2026-09-06T11:00:20.487,3020,0,2,51,0,0,0,0,0,0,0x03
2026-09-06T11:00:20.552,3021,0,2,52,0,0,0,0,0,0,0x03
2026-09-06T11:00:20.617,3022,0,2,51,0,0,0,0,0,0,0x03
2026-09-06T11:00:20.682,3023,0,2,52,0,0,0,0,0,0,0x03
2026-09-06T11:00:20.747,3024,0,2,51,0,0,0,0,0,0,0x03
2026-09-06T11:00:20.812,3025,0,2,50,0,0,0,0,0,0,0x03
2026-09-06T11:00:20.892,3026,0,2,50,0,0,0,0,0,0,0x03
2026-09-06T11:00:20.957,3027,0,2,50,0,0,0,0,0,0,0x03
2026-09-06T11:00:21.022,3028,0,2,51,0,0,0,0,0,0,0x03
2026-09-06T11:00:21.087,3029,0,2,51,0,0,0,0,0,0,0x03
2026-09-06T11:00:21.152,3030,0,2,50,0,0,0,0,0,0,0x03
2026-09-06T11:00:21.217,3031,0,2,50,0,0,0,0,0,0,0x03
2026-09-06T11:00:21.281,3032,0,2,52,0,0,0,0,0,0,0x03
2026-09-06T11:00:21.362,3033,0,2,50,0,0,0,0,0,0,0x03
2026-09-06T11:00:21.427,3034,0,2,51,0,0,0,0,0,0,0x03
2026-09-06T11:00:21.492,3035,0,2,51,0,0,0,0,0,0,0x03
2026-09-06T11:00:21.557,3036,0,2,51,0,0,0,0,0,0,0x03
2026-09-06T11:00:21.622,3037,0,2,51,0,0,0,0,0,0,0x03
2026-09-06T11:00:21.687,3038,0,2,52,0,0,0,0,0,0,0x03
2026-09-06T11:00:21.752,3039,0,2,50,0,0,0,0,0,0,0x03
2026-09-06T11:00:21.817,3040,0,2,52,0,0,0,0,0,0,0x03
2026-09-06T11:00:21.898,3041,0,2,51,0,0,0,0,0,0,0x03
2026-09-06T11:00:21.963,3042,0,2,50,0,0,0,0,0,0,0x03
2026-09-06T11:00:22.027,3043,0,2,50,0,0,0,0,0,0,0x03
2026-09-06T11:00:22.092,3044,0,2,52,0,0,0,0,0,0,0x03
2026-09-06T11:00:22.157,3045,0,2,52,0,0,0,0,0,0,0x03
2026-09-06T11:00:22.222,3046,0,2,50,0,0,0,0,0,0,0x03
2026-09-06T11:00:22.286,3047,0,2,50,0,0,0,0,0,0,0x03
2026-09-06T11:00:22.351,3048,0,2,52,0,0,0,0,0,0,0x03
2026-09-06T11:00:22.432,3049,0,2,50,0,0,0,0,0,0,0x03
2026-09-06T11:00:22.497,3050,0,2,55,0,0,0,0,0,0,0x03
2026-09-06T11:00:22.562,3051,0,2,51,0,0,0,0,0,0,0x03
2026-09-06T11:00:22.627,3052,0,2,51,0,0,0,0,0,0,0x03
2026-09-06T11:00:22.692,3053,0,2,51,0,0,0,0,0,0,0x03
2026-09-06T11:00:22.757,3054,0,2,51,0,0,0,0,0,0,0x03
2026-09-06T11:00:22.822,3055,0,2,51,0,0,0,0,0,0,0x03
2026-09-06T11:00:22.903,3056,0,2,50,0,0,0,0,0,0,0x03
2026-09-06T11:00:22.968,3057,0,2,51,0,0,0,0,0,0,0x03
2026-09-06T11:00:23.033,3058,0,2,52,0,0,0,0,0,0,0x03
2026-09-06T11:00:23.098,3059,0,2,51,0,0,0,0,0,0,0x03
2026-09-06T11:00:23.164,3060,0,2,51,0,0,0,0,0,0,0x03
2026-09-06T11:00:23.229,3061,0,2,52,0,0,0,0,0,0,0x03
2026-09-06T11:00:23.293,3062,0,2,50,0,0,0,0,0,0,0x03
2026-09-06T11:00:23.358,3063,0,2,51,0,0,0,0,0,0,0x03
2026-09-06T11:00:23.423,3064,0,2,52,0,0,0,0,0,0,0x03
2026-09-06T11:00:23.488,3065,0,2,52,0,0,0,0,0,0,0x03
2026-09-06T11:00:23.570,3066,0,2,50,0,0,0,0,0,0,0x03
2026-09-06T11:00:23.635,3067,0,2,51,0,0,0,0,0,0,0x03
2026-09-06T11:00:23.699,3068,0,2,50,0,0,0,0,0,0,0x03
2026-09-06T11:00:23.764,3069,0,2,51,0,0,0,0,0,0,0x03
2026-09-06T11:00:23.829,3070,0,2,50,0,0,0,0,0,0,0x03
2026-09-06T11:00:23.894,3071,0,2,50,0,0,0,0,0,0,0x03
2026-09-06T11:00:23.959,3072,0,2,50,0,0,0,0,0,0,0x03
2026-09-06T11:00:24.024,3073,0,2,50,0,0,0,0,0,0,0x03
2026-09-06T11:00:24.106,3074,0,2,53,0,0,0,0,0,0,0x03
2026-09-06T11:00:24.171,3075,0,2,50,0,0,0,0,0,0,0x03
2026-09-06T11:00:24.236,3076,0,2,51,0,0,0,0,0,0,0x03
2026-09-06T11:00:24.300,3077,0,2,51,0,0,0,0,0,0,0x03
2026-09-06T11:00:24.365,3078,0,2,52,0,0,0,0,0,0,0x03
2026-09-06T11:00:24.430,3079,0,2,51,0,0,0,0,0,0,0x03
2026-09-06T11:00:24.495,3080,0,2,52,0,0,0,0,0,0,0x03
2026-09-06T11:00:24.560,3081,0,2,51,0,0,0,0,0,0,0x03
2026-09-06T11:00:24.641,3082,0,2,50,0,0,0,0,0,0,0x03
2026-09-06T11:00:24.705,3083,0,2,52,0,0,0,0,0,0,0x03
2026-09-06T11:00:24.770,3084,0,2,51,0,0,0,0,0,0,0x03
2026-09-06T11:00:24.835,3085,0,2,50,0,0,0,0,0,0,0x03
2026-09-06T11:00:24.900,3086,0,2,52,0,0,0,0,0,0,0x03
2026-09-06T11:00:24.965,3087,0,2,50,0,0,0,0,0,0,0x03
2026-09-06T11:00:25.030,3088,0,2,52,0,0,0,0,0,0,0x03
2026-09-06T11:00:25.095,3089,0,2,51,0,0,0,0,0,0,0x03
2026-09-06T11:00:25.177,3090,0,2,52,0,0,0,0,0,0,0x03
2026-09-06T11:00:25.242,3091,0,2,50,0,0,0,0,0,0,0x03
2026-09-06T11:00:25.307,3092,0,2,50,0,0,0,0,0,0,0x03
2026-09-06T11:00:25.372,3093,0,2,50,0,0,0,0,0,0,0x03
2026-09-06T11:00:25.437,3094,0,2,50,0,0,0,0,0,0,0x03
2026-09-06T11:00:25.502,3095,0,2,52,0,0,0,0,0,0,0x03
2026-09-06T11:00:25.567,3096,0,2,52,0,0,0,0,0,0,0x03
2026-09-06T11:00:25.632,3097,0,2,50,0,0,0,0,0,0,0x03
2026-09-06T11:00:25.713,3098,0,2,51,0,0,0,0,0,0,0x03
2026-09-06T11:00:25.778,3099,0,2,50,0,0,0,0,0,0,0x03
2026-09-06T11:00:25.842,3100,0,2,51,0,0,0,0,0,0,0x03
2026-09-06T11:00:25.907,3101,0,2,51,0,0,0,0,0,0,0x03
2026-09-06T11:00:25.972,3102,0,2,52,0,0,0,0,0,0,0x03
2026-09-06T11:00:26.037,3103,0,2,50,0,0,0,0,0,0,0x03
2026-09-06T11:00:26.102,3104,0,2,52,0,0,0,0,0,0,0x03
2026-09-06T11:00:26.167,3105,0,2,52,0,0,0,0,0,0,0x03
2026-09-06T11:00:26.248,3106,0,2,51,0,0,0,0,0,0,0x03
2026-09-06T11:00:26.314,3107,0,2,51,0,0,0,0,0,0,0x03
2026-09-06T11:00:26.379,3108,0,2,52,0,0,0,0,0,0,0x03
2026-09-06T11:00:26.444,3109,0,2,54,0,0,0,0,0,0,0x03
2026-09-06T11:00:26.509,3110,0,2,50,0,0,0,0,0,0,0x03
2026-09-06T11:00:26.574,3111,0,2,50,0,0,0,0,0,0,0x03
2026-09-06T11:00:26.639,3112,0,2,51,0,0,0,0,0,0,0x03
2026-09-06T11:00:26.704,3113,0,2,52,0,0,0,0,0,0,0x03
2026-09-06T11:00:26.785,3114,0,2,52,0,0,0,0,0,0,0x03
2026-09-06T11:00:26.834,3115,0,2,51,0,0,0,0,0,0,0x03
2026-09-06T11:00:26.915,3116,0,2,50,0,0,0,0,0,0,0x03
2026-09-06T11:00:26.980,3117,0,2,50,0,0,0,0,0,0,0x03
2026-09-06T11:00:27.045,3118,0,2,51,0,0,0,0,0,0,0x03
2026-09-06T11:00:27.110,3119,0,2,52,0,0,0,0,0,0,0x03
2026-09-06T11:00:27.175,3120,0,2,51,0,0,0,0,0,0,0x03
2026-09-06T11:00:27.240,3121,0,2,50,0,0,0,0,0,0,0x03
2026-09-06T11:00:27.320,3122,0,2,52,0,0,0,0,0,0,0x03
2026-09-06T11:00:27.385,3123,0,2,52,0,0,0,0,0,0,0x03
2026-09-06T11:00:27.450,3124,0,2,50,0,0,0,0,0,0,0x03
2026-09-06T11:00:27.515,3125,0,2,55,0,0,0,0,0,0,0x03
2026-09-06T11:00:27.580,3126,0,2,50,0,0,0,0,0,0,0x03
2026-09-06T11:00:27.645,3127,0,2,51,0,0,0,0,0,0,0x03
2026-09-06T11:00:27.709,3128,0,2,52,0,0,0,0,0,0,0x03
2026-09-06T11:00:27.775,3129,0,2,50,0,0,0,0,0,0,0x03
2026-09-06T11:00:27.856,3130,0,2,50,0,0,0,0,0,0,0x03
2026-09-06T11:00:27.920,3131,0,2,51,0,0,0,0,0,0,0x03
2026-09-06T11:00:27.985,3132,0,2,52,0,0,0,0,0,0,0x03
2026-09-06T11:00:28.050,3133,0,2,50,0,0,0,0,0,0,0x03
2026-09-06T11:00:28.115,3134,0,2,51,0,0,0,0,0,0,0x03
2026-09-06T11:00:28.179,3135,0,2,50,0,0,0,0,0,0,0x03
2026-09-06T11:00:28.244,3136,0,2,50,0,0,0,0,0,0,0x03
2026-09-06T11:00:28.309,3137,0,2,50,0,0,0,0,0,0,0x03
2026-09-06T11:00:28.374,3138,0,2,52,0,0,0,0,0,0,0x03
2026-09-06T11:00:28.455,3139,0,2,50,0,0,0,0,0,0,0x03
2026-09-06T11:00:28.520,3140,0,2,52,0,0,0,0,0,0,0x03
2026-09-06T11:00:28.586,3141,0,2,50,0,0,0,0,0,0,0x03
2026-09-06T11:00:28.650,3142,0,2,50,0,0,0,0,0,0,0x03
2026-09-06T11:00:28.715,3143,0,2,51,0,0,0,0,0,0,0x03
2026-09-06T11:00:28.780,3144,0,2,50,0,0,0,0,0,0,0x03
2026-09-06T11:00:28.845,3145,0,2,50,0,0,0,0,0,0,0x03
2026-09-06T11:00:28.910,3146,0,2,51,0,0,0,0,0,0,0x03
2026-09-06T11:00:28.991,3147,0,2,50,0,0,0,0,0,0,0x03
2026-09-06T11:00:29.056,3148,0,2,52,0,0,0,0,0,0,0x03
2026-09-06T11:00:29.121,3149,0,2,50,0,0,0,0,0,0,0x03
2026-09-06T11:00:29.186,3150,0,2,54,0,0,0,0,0,0,0x03
2026-09-06T11:00:29.251,3151,0,2,51,0,0,0,0,0,0,0x03
2026-09-06T11:00:29.316,3152,0,2,52,0,0,0,0,0,0,0x03
2026-09-06T11:00:29.381,3153,0,2,50,0,0,0,0,0,0,0x03
2026-09-06T11:00:29.445,3154,0,2,55,0,0,0,0,0,0,0x03
2026-09-06T11:00:29.526,3155,0,2,52,0,0,0,0,0,0,0x03
2026-09-06T11:00:29.591,3156,0,2,50,0,0,0,0,0,0,0x03
2026-09-06T11:00:29.656,3157,0,2,51,0,0,0,0,0,0,0x03
2026-09-06T11:00:29.915,3158,0,2,52,0,0,0,0,0,0,0x03
2026-09-06T11:00:30.190,3159,0,2,51,0,0,0,0,0,0,0x03
2026-09-06T11:00:30.255,3160,0,2,52,0,0,0,0,0,0,0x03
2026-09-06T11:00:30.321,3161,0,2,51,0,0,0,0,0,0,0x03
2026-09-06T11:00:30.385,3162,0,2,50,0,0,0,0,0,0,0x03
2026-09-06T11:00:30.450,3163,0,2,52,0,0,0,0,0,0,0x03
2026-09-06T11:00:30.531,3164,0,2,52,0,0,0,0,0,0,0x03
2026-09-06T11:00:30.596,3165,0,2,50,0,0,0,0,0,0,0x03
2026-09-06T11:00:30.661,3166,0,2,51,0,0,0,0,0,0,0x03
2026-09-06T11:00:30.726,3167,0,2,51,0,0,0,0,0,0,0x03
2026-09-06T11:00:30.791,3168,0,2,51,0,0,0,0,0,0,0x03
2026-09-06T11:00:30.855,3169,0,2,51,0,0,0,0,0,0,0x03
2026-09-06T11:00:30.936,3170,0,2,53,0,0,0,0,0,0,0x03
2026-09-06T11:00:30.985,3171,0,2,51,0,0,0,0,0,0,0x03
2026-09-06T11:00:31.066,3172,0,2,51,0,0,0,0,0,0,0x03
2026-09-06T11:00:31.131,3173,0,2,50,0,0,0,0,0,0,0x03
2026-09-06T11:00:31.196,3174,0,2,50,0,0,0,0,0,0,0x03
2026-09-06T11:00:31.261,3175,0,2,51,0,0,0,0,0,0,0x03
2026-09-06T11:00:31.326,3176,0,2,50,0,0,0,0,0,0,0x03
2026-09-06T11:00:31.390,3177,0,2,52,0,0,0,0,0,0,0x03
2026-09-06T11:00:31.471,3178,0,2,51,0,0,0,0,0,0,0x03
2026-09-06T11:00:31.536,3179,0,2,52,0,0,0,0,0,0,0x03
2026-09-06T11:00:31.601,3180,0,2,50,0,0,0,0,0,0,0x03
2026-09-06T11:00:31.666,3181,0,2,52,0,0,0,0,0,0,0x03
2026-09-06T11:00:31.730,3182,0,2,52,0,0,0,0,0,0,0x03
2026-09-06T11:00:31.795,3183,0,2,50,0,0,0,0,0,0,0x03
2026-09-06T11:00:31.860,3184,0,2,51,0,0,0,0,0,0,0x03
2026-09-06T11:00:31.925,3185,0,2,51,0,0,0,0,0,0,0x03
2026-09-06T11:00:31.990,3186,0,2,50,0,0,0,0,0,0,0x03
2026-09-06T11:00:32.071,3187,0,2,52,0,0,0,0,0,0,0x03
2026-09-06T11:00:32.136,3188,0,2,50,0,0,0,0,0,0,0x03
2026-09-06T11:00:32.201,3189,0,2,51,0,0,0,0,0,0,0x03
2026-09-06T11:00:32.266,3190,0,2,52,0,0,0,0,0,0,0x03
2026-09-06T11:00:32.330,3191,0,2,51,0,0,0,0,0,0,0x03
2026-09-06T11:00:32.395,3192,0,2,51,0,0,0,0,0,0,0x03
2026-09-06T11:00:32.460,3193,0,2,51,0,0,0,0,0,0,0x03
2026-09-06T11:00:32.526,3194,0,2,50,0,0,0,0,0,0,0x03
2026-09-06T11:00:32.607,3195,0,2,52,0,0,0,0,0,0,0x03
2026-09-06T11:00:32.672,3196,0,2,52,0,0,0,0,0,0,0x03
2026-09-06T11:00:32.736,3197,0,2,52,0,0,0,0,0,0,0x03
2026-09-06T11:00:32.801,3198,0,2,51,0,0,0,0,0,0,0x03
2026-09-06T11:00:32.866,3199,0,2,51,0,0,0,0,0,0,0x03
2026-09-06T11:00:32.931,3200,0,2,50,0,0,0,0,0,0,0x03
2026-09-06T11:00:32.996,3201,0,2,50,0,0,0,0,0,0,0x03
2026-09-06T11:00:33.061,3202,0,2,50,0,0,0,0,0,0,0x03
2026-09-06T11:00:33.141,3203,0,2,51,0,0,0,0,0,0,0x03
2026-09-06T11:00:33.206,3204,0,2,51,0,0,0,0,0,0,0x03
2026-09-06T11:00:33.271,3205,0,2,53,0,0,0,0,0,0,0x03
2026-09-06T11:00:33.335,3206,0,2,52,0,0,0,0,0,0,0x03
2026-09-06T11:00:33.400,3207,0,2,50,0,0,0,0,0,0,0x03
2026-09-06T11:00:33.464,3208,0,2,51,0,0,0,0,0,0,0x03
2026-09-06T11:00:33.529,3209,0,2,55,0,0,0,0,0,0,0x03
2026-09-06T11:00:33.611,3210,0,2,52,0,0,0,0,0,0,0x03
2026-09-06T11:00:33.675,3211,0,2,50,0,0,0,0,0,0,0x03
2026-09-06T11:00:33.740,3212,0,2,51,0,0,0,0,0,0,0x03
2026-09-06T11:00:33.805,3213,0,2,50,0,0,0,0,0,0,0x03
2026-09-06T11:00:33.870,3214,0,2,50,0,0,0,0,0,0,0x03
2026-09-06T11:00:33.935,3215,0,2,52,0,0,0,0,0,0,0x03
2026-09-06T11:00:34.015,3216,0,2,51,0,0,0,0,0,0,0x03
2026-09-06T11:00:34.064,3217,0,2,51,0,0,0,0,0,0,0x03
2026-09-06T11:00:34.145,3218,0,2,54,0,0,0,0,0,0,0x03
2026-09-06T11:00:34.210,3219,0,2,51,0,0,0,0,0,0,0x03
2026-09-06T11:00:34.274,3220,0,2,52,0,0,0,0,0,0,0x03
2026-09-06T11:00:34.339,3221,0,2,50,0,0,0,0,0,0,0x03
2026-09-06T11:00:34.404,3222,0,2,52,0,0,0,0,0,0,0x03
2026-09-06T11:00:34.469,3223,0,2,51,0,0,0,0,0,0,0x03
2026-09-06T11:00:34.550,3224,0,2,51,0,0,0,0,0,0,0x03
2026-09-06T11:00:34.614,3225,0,2,51,0,0,0,0,0,0,0x03
2026-09-06T11:00:34.679,3226,0,2,51,0,0,0,0,0,0,0x03
2026-09-06T11:00:34.744,3227,0,2,50,0,0,0,0,0,0,0x03
2026-09-06T11:00:34.809,3228,0,2,53,0,0,0,0,0,0,0x03
2026-09-06T11:00:34.875,3229,0,2,51,0,0,0,0,0,0,0x03
2026-09-06T11:00:34.940,3230,0,2,52,0,0,0,0,0,0,0x03
2026-09-06T11:00:35.005,3231,0,2,51,0,0,0,0,0,0,0x03
2026-09-06T11:00:35.070,3232,0,2,50,0,0,0,0,0,0,0x03
2026-09-06T11:00:35.135,3233,0,2,50,0,0,0,0,0,0,0x03
2026-09-06T11:00:35.216,3234,0,2,51,0,0,0,0,0,0,0x03
2026-09-06T11:00:35.282,3235,0,2,50,0,0,0,0,0,0,0x03
2026-09-06T11:00:35.347,3236,0,2,52,0,0,0,0,0,0,0x03
2026-09-06T11:00:35.412,3237,0,2,51,0,0,0,0,0,0,0x03
2026-09-06T11:00:35.477,3238,0,2,50,0,0,0,0,0,0,0x03
2026-09-06T11:00:35.542,3239,0,2,52,0,0,0,0,0,0,0x03
2026-09-06T11:00:35.607,3240,0,2,50,0,0,0,0,0,0,0x03
2026-09-06T11:00:35.671,3241,0,2,52,0,0,0,0,0,0,0x03
2026-09-06T11:00:35.752,3242,0,2,50,0,0,0,0,0,0,0x03
2026-09-06T11:00:35.818,3243,0,2,52,0,0,0,0,0,0,0x03
2026-09-06T11:00:35.883,3244,0,2,50,0,0,0,0,0,0,0x03
2026-09-06T11:00:35.948,3245,0,2,51,0,0,0,0,0,0,0x03
2026-09-06T11:00:36.013,3246,0,2,52,0,0,0,0,0,0,0x03
2026-09-06T11:00:36.078,3247,0,2,50,0,0,0,0,0,0,0x03
2026-09-06T11:00:36.143,3248,0,2,52,0,0,0,0,0,0,0x03
2026-09-06T11:00:36.208,3249,0,2,50,0,0,0,0,0,0,0x03
2026-09-06T11:00:36.289,3250,0,2,51,0,0,0,0,0,0,0x03
2026-09-06T11:00:36.354,3251,0,2,50,0,0,0,0,0,0,0x03
2026-09-06T11:00:36.419,3252,0,2,51,0,0,0,0,0,0,0x03
2026-09-06T11:00:36.485,3253,0,2,52,0,0,0,0,0,0,0x03
2026-09-06T11:00:36.550,3254,0,2,50,0,0,0,0,0,0,0x03
2026-09-06T11:00:36.615,3255,0,2,51,0,0,0,0,0,0,0x03
2026-09-06T11:00:36.680,3256,0,2,51,0,0,0,0,0,0,0x03
2026-09-06T11:00:36.745,3257,0,2,55,0,0,0,0,0,0,0x03
2026-09-06T11:00:36.826,3258,0,2,52,0,0,0,0,0,0,0x03
2026-09-06T11:00:36.891,3259,0,2,50,0,0,0,0,0,0,0x03
2026-09-06T11:00:36.956,3260,0,2,51,0,0,0,0,0,0,0x03
2026-09-06T11:00:37.021,3261,0,2,50,0,0,0,0,0,0,0x03
2026-09-06T11:00:37.086,3262,0,2,51,0,0,0,0,0,0,0x03
2026-09-06T11:00:37.152,3263,0,2,52,0,0,0,0,0,0,0x03
2026-09-06T11:00:37.217,3264,0,2,51,0,0,0,0,0,0,0x03
2026-09-06T11:00:37.282,3265,0,2,51,0,0,0,0,0,0,0x03
2026-09-06T11:00:37.347,3266,0,2,50,0,0,0,0,0,0,0x03
2026-09-06T11:00:37.413,3267,0,2,50,0,0,0,0,0,0,0x03
2026-09-06T11:00:37.494,3268,0,2,51,0,0,0,0,0,0,0x03
2026-09-06T11:00:37.559,3269,0,2,52,0,0,0,0,0,0,0x03
2026-09-06T11:00:37.624,3270,0,2,51,0,0,0,0,0,0,0x03
2026-09-06T11:00:37.689,3271,0,2,50,0,0,0,0,0,0,0x03
2026-09-06T11:00:37.754,3272,0,2,51,0,0,0,0,0,0,0x03
2026-09-06T11:00:37.819,3273,0,2,51,0,0,0,0,0,0,0x03
2026-09-06T11:00:37.884,3274,0,2,50,0,0,0,0,0,0,0x03
2026-09-06T11:00:37.949,3275,0,2,50,0,0,0,0,0,0,0x03
2026-09-06T11:00:38.030,3276,0,2,51,0,0,0,0,0,0,0x03
2026-09-06T11:00:38.094,3277,0,2,51,0,0,0,0,0,0,0x03
2026-09-06T11:00:38.159,3278,0,2,50,0,0,0,0,0,0,0x03
2026-09-06T11:00:38.224,3279,0,2,55,0,0,0,0,0,0,0x03
2026-09-06T11:00:38.290,3280,0,2,50,0,0,0,0,0,0,0x03
2026-09-06T11:00:38.355,3281,0,2,51,0,0,0,0,0,0,0x03
2026-09-06T11:00:38.420,3282,0,2,50,0,0,0,0,0,0,0x03
2026-09-06T11:00:38.485,3283,0,2,51,0,0,0,0,0,0,0x03
2026-09-06T11:00:38.566,3284,0,2,50,0,0,0,0,0,0,0x03
2026-09-06T11:00:38.631,3285,0,2,51,0,0,0,0,0,0,0x03
2026-09-06T11:00:38.695,3286,0,2,52,0,0,0,0,0,0,0x03
2026-09-06T11:00:38.761,3287,0,2,50,0,0,0,0,0,0,0x03
2026-09-06T11:00:38.825,3288,0,2,51,0,0,0,0,0,0,0x03
2026-09-06T11:00:38.890,3289,0,2,51,0,0,0,0,0,0,0x03
2026-09-06T11:00:38.955,3290,0,2,51,0,0,0,0,0,0,0x03
2026-09-06T11:00:39.020,3291,0,2,50,0,0,0,0,0,0,0x03
2026-09-06T11:00:39.101,3292,0,2,52,0,0,0,0,0,0,0x03
2026-09-06T11:00:39.166,3293,0,2,50,0,0,0,0,0,0,0x03
2026-09-06T11:00:39.231,3294,0,2,52,0,0,0,0,0,0,0x03
2026-09-06T11:00:39.296,3295,0,2,50,0,0,0,0,0,0,0x03
2026-09-06T11:00:39.361,3296,0,2,51,0,0,0,0,0,0,0x03
2026-09-06T11:00:39.426,3297,0,2,51,0,0,0,0,0,0,0x03
2026-09-06T11:00:39.491,3298,0,2,52,0,0,0,0,0,0,0x03
2026-09-06T11:00:39.556,3299,0,2,50,0,0,0,0,0,0,0x03
2026-09-06T11:00:39.637,3300,0,2,51,0,0,0,0,0,0,0x03
2026-09-06T11:00:39.702,3301,0,2,50,0,0,0,0,0,0,0x03
2026-09-06T11:00:39.767,3302,0,2,51,0,0,0,0,0,0,0x03
2026-09-06T11:00:39.832,3303,0,2,52,0,0,0,0,0,0,0x03
2026-09-06T11:00:39.896,3304,0,2,50,0,0,0,0,0,0,0x03
2026-09-06T11:00:39.961,3305,0,2,52,0,0,0,0,0,0,0x03
2026-09-06T11:00:40.026,3306,0,2,51,0,0,0,0,0,0,0x03
2026-09-06T11:00:40.090,3307,0,2,51,0,0,0,0,0,0,0x03
2026-09-06T11:00:40.171,3308,0,2,52,0,0,0,0,0,0,0x03
2026-09-06T11:00:40.236,3309,0,2,51,0,0,0,0,0,0,0x03
2026-09-06T11:00:40.302,3310,0,2,52,0,0,0,0,0,0,0x03
2026-09-06T11:00:40.366,3311,0,2,51,0,0,0,0,0,0,0x03
2026-09-06T11:00:40.431,3312,0,2,50,0,0,0,0,0,0,0x03
2026-09-06T11:00:40.496,3313,0,2,51,0,0,0,0,0,0,0x03
2026-09-06T11:00:40.561,3314,0,2,52,0,0,0,0,0,0,0x03
2026-09-06T11:00:40.626,3315,0,2,51,0,0,0,0,0,0,0x03
2026-09-06T11:00:40.707,3316,0,2,50,0,0,0,0,0,0,0x03
2026-09-06T11:00:40.772,3317,0,2,51,0,0,0,0,0,0,0x03
2026-09-06T11:00:40.837,3318,0,2,50,0,0,0,0,0,0,0x03
2026-09-06T11:00:40.902,3319,0,2,50,0,0,0,0,0,0,0x03
2026-09-06T11:00:40.967,3320,0,2,51,0,0,0,0,0,0,0x03
2026-09-06T11:00:41.032,3321,0,2,50,0,0,0,0,0,0,0x03
2026-09-06T11:00:41.096,3322,0,2,50,0,0,0,0,0,0,0x03
2026-09-06T11:00:41.162,3323,0,2,50,0,0,0,0,0,0,0x03
2026-09-06T11:00:41.243,3324,0,2,53,0,0,0,0,0,0,0x03
2026-09-06T11:00:41.307,3325,0,2,52,0,0,0,0,0,0,0x03
2026-09-06T11:00:41.372,3326,0,2,50,0,0,0,0,0,0,0x03
2026-09-06T11:00:41.437,3327,0,2,51,0,0,0,0,0,0,0x03
2026-09-06T11:00:41.502,3328,0,2,50,0,0,0,0,0,0,0x03
2026-09-06T11:00:41.567,3329,0,2,52,0,0,0,0,0,0,0x03
2026-09-06T11:00:41.632,3330,0,2,51,0,0,0,0,0,0,0x03
2026-09-06T11:00:41.697,3331,0,2,51,0,0,0,0,0,0,0x03
2026-09-06T11:00:41.762,3332,0,2,50,0,0,0,0,0,0,0x03
2026-09-06T11:00:41.843,3333,0,2,51,0,0,0,0,0,0,0x03
2026-09-06T11:00:41.908,3334,0,2,51,0,0,0,0,0,0,0x03
2026-09-06T11:00:41.972,3335,0,2,50,0,0,0,0,0,0,0x03
2026-09-06T11:00:42.037,3336,0,2,52,0,0,0,0,0,0,0x03
2026-09-06T11:00:42.102,3337,0,2,50,0,0,0,0,0,0,0x03
2026-09-06T11:00:42.167,3338,0,2,50,0,0,0,0,0,0,0x03
2026-09-06T11:00:42.248,3339,0,2,50,0,0,0,0,0,0,0x03
2026-09-06T11:00:42.297,3340,0,2,50,0,0,0,0,0,0,0x03
2026-09-06T11:00:42.378,3341,0,2,51,0,0,0,0,0,0,0x03
2026-09-06T11:00:42.443,3342,0,2,52,0,0,0,0,0,0,0x03
2026-09-06T11:00:42.508,3343,0,2,50,0,0,0,0,0,0,0x03
2026-09-06T11:00:42.573,3344,0,2,51,0,0,0,0,0,0,0x03
2026-09-06T11:00:42.638,3345,0,2,52,0,0,0,0,0,0,0x03
2026-09-06T11:00:42.703,3346,0,2,50,0,0,0,0,0,0,0x03
2026-09-06T11:00:42.784,3347,0,2,50,0,0,0,0,0,0,0x03
2026-09-06T11:00:42.833,3348,0,2,50,0,0,0,0,0,0,0x03
2026-09-06T11:00:42.915,3349,0,2,50,0,0,0,0,0,0,0x03
2026-09-06T11:00:42.980,3350,0,2,50,0,0,0,0,0,0,0x03
2026-09-06T11:00:43.044,3351,0,2,50,0,0,0,0,0,0,0x03
2026-09-06T11:00:43.109,3352,0,2,50,0,0,0,0,0,0,0x03
2026-09-06T11:00:43.174,3353,0,2,51,0,0,0,0,0,0,0x03
2026-09-06T11:00:43.239,3354,0,2,50,0,0,0,0,0,0,0x03
2026-09-06T11:00:43.320,3355,0,2,55,0,0,0,0,0,0,0x03
2026-09-06T11:00:43.369,3356,0,2,50,0,0,0,0,0,0,0x03
2026-09-06T11:00:43.450,3357,0,2,51,0,0,0,0,0,0,0x03
2026-09-06T11:00:43.514,3358,0,2,52,0,0,0,0,0,0,0x03
2026-09-06T11:00:43.579,3359,0,2,51,0,0,0,0,0,0,0x03
2026-09-06T11:00:43.645,3360,0,2,50,0,0,0,0,0,0,0x03
2026-09-06T11:00:43.710,3361,0,2,50,0,0,0,0,0,0,0x03
2026-09-06T11:00:43.775,3362,0,2,52,0,0,0,0,0,0,0x03
2026-09-06T11:00:43.840,3363,0,2,52,0,0,0,0,0,0,0x03
2026-09-06T11:00:43.905,3364,0,2,50,0,0,0,0,0,0,0x03
2026-09-06T11:00:43.986,3365,0,2,50,0,0,0,0,0,0,0x03
2026-09-06T11:00:44.051,3366,0,2,50,0,0,0,0,0,0,0x03
2026-09-06T11:00:44.116,3367,0,2,52,0,0,0,0,0,0,0x03
2026-09-06T11:00:44.180,3368,0,2,51,0,0,0,0,0,0,0x03
2026-09-06T11:00:44.245,3369,0,2,50,0,0,0,0,0,0,0x03
2026-09-06T11:00:44.310,3370,0,2,50,0,0,0,0,0,0,0x03
2026-09-06T11:00:44.375,3371,0,2,50,0,0,0,0,0,0,0x03
2026-09-06T11:00:44.456,3372,0,2,51,0,0,0,0,0,0,0x03
2026-09-06T11:00:44.521,3373,0,2,50,0,0,0,0,0,0,0x03
2026-09-06T11:00:44.586,3374,0,2,50,0,0,0,0,0,0,0x03
2026-09-06T11:00:44.651,3375,0,2,51,0,0,0,0,0,0,0x03
2026-09-06T11:00:44.717,3376,0,2,52,0,0,0,0,0,0,0x03
2026-09-06T11:00:44.782,3377,0,2,50,0,0,0,0,0,0,0x03
2026-09-06T11:00:44.846,3378,0,2,51,0,0,0,0,0,0,0x03
2026-09-06T11:00:44.912,3379,0,2,51,0,0,0,0,0,0,0x03
2026-09-06T11:00:44.977,3380,0,2,53,0,0,0,0,0,0,0x03
2026-09-06T11:00:45.058,3381,0,2,52,0,0,0,0,0,0,0x03
2026-09-06T11:00:45.122,3382,0,2,50,0,0,0,0,0,0,0x03
2026-09-06T11:00:45.187,3383,0,2,52,0,0,0,0,0,0,0x03
2026-09-06T11:00:45.252,3384,0,2,50,0,0,0,0,0,0,0x03
2026-09-06T11:00:45.317,3385,0,2,50,0,0,0,0,0,0,0x03
2026-09-06T11:00:45.382,3386,0,2,51,0,0,0,0,0,0,0x03
2026-09-06T11:00:45.447,3387,0,2,50,0,0,0,0,0,0,0x03
2026-09-06T11:00:45.527,3388,0,2,51,0,0,0,0,0,0,0x03
2026-09-06T11:00:45.592,3389,0,2,52,0,0,0,0,0,0,0x03
2026-09-06T11:00:45.657,3390,0,2,50,0,0,0,0,0,0,0x03
2026-09-06T11:00:45.722,3391,0,2,51,0,0,0,0,0,0,0x03
2026-09-06T11:00:45.787,3392,0,2,50,0,0,0,0,0,0,0x03
2026-09-06T11:00:45.852,3393,0,2,50,0,0,0,0,0,0,0x03
2026-09-06T11:00:45.917,3394,0,2,51,0,0,0,0,0,0,0x03
2026-09-06T11:00:45.982,3395,0,2,51,0,0,0,0,0,0,0x03
2026-09-06T11:00:46.063,3396,0,2,52,0,0,0,0,0,0,0x03
2026-09-06T11:00:46.129,3397,0,2,51,0,0,0,0,0,0,0x03
2026-09-06T11:00:46.193,3398,0,2,52,0,0,0,0,0,0,0x03
2026-09-06T11:00:46.258,3399,0,2,50,0,0,0,0,0,0,0x03
2026-09-06T11:00:46.323,3400,0,2,52,0,0,0,0,0,0,0x03
2026-09-06T11:00:46.388,3401,0,2,50,0,0,0,0,0,0,0x03
2026-09-06T11:00:46.453,3402,0,2,54,0,0,0,0,0,0,0x03
2026-09-06T11:00:46.518,3403,0,2,50,0,0,0,0,0,0,0x03
2026-09-06T11:00:46.599,3404,0,2,50,0,0,0,0,0,0,0x03
2026-09-06T11:00:46.664,3405,0,2,52,0,0,0,0,0,0,0x03
2026-09-06T11:00:46.729,3406,0,2,50,0,0,0,0,0,0,0x03
2026-09-06T11:00:46.794,3407,0,2,52,0,0,0,0,0,0,0x03
2026-09-06T11:00:46.859,3408,0,2,50,0,0,0,0,0,0,0x03
2026-09-06T11:00:46.924,3409,0,2,52,0,0,0,0,0,0,0x03
2026-09-06T11:00:46.989,3410,0,2,50,0,0,0,0,0,0,0x03
2026-09-06T11:00:47.054,3411,0,2,52,0,0,0,0,0,0,0x03
2026-09-06T11:00:47.135,3412,0,2,55,0,0,0,0,0,0,0x03
2026-09-06T11:00:47.184,3413,0,2,50,0,0,0,0,0,0,0x03
2026-09-06T11:00:47.265,3414,0,2,52,0,0,0,0,0,0,0x03
2026-09-06T11:00:47.330,3415,0,2,50,0,0,0,0,0,0,0x03
2026-09-06T11:00:47.395,3416,0,2,52,0,0,0,0,0,0,0x03
2026-09-06T11:00:47.459,3417,0,2,50,0,0,0,0,0,0,0x03
2026-09-06T11:00:47.524,3418,0,2,51,0,0,0,0,0,0,0x03
2026-09-06T11:00:47.589,3419,0,2,51,0,0,0,0,0,0,0x03
2026-09-06T11:00:47.670,3420,0,2,50,0,0,0,0,0,0,0x03
2026-09-06T11:00:47.719,3421,0,2,51,0,0,0,0,0,0,0x03
2026-09-06T11:00:47.800,3422,0,2,50,0,0,0,0,0,0,0x03
2026-09-06T11:00:47.865,3423,0,2,52,0,0,0,0,0,0,0x03
2026-09-06T11:00:47.929,3424,0,2,51,0,0,0,0,0,0,0x03
2026-09-06T11:00:47.994,3425,0,2,51,0,0,0,0,0,0,0x03
2026-09-06T11:00:48.059,3426,0,2,50,0,0,0,0,0,0,0x03
2026-09-06T11:00:48.124,3427,0,2,50,0,0,0,0,0,0,0x03
2026-09-06T11:00:48.205,3428,0,2,50,0,0,0,0,0,0,0x03
2026-09-06T11:00:48.270,3429,0,2,51,0,0,0,0,0,0,0x03
2026-09-06T11:00:48.335,3430,0,2,51,0,0,0,0,0,0,0x03
2026-09-06T11:00:48.400,3431,0,2,50,0,0,0,0,0,0,0x03
2026-09-06T11:00:48.465,3432,0,2,51,0,0,0,0,0,0,0x03
2026-09-06T11:00:48.530,3433,0,2,50,0,0,0,0,0,0,0x03
2026-09-06T11:00:48.595,3434,0,2,54,0,0,0,0,0,0,0x03
2026-09-06T11:00:48.660,3435,0,2,50,0,0,0,0,0,0,0x03
2026-09-06T11:00:48.725,3436,0,2,51,0,0,0,0,0,0,0x03
2026-09-06T11:00:48.806,3437,0,2,51,0,0,0,0,0,0,0x03
2026-09-06T11:00:48.871,3438,0,2,50,0,0,0,0,0,0,0x03
2026-09-06T11:00:48.936,3439,0,2,51,0,0,0,0,0,0,0x03
2026-09-06T11:00:49.001,3440,0,2,52,0,0,0,0,0,0,0x03
2026-09-06T11:00:49.066,3441,0,2,50,0,0,0,0,0,0,0x03
2026-09-06T11:00:49.131,3442,0,2,50,0,0,0,0,0,0,0x03
2026-09-06T11:00:49.196,3443,0,2,51,0,0,0,0,0,0,0x03
2026-09-06T11:00:49.261,3444,0,2,50,0,0,0,0,0,0,0x03
2026-09-06T11:00:49.343,3445,0,2,50,0,0,0,0,0,0,0x03
2026-09-06T11:00:49.408,3446,0,2,50,0,0,0,0,0,0,0x03
2026-09-06T11:00:49.473,3447,0,2,51,0,0,0,0,0,0,0x03
2026-09-06T11:00:49.538,3448,0,2,51,0,0,0,0,0,0,0x03
2026-09-06T11:00:49.603,3449,0,2,50,0,0,0,0,0,0,0x03
2026-09-06T11:00:49.668,3450,0,2,52,0,0,0,0,0,0,0x03
2026-09-06T11:00:49.733,3451,0,2,50,0,0,0,0,0,0,0x03
2026-09-06T11:00:49.798,3452,0,2,51,0,0,0,0,0,0,0x03
2026-09-06T11:00:49.863,3453,0,2,53,0,0,0,0,0,0,0x03
2026-09-06T11:00:49.944,3454,0,2,52,0,0,0,0,0,0,0x03
2026-09-06T11:00:50.009,3455,0,2,50,0,0,0,0,0,0,0x03
2026-09-06T11:00:50.074,3456,0,2,51,0,0,0,0,0,0,0x03
2026-09-06T11:00:50.139,3457,0,2,50,0,0,0,0,0,0,0x03
2026-09-06T11:00:50.204,3458,0,2,52,0,0,0,0,0,0,0x03
2026-09-06T11:00:50.269,3459,0,2,52,0,0,0,0,0,0,0x03
2026-09-06T11:00:50.334,3460,0,2,50,0,0,0,0,0,0,0x03
2026-09-06T11:00:50.399,3461,0,2,51,0,0,0,0,0,0,0x03
2026-09-06T11:00:50.480,3462,0,2,50,0,0,0,0,0,0,0x03
2026-09-06T11:00:50.545,3463,0,2,50,0,0,0,0,0,0,0x03
2026-09-06T11:00:50.610,3464,0,2,52,0,0,0,0,0,0,0x03
2026-09-06T11:00:50.675,3465,0,2,50,0,0,0,0,0,0,0x03
2026-09-06T11:00:50.740,3466,0,2,50,0,0,0,0,0,0,0x03
2026-09-06T11:00:50.805,3467,0,2,51,0,0,0,0,0,0,0x03
2026-09-06T11:00:50.870,3468,0,2,50,0,0,0,0,0,0,0x03
2026-09-06T11:00:50.951,3469,0,2,55,0,0,0,0,0,0,0x03
2026-09-06T11:00:51.016,3470,0,2,51,0,0,0,0,0,0,0x03
2026-09-06T11:00:51.081,3471,0,2,52,0,0,0,0,0,0,0x03
2026-09-06T11:00:51.146,3472,0,2,51,0,0,0,0,0,0,0x03
2026-09-06T11:00:51.212,3473,0,2,50,0,0,0,0,0,0,0x03
2026-09-06T11:00:51.277,3474,0,2,50,0,0,0,0,0,0,0x03
2026-09-06T11:00:51.342,3475,0,2,53,0,0,0,0,0,0,0x03
2026-09-06T11:00:51.407,3476,0,2,50,0,0,0,0,0,0,0x03
2026-09-06T11:00:51.472,3477,0,2,50,0,0,0,0,0,0,0x03
2026-09-06T11:00:51.553,3478,0,2,52,0,0,0,0,0,0,0x03
2026-09-06T11:00:51.618,3479,0,2,51,0,0,0,0,0,0,0x03
2026-09-06T11:00:51.683,3480,0,2,50,0,0,0,0,0,0,0x03
2026-09-06T11:00:51.748,3481,0,2,52,0,0,0,0,0,0,0x03
2026-09-06T11:00:51.813,3482,0,2,51,0,0,0,0,0,0,0x03
2026-09-06T11:00:51.878,3483,0,2,50,0,0,0,0,0,0,0x03
2026-09-06T11:00:51.943,3484,0,2,50,0,0,0,0,0,0,0x03
2026-09-06T11:00:52.008,3485,0,2,50,0,0,0,0,0,0,0x03
2026-09-06T11:00:52.073,3486,0,2,50,0,0,0,0,0,0,0x03
2026-09-06T11:00:52.138,3487,0,2,51,0,0,0,0,0,0,0x03
2026-09-06T11:00:52.219,3488,0,2,51,0,0,0,0,0,0,0x03
2026-09-06T11:00:52.284,3489,0,2,50,0,0,0,0,0,0,0x03
2026-09-06T11:00:52.348,3490,0,2,50,0,0,0,0,0,0,0x03
2026-09-06T11:00:52.413,3491,0,2,51,0,0,0,0,0,0,0x03
2026-09-06T11:00:52.478,3492,0,2,51,0,0,0,0,0,0,0x03
2026-09-06T11:00:52.543,3493,0,2,51,0,0,0,0,0,0,0x03
2026-09-06T11:00:52.608,3494,0,2,52,0,0,0,0,0,0,0x03
2026-09-06T11:00:52.689,3495,0,2,50,0,0,0,0,0,0,0x03
2026-09-06T11:00:52.754,3496,0,2,52,0,0,0,0,0,0,0x03
2026-09-06T11:00:52.819,3497,0,2,55,0,0,0,0,0,0,0x03
2026-09-06T11:00:52.884,3498,0,2,52,0,0,0,0,0,0,0x03
2026-09-06T11:00:52.949,3499,0,2,50,0,0,0,0,0,0,0x03
2026-09-06T11:00:53.013,3500,0,2,50,0,0,0,0,0,0,0x03
2026-09-06T11:00:53.079,3501,0,2,55,0,0,0,0,0,0,0x03
2026-09-06T11:00:53.143,3502,0,2,50,0,0,0,0,0,0,0x03
2026-09-06T11:00:53.224,3503,0,2,51,0,0,0,0,0,0,0x03
2026-09-06T11:00:53.289,3504,0,2,52,0,0,0,0,0,0,0x03
2026-09-06T11:00:53.353,3505,0,2,50,0,0,0,0,0,0,0x03
2026-09-06T11:00:53.418,3506,0,2,52,0,0,0,0,0,0,0x03
2026-09-06T11:00:53.482,3507,0,2,50,0,0,0,0,0,0,0x03
2026-09-06T11:00:53.547,3508,0,2,51,0,0,0,0,0,0,0x03
2026-09-06T11:00:53.612,3509,0,2,50,0,0,0,0,0,0,0x03
2026-09-06T11:00:53.693,3510,0,2,52,0,0,0,0,0,0,0x03
2026-09-06T11:00:53.758,3511,0,2,51,0,0,0,0,0,0,0x03
2026-09-06T11:00:53.822,3512,0,2,50,0,0,0,0,0,0,0x03
2026-09-06T11:00:53.887,3513,0,2,50,0,0,0,0,0,0,0x03
2026-09-06T11:00:53.952,3514,0,2,51,0,0,0,0,0,0,0x03
2026-09-06T11:00:54.017,3515,0,2,51,0,0,0,0,0,0,0x03
2026-09-06T11:00:54.082,3516,0,2,51,0,0,0,0,0,0,0x03
2026-09-06T11:00:54.148,3517,0,2,51,0,0,0,0,0,0,0x03
2026-09-06T11:00:54.228,3518,0,2,52,0,0,0,0,0,0,0x03
2026-09-06T11:00:54.293,3519,0,2,50,0,0,0,0,0,0,0x03
2026-09-06T11:00:54.358,3520,0,2,54,0,0,0,0,0,0,0x03
2026-09-06T11:00:54.423,3521,0,2,51,0,0,0,0,0,0,0x03
2026-09-06T11:00:54.488,3522,0,2,50,0,0,0,0,0,0,0x03
2026-09-06T11:00:54.553,3523,0,2,50,0,0,0,0,0,0,0x03
2026-09-06T11:00:54.618,3524,0,2,50,0,0,0,0,0,0,0x03
2026-09-06T11:00:54.682,3525,0,2,50,0,0,0,0,0,0,0x03
2026-09-06T11:00:54.763,3526,0,2,51,0,0,0,0,0,0,0x03
2026-09-06T11:00:54.828,3527,0,2,52,0,0,0,0,0,0,0x03
2026-09-06T11:00:54.893,3528,0,2,50,0,0,0,0,0,0,0x03
2026-09-06T11:00:54.958,3529,0,2,51,0,0,0,0,0,0,0x03
2026-09-06T11:00:55.023,3530,0,2,52,0,0,0,0,0,0,0x03
2026-09-06T11:00:55.088,3531,0,2,50,0,0,0,0,0,0,0x03
2026-09-06T11:00:55.153,3532,0,2,51,0,0,0,0,0,0,0x03
2026-09-06T11:00:55.218,3533,0,2,51,0,0,0,0,0,0,0x03
2026-09-06T11:00:55.299,3534,0,2,52,0,0,0,0,0,0,0x03
2026-09-06T11:00:55.364,3535,0,2,52,0,0,0,0,0,0,0x03
2026-09-06T11:00:55.429,3536,0,2,50,0,0,0,0,0,0,0x03
2026-09-06T11:00:55.494,3537,0,2,51,0,0,0,0,0,0,0x03
2026-09-06T11:00:55.558,3538,0,2,51,0,0,0,0,0,0,0x03
2026-09-06T11:00:55.623,3539,0,2,50,0,0,0,0,0,0,0x03
2026-09-06T11:00:55.688,3540,0,2,51,0,0,0,0,0,0,0x03
2026-09-06T11:00:55.753,3541,0,2,51,0,0,0,0,0,0,0x03
2026-09-06T11:00:55.834,3542,0,2,50,0,0,0,0,0,0,0x03
2026-09-06T11:00:55.899,3543,0,2,52,0,0,0,0,0,0,0x03
2026-09-06T11:00:55.964,3544,0,2,52,0,0,0,0,0,0,0x03
2026-09-06T11:00:56.029,3545,0,2,52,0,0,0,0,0,0,0x03
2026-09-06T11:00:56.094,3546,0,2,50,0,0,0,0,0,0,0x03
2026-09-06T11:00:56.159,3547,0,2,52,0,0,0,0,0,0,0x03
2026-09-06T11:00:56.224,3548,0,2,50,0,0,0,0,0,0,0x03
2026-09-06T11:00:56.304,3549,0,2,51,0,0,0,0,0,0,0x03
2026-09-06T11:00:56.370,3550,0,2,52,0,0,0,0,0,0,0x03
2026-09-06T11:00:56.435,3551,0,2,51,0,0,0,0,0,0,0x03
2026-09-06T11:00:56.500,3552,0,2,55,0,0,0,0,0,0,0x03
2026-09-06T11:00:56.564,3553,0,2,52,0,0,0,0,0,0,0x03
2026-09-06T11:00:56.629,3554,0,2,51,0,0,0,0,0,0,0x03
2026-09-06T11:00:56.694,3555,0,2,50,0,0,0,0,0,0,0x03
2026-09-06T11:00:56.759,3556,0,2,51,0,0,0,0,0,0,0x03
2026-09-06T11:00:56.840,3557,0,2,50,0,0,0,0,0,0,0x03
2026-09-06T11:00:56.905,3558,0,2,51,0,0,0,0,0,0,0x03
2026-09-06T11:00:56.970,3559,0,2,50,0,0,0,0,0,0,0x03
2026-09-06T11:00:57.035,3560,0,2,50,0,0,0,0,0,0,0x03
2026-09-06T11:00:57.100,3561,0,2,52,0,0,0,0,0,0,0x03
2026-09-06T11:00:57.165,3562,0,2,50,0,0,0,0,0,0,0x03
2026-09-06T11:00:57.230,3563,0,2,51,0,0,0,0,0,0,0x03
2026-09-06T11:00:57.295,3564,0,2,51,0,0,0,0,0,0,0x03
2026-09-06T11:00:57.376,3565,0,2,50,0,0,0,0,0,0,0x03
2026-09-06T11:00:57.441,3566,0,2,51,0,0,0,0,0,0,0x03
2026-09-06T11:00:57.506,3567,0,2,50,0,0,0,0,0,0,0x03
2026-09-06T11:00:57.571,3568,0,2,51,0,0,0,0,0,0,0x03
2026-09-06T11:00:57.636,3569,0,2,51,0,0,0,0,0,0,0x03
2026-09-06T11:00:57.701,3570,0,2,50,0,0,0,0,0,0,0x03
2026-09-06T11:00:57.766,3571,0,2,52,0,0,0,0,0,0,0x03
2026-09-06T11:00:57.831,3572,0,2,51,0,0,0,0,0,0,0x03
2026-09-06T11:00:57.896,3573,0,2,52,0,0,0,0,0,0,0x03
2026-09-06T11:00:57.977,3574,0,2,50,0,0,0,0,0,0,0x03
2026-09-06T11:00:58.042,3575,0,2,54,0,0,0,0,0,0,0x03
2026-09-06T11:00:58.106,3576,0,2,50,0,0,0,0,0,0,0x03
2026-09-06T11:00:58.171,3577,0,2,57,0,0,0,0,0,0,0x03
2026-09-06T11:00:58.236,3578,0,2,53,0,0,0,0,0,0,0x03
2026-09-06T11:00:58.301,3579,0,2,50,0,0,0,0,0,0,0x03
2026-09-06T11:00:58.366,3580,0,2,52,0,0,0,0,0,0,0x03
2026-09-06T11:00:58.447,3581,0,2,52,0,0,0,0,0,0,0x03
2026-09-06T11:00:58.511,3582,0,2,55,0,0,0,0,0,0,0x03
2026-09-06T11:00:58.577,3583,0,2,50,0,0,0,0,0,0,0x03
2026-09-06T11:00:58.642,3584,0,2,50,0,0,0,0,0,0,0x03
2026-09-06T11:00:58.706,3585,0,2,51,0,0,0,0,0,0,0x03
2026-09-06T11:00:58.771,3586,0,2,50,0,0,0,0,0,0,0x03
2026-09-06T11:00:58.836,3587,0,2,51,0,0,0,0,0,0,0x03
2026-09-06T11:00:58.901,3588,0,2,54,0,0,0,0,0,0,0x03
2026-09-06T11:00:58.982,3589,0,2,50,0,0,0,0,0,0,0x03
2026-09-06T11:00:59.047,3590,0,2,50,0,0,0,0,0,0,0x03
2026-09-06T11:00:59.111,3591,0,2,51,0,0,0,0,0,0,0x03
2026-09-06T11:00:59.176,3592,0,2,50,0,0,0,0,0,0,0x03
2026-09-06T11:00:59.241,3593,0,2,50,0,0,0,0,0,0,0x03
2026-09-06T11:00:59.306,3594,0,2,53,0,0,0,0,0,0,0x03
2026-09-06T11:00:59.371,3595,0,2,51,0,0,0,0,0,0,0x03
2026-09-06T11:00:59.436,3596,0,2,50,0,0,0,0,0,0,0x03
2026-09-06T11:00:59.516,3597,0,2,50,0,0,0,0,0,0,0x03
2026-09-06T11:00:59.581,3598,0,2,51,0,0,0,0,0,0,0x03
2026-09-06T11:00:59.646,3599,0,2,51,0,0,0,0,0,0,0x03
2026-09-06T11:00:59.710,3600,0,2,51,0,0,0,0,0,0,0x03
2026-09-06T11:00:59.775,3601,0,2,51,0,0,0,0,0,0,0x03
2026-09-06T11:00:59.840,3602,0,2,51,0,0,0,0,0,0,0x03
2026-09-06T11:00:59.905,3603,0,2,52,0,0,0,0,0,0,0x03
2026-09-06T11:00:59.986,3604,0,2,55,0,0,0,0,0,0,0x03
2026-09-06T11:01:00.051,3605,0,2,50,0,0,0,0,0,0,0x03
2026-09-06T11:01:00.116,3606,0,2,50,0,0,0,0,0,0,0x03
2026-09-06T11:01:00.181,3607,0,2,51,0,0,0,0,0,0,0x03
2026-09-06T11:01:00.246,3608,0,2,50,0,0,0,0,0,0,0x03
2026-09-06T11:01:00.311,3609,0,2,52,0,0,0,0,0,0,0x03
2026-09-06T11:01:00.376,3610,0,2,52,0,0,0,0,0,0,0x03
2026-09-06T11:01:00.441,3611,0,2,50,0,0,0,0,0,0,0x03
2026-09-06T11:01:00.522,3612,0,2,52,0,0,0,0,0,0,0x03
2026-09-06T11:01:00.586,3613,0,2,50,0,0,0,0,0,0,0x03
2026-09-06T11:01:00.651,3614,0,2,51,0,0,0,0,0,0,0x03
2026-09-06T11:01:00.716,3615,0,2,52,0,0,0,0,0,0,0x03
2026-09-06T11:01:00.781,3616,0,2,50,0,0,0,0,0,0,0x03
2026-09-06T11:01:00.846,3617,0,2,50,0,0,0,0,0,0,0x03
2026-09-06T11:01:00.911,3618,0,2,51,0,0,0,0,0,0,0x03
2026-09-06T11:01:00.976,3619,0,2,50,0,0,0,0,0,0,0x03
2026-09-06T11:01:01.058,3620,0,2,50,0,0,0,0,0,0,0x03
2026-09-06T11:01:01.122,3621,0,2,50,0,0,0,0,0,0,0x03
2026-09-06T11:01:01.187,3622,0,2,53,0,0,0,0,0,0,0x03
2026-09-06T11:01:01.252,3623,0,2,51,0,0,0,0,0,0,0x03
2026-09-06T11:01:01.317,3624,0,2,52,0,0,0,0,0,0,0x03
2026-09-06T11:01:01.382,3625,0,2,50,0,0,0,0,0,0,0x03
2026-09-06T11:01:01.447,3626,0,2,55,0,0,0,0,0,0,0x03
2026-09-06T11:01:01.511,3627,0,2,51,0,0,0,0,0,0,0x03
2026-09-06T11:01:01.592,3628,0,2,51,0,0,0,0,0,0,0x03
2026-09-06T11:01:01.657,3629,0,2,51,0,0,0,0,0,0,0x03
2026-09-06T11:01:01.722,3630,0,2,52,0,0,0,0,0,0,0x03
2026-09-06T11:01:01.786,3631,0,2,50,0,0,0,0,0,0,0x03
2026-09-06T11:01:01.851,3632,0,2,51,0,0,0,0,0,0,0x03
2026-09-06T11:01:01.916,3633,0,2,52,0,0,0,0,0,0,0x03
2026-09-06T11:01:01.981,3634,0,2,52,0,0,0,0,0,0,0x03
2026-09-06T11:01:02.062,3635,0,2,51,0,0,0,0,0,0,0x03
2026-09-06T11:01:02.111,3636,0,2,50,0,0,0,0,0,0,0x03
2026-09-06T11:01:02.192,3637,0,2,50,0,0,0,0,0,0,0x03
2026-09-06T11:01:02.256,3638,0,2,51,0,0,0,0,0,0,0x03
2026-09-06T11:01:02.321,3639,0,2,50,0,0,0,0,0,0,0x03
2026-09-06T11:01:02.386,3640,0,2,50,0,0,0,0,0,0,0x03
2026-09-06T11:01:02.451,3641,0,2,50,0,0,0,0,0,0,0x03
2026-09-06T11:01:02.516,3642,0,2,52,0,0,0,0,0,0,0x03
2026-09-06T11:01:02.597,3643,0,2,50,0,0,0,0,0,0,0x03
2026-09-06T11:01:02.662,3644,0,2,50,0,0,0,0,0,0,0x03
2026-09-06T11:01:02.726,3645,0,2,50,0,0,0,0,0,0,0x03
2026-09-06T11:01:02.791,3646,0,2,50,0,0,0,0,0,0,0x03
2026-09-06T11:01:02.856,3647,0,2,50,0,0,0,0,0,0,0x03
2026-09-06T11:01:02.921,3648,0,2,53,0,0,0,0,0,0,0x03
2026-09-06T11:01:02.985,3649,0,2,52,0,0,0,0,0,0,0x03
2026-09-06T11:01:03.067,3650,0,2,50,0,0,0,0,0,0,0x03
2026-09-06T11:01:03.132,3651,0,2,52,0,0,0,0,0,0,0x03
2026-09-06T11:01:03.196,3652,0,2,51,0,0,0,0,0,0,0x03
2026-09-06T11:01:03.261,3653,0,2,50,0,0,0,0,0,0,0x03
2026-09-06T11:01:03.326,3654,0,2,50,0,0,0,0,0,0,0x03
2026-09-06T11:01:03.391,3655,0,2,51,0,0,0,0,0,0,0x03
2026-09-06T11:01:03.455,3656,0,2,50,0,0,0,0,0,0,0x03
2026-09-06T11:01:03.520,3657,0,2,51,0,0,0,0,0,0,0x03
2026-09-06T11:01:03.602,3658,0,2,51,0,0,0,0,0,0,0x03
2026-09-06T11:01:03.667,3659,0,2,51,0,0,0,0,0,0,0x03
2026-09-06T11:01:03.731,3660,0,2,51,0,0,0,0,0,0,0x03
2026-09-06T11:01:03.797,3661,0,2,51,0,0,0,0,0,0,0x03
2026-09-06T11:01:03.862,3662,0,2,51,0,0,0,0,0,0,0x03
2026-09-06T11:01:03.927,3663,0,2,50,0,0,0,0,0,0,0x03
2026-09-06T11:01:03.992,3664,0,2,50,0,0,0,0,0,0,0x03
2026-09-06T11:01:04.057,3665,0,2,51,0,0,0,0,0,0,0x03
2026-09-06T11:01:04.138,3666,0,2,50,0,0,0,0,0,0,0x03
2026-09-06T11:01:04.187,3667,0,2,51,0,0,0,0,0,0,0x03
2026-09-06T11:01:04.268,3668,0,2,50,0,0,0,0,0,0,0x03
2026-09-06T11:01:04.333,3669,0,2,52,0,0,0,0,0,0,0x03
2026-09-06T11:01:04.398,3670,0,2,50,0,0,0,0,0,0,0x03
2026-09-06T11:01:04.463,3671,0,2,51,0,0,0,0,0,0,0x03
2026-09-06T11:01:04.527,3672,0,2,51,0,0,0,0,0,0,0x03
2026-09-06T11:01:04.592,3673,0,2,51,0,0,0,0,0,0,0x03
2026-09-06T11:01:04.673,3674,0,2,50,0,0,0,0,0,0,0x03
2026-09-06T11:01:04.738,3675,0,2,51,0,0,0,0,0,0,0x03
2026-09-06T11:01:04.803,3676,0,2,52,0,0,0,0,0,0,0x03
2026-09-06T11:01:04.868,3677,0,2,50,0,0,0,0,0,0,0x03
2026-09-06T11:01:04.933,3678,0,2,50,0,0,0,0,0,0,0x03
2026-09-06T11:01:04.998,3679,0,2,50,0,0,0,0,0,0,0x03
2026-09-06T11:01:05.063,3680,0,2,52,0,0,0,0,0,0,0x03
2026-09-06T11:01:05.128,3681,0,2,51,0,0,0,0,0,0,0x03
2026-09-06T11:01:05.193,3682,0,2,50,0,0,0,0,0,0,0x03
2026-09-06T11:01:05.258,3683,0,2,51,0,0,0,0,0,0,0x03
2026-09-06T11:01:05.340,3684,0,2,50,0,0,0,0,0,0,0x03
2026-09-06T11:01:05.404,3685,0,2,52,0,0,0,0,0,0,0x03
2026-09-06T11:01:05.469,3686,0,2,51,0,0,0,0,0,0,0x03
2026-09-06T11:01:05.534,3687,0,2,51,0,0,0,0,0,0,0x03
2026-09-06T11:01:05.599,3688,0,2,50,0,0,0,0,0,0,0x03
2026-09-06T11:01:05.665,3689,0,2,51,0,0,0,0,0,0,0x03
2026-09-06T11:01:05.730,3690,0,2,51,0,0,0,0,0,0,0x03
2026-09-06T11:01:05.795,3691,0,2,51,0,0,0,0,0,0,0x03
2026-09-06T11:01:05.877,3692,0,2,52,0,0,0,0,0,0,0x03
2026-09-06T11:01:05.942,3693,0,2,50,0,0,0,0,0,0,0x03
2026-09-06T11:01:06.007,3694,0,2,50,0,0,0,0,0,0,0x03
2026-09-06T11:01:06.073,3695,0,2,52,0,0,0,0,0,0,0x03
2026-09-06T11:01:06.138,3696,0,2,51,0,0,0,0,0,0,0x03
2026-09-06T11:01:06.203,3697,0,2,52,0,0,0,0,0,0,0x03
2026-09-06T11:01:06.268,3698,0,2,51,0,0,0,0,0,0,0x03
2026-09-06T11:01:06.333,3699,0,2,50,0,0,0,0,0,0,0x03
2026-09-06T11:01:06.399,3700,0,2,51,0,0,0,0,0,0,0x03
2026-09-06T11:01:06.480,3701,0,2,50,0,0,0,0,0,0,0x03
2026-09-06T11:01:06.545,3702,0,2,51,0,0,0,0,0,0,0x03
2026-09-06T11:01:06.610,3703,0,2,50,0,0,0,0,0,0,0x03
2026-09-06T11:01:06.675,3704,0,2,53,0,0,0,0,0,0,0x03
2026-09-06T11:01:06.740,3705,0,2,52,0,0,0,0,0,0,0x03
2026-09-06T11:01:06.805,3706,0,2,50,0,0,0,0,0,0,0x03
2026-09-06T11:01:06.870,3707,0,2,52,0,0,0,0,0,0,0x03
2026-09-06T11:01:06.935,3708,0,2,50,0,0,0,0,0,0,0x03
2026-09-06T11:01:07.001,3709,0,2,52,0,0,0,0,0,0,0x03
2026-09-06T11:01:07.066,3710,0,2,50,0,0,0,0,0,0,0x03
2026-09-06T11:01:07.147,3711,0,2,52,0,0,0,0,0,0,0x03
2026-09-06T11:01:07.212,3712,0,2,51,0,0,0,0,0,0,0x03
2026-09-06T11:01:07.276,3713,0,2,50,0,0,0,0,0,0,0x03
2026-09-06T11:01:07.341,3714,0,2,50,0,0,0,0,0,0,0x03
2026-09-06T11:01:07.406,3715,0,2,52,0,0,0,0,0,0,0x03
2026-09-06T11:01:07.471,3716,0,2,50,0,0,0,0,0,0,0x03
2026-09-06T11:01:07.536,3717,0,2,51,0,0,0,0,0,0,0x03
2026-09-06T11:01:07.617,3718,0,2,51,0,0,0,0,0,0,0x03
2026-09-06T11:01:07.682,3719,0,2,50,0,0,0,0,0,0,0x03
2026-09-06T11:01:07.746,3720,0,2,52,0,0,0,0,0,0,0x03
2026-09-06T11:01:07.812,3721,0,2,50,0,0,0,0,0,0,0x03
2026-09-06T11:01:07.877,3722,0,2,51,0,0,0,0,0,0,0x03
2026-09-06T11:01:07.941,3723,0,2,50,0,0,0,0,0,0,0x03
2026-09-06T11:01:08.006,3724,0,2,51,0,0,0,0,0,0,0x03
2026-09-06T11:01:08.071,3725,0,2,51,0,0,0,0,0,0,0x03
2026-09-06T11:01:08.152,3726,0,2,52,0,0,0,0,0,0,0x03
2026-09-06T11:01:08.217,3727,0,2,50,0,0,0,0,0,0,0x03
2026-09-06T11:01:08.282,3728,0,2,52,0,0,0,0,0,0,0x03
2026-09-06T11:01:08.347,3729,0,2,51,0,0,0,0,0,0,0x03
2026-09-06T11:01:08.412,3730,0,2,51,0,0,0,0,0,0,0x03
2026-09-06T11:01:08.477,3731,0,2,51,0,0,0,0,0,0,0x03
2026-09-06T11:01:08.542,3732,0,2,51,0,0,0,0,0,0,0x03
2026-09-06T11:01:08.607,3733,0,2,50,0,0,0,0,0,0,0x03
2026-09-06T11:01:08.688,3734,0,2,51,0,0,0,0,0,0,0x03
2026-09-06T11:01:08.753,3735,0,2,51,0,0,0,0,0,0,0x03
2026-09-06T11:01:08.818,3736,0,2,57,0,0,0,0,0,0,0x03
2026-09-06T11:01:08.883,3737,0,2,51,0,0,0,0,0,0,0x03
2026-09-06T11:01:08.948,3738,0,2,51,0,0,0,0,0,0,0x03
2026-09-06T11:01:09.013,3739,0,2,50,0,0,0,0,0,0,0x03
2026-09-06T11:01:09.078,3740,0,2,52,0,0,0,0,0,0,0x03
2026-09-06T11:01:09.143,3741,0,2,50,0,0,0,0,0,0,0x03
2026-09-06T11:01:09.224,3742,0,2,51,0,0,0,0,0,0,0x03
2026-09-06T11:01:09.289,3743,0,2,50,0,0,0,0,0,0,0x03
2026-09-06T11:01:09.354,3744,0,2,51,0,0,0,0,0,0,0x03
2026-09-06T11:01:09.418,3745,0,2,51,0,0,0,0,0,0,0x03
2026-09-06T11:01:09.483,3746,0,2,50,0,0,0,0,0,0,0x03
2026-09-06T11:01:09.548,3747,0,2,50,0,0,0,0,0,0,0x03
2026-09-06T11:01:09.613,3748,0,2,50,0,0,0,0,0,0,0x03
2026-09-06T11:01:09.678,3749,0,2,51,0,0,0,0,0,0,0x03
2026-09-06T11:01:09.759,3750,0,2,52,0,0,0,0,0,0,0x03
2026-09-06T11:01:09.824,3751,0,2,50,0,0,0,0,0,0,0x03
2026-09-06T11:01:09.889,3752,0,2,51,0,0,0,0,0,0,0x03
2026-09-06T11:01:09.954,3753,0,2,52,0,0,0,0,0,0,0x03
2026-09-06T11:01:10.018,3754,0,2,52,0,0,0,0,0,0,0x03
2026-09-06T11:01:10.083,3755,0,2,51,0,0,0,0,0,0,0x03
2026-09-06T11:01:10.148,3756,0,2,51,0,0,0,0,0,0,0x03
2026-09-06T11:01:10.213,3757,0,2,50,0,0,0,0,0,0,0x03
2026-09-06T11:01:10.294,3758,0,2,52,0,0,0,0,0,0,0x03
2026-09-06T11:01:10.359,3759,0,2,53,0,0,0,0,0,0,0x03
2026-09-06T11:01:10.424,3760,0,2,51,0,0,0,0,0,0,0x03
2026-09-06T11:01:10.488,3761,0,2,50,0,0,0,0,0,0,0x03
2026-09-06T11:01:10.553,3762,0,2,50,0,0,0,0,0,0,0x03
2026-09-06T11:01:10.618,3763,0,2,51,0,0,0,0,0,0,0x03
2026-09-06T11:01:10.683,3764,0,2,50,0,0,0,0,0,0,0x03
2026-09-06T11:01:10.763,3765,0,2,50,0,0,0,0,0,0,0x03
2026-09-06T11:01:10.828,3766,0,2,50,0,0,0,0,0,0,0x03
2026-09-06T11:01:10.893,3767,0,2,51,0,0,0,0,0,0,0x03
2026-09-06T11:01:10.958,3768,0,2,52,0,0,0,0,0,0,0x03
2026-09-06T11:01:11.023,3769,0,2,50,0,0,0,0,0,0,0x03
2026-09-06T11:01:11.088,3770,0,2,50,0,0,0,0,0,0,0x03
2026-09-06T11:01:11.152,3771,0,2,50,0,0,0,0,0,0,0x03
2026-09-06T11:01:11.217,3772,0,2,50,0,0,0,0,0,0,0x03
2026-09-06T11:01:11.298,3773,0,2,52,0,0,0,0,0,0,0x03
2026-09-06T11:01:11.363,3774,0,2,50,0,0,0,0,0,0,0x03
2026-09-06T11:01:11.428,3775,0,2,50,0,0,0,0,0,0,0x03
2026-09-06T11:01:11.492,3776,0,2,50,0,0,0,0,0,0,0x03
2026-09-06T11:01:11.557,3777,0,2,50,0,0,0,0,0,0,0x03
2026-09-06T11:01:11.622,3778,0,2,50,0,0,0,0,0,0,0x03
2026-09-06T11:01:11.686,3779,0,2,50,0,0,0,0,0,0,0x03
2026-09-06T11:01:11.767,3780,0,2,50,0,0,0,0,0,0,0x03
2026-09-06T11:01:11.832,3781,0,2,54,0,0,0,0,0,0,0x03
2026-09-06T11:01:11.897,3782,0,2,51,0,0,0,0,0,0,0x03
2026-09-06T11:01:11.962,3783,0,2,52,0,0,0,0,0,0,0x03
2026-09-06T11:01:12.027,3784,0,2,50,0,0,0,0,0,0,0x03
2026-09-06T11:01:12.091,3785,0,2,50,0,0,0,0,0,0,0x03
2026-09-06T11:01:12.156,3786,0,2,50,0,0,0,0,0,0,0x03
2026-09-06T11:01:12.221,3787,0,2,51,0,0,0,0,0,0,0x03
2026-09-06T11:01:12.302,3788,0,2,51,0,0,0,0,0,0,0x03
2026-09-06T11:01:12.367,3789,0,2,51,0,0,0,0,0,0,0x03
2026-09-06T11:01:12.431,3790,0,2,50,0,0,0,0,0,0,0x03
2026-09-06T11:01:12.497,3791,0,2,50,0,0,0,0,0,0,0x03
2026-09-06T11:01:12.561,3792,0,2,50,0,0,0,0,0,0,0x03
2026-09-06T11:01:12.626,3793,0,2,53,0,0,0,0,0,0,0x03
2026-09-06T11:01:12.690,3794,0,2,50,0,0,0,0,0,0,0x03
2026-09-06T11:01:12.771,3795,0,2,51,0,0,0,0,0,0,0x03
2026-09-06T11:01:12.836,3796,0,2,52,0,0,0,0,0,0,0x03
2026-09-06T11:01:12.900,3797,0,2,51,0,0,0,0,0,0,0x03
2026-09-06T11:01:12.965,3798,0,2,50,0,0,0,0,0,0,0x03
2026-09-06T11:01:13.030,3799,0,2,52,0,0,0,0,0,0,0x03
2026-09-06T11:01:13.095,3800,0,2,50,0,0,0,0,0,0,0x03
2026-09-06T11:01:13.176,3801,0,2,50,0,0,0,0,0,0,0x03
2026-09-06T11:01:13.225,3802,0,2,52,0,0,0,0,0,0,0x03
2026-09-06T11:01:13.305,3803,0,2,51,0,0,0,0,0,0,0x03
2026-09-06T11:01:13.370,3804,0,2,50,0,0,0,0,0,0,0x03
2026-09-06T11:01:13.435,3805,0,2,52,0,0,0,0,0,0,0x03
2026-09-06T11:01:13.500,3806,0,2,50,0,0,0,0,0,0,0x03
2026-09-06T11:01:13.565,3807,0,2,51,0,0,0,0,0,0,0x03
2026-09-06T11:01:13.630,3808,0,2,50,0,0,0,0,0,0,0x03
2026-09-06T11:01:13.695,3809,0,2,51,0,0,0,0,0,0,0x03
2026-09-06T11:01:13.760,3810,0,2,51,0,0,0,0,0,0,0x03
2026-09-06T11:01:13.841,3811,0,2,51,0,0,0,0,0,0,0x03
2026-09-06T11:01:13.906,3812,0,2,50,0,0,0,0,0,0,0x03
2026-09-06T11:01:13.971,3813,0,2,50,0,0,0,0,0,0,0x03
2026-09-06T11:01:14.036,3814,0,2,50,0,0,0,0,0,0,0x03
2026-09-06T11:01:14.101,3815,0,2,50,0,0,0,0,0,0,0x03
2026-09-06T11:01:14.166,3816,0,2,51,0,0,0,0,0,0,0x03
2026-09-06T11:01:14.231,3817,0,2,50,0,0,0,0,0,0,0x03
2026-09-06T11:01:14.296,3818,0,2,51,0,0,0,0,0,0,0x03
2026-09-06T11:01:14.377,3819,0,2,52,0,0,0,0,0,0,0x03
2026-09-06T11:01:14.441,3820,0,2,50,0,0,0,0,0,0,0x03
2026-09-06T11:01:14.506,3821,0,2,52,0,0,0,0,0,0,0x03
2026-09-06T11:01:14.571,3822,0,2,50,0,0,0,0,0,0,0x03
2026-09-06T11:01:14.636,3823,0,2,51,0,0,0,0,0,0,0x03
2026-09-06T11:01:14.701,3824,0,2,50,0,0,0,0,0,0,0x03
2026-09-06T11:01:14.766,3825,0,2,50,0,0,0,0,0,0,0x03
2026-09-06T11:01:14.847,3826,0,2,50,0,0,0,0,0,0,0x03
2026-09-06T11:01:14.911,3827,0,2,52,0,0,0,0,0,0,0x03
2026-09-06T11:01:14.976,3828,0,2,51,0,0,0,0,0,0,0x03
2026-09-06T11:01:15.041,3829,0,2,51,0,0,0,0,0,0,0x03
2026-09-06T11:01:15.106,3830,0,2,51,0,0,0,0,0,0,0x03
2026-09-06T11:01:15.171,3831,0,2,55,0,0,0,0,0,0,0x03
2026-09-06T11:01:15.236,3832,0,2,50,0,0,0,0,0,0,0x03
2026-09-06T11:01:15.300,3833,0,2,52,0,0,0,0,0,0,0x03
2026-09-06T11:01:15.381,3834,0,2,50,0,0,0,0,0,0,0x03
2026-09-06T11:01:15.446,3835,0,2,50,0,0,0,0,0,0,0x03
2026-09-06T11:01:15.511,3836,0,2,52,0,0,0,0,0,0,0x03
2026-09-06T11:01:15.576,3837,0,2,51,0,0,0,0,0,0,0x03
2026-09-06T11:01:15.641,3838,0,2,52,0,0,0,0,0,0,0x03
2026-09-06T11:01:15.706,3839,0,2,50,0,0,0,0,0,0,0x03
2026-09-06T11:01:15.771,3840,0,2,50,0,0,0,0,0,0,0x03
2026-09-06T11:01:15.836,3841,0,2,55,0,0,0,0,0,0,0x03
2026-09-06T11:01:15.917,3842,0,2,52,0,0,0,0,0,0,0x03
2026-09-06T11:01:15.982,3843,0,2,50,0,0,0,0,0,0,0x03
2026-09-06T11:01:16.047,3844,0,2,51,0,0,0,0,0,0,0x03
2026-09-06T11:01:16.111,3845,0,2,50,0,0,0,0,0,0,0x03
2026-09-06T11:01:16.176,3846,0,2,51,0,0,0,0,0,0,0x03
2026-09-06T11:01:16.241,3847,0,2,51,0,0,0,0,0,0,0x03
2026-09-06T11:01:16.305,3848,0,2,50,0,0,0,0,0,0,0x03
2026-09-06T11:01:16.386,3849,0,2,52,0,0,0,0,0,0,0x03
2026-09-06T11:01:16.451,3850,0,2,52,0,0,0,0,0,0,0x03
2026-09-06T11:01:16.516,3851,0,2,51,0,0,0,0,0,0,0x03
2026-09-06T11:01:16.581,3852,0,2,52,0,0,0,0,0,0,0x03
2026-09-06T11:01:16.646,3853,0,2,50,0,0,0,0,0,0,0x03
2026-09-06T11:01:16.711,3854,0,2,51,0,0,0,0,0,0,0x03
2026-09-06T11:01:16.776,3855,0,2,51,0,0,0,0,0,0,0x03
2026-09-06T11:01:16.841,3856,0,2,50,0,0,0,0,0,0,0x03
2026-09-06T11:01:16.922,3857,0,2,53,0,0,0,0,0,0,0x03
2026-09-06T11:01:16.987,3858,0,2,50,0,0,0,0,0,0,0x03
2026-09-06T11:01:17.052,3859,0,2,50,0,0,0,0,0,0,0x03
2026-09-06T11:01:17.116,3860,0,2,52,0,0,0,0,0,0,0x03
2026-09-06T11:01:17.181,3861,0,2,50,0,0,0,0,0,0,0x03
2026-09-06T11:01:17.246,3862,0,2,52,0,0,0,0,0,0,0x03
2026-09-06T11:01:17.311,3863,0,2,50,0,0,0,0,0,0,0x03
2026-09-06T11:01:17.376,3864,0,2,50,0,0,0,0,0,0,0x03
2026-09-06T11:01:17.457,3865,0,2,51,0,0,0,0,0,0,0x03
2026-09-06T11:01:17.522,3866,0,2,50,0,0,0,0,0,0,0x03
2026-09-06T11:01:17.587,3867,0,2,51,0,0,0,0,0,0,0x03
2026-09-06T11:01:17.652,3868,0,2,51,0,0,0,0,0,0,0x03
2026-09-06T11:01:17.717,3869,0,2,50,0,0,0,0,0,0,0x03
2026-09-06T11:01:17.781,3870,0,2,50,0,0,0,0,0,0,0x03
2026-09-06T11:01:17.846,3871,0,2,51,0,0,0,0,0,0,0x03
2026-09-06T11:01:17.911,3872,0,2,51,0,0,0,0,0,0,0x03
2026-09-06T11:01:17.992,3873,0,2,53,0,0,0,0,0,0,0x03
2026-09-06T11:01:18.057,3874,0,2,52,0,0,0,0,0,0,0x03
2026-09-06T11:01:18.122,3875,0,2,51,0,0,0,0,0,0,0x03
2026-09-06T11:01:18.187,3876,0,2,51,0,0,0,0,0,0,0x03
2026-09-06T11:01:18.252,3877,0,2,52,0,0,0,0,0,0,0x03
2026-09-06T11:01:18.317,3878,0,2,50,0,0,0,0,0,0,0x03
2026-09-06T11:01:18.382,3879,0,2,51,0,0,0,0,0,0,0x03
2026-09-06T11:01:18.447,3880,0,2,52,0,0,0,0,0,0,0x03
2026-09-06T11:01:18.527,3881,0,2,51,0,0,0,0,0,0,0x03
2026-09-06T11:01:18.592,3882,0,2,50,0,0,0,0,0,0,0x03
2026-09-06T11:01:18.657,3883,0,2,52,0,0,0,0,0,0,0x03
2026-09-06T11:01:18.722,3884,0,2,51,0,0,0,0,0,0,0x03
2026-09-06T11:01:18.787,3885,0,2,50,0,0,0,0,0,0,0x03
2026-09-06T11:01:18.851,3886,0,2,50,0,0,0,0,0,0,0x03
2026-09-06T11:01:18.916,3887,0,2,50,0,0,0,0,0,0,0x03
2026-09-06T11:01:18.997,3888,0,2,50,0,0,0,0,0,0,0x03
2026-09-06T11:01:19.062,3889,0,2,52,0,0,0,0,0,0,0x03
2026-09-06T11:01:19.127,3890,0,2,52,0,0,0,0,0,0,0x03
2026-09-06T11:01:19.192,3891,0,2,52,0,0,0,0,0,0,0x03
2026-09-06T11:01:19.257,3892,0,2,51,0,0,0,0,0,0,0x03
2026-09-06T11:01:19.321,3893,0,2,50,0,0,0,0,0,0,0x03
2026-09-06T11:01:19.386,3894,0,2,52,0,0,0,0,0,0,0x03
2026-09-06T11:01:19.451,3895,0,2,51,0,0,0,0,0,0,0x03
2026-09-06T11:01:19.532,3896,0,2,50,0,0,0,0,0,0,0x03
2026-09-06T11:01:19.597,3897,0,2,51,0,0,0,0,0,0,0x03
2026-09-06T11:01:19.662,3898,0,2,50,0,0,0,0,0,0,0x03
2026-09-06T11:01:19.727,3899,0,2,51,0,0,0,0,0,0,0x03
2026-09-06T11:01:19.792,3900,0,2,50,0,0,0,0,0,0,0x03
2026-09-06T11:01:19.857,3901,0,2,50,0,0,0,0,0,0,0x03
2026-09-06T11:01:19.921,3902,0,2,50,0,0,0,0,0,0,0x03
2026-09-06T11:01:19.986,3903,0,2,50,0,0,0,0,0,0,0x03
2026-09-06T11:01:20.067,3904,0,2,52,0,0,0,0,0,0,0x03
2026-09-06T11:01:20.132,3905,0,2,55,0,0,0,0,0,0,0x03
2026-09-06T11:01:20.197,3906,0,2,51,0,0,0,0,0,0,0x03
2026-09-06T11:01:20.262,3907,0,2,51,0,0,0,0,0,0,0x03
2026-09-06T11:01:20.327,3908,0,2,51,0,0,0,0,0,0,0x03
2026-09-06T11:01:20.392,3909,0,2,50,0,0,0,0,0,0,0x03
2026-09-06T11:01:20.457,3910,0,2,50,0,0,0,0,0,0,0x03
2026-09-06T11:01:20.522,3911,0,2,51,0,0,0,0,0,0,0x03
2026-09-06T11:01:20.603,3912,0,2,50,0,0,0,0,0,0,0x03
2026-09-06T11:01:20.668,3913,0,2,52,0,0,0,0,0,0,0x03
2026-09-06T11:01:20.733,3914,0,2,51,0,0,0,0,0,0,0x03
2026-09-06T11:01:20.798,3915,0,2,51,0,0,0,0,0,0,0x03
2026-09-06T11:01:20.863,3916,0,2,50,0,0,0,0,0,0,0x03
2026-09-06T11:01:20.928,3917,0,2,52,0,0,0,0,0,0,0x03
2026-09-06T11:01:20.993,3918,0,2,51,0,0,0,0,0,0,0x03
2026-09-06T11:01:21.058,3919,0,2,51,0,0,0,0,0,0,0x03
2026-09-06T11:01:21.139,3920,0,2,51,0,0,0,0,0,0,0x03
2026-09-06T11:01:21.204,3921,0,2,54,0,0,0,0,0,0,0x03
2026-09-06T11:01:21.268,3922,0,2,50,0,0,0,0,0,0,0x03
2026-09-06T11:01:21.334,3923,0,2,50,0,0,0,0,0,0,0x03
2026-09-06T11:01:21.399,3924,0,2,50,0,0,0,0,0,0,0x03
2026-09-06T11:01:21.464,3925,0,2,52,0,0,0,0,0,0,0x03
2026-09-06T11:01:21.529,3926,0,2,50,0,0,0,0,0,0,0x03
2026-09-06T11:01:21.594,3927,0,2,54,0,0,0,0,0,0,0x03
2026-09-06T11:01:21.675,3928,0,2,51,0,0,0,0,0,0,0x03
2026-09-06T11:01:21.740,3929,0,2,50,0,0,0,0,0,0,0x03
2026-09-06T11:01:21.805,3930,0,2,51,0,0,0,0,0,0,0x03
2026-09-06T11:01:21.869,3931,0,2,51,0,0,0,0,0,0,0x03
2026-09-06T11:01:21.934,3932,0,2,52,0,0,0,0,0,0,0x03
2026-09-06T11:01:21.999,3933,0,2,51,0,0,0,0,0,0,0x03
2026-09-06T11:01:22.064,3934,0,2,51,0,0,0,0,0,0,0x03
2026-09-06T11:01:22.129,3935,0,2,52,0,0,0,0,0,0,0x03
2026-09-06T11:01:22.194,3936,0,2,51,0,0,0,0,0,0,0x03
2026-09-06T11:01:22.275,3937,0,2,55,0,0,0,0,0,0,0x03
2026-09-06T11:01:22.339,3938,0,2,51,0,0,0,0,0,0,0x03
2026-09-06T11:01:22.404,3939,0,2,51,0,0,0,0,0,0,0x03
2026-09-06T11:01:22.469,3940,0,2,50,0,0,0,0,0,0,0x03
2026-09-06T11:01:22.534,3941,0,2,50,0,0,0,0,0,0,0x03
2026-09-06T11:01:22.599,3942,0,2,50,0,0,0,0,0,0,0x03
2026-09-06T11:01:22.680,3943,0,2,50,0,0,0,0,0,0,0x03
2026-09-06T11:01:22.745,3944,0,2,52,0,0,0,0,0,0,0x03
2026-09-06T11:01:22.810,3945,0,2,51,0,0,0,0,0,0,0x03
2026-09-06T11:01:22.874,3946,0,2,50,0,0,0,0,0,0,0x03
2026-09-06T11:01:22.940,3947,0,2,52,0,0,0,0,0,0,0x03
2026-09-06T11:01:23.005,3948,0,2,51,0,0,0,0,0,0,0x03
2026-09-06T11:01:23.069,3949,0,2,50,0,0,0,0,0,0,0x03
2026-09-06T11:01:23.134,3950,0,2,50,0,0,0,0,0,0,0x03
2026-09-06T11:01:23.216,3951,0,2,50,0,0,0,0,0,0,0x03
2026-09-06T11:01:23.280,3952,0,2,52,0,0,0,0,0,0,0x03
2026-09-06T11:01:23.345,3953,0,2,51,0,0,0,0,0,0,0x03
2026-09-06T11:01:23.410,3954,0,2,50,0,0,0,0,0,0,0x03
2026-09-06T11:01:23.474,3955,0,2,51,0,0,0,0,0,0,0x03
2026-09-06T11:01:23.540,3956,0,2,52,0,0,0,0,0,0,0x03
2026-09-06T11:01:23.604,3957,0,2,51,0,0,0,0,0,0,0x03
2026-09-06T11:01:23.670,3958,0,2,52,0,0,0,0,0,0,0x03
2026-09-06T11:01:23.734,3959,0,2,50,0,0,0,0,0,0,0x03
2026-09-06T11:01:23.816,3960,0,2,52,0,0,0,0,0,0,0x03
2026-09-06T11:01:23.880,3961,0,2,50,0,0,0,0,0,0,0x03
2026-09-06T11:01:23.945,3962,0,2,52,0,0,0,0,0,0,0x03
2026-09-06T11:01:24.010,3963,0,2,50,0,0,0,0,0,0,0x03
2026-09-06T11:01:24.075,3964,0,2,51,0,0,0,0,0,0,0x03
2026-09-06T11:01:24.140,3965,0,2,52,0,0,0,0,0,0,0x03
2026-09-06T11:01:24.205,3966,0,2,50,0,0,0,0,0,0,0x03
2026-09-06T11:01:24.270,3967,0,2,50,0,0,0,0,0,0,0x03
2026-09-06T11:01:24.351,3968,0,2,50,0,0,0,0,0,0,0x03
2026-09-06T11:01:24.417,3969,0,2,50,0,0,0,0,0,0,0x03
2026-09-06T11:01:24.482,3970,0,2,50,0,0,0,0,0,0,0x03
2026-09-06T11:01:24.547,3971,0,2,50,0,0,0,0,0,0,0x03
2026-09-06T11:01:24.612,3972,0,2,50,0,0,0,0,0,0,0x03
2026-09-06T11:01:24.677,3973,0,2,52,0,0,0,0,0,0,0x03
2026-09-06T11:01:24.742,3974,0,2,52,0,0,0,0,0,0,0x03
2026-09-06T11:01:24.807,3975,0,2,50,0,0,0,0,0,0,0x03
2026-09-06T11:01:24.888,3976,0,2,50,0,0,0,0,0,0,0x03
2026-09-06T11:01:24.953,3977,0,2,50,0,0,0,0,0,0,0x03
2026-09-06T11:01:25.018,3978,0,2,51,0,0,0,0,0,0,0x03
2026-09-06T11:01:25.084,3979,0,2,50,0,0,0,0,0,0,0x03
2026-09-06T11:01:25.149,3980,0,2,50,0,0,0,0,0,0,0x03
2026-09-06T11:01:25.214,3981,0,2,50,0,0,0,0,0,0,0x03
2026-09-06T11:01:25.279,3982,0,2,50,0,0,0,0,0,0,0x03
2026-09-06T11:01:25.344,3983,0,2,50,0,0,0,0,0,0,0x03
2026-09-06T11:01:25.409,3984,0,2,50,0,0,0,0,0,0,0x03
2026-09-06T11:01:25.490,3985,0,2,52,0,0,0,0,0,0,0x03
2026-09-06T11:01:25.555,3986,0,2,51,0,0,0,0,0,0,0x03
2026-09-06T11:01:25.620,3987,0,2,51,0,0,0,0,0,0,0x03
2026-09-06T11:01:25.684,3988,0,2,51,0,0,0,0,0,0,0x03
2026-09-06T11:01:25.749,3989,0,2,50,0,0,0,0,0,0,0x03
2026-09-06T11:01:25.814,3990,0,2,53,0,0,0,0,0,0,0x03
2026-09-06T11:01:25.879,3991,0,2,51,0,0,0,0,0,0,0x03
2026-09-06T11:01:25.944,3992,0,2,52,0,0,0,0,0,0,0x03
2026-09-06T11:01:26.025,3993,0,2,51,0,0,0,0,0,0,0x03
2026-09-06T11:01:26.090,3994,0,2,51,0,0,0,0,0,0,0x03
2026-09-06T11:01:26.155,3995,0,2,51,0,0,0,0,0,0,0x03
2026-09-06T11:01:26.220,3996,0,2,51,0,0,0,0,0,0,0x03
2026-09-06T11:01:26.284,3997,0,2,52,0,0,0,0,0,0,0x03
2026-09-06T11:01:26.349,3998,0,2,51,0,0,0,0,0,0,0x03
2026-09-06T11:01:26.414,3999,0,2,51,0,0,0,0,0,0,0x03
2026-09-06T11:01:26.495,4000,0,2,54,0,0,0,0,0,0,0x03
2026-09-06T11:01:26.560,4001,0,2,50,0,0,0,0,0,0,0x03
2026-09-06T11:01:26.625,4002,0,2,50,0,0,0,0,0,0,0x03
2026-09-06T11:01:26.689,4003,0,2,51,0,0,0,0,0,0,0x03
2026-09-06T11:01:26.754,4004,0,2,52,0,0,0,0,0,0,0x03
2026-09-06T11:01:26.819,4005,0,2,50,0,0,0,0,0,0,0x03
2026-09-06T11:01:26.884,4006,0,2,51,0,0,0,0,0,0,0x03
2026-09-06T11:01:26.949,4007,0,2,51,0,0,0,0,0,0,0x03
2026-09-06T11:01:27.030,4008,0,2,51,0,0,0,0,0,0,0x03
2026-09-06T11:01:27.095,4009,0,2,51,0,0,0,0,0,0,0x03
2026-09-06T11:01:27.160,4010,0,2,50,0,0,0,0,0,0,0x03
2026-09-06T11:01:27.225,4011,0,2,50,0,0,0,0,0,0,0x03
2026-09-06T11:01:27.290,4012,0,2,50,0,0,0,0,0,0,0x03
2026-09-06T11:01:27.354,4013,0,2,52,0,0,0,0,0,0,0x03
2026-09-06T11:01:27.419,4014,0,2,51,0,0,0,0,0,0,0x03
2026-09-06T11:01:27.484,4015,0,2,51,0,0,0,0,0,0,0x03
2026-09-06T11:01:27.564,4016,0,2,52,0,0,0,0,0,0,0x03
2026-09-06T11:01:27.629,4017,0,2,51,0,0,0,0,0,0,0x03
2026-09-06T11:01:27.694,4018,0,2,51,0,0,0,0,0,0,0x03
2026-09-06T11:01:27.758,4019,0,2,50,0,0,0,0,0,0,0x03
2026-09-06T11:01:27.823,4020,0,2,52,0,0,0,0,0,0,0x03
2026-09-06T11:01:27.888,4021,0,2,51,0,0,0,0,0,0,0x03
2026-09-06T11:01:27.953,4022,0,2,50,0,0,0,0,0,0,0x03
2026-09-06T11:01:28.033,4023,0,2,51,0,0,0,0,0,0,0x03
2026-09-06T11:01:28.098,4024,0,2,50,0,0,0,0,0,0,0x03
2026-09-06T11:01:28.163,4025,0,2,54,0,0,0,0,0,0,0x03
2026-09-06T11:01:28.228,4026,0,2,51,0,0,0,0,0,0,0x03
2026-09-06T11:01:28.292,4027,0,2,52,0,0,0,0,0,0,0x03
2026-09-06T11:01:28.357,4028,0,2,51,0,0,0,0,0,0,0x03
2026-09-06T11:01:28.422,4029,0,2,50,0,0,0,0,0,0,0x03
2026-09-06T11:01:28.503,4030,0,2,50,0,0,0,0,0,0,0x03
2026-09-06T11:01:28.632,4031,0,2,50,0,0,0,0,0,0,0x03
2026-09-06T11:01:28.697,4032,0,2,51,0,0,0,0,0,0,0x03
2026-09-06T11:01:28.762,4033,0,2,51,0,0,0,0,0,0,0x03
2026-09-06T11:01:28.827,4034,0,2,55,0,0,0,0,0,0,0x03
2026-09-06T11:01:28.891,4036,0,2,52,0,0,0,0,0,0,0x03
2026-09-06T11:01:28.956,4037,0,2,51,0,0,0,0,0,0,0x03
2026-09-06T11:01:29.037,4038,0,2,51,0,0,0,0,0,0,0x03
2026-09-06T11:01:29.102,4039,0,2,50,0,0,0,0,0,0,0x03
2026-09-06T11:01:29.167,4040,0,2,51,0,0,0,0,0,0,0x03
2026-09-06T11:01:29.232,4041,0,2,50,0,0,0,0,0,0,0x03
2026-09-06T11:01:29.296,4042,0,2,50,0,0,0,0,0,0,0x03
2026-09-06T11:01:29.361,4043,0,2,50,0,0,0,0,0,0,0x03
2026-09-06T11:01:29.426,4044,0,2,52,0,0,0,0,0,0,0x03
2026-09-06T11:01:29.491,4045,0,2,51,0,0,0,0,0,0,0x03
2026-09-06T11:01:29.572,4046,0,2,51,0,0,0,0,0,0,0x03
2026-09-06T11:01:29.637,4047,0,2,51,0,0,0,0,0,0,0x03
2026-09-06T11:01:29.702,4048,0,2,51,0,0,0,0,0,0,0x03
2026-09-06T11:01:29.766,4049,0,2,52,0,0,0,0,0,0,0x03
2026-09-06T11:01:29.831,4050,0,2,52,0,0,0,0,0,0,0x03
2026-09-06T11:01:29.896,4051,0,2,54,0,0,0,0,0,0,0x03
2026-09-06T11:01:29.961,4052,0,2,51,0,0,0,0,0,0,0x03
2026-09-06T11:01:30.042,4053,0,2,50,0,0,0,0,0,0,0x03
2026-09-06T11:01:30.107,4054,0,2,50,0,0,0,0,0,0,0x03
2026-09-06T11:01:30.172,4055,0,2,51,0,0,0,0,0,0,0x03
2026-09-06T11:01:30.237,4056,0,2,51,0,0,0,0,0,0,0x03
2026-09-06T11:01:30.302,4057,0,2,50,0,0,0,0,0,0,0x03
2026-09-06T11:01:30.367,4058,0,2,52,0,0,0,0,0,0,0x03
2026-09-06T11:01:30.432,4059,0,2,52,0,0,0,0,0,0,0x03
2026-09-06T11:01:30.497,4060,0,2,51,0,0,0,0,0,0,0x03
2026-09-06T11:01:30.578,4061,0,2,50,0,0,0,0,0,0,0x03
2026-09-06T11:01:30.643,4062,0,2,51,0,0,0,0,0,0,0x03
2026-09-06T11:01:30.709,4063,0,2,51,0,0,0,0,0,0,0x03
2026-09-06T11:01:30.773,4064,0,2,52,0,0,0,0,0,0,0x03
2026-09-06T11:01:30.838,4065,0,2,50,0,0,0,0,0,0,0x03
2026-09-06T11:01:30.968,4066,0,2,50,0,0,0,0,0,0,0x03
2026-09-06T11:01:31.033,4067,0,2,50,0,0,0,0,0,0,0x03
2026-09-06T11:01:31.114,4068,0,2,51,0,0,0,0,0,0,0x03
2026-09-06T11:01:31.179,4069,0,2,53,0,0,0,0,0,0,0x03
2026-09-06T11:01:31.244,4071,0,2,52,0,0,0,0,0,0,0x03
2026-09-06T11:01:31.309,4072,0,2,51,0,0,0,0,0,0,0x03
2026-09-06T11:01:31.373,4073,0,2,54,0,0,0,0,0,0,0x03
2026-09-06T11:01:31.438,4074,0,2,52,0,0,0,0,0,0,0x03
2026-09-06T11:01:31.503,4075,0,2,50,0,0,0,0,0,0,0x03
2026-09-06T11:01:31.568,4076,0,2,52,0,0,0,0,0,0,0x03
2026-09-06T11:01:31.649,4077,0,2,50,0,0,0,0,0,0,0x03
2026-09-06T11:01:31.714,4078,0,2,50,0,0,0,0,0,0,0x03
2026-09-06T11:01:31.779,4079,0,2,53,0,0,0,0,0,0,0x03
2026-09-06T11:01:31.844,4080,0,2,50,0,0,0,0,0,0,0x03
2026-09-06T11:01:31.908,4081,0,2,51,0,0,0,0,0,0,0x03
2026-09-06T11:01:31.973,4082,0,2,50,0,0,0,0,0,0,0x03
2026-09-06T11:01:32.037,4083,0,2,51,0,0,0,0,0,0,0x03
2026-09-06T11:01:32.118,4084,0,2,51,0,0,0,0,0,0,0x03
2026-09-06T11:01:32.183,4085,0,2,50,0,0,0,0,0,0,0x03
2026-09-06T11:01:32.248,4086,0,2,51,0,0,0,0,0,0,0x03
2026-09-06T11:01:32.313,4087,0,2,51,0,0,0,0,0,0,0x03
2026-09-06T11:01:32.378,4088,0,2,52,0,0,0,0,0,0,0x03
2026-09-06T11:01:32.443,4089,0,2,53,0,0,0,0,0,0,0x03
2026-09-06T11:01:32.507,4090,0,2,51,0,0,0,0,0,0,0x03
2026-09-06T11:01:32.572,4091,0,2,50,0,0,0,0,0,0,0x03
2026-09-06T11:01:32.653,4092,0,2,50,0,0,0,0,0,0,0x03
2026-09-06T11:01:32.718,4093,0,2,50,0,0,0,0,0,0,0x03
2026-09-06T11:01:32.783,4094,0,2,50,0,0,0,0,0,0,0x03
2026-09-06T11:01:32.848,4095,0,2,55,0,0,0,0,0,0,0x03
2026-09-06T11:01:32.912,4096,0,2,51,0,0,0,0,0,0,0x03
2026-09-06T11:01:32.977,4097,0,2,51,0,0,0,0,0,0,0x03
2026-09-06T11:01:33.042,4098,0,2,50,0,0,0,0,0,0,0x03
2026-09-06T11:01:33.107,4099,0,2,50,0,0,0,0,0,0,0x03
2026-09-06T11:01:33.188,4100,0,2,50,0,0,0,0,0,0,0x03
2026-09-06T11:01:33.252,4101,0,2,50,0,0,0,0,0,0,0x03
2026-09-06T11:01:33.317,4102,0,2,50,0,0,0,0,0,0,0x03
2026-09-06T11:01:33.381,4103,0,2,52,0,0,0,0,0,0,0x03
2026-09-06T11:01:33.446,4104,0,2,52,0,0,0,0,0,0,0x03
2026-09-06T11:01:33.511,4105,0,2,56,0,0,0,0,0,0,0x03
2026-09-06T11:01:33.576,4106,0,2,50,0,0,0,0,0,0,0x03
2026-09-06T11:01:33.657,4107,0,2,50,0,0,0,0,0,0,0x03
2026-09-06T11:01:33.722,4108,0,2,50,0,0,0,0,0,0,0x03
2026-09-06T11:01:33.787,4109,0,2,50,0,0,0,0,0,0,0x03
2026-09-06T11:01:33.852,4110,0,2,50,0,0,0,0,0,0,0x03
2026-09-06T11:01:33.917,4111,0,2,55,0,0,0,0,0,0,0x03
2026-09-06T11:01:33.982,4112,0,2,50,0,0,0,0,0,0,0x03
2026-09-06T11:01:34.047,4113,0,2,51,0,0,0,0,0,0,0x03
2026-09-06T11:01:34.112,4114,0,2,51,0,0,0,0,0,0,0x03
2026-09-06T11:01:34.193,4115,0,2,51,0,0,0,0,0,0,0x03
2026-09-06T11:01:34.258,4116,0,2,50,0,0,0,0,0,0,0x03
2026-09-06T11:01:34.323,4117,0,2,53,0,0,0,0,0,0,0x03
2026-09-06T11:01:34.388,4118,0,2,50,0,0,0,0,0,0,0x03
2026-09-06T11:01:34.452,4119,0,2,50,0,0,0,0,0,0,0x03
2026-09-06T11:01:34.518,4120,0,2,50,0,0,0,0,0,0,0x03
2026-09-06T11:01:34.583,4121,0,2,51,0,0,0,0,0,0,0x03
2026-09-06T11:01:34.648,4122,0,2,52,0,0,0,0,0,0,0x03
2026-09-06T11:01:34.729,4123,0,2,51,0,0,0,0,0,0,0x03
2026-09-06T11:01:34.795,4124,0,2,51,0,0,0,0,0,0,0x03
2026-09-06T11:01:34.860,4125,0,2,50,0,0,0,0,0,0,0x03
2026-09-06T11:01:34.925,4126,0,2,50,0,0,0,0,0,0,0x03
2026-09-06T11:01:34.990,4127,0,2,51,0,0,0,0,0,0,0x03
2026-09-06T11:01:35.056,4128,0,2,50,0,0,0,0,0,0,0x03
2026-09-06T11:01:35.121,4129,0,2,51,0,0,0,0,0,0,0x03
2026-09-06T11:01:35.186,4130,0,2,54,0,0,0,0,0,0,0x03
2026-09-06T11:01:35.251,4131,0,2,50,0,0,0,0,0,0,0x03
2026-09-06T11:01:35.316,4132,0,2,52,0,0,0,0,0,0,0x03
2026-09-06T11:01:35.397,4133,0,2,50,0,0,0,0,0,0,0x03
2026-09-06T11:01:35.461,4134,0,2,50,0,0,0,0,0,0,0x03
2026-09-06T11:01:35.526,4135,0,2,50,0,0,0,0,0,0,0x03
2026-09-06T11:01:35.591,4136,0,2,51,0,0,0,0,0,0,0x03
2026-09-06T11:01:35.656,4137,0,2,51,0,0,0,0,0,0,0x03
2026-09-06T11:01:35.721,4138,0,2,50,0,0,0,0,0,0,0x03
2026-09-06T11:01:35.785,4139,0,2,50,0,0,0,0,0,0,0x03
2026-09-06T11:01:35.850,4140,0,2,51,0,0,0,0,0,0,0x03
2026-09-06T11:01:35.931,4141,0,2,51,0,0,0,0,0,0,0x03
2026-09-06T11:01:35.997,4142,0,2,50,0,0,0,0,0,0,0x03
2026-09-06T11:01:36.061,4143,0,2,50,0,0,0,0,0,0,0x03
2026-09-06T11:01:36.126,4144,0,2,50,0,0,0,0,0,0,0x03
2026-09-06T11:01:36.191,4145,0,2,50,0,0,0,0,0,0,0x03
2026-09-06T11:01:36.256,4146,0,2,51,0,0,0,0,0,0,0x03
2026-09-06T11:01:36.321,4147,0,2,50,0,0,0,0,0,0,0x03
2026-09-06T11:01:36.386,4148,0,2,50,0,0,0,0,0,0,0x03
2026-09-06T11:01:36.467,4149,0,2,51,0,0,0,0,0,0,0x03
2026-09-06T11:01:36.532,4150,0,2,51,0,0,0,0,0,0,0x03
2026-09-06T11:01:36.597,4151,0,2,52,0,0,0,0,0,0,0x03
2026-09-06T11:01:36.662,4152,0,2,50,0,0,0,0,0,0,0x03
2026-09-06T11:01:36.726,4153,0,2,51,0,0,0,0,0,0,0x03
2026-09-06T11:01:36.791,4154,0,2,52,0,0,0,0,0,0,0x03
2026-09-06T11:01:36.872,4155,0,2,50,0,0,0,0,0,0,0x03
2026-09-06T11:01:36.937,4156,0,2,50,0,0,0,0,0,0,0x03
2026-09-06T11:01:37.002,4157,0,2,50,0,0,0,0,0,0,0x03
2026-09-06T11:01:37.067,4158,0,2,54,0,0,0,0,0,0,0x03
2026-09-06T11:01:37.132,4159,0,2,52,0,0,0,0,0,0,0x03
2026-09-06T11:01:37.197,4160,0,2,50,0,0,0,0,0,0,0x03
2026-09-06T11:01:37.261,4161,0,2,52,0,0,0,0,0,0,0x03
2026-09-06T11:01:37.326,4162,0,2,50,0,0,0,0,0,0,0x03
2026-09-06T11:01:37.391,4163,0,2,51,0,0,0,0,0,0,0x03
2026-09-06T11:01:37.472,4164,0,2,50,0,0,0,0,0,0,0x03
2026-09-06T11:01:37.536,4165,0,2,51,0,0,0,0,0,0,0x03
2026-09-06T11:01:37.601,4166,0,2,50,0,0,0,0,0,0,0x03
2026-09-06T11:01:37.666,4167,0,2,52,0,0,0,0,0,0,0x03
2026-09-06T11:01:37.731,4168,0,2,53,0,0,0,0,0,0,0x03
2026-09-06T11:01:37.795,4169,0,2,50,0,0,0,0,0,0,0x03
2026-09-06T11:01:37.876,4170,0,2,50,0,0,0,0,0,0,0x03
2026-09-06T11:01:37.925,4171,0,2,51,0,0,0,0,0,0,0x03
2026-09-06T11:01:38.006,4172,0,2,50,0,0,0,0,0,0,0x03
2026-09-06T11:01:38.071,4173,0,2,50,0,0,0,0,0,0,0x03
2026-09-06T11:01:38.136,4174,0,2,52,0,0,0,0,0,0,0x03
2026-09-06T11:01:38.200,4175,0,2,52,0,0,0,0,0,0,0x03
2026-09-06T11:01:38.265,4176,0,2,50,0,0,0,0,0,0,0x03
2026-09-06T11:01:38.329,4177,0,2,50,0,0,0,0,0,0,0x03
2026-09-06T11:01:38.410,4178,0,2,50,0,0,0,0,0,0,0x03
2026-09-06T11:01:38.475,4179,0,2,51,0,0,0,0,0,0,0x03
2026-09-06T11:01:38.541,4180,0,2,50,0,0,0,0,0,0,0x03
2026-09-06T11:01:38.606,4181,0,2,50,0,0,0,0,0,0,0x03
2026-09-06T11:01:38.671,4182,0,2,51,0,0,0,0,0,0,0x03
2026-09-06T11:01:38.736,4183,0,2,51,0,0,0,0,0,0,0x03
2026-09-06T11:01:38.801,4184,0,2,50,0,0,0,0,0,0,0x03
2026-09-06T11:01:38.866,4185,0,2,51,0,0,0,0,0,0,0x03
2026-09-06T11:01:38.931,4186,0,2,50,0,0,0,0,0,0,0x03
2026-09-06T11:01:39.012,4187,0,2,51,0,0,0,0,0,0,0x03
2026-09-06T11:01:39.077,4188,0,2,51,0,0,0,0,0,0,0x03
2026-09-06T11:01:39.141,4189,0,2,52,0,0,0,0,0,0,0x03
2026-09-06T11:01:39.206,4190,0,2,51,0,0,0,0,0,0,0x03
2026-09-06T11:01:39.271,4191,0,2,52,0,0,0,0,0,0,0x03
2026-09-06T11:01:39.336,4192,0,2,51,0,0,0,0,0,0,0x03
2026-09-06T11:01:39.401,4193,0,2,52,0,0,0,0,0,0,0x03
2026-09-06T11:01:39.466,4194,0,2,51,0,0,0,0,0,0,0x03
2026-09-06T11:01:39.546,4195,0,2,50,0,0,0,0,0,0,0x03
2026-09-06T11:01:39.611,4196,0,2,50,0,0,0,0,0,0,0x03
2026-09-06T11:01:39.676,4197,0,2,50,0,0,0,0,0,0,0x03
2026-09-06T11:01:39.741,4198,0,2,50,0,0,0,0,0,0,0x03
2026-09-06T11:01:39.806,4199,0,2,50,0,0,0,0,0,0,0x03
2026-09-06T11:01:39.871,4200,0,2,52,0,0,0,0,0,0,0x03
2026-09-06T11:01:39.952,4201,0,2,50,0,0,0,0,0,0,0x03
2026-09-06T11:01:40.081,4202,0,2,52,0,0,0,0,0,0,0x03
2026-09-06T11:01:40.146,4203,0,2,51,0,0,0,0,0,0,0x03
2026-09-06T11:01:40.210,4204,0,2,51,0,0,0,0,0,0,0x03
2026-09-06T11:01:40.275,4205,0,2,50,0,0,0,0,0,0,0x03
2026-09-06T11:01:40.340,4207,0,2,51,0,0,0,0,0,0,0x03
2026-09-06T11:01:40.405,4208,0,2,50,0,0,0,0,0,0,0x03
2026-09-06T11:01:40.469,4209,0,2,53,0,0,0,0,0,0,0x03
2026-09-06T11:01:40.551,4210,0,2,52,0,0,0,0,0,0,0x03
2026-09-06T11:01:40.616,4211,0,2,50,0,0,0,0,0,0,0x03
2026-09-06T11:01:40.680,4212,0,2,50,0,0,0,0,0,0,0x03
2026-09-06T11:01:40.745,4213,0,2,52,0,0,0,0,0,0,0x03
2026-09-06T11:01:40.810,4214,0,2,51,0,0,0,0,0,0,0x03
2026-09-06T11:01:40.874,4215,0,2,50,0,0,0,0,0,0,0x03
2026-09-06T11:01:41.004,4216,0,2,51,0,0,0,0,0,0,0x03
2026-09-06T11:01:41.085,4217,0,2,50,0,0,0,0,0,0,0x03
2026-09-06T11:01:41.149,4218,0,2,52,0,0,0,0,0,0,0x03
2026-09-06T11:01:41.214,4219,0,2,50,0,0,0,0,0,0,0x03
2026-09-06T11:01:41.279,4221,0,2,52,0,0,0,0,0,0,0x03
2026-09-06T11:01:41.344,4222,0,2,50,0,0,0,0,0,0,0x03
2026-09-06T11:01:41.409,4223,0,2,52,0,0,0,0,0,0,0x03
2026-09-06T11:01:41.490,4224,0,2,51,0,0,0,0,0,0,0x03
2026-09-06T11:01:41.620,4225,0,2,50,0,0,0,0,0,0,0x03
2026-09-06T11:01:41.685,4226,0,2,50,0,0,0,0,0,0,0x03
2026-09-06T11:01:41.750,4227,0,2,50,0,0,0,0,0,0,0x03
2026-09-06T11:01:41.815,4228,0,2,51,0,0,0,0,0,0,0x03
2026-09-06T11:01:41.880,4230,0,2,51,0,0,0,0,0,0,0x03
2026-09-06T11:01:41.945,4231,0,2,50,0,0,0,0,0,0,0x03
2026-09-06T11:01:42.009,4232,0,2,50,0,0,0,0,0,0,0x03
2026-09-06T11:01:42.090,4233,0,2,52,0,0,0,0,0,0,0x03
2026-09-06T11:01:42.155,4234,0,2,52,0,0,0,0,0,0,0x03
2026-09-06T11:01:42.220,4235,0,2,51,0,0,0,0,0,0,0x03
2026-09-06T11:01:42.285,4236,0,2,52,0,0,0,0,0,0,0x03
2026-09-06T11:01:42.350,4237,0,2,51,0,0,0,0,0,0,0x03
2026-09-06T11:01:42.415,4238,0,2,51,0,0,0,0,0,0,0x03
2026-09-06T11:01:42.480,4239,0,2,51,0,0,0,0,0,0,0x03
2026-09-06T11:01:42.545,4240,0,2,52,0,0,0,0,0,0,0x03
2026-09-06T11:01:42.625,4241,0,2,51,0,0,0,0,0,0,0x03
2026-09-06T11:01:42.691,4242,0,2,50,0,0,0,0,0,0,0x03
2026-09-06T11:01:42.755,4243,0,2,52,0,0,0,0,0,0,0x03
2026-09-06T11:01:42.820,4244,0,2,54,0,0,0,0,0,0,0x03
2026-09-06T11:01:42.885,4245,0,2,51,0,0,0,0,0,0,0x03
2026-09-06T11:01:42.949,4246,0,2,51,0,0,0,0,0,0,0x03
2026-09-06T11:01:43.030,4247,0,2,51,0,0,0,0,0,0,0x03
2026-09-06T11:01:43.095,4248,0,2,54,0,0,0,0,0,0,0x03
2026-09-06T11:01:43.160,4249,0,2,51,0,0,0,0,0,0,0x03
2026-09-06T11:01:43.225,4250,0,2,50,0,0,0,0,0,0,0x03
2026-09-06T11:01:43.290,4251,0,2,50,0,0,0,0,0,0,0x03
2026-09-06T11:01:43.355,4252,0,2,51,0,0,0,0,0,0,0x03
2026-09-06T11:01:43.421,4253,0,2,50,0,0,0,0,0,0,0x03
2026-09-06T11:01:43.485,4254,0,2,52,0,0,0,0,0,0,0x03
2026-09-06T11:01:43.567,4255,0,2,52,0,0,0,0,0,0,0x03
2026-09-06T11:01:43.615,4256,0,2,51,0,0,0,0,0,0,0x03
2026-09-06T11:01:43.696,4257,0,2,52,0,0,0,0,0,0,0x03
2026-09-06T11:01:43.761,4258,0,2,54,0,0,0,0,0,0,0x03
2026-09-06T11:01:43.826,4259,0,2,50,0,0,0,0,0,0,0x03
2026-09-06T11:01:43.891,4260,0,2,52,0,0,0,0,0,0,0x03
2026-09-06T11:01:43.956,4261,0,2,50,0,0,0,0,0,0,0x03
2026-09-06T11:01:44.021,4262,0,2,51,0,0,0,0,0,0,0x03
2026-09-06T11:01:44.086,4263,0,2,51,0,0,0,0,0,0,0x03
2026-09-06T11:01:44.167,4264,0,2,53,0,0,0,0,0,0,0x03
2026-09-06T11:01:44.232,4265,0,2,52,0,0,0,0,0,0,0x03
2026-09-06T11:01:44.297,4266,0,2,50,0,0,0,0,0,0,0x03
2026-09-06T11:01:44.427,4267,0,2,56,0,0,0,0,0,0,0x03
2026-09-06T11:01:44.492,4268,0,2,51,0,0,0,0,0,0,0x03
2026-09-06T11:01:44.557,4269,0,2,50,0,0,0,0,0,0,0x03
2026-09-06T11:01:44.622,4270,0,2,51,0,0,0,0,0,0,0x03
2026-09-06T11:01:44.687,4272,0,2,51,0,0,0,0,0,0,0x03
2026-09-06T11:01:44.768,4273,0,2,50,0,0,0,0,0,0,0x03
2026-09-06T11:01:44.833,4274,0,2,51,0,0,0,0,0,0,0x03
2026-09-06T11:01:44.898,4275,0,2,51,0,0,0,0,0,0,0x03
2026-09-06T11:01:44.962,4276,0,2,50,0,0,0,0,0,0,0x03
2026-09-06T11:01:45.028,4277,0,2,54,0,0,0,0,0,0,0x03
2026-09-06T11:01:45.092,4278,0,2,51,0,0,0,0,0,0,0x03
2026-09-06T11:01:45.157,4279,0,2,51,0,0,0,0,0,0,0x03
2026-09-06T11:01:45.238,4280,0,2,51,0,0,0,0,0,0,0x03
2026-09-06T11:01:45.303,4281,0,2,50,0,0,0,0,0,0,0x03
2026-09-06T11:01:45.368,4282,0,2,50,0,0,0,0,0,0,0x03
2026-09-06T11:01:45.432,4283,0,2,50,0,0,0,0,0,0,0x03
2026-09-06T11:01:45.497,4284,0,2,51,0,0,0,0,0,0,0x03
2026-09-06T11:01:45.562,4285,0,2,51,0,0,0,0,0,0,0x03
2026-09-06T11:01:45.626,4286,0,2,51,0,0,0,0,0,0,0x03
2026-09-06T11:01:45.691,4287,0,2,50,0,0,0,0,0,0,0x03
2026-09-06T11:01:45.772,4288,0,2,51,0,0,0,0,0,0,0x03
2026-09-06T11:01:45.837,4289,0,2,51,0,0,0,0,0,0,0x03
2026-09-06T11:01:45.902,4290,0,2,52,0,0,0,0,0,0,0x03
2026-09-06T11:01:45.967,4291,0,2,51,0,0,0,0,0,0,0x03
2026-09-06T11:01:46.032,4292,0,2,52,0,0,0,0,0,0,0x03
2026-09-06T11:01:46.096,4293,0,2,51,0,0,0,0,0,0,0x03
2026-09-06T11:01:46.242,4294,0,2,51,0,0,0,0,0,0,0x03
2026-09-06T11:01:46.307,4295,0,2,51,0,0,0,0,0,0,0x03
2026-09-06T11:01:46.372,4296,0,2,50,0,0,0,0,0,0,0x03
2026-09-06T11:01:46.502,4297,0,2,51,0,0,0,0,0,0,0x03
2026-09-06T11:01:46.567,4299,0,2,50,0,0,0,0,0,0,0x03
2026-09-06T11:01:46.632,4300,0,2,51,0,0,0,0,0,0,0x03
2026-09-06T11:01:46.697,4301,0,2,50,0,0,0,0,0,0,0x03
2026-09-06T11:01:46.778,4303,0,2,53,0,0,0,0,0,0,0x03
2026-09-06T11:01:46.843,4304,0,2,51,0,0,0,0,0,0,0x03
2026-09-06T11:01:46.908,4305,0,2,51,0,0,0,0,0,0,0x03
2026-09-06T11:01:46.973,4306,0,2,50,0,0,0,0,0,0,0x03
2026-09-06T11:01:47.038,4307,0,2,52,0,0,0,0,0,0,0x03
2026-09-06T11:01:47.103,4308,0,2,51,0,0,0,0,0,0,0x03
2026-09-06T11:01:47.168,4309,0,2,52,0,0,0,0,0,0,0x03
2026-09-06T11:01:47.233,4310,0,2,52,0,0,0,0,0,0,0x03
2026-09-06T11:01:47.314,4311,0,2,50,0,0,0,0,0,0,0x03
2026-09-06T11:01:47.379,4312,0,2,50,0,0,0,0,0,0,0x03
2026-09-06T11:01:47.444,4313,0,2,50,0,0,0,0,0,0,0x03
2026-09-06T11:01:47.509,4314,0,2,50,0,0,0,0,0,0,0x03
2026-09-06T11:01:47.574,4315,0,2,51,0,0,0,0,0,0,0x03
2026-09-06T11:01:47.639,4316,0,2,50,0,0,0,0,0,0,0x03
2026-09-06T11:01:47.704,4317,0,2,50,0,0,0,0,0,0,0x03
2026-09-06T11:01:47.769,4318,0,2,51,0,0,0,0,0,0,0x03
2026-09-06T11:01:47.850,4319,0,2,50,0,0,0,0,0,0,0x03
2026-09-06T11:01:47.979,4320,0,2,51,0,0,0,0,0,0,0x03
2026-09-06T11:01:48.044,4321,0,2,54,0,0,0,0,0,0,0x03
2026-09-06T11:01:48.109,4322,0,2,51,0,0,0,0,0,0,0x03
2026-09-06T11:01:48.174,4323,0,2,50,0,0,0,0,0,0,0x03
2026-09-06T11:01:48.239,4325,0,2,52,0,0,0,0,0,0,0x03
2026-09-06T11:01:48.304,4326,0,2,50,0,0,0,0,0,0,0x03
2026-09-06T11:01:48.385,4327,0,2,51,0,0,0,0,0,0,0x03
2026-09-06T11:01:48.450,4328,0,2,50,0,0,0,0,0,0,0x03
2026-09-06T11:01:48.515,4329,0,2,52,0,0,0,0,0,0,0x03
2026-09-06T11:01:48.580,4330,0,2,50,0,0,0,0,0,0,0x03
2026-09-06T11:01:48.645,4331,0,2,55,0,0,0,0,0,0,0x03
2026-09-06T11:01:48.710,4332,0,2,52,0,0,0,0,0,0,0x03
2026-09-06T11:01:48.775,4333,0,2,52,0,0,0,0,0,0,0x03
2026-09-06T11:01:48.839,4334,0,2,51,0,0,0,0,0,0,0x03
2026-09-06T11:01:48.920,4335,0,2,53,0,0,0,0,0,0,0x03
2026-09-06T11:01:48.986,4336,0,2,51,0,0,0,0,0,0,0x03
2026-09-06T11:01:49.050,4337,0,2,50,0,0,0,0,0,0,0x03
2026-09-06T11:01:49.116,4338,0,2,50,0,0,0,0,0,0,0x03
2026-09-06T11:01:49.181,4339,0,2,50,0,0,0,0,0,0,0x03
2026-09-06T11:01:49.246,4340,0,2,52,0,0,0,0,0,0,0x03
2026-09-06T11:01:49.311,4341,0,2,53,0,0,0,0,0,0,0x03
2026-09-06T11:01:49.375,4342,0,2,50,0,0,0,0,0,0,0x03
2026-09-06T11:01:49.456,4343,0,2,50,0,0,0,0,0,0,0x03
2026-09-06T11:01:49.521,4344,0,2,51,0,0,0,0,0,0,0x03
2026-09-06T11:01:49.586,4345,0,2,50,0,0,0,0,0,0,0x03
2026-09-06T11:01:49.651,4346,0,2,51,0,0,0,0,0,0,0x03
2026-09-06T11:01:49.715,4347,0,2,54,0,0,0,0,0,0,0x03
2026-09-06T11:01:49.780,4348,0,2,50,0,0,0,0,0,0,0x03
2026-09-06T11:01:49.845,4349,0,2,50,0,0,0,0,0,0,0x03
2026-09-06T11:01:49.910,4350,0,2,52,0,0,0,0,0,0,0x03
2026-09-06T11:01:49.991,4351,0,2,55,0,0,0,0,0,0,0x03
2026-09-06T11:01:50.056,4352,0,2,50,0,0,0,0,0,0,0x03
2026-09-06T11:01:50.121,4353,0,2,50,0,0,0,0,0,0,0x03
2026-09-06T11:01:50.185,4354,0,2,50,0,0,0,0,0,0,0x03
2026-09-06T11:01:50.250,4355,0,2,50,0,0,0,0,0,0,0x03
2026-09-06T11:01:50.315,4356,0,2,50,0,0,0,0,0,0,0x03
2026-09-06T11:01:50.380,4357,0,2,53,0,0,0,0,0,0,0x03
2026-09-06T11:01:50.461,4358,0,2,51,0,0,0,0,0,0,0x03
2026-09-06T11:01:50.525,4359,0,2,51,0,0,0,0,0,0,0x03
2026-09-06T11:01:50.590,4360,0,2,52,0,0,0,0,0,0,0x03
2026-09-06T11:01:50.655,4361,0,2,50,0,0,0,0,0,0,0x03
2026-09-06T11:01:50.720,4362,0,2,50,0,0,0,0,0,0,0x03
2026-09-06T11:01:50.785,4363,0,2,51,0,0,0,0,0,0,0x03
2026-09-06T11:01:50.850,4364,0,2,51,0,0,0,0,0,0,0x03
2026-09-06T11:01:50.915,4365,0,2,50,0,0,0,0,0,0,0x03
2026-09-06T11:01:50.995,4366,0,2,50,0,0,0,0,0,0,0x03
2026-09-06T11:01:51.060,4367,0,2,53,0,0,0,0,0,0,0x03
2026-09-06T11:01:51.125,4368,0,2,50,0,0,0,0,0,0,0x03
2026-09-06T11:01:51.189,4369,0,2,52,0,0,0,0,0,0,0x03
2026-09-06T11:01:51.254,4370,0,2,51,0,0,0,0,0,0,0x03
2026-09-06T11:01:51.319,4371,0,2,51,0,0,0,0,0,0,0x03
2026-09-06T11:01:51.384,4372,0,2,50,0,0,0,0,0,0,0x03
2026-09-06T11:01:51.465,4373,0,2,50,0,0,0,0,0,0,0x03
2026-09-06T11:01:51.530,4374,0,2,50,0,0,0,0,0,0,0x03
2026-09-06T11:01:51.595,4375,0,2,51,0,0,0,0,0,0,0x03
2026-09-06T11:01:51.660,4376,0,2,55,0,0,0,0,0,0,0x03
2026-09-06T11:01:51.724,4377,0,2,50,0,0,0,0,0,0,0x03
2026-09-06T11:01:51.789,4378,0,2,52,0,0,0,0,0,0,0x03
2026-09-06T11:01:51.854,4379,0,2,51,0,0,0,0,0,0,0x03
2026-09-06T11:01:51.919,4380,0,2,54,0,0,0,0,0,0,0x03
2026-09-06T11:01:52.000,4381,0,2,51,0,0,0,0,0,0,0x03
2026-09-06T11:01:52.064,4382,0,2,50,0,0,0,0,0,0,0x03
2026-09-06T11:01:52.129,4383,0,2,52,0,0,0,0,0,0,0x03
2026-09-06T11:01:52.193,4384,0,2,50,0,0,0,0,0,0,0x03
2026-09-06T11:01:52.258,4385,0,2,50,0,0,0,0,0,0,0x03
2026-09-06T11:01:52.323,4386,0,2,52,0,0,0,0,0,0,0x03
2026-09-06T11:01:52.388,4387,0,2,50,0,0,0,0,0,0,0x03
2026-09-06T11:01:52.468,4388,0,2,50,0,0,0,0,0,0,0x03
2026-09-06T11:01:52.533,4389,0,2,52,0,0,0,0,0,0,0x03
2026-09-06T11:01:52.664,4390,0,2,51,0,0,0,0,0,0,0x03
2026-09-06T11:01:52.729,4391,0,2,51,0,0,0,0,0,0,0x03
2026-09-06T11:01:52.794,4392,0,2,51,0,0,0,0,0,0,0x03
2026-09-06T11:01:52.859,4393,0,2,52,0,0,0,0,0,0,0x03
2026-09-06T11:01:52.924,4395,0,2,51,0,0,0,0,0,0,0x03
2026-09-06T11:01:53.005,4396,0,2,50,0,0,0,0,0,0,0x03
2026-09-06T11:01:53.070,4397,0,2,50,0,0,0,0,0,0,0x03
2026-09-06T11:01:53.135,4398,0,2,50,0,0,0,0,0,0,0x03
2026-09-06T11:01:53.199,4399,0,2,51,0,0,0,0,0,0,0x03
2026-09-06T11:01:53.264,4400,0,2,52,0,0,0,0,0,0,0x03
2026-09-06T11:01:53.329,4401,0,2,52,0,0,0,0,0,0,0x03
2026-09-06T11:01:53.394,4402,0,2,54,0,0,0,0,0,0,0x03
2026-09-06T11:01:53.459,4403,0,2,52,0,0,0,0,0,0,0x03
2026-09-06T11:01:53.540,4404,0,2,51,0,0,0,0,0,0,0x03
2026-09-06T11:01:53.605,4405,0,2,50,0,0,0,0,0,0,0x03
2026-09-06T11:01:53.669,4406,0,2,50,0,0,0,0,0,0,0x03
2026-09-06T11:01:53.734,4407,0,2,52,0,0,0,0,0,0,0x03
2026-09-06T11:01:53.799,4408,0,2,50,0,0,0,0,0,0,0x03
2026-09-06T11:01:53.864,4409,0,2,50,0,0,0,0,0,0,0x03
2026-09-06T11:01:53.928,4410,0,2,51,0,0,0,0,0,0,0x03
2026-09-06T11:01:53.993,4411,0,2,50,0,0,0,0,0,0,0x03
2026-09-06T11:01:54.074,4412,0,2,53,0,0,0,0,0,0,0x03
2026-09-06T11:01:54.139,4413,0,2,52,0,0,0,0,0,0,0x03
2026-09-06T11:01:54.203,4414,0,2,50,0,0,0,0,0,0,0x03
2026-09-06T11:01:54.268,4415,0,2,50,0,0,0,0,0,0,0x03
2026-09-06T11:01:54.333,4416,0,2,51,0,0,0,0,0,0,0x03
2026-09-06T11:01:54.397,4417,0,2,51,0,0,0,0,0,0,0x03
2026-09-06T11:01:54.462,4418,0,2,51,0,0,0,0,0,0,0x03
2026-09-06T11:01:54.543,4419,0,2,52,0,0,0,0,0,0,0x03
2026-09-06T11:01:54.608,4420,0,2,51,0,0,0,0,0,0,0x03
2026-09-06T11:01:54.672,4421,0,2,54,0,0,0,0,0,0,0x03
2026-09-06T11:01:54.737,4422,0,2,51,0,0,0,0,0,0,0x03
2026-09-06T11:01:54.802,4423,0,2,51,0,0,0,0,0,0,0x03
2026-09-06T11:01:54.866,4424,0,2,51,0,0,0,0,0,0,0x03
2026-09-06T11:01:54.931,4425,0,2,55,0,0,0,0,0,0,0x03
2026-09-06T11:01:55.012,4426,0,2,51,0,0,0,0,0,0,0x03
2026-09-06T11:01:55.077,4427,0,2,50,0,0,0,0,0,0,0x03
2026-09-06T11:01:55.142,4428,0,2,52,0,0,0,0,0,0,0x03
2026-09-06T11:01:55.207,4429,0,2,51,0,0,0,0,0,0,0x03
2026-09-06T11:01:55.272,4430,0,2,51,0,0,0,0,0,0,0x03
2026-09-06T11:01:55.337,4431,0,2,50,0,0,0,0,0,0,0x03
2026-09-06T11:01:55.402,4432,0,2,50,0,0,0,0,0,0,0x03
2026-09-06T11:01:55.467,4433,0,2,51,0,0,0,0,0,0,0x03
2026-09-06T11:01:55.548,4434,0,2,51,0,0,0,0,0,0,0x03
2026-09-06T11:01:55.612,4435,0,2,53,0,0,0,0,0,0,0x03
2026-09-06T11:01:55.678,4436,0,2,50,0,0,0,0,0,0,0x03
2026-09-06T11:01:55.742,4437,0,2,50,0,0,0,0,0,0,0x03
2026-09-06T11:01:55.807,4438,0,2,52,0,0,0,0,0,0,0x03
2026-09-06T11:01:55.936,4439,0,2,50,0,0,0,0,0,0,0x03
2026-09-06T11:01:56.001,4440,0,2,51,0,0,0,0,0,0,0x03
2026-09-06T11:01:56.082,4441,0,2,50,0,0,0,0,0,0,0x03
2026-09-06T11:01:56.147,4442,0,2,51,0,0,0,0,0,0,0x03
2026-09-06T11:01:56.212,4444,0,2,52,0,0,0,0,0,0,0x03
2026-09-06T11:01:56.276,4445,0,2,50,0,0,0,0,0,0,0x03
2026-09-06T11:01:56.341,4446,0,2,52,0,0,0,0,0,0,0x03
2026-09-06T11:01:56.406,4447,0,2,51,0,0,0,0,0,0,0x03
2026-09-06T11:01:56.470,4448,0,2,50,0,0,0,0,0,0,0x03
2026-09-06T11:01:56.551,4449,0,2,51,0,0,0,0,0,0,0x03
2026-09-06T11:01:56.616,4450,0,2,50,0,0,0,0,0,0,0x03
2026-09-06T11:01:56.681,4451,0,2,52,0,0,0,0,0,0,0x03
2026-09-06T11:01:56.746,4452,0,2,52,0,0,0,0,0,0,0x03
2026-09-06T11:01:56.811,4453,0,2,50,0,0,0,0,0,0,0x03
2026-09-06T11:01:56.875,4454,0,2,52,0,0,0,0,0,0,0x03
2026-09-06T11:01:56.956,4455,0,2,51,0,0,0,0,0,0,0x03
2026-09-06T11:01:57.005,4456,0,2,50,0,0,0,0,0,0,0x03
2026-09-06T11:01:57.086,4457,0,2,51,0,0,0,0,0,0,0x03
2026-09-06T11:01:57.151,4458,0,2,51,0,0,0,0,0,0,0x03
2026-09-06T11:01:57.215,4459,0,2,51,0,0,0,0,0,0,0x03
2026-09-06T11:01:57.280,4460,0,2,51,0,0,0,0,0,0,0x03
2026-09-06T11:01:57.345,4461,0,2,51,0,0,0,0,0,0,0x03
2026-09-06T11:01:57.410,4462,0,2,52,0,0,0,0,0,0,0x03
2026-09-06T11:01:57.475,4463,0,2,50,0,0,0,0,0,0,0x03
2026-09-06T11:01:57.555,4464,0,2,51,0,0,0,0,0,0,0x03
2026-09-06T11:01:57.620,4465,0,2,52,0,0,0,0,0,0,0x03
2026-09-06T11:01:57.685,4466,0,2,52,0,0,0,0,0,0,0x03
2026-09-06T11:01:57.750,4467,0,2,50,0,0,0,0,0,0,0x03
2026-09-06T11:01:57.814,4468,0,2,50,0,0,0,0,0,0,0x03
2026-09-06T11:01:57.879,4469,0,2,52,0,0,0,0,0,0,0x03
2026-09-06T11:01:57.944,4470,0,2,50,0,0,0,0,0,0,0x03
2026-09-06T11:01:58.008,4471,0,2,50,0,0,0,0,0,0,0x03
2026-09-06T11:01:58.089,4472,0,2,51,0,0,0,0,0,0,0x03
2026-09-06T11:01:58.154,4473,0,2,51,0,0,0,0,0,0,0x03
2026-09-06T11:01:58.219,4474,0,2,51,0,0,0,0,0,0,0x03
2026-09-06T11:01:58.284,4475,0,2,50,0,0,0,0,0,0,0x03
2026-09-06T11:01:58.349,4476,0,2,55,0,0,0,0,0,0,0x03
2026-09-06T11:01:58.414,4477,0,2,50,0,0,0,0,0,0,0x03
2026-09-06T11:01:58.494,4478,0,2,52,0,0,0,0,0,0,0x03
2026-09-06T11:01:58.559,4479,0,2,51,0,0,0,0,0,0,0x03
2026-09-06T11:01:58.624,4480,0,2,52,0,0,0,0,0,0,0x03
2026-09-06T11:01:58.689,4481,0,2,50,0,0,0,0,0,0,0x03
2026-09-06T11:01:58.754,4482,0,2,50,0,0,0,0,0,0,0x03
2026-09-06T11:01:58.819,4483,0,2,51,0,0,0,0,0,0,0x03
2026-09-06T11:01:58.883,4484,0,2,50,0,0,0,0,0,0,0x03
2026-09-06T11:01:58.948,4485,0,2,50,0,0,0,0,0,0,0x03
2026-09-06T11:01:59.013,4486,0,2,52,0,0,0,0,0,0,0x03
2026-09-06T11:01:59.094,4487,0,2,52,0,0,0,0,0,0,0x03
2026-09-06T11:01:59.158,4488,0,2,50,0,0,0,0,0,0,0x03
2026-09-06T11:01:59.223,4489,0,2,51,0,0,0,0,0,0,0x03
2026-09-06T11:01:59.288,4490,0,2,50,0,0,0,0,0,0,0x03
2026-09-06T11:01:59.353,4491,0,2,50,0,0,0,0,0,0,0x03
2026-09-06T11:01:59.418,4492,0,2,55,0,0,0,0,0,0,0x03
2026-09-06T11:01:59.499,4493,0,2,51,0,0,0,0,0,0,0x03
2026-09-06T11:01:59.547,4494,0,2,50,0,0,0,0,0,0,0x03
2026-09-06T11:01:59.628,4495,0,2,50,0,0,0,0,0,0,0x03
2026-09-06T11:01:59.693,4496,0,2,51,0,0,0,0,0,0,0x03
2026-09-06T11:01:59.757,4497,0,2,51,0,0,0,0,0,0,0x03
2026-09-06T11:01:59.822,4498,0,2,51,0,0,0,0,0,0,0x03
2026-09-06T11:01:59.887,4499,0,2,50,0,0,0,0,0,0,0x03
2026-09-06T11:01:59.952,4500,0,2,50,0,0,0,0,0,0,0x03
2026-09-06T11:02:00.033,4501,0,2,50,0,0,0,0,0,0,0x03
2026-09-06T11:02:00.097,4502,0,2,50,0,0,0,0,0,0,0x03
2026-09-06T11:02:00.162,4503,0,2,52,0,0,0,0,0,0,0x03
2026-09-06T11:02:00.227,4504,0,2,50,0,0,0,0,0,0,0x03
2026-09-06T11:02:00.292,4505,0,2,51,0,0,0,0,0,0,0x03
2026-09-06T11:02:00.356,4506,0,2,52,0,0,0,0,0,0,0x03
2026-09-06T11:02:00.421,4507,0,2,52,0,0,0,0,0,0,0x03
2026-09-06T11:02:00.502,4508,0,2,51,0,0,0,0,0,0,0x03
2026-09-06T11:02:00.567,4509,0,2,51,0,0,0,0,0,0,0x03
2026-09-06T11:02:00.632,4510,0,2,50,0,0,0,0,0,0,0x03
2026-09-06T11:02:00.697,4511,0,2,53,0,0,0,0,0,0,0x03
2026-09-06T11:02:00.761,4512,0,2,52,0,0,0,0,0,0,0x03
2026-09-06T11:02:00.826,4513,0,2,51,0,0,0,0,0,0,0x03
2026-09-06T11:02:00.891,4514,0,2,51,0,0,0,0,0,0,0x03
2026-09-06T11:02:00.956,4515,0,2,50,0,0,0,0,0,0,0x03
2026-09-06T11:02:01.037,4516,0,2,51,0,0,0,0,0,0,0x03
2026-09-06T11:02:01.101,4517,0,2,50,0,0,0,0,0,0,0x03
2026-09-06T11:02:01.166,4518,0,2,52,0,0,0,0,0,0,0x03
2026-09-06T11:02:01.231,4519,0,2,51,0,0,0,0,0,0,0x03
2026-09-06T11:02:01.295,4520,0,2,50,0,0,0,0,0,0,0x03
2026-09-06T11:02:01.360,4521,0,2,53,0,0,0,0,0,0,0x03
2026-09-06T11:02:01.425,4522,0,2,51,0,0,0,0,0,0,0x03
2026-09-06T11:02:01.506,4523,0,2,51,0,0,0,0,0,0,0x03
2026-09-06T11:02:01.570,4524,0,2,51,0,0,0,0,0,0,0x03
2026-09-06T11:02:01.635,4525,0,2,50,0,0,0,0,0,0,0x03
2026-09-06T11:02:01.700,4526,0,2,52,0,0,0,0,0,0,0x03
2026-09-06T11:02:01.765,4527,0,2,52,0,0,0,0,0,0,0x03
2026-09-06T11:02:01.830,4528,0,2,50,0,0,0,0,0,0,0x03
2026-09-06T11:02:01.895,4529,0,2,52,0,0,0,0,0,0,0x03
2026-09-06T11:02:01.960,4530,0,2,51,0,0,0,0,0,0,0x03
2026-09-06T11:02:02.040,4531,0,2,54,0,0,0,0,0,0,0x03
2026-09-06T11:02:02.105,4532,0,2,52,0,0,0,0,0,0,0x03
2026-09-06T11:02:02.170,4533,0,2,50,0,0,0,0,0,0,0x03
2026-09-06T11:02:02.234,4534,0,2,50,0,0,0,0,0,0,0x03
2026-09-06T11:02:02.299,4535,0,2,51,0,0,0,0,0,0,0x03
2026-09-06T11:02:02.364,4536,0,2,50,0,0,0,0,0,0,0x03
2026-09-06T11:02:02.428,4537,0,2,50,0,0,0,0,0,0,0x03
2026-09-06T11:02:02.509,4538,0,2,50,0,0,0,0,0,0,0x03
2026-09-06T11:02:02.574,4539,0,2,51,0,0,0,0,0,0,0x03
2026-09-06T11:02:02.639,4540,0,2,50,0,0,0,0,0,0,0x03
2026-09-06T11:02:02.703,4541,0,2,50,0,0,0,0,0,0,0x03
2026-09-06T11:02:02.768,4542,0,2,51,0,0,0,0,0,0,0x03
2026-09-06T11:02:02.833,4543,0,2,51,0,0,0,0,0,0,0x03
2026-09-06T11:02:02.897,4544,0,2,50,0,0,0,0,0,0,0x03
2026-09-06T11:02:02.978,4545,0,2,51,0,0,0,0,0,0,0x03
2026-09-06T11:02:03.042,4546,0,2,50,0,0,0,0,0,0,0x03
2026-09-06T11:02:03.107,4547,0,2,50,0,0,0,0,0,0,0x03
2026-09-06T11:02:03.171,4548,0,2,50,0,0,0,0,0,0,0x03
2026-09-06T11:02:03.236,4549,0,2,51,0,0,0,0,0,0,0x03
2026-09-06T11:02:03.301,4550,0,2,50,0,0,0,0,0,0,0x03
2026-09-06T11:02:03.382,4551,0,2,52,0,0,0,0,0,0,0x03
2026-09-06T11:02:03.430,4552,0,2,50,0,0,0,0,0,0,0x03
2026-09-06T11:02:03.511,4553,0,2,50,0,0,0,0,0,0,0x03
2026-09-06T11:02:03.576,4554,0,2,51,0,0,0,0,0,0,0x03
2026-09-06T11:02:03.640,4555,0,2,50,0,0,0,0,0,0,0x03
2026-09-06T11:02:03.705,4556,0,2,51,0,0,0,0,0,0,0x03
2026-09-06T11:02:03.769,4557,0,2,52,0,0,0,0,0,0,0x03
2026-09-06T11:02:03.834,4558,0,2,50,0,0,0,0,0,0,0x03
2026-09-06T11:02:03.899,4559,0,2,52,0,0,0,0,0,0,0x03
2026-09-06T11:02:03.979,4560,0,2,52,0,0,0,0,0,0,0x03
2026-09-06T11:02:04.044,4561,0,2,50,0,0,0,0,0,0,0x03
2026-09-06T11:02:04.108,4562,0,2,50,0,0,0,0,0,0,0x03
2026-09-06T11:02:04.173,4563,0,2,50,0,0,0,0,0,0,0x03
2026-09-06T11:02:04.238,4564,0,2,50,0,0,0,0,0,0,0x03
2026-09-06T11:02:04.302,4565,0,2,51,0,0,0,0,0,0,0x03
2026-09-06T11:02:04.383,4566,0,2,51,0,0,0,0,0,0,0x03
2026-09-06T11:02:04.447,4567,0,2,50,0,0,0,0,0,0,0x03
2026-09-06T11:02:04.512,4568,0,2,52,0,0,0,0,0,0,0x03
2026-09-06T11:02:04.577,4569,0,2,50,0,0,0,0,0,0,0x03
2026-09-06T11:02:04.641,4570,0,2,51,0,0,0,0,0,0,0x03
2026-09-06T11:02:04.706,4571,0,2,50,0,0,0,0,0,0,0x03
2026-09-06T11:02:04.770,4572,0,2,50,0,0,0,0,0,0,0x03
2026-09-06T11:02:04.851,4573,0,2,52,0,0,0,0,0,0,0x03
2026-09-06T11:02:04.916,4574,0,2,52,0,0,0,0,0,0,0x03
2026-09-06T11:02:04.980,4575,0,2,52,0,0,0,0,0,0,0x03
2026-09-06T11:02:05.045,4576,0,2,51,0,0,0,0,0,0,0x03
2026-09-06T11:02:05.109,4577,0,2,50,0,0,0,0,0,0,0x03
2026-09-06T11:02:05.174,4578,0,2,54,0,0,0,0,0,0,0x03
2026-09-06T11:02:05.238,4579,0,2,51,0,0,0,0,0,0,0x03
2026-09-06T11:02:05.319,4580,0,2,50,0,0,0,0,0,0,0x03
2026-09-06T11:02:05.383,4581,0,2,52,0,0,0,0,0,0,0x03
2026-09-06T11:02:05.448,4582,0,2,51,0,0,0,0,0,0,0x03
2026-09-06T11:02:05.512,4583,0,2,51,0,0,0,0,0,0,0x03
2026-09-06T11:02:05.577,4584,0,2,50,0,0,0,0,0,0,0x03
2026-09-06T11:02:05.642,4585,0,2,51,0,0,0,0,0,0,0x03
2026-09-06T11:02:05.707,4586,0,2,50,0,0,0,0,0,0,0x03
2026-09-06T11:02:05.787,4587,0,2,50,0,0,0,0,0,0,0x03
2026-09-06T11:02:05.852,4588,0,2,53,0,0,0,0,0,0,0x03
2026-09-06T11:02:05.916,4589,0,2,51,0,0,0,0,0,0,0x03
2026-09-06T11:02:05.981,4590,0,2,50,0,0,0,0,0,0,0x03
2026-09-06T11:02:06.046,4591,0,2,51,0,0,0,0,0,0,0x03
2026-09-06T11:02:06.111,4592,0,2,50,0,0,0,0,0,0,0x03
2026-09-06T11:02:06.192,4593,0,2,51,0,0,0,0,0,0,0x03
2026-09-06T11:02:06.257,4594,0,2,52,0,0,0,0,0,0,0x03
2026-09-06T11:02:06.322,4595,0,2,51,0,0,0,0,0,0,0x03
2026-09-06T11:02:06.387,4596,0,2,50,0,0,0,0,0,0,0x03
2026-09-06T11:02:06.451,4597,0,2,51,0,0,0,0,0,0,0x03
2026-09-06T11:02:06.516,4598,0,2,51,0,0,0,0,0,0,0x03
2026-09-06T11:02:06.581,4599,0,2,50,0,0,0,0,0,0,0x03
2026-09-06T11:02:06.726,4600,0,2,50,0,0,0,0,0,0,0x03
2026-09-06T11:02:06.791,4601,0,2,51,0,0,0,0,0,0,0x03
2026-09-06T11:02:06.855,4602,0,2,54,0,0,0,0,0,0,0x03
2026-09-06T11:02:06.920,4603,0,2,51,0,0,0,0,0,0,0x03
2026-09-06T11:02:06.985,4605,0,2,50,0,0,0,0,0,0,0x03
2026-09-06T11:02:07.050,4606,0,2,50,0,0,0,0,0,0,0x03
2026-09-06T11:02:07.114,4607,0,2,51,0,0,0,0,0,0,0x03
2026-09-06T11:02:07.195,4608,0,2,51,0,0,0,0,0,0,0x03
2026-09-06T11:02:07.259,4609,0,2,52,0,0,0,0,0,0,0x03
2026-09-06T11:02:07.324,4610,0,2,50,0,0,0,0,0,0,0x03
2026-09-06T11:02:07.389,4611,0,2,50,0,0,0,0,0,0,0x03
2026-09-06T11:02:07.454,4612,0,2,52,0,0,0,0,0,0,0x03
2026-09-06T11:02:07.518,4613,0,2,53,0,0,0,0,0,0,0x03
2026-09-06T11:02:07.583,4614,0,2,52,0,0,0,0,0,0,0x03
2026-09-06T11:02:07.664,4615,0,2,52,0,0,0,0,0,0,0x03
2026-09-06T11:02:07.729,4616,0,2,51,0,0,0,0,0,0,0x03
2026-09-06T11:02:07.794,4617,0,2,50,0,0,0,0,0,0,0x03
2026-09-06T11:02:07.859,4618,0,2,51,0,0,0,0,0,0,0x03
2026-09-06T11:02:07.924,4619,0,2,50,0,0,0,0,0,0,0x03
2026-09-06T11:02:07.989,4620,0,2,51,0,0,0,0,0,0,0x03
2026-09-06T11:02:08.053,4621,0,2,52,0,0,0,0,0,0,0x03
2026-09-06T11:02:08.118,4622,0,2,50,0,0,0,0,0,0,0x03
2026-09-06T11:02:08.199,4623,0,2,53,0,0,0,0,0,0,0x03
2026-09-06T11:02:08.264,4624,0,2,52,0,0,0,0,0,0,0x03
2026-09-06T11:02:08.329,4625,0,2,51,0,0,0,0,0,0,0x03
2026-09-06T11:02:08.394,4626,0,2,51,0,0,0,0,0,0,0x03
2026-09-06T11:02:08.459,4627,0,2,52,0,0,0,0,0,0,0x03
2026-09-06T11:02:08.524,4628,0,2,52,0,0,0,0,0,0,0x03
2026-09-06T11:02:08.588,4629,0,2,50,0,0,0,0,0,0,0x03
2026-09-06T11:02:08.653,4630,0,2,51,0,0,0,0,0,0,0x03
2026-09-06T11:02:08.734,4631,0,2,50,0,0,0,0,0,0,0x03
2026-09-06T11:02:08.799,4632,0,2,50,0,0,0,0,0,0,0x03
2026-09-06T11:02:08.864,4633,0,2,51,0,0,0,0,0,0,0x03
2026-09-06T11:02:08.929,4634,0,2,51,0,0,0,0,0,0,0x03
2026-09-06T11:02:08.994,4635,0,2,51,0,0,0,0,0,0,0x03
2026-09-06T11:02:09.059,4636,0,2,52,0,0,0,0,0,0,0x03
2026-09-06T11:02:09.123,4637,0,2,52,0,0,0,0,0,0,0x03
2026-09-06T11:02:09.204,4638,0,2,51,0,0,0,0,0,0,0x03
2026-09-06T11:02:09.269,4639,0,2,50,0,0,0,0,0,0,0x03
2026-09-06T11:02:09.333,4640,0,2,52,0,0,0,0,0,0,0x03
2026-09-06T11:02:09.398,4641,0,2,51,0,0,0,0,0,0,0x03
2026-09-06T11:02:09.463,4642,0,2,55,0,0,0,0,0,0,0x03
2026-09-06T11:02:09.528,4643,0,2,51,0,0,0,0,0,0,0x03
2026-09-06T11:02:09.593,4644,0,2,52,0,0,0,0,0,0,0x03
2026-09-06T11:02:09.657,4645,0,2,51,0,0,0,0,0,0,0x03
2026-09-06T11:02:09.738,4646,0,2,54,0,0,0,0,0,0,0x03
2026-09-06T11:02:09.803,4647,0,2,51,0,0,0,0,0,0,0x03
2026-09-06T11:02:09.867,4648,0,2,50,0,0,0,0,0,0,0x03
2026-09-06T11:02:09.932,4649,0,2,50,0,0,0,0,0,0,0x03
2026-09-06T11:02:09.997,4650,0,2,51,0,0,0,0,0,0,0x03
2026-09-06T11:02:10.062,4651,0,2,50,0,0,0,0,0,0,0x03
2026-09-06T11:02:10.127,4652,0,2,52,0,0,0,0,0,0,0x03
2026-09-06T11:02:10.272,4653,0,2,52,0,0,0,0,0,0,0x03
2026-09-06T11:02:10.337,4654,0,2,51,0,0,0,0,0,0,0x03
2026-09-06T11:02:10.466,4655,0,2,50,0,0,0,0,0,0,0x03
2026-09-06T11:02:10.531,4656,0,2,50,0,0,0,0,0,0,0x03
2026-09-06T11:02:10.596,4658,0,2,52,0,0,0,0,0,0,0x03
2026-09-06T11:02:10.661,4659,0,2,51,0,0,0,0,0,0,0x03
2026-09-06T11:02:10.742,4661,0,2,51,0,0,0,0,0,0,0x03
2026-09-06T11:02:10.806,4662,0,2,52,0,0,0,0,0,0,0x03
2026-09-06T11:02:10.871,4663,0,2,52,0,0,0,0,0,0,0x03
2026-09-06T11:02:10.936,4664,0,2,51,0,0,0,0,0,0,0x03
2026-09-06T11:02:11.001,4665,0,2,51,0,0,0,0,0,0,0x03
2026-09-06T11:02:11.066,4666,0,2,51,0,0,0,0,0,0,0x03
2026-09-06T11:02:11.131,4667,0,2,50,0,0,0,0,0,0,0x03
2026-09-06T11:02:11.211,4668,0,2,51,0,0,0,0,0,0,0x03
2026-09-06T11:02:11.276,4669,0,2,50,0,0,0,0,0,0,0x03
2026-09-06T11:02:11.342,4670,0,2,51,0,0,0,0,0,0,0x03
2026-09-06T11:02:11.407,4671,0,2,51,0,0,0,0,0,0,0x03
2026-09-06T11:02:11.472,4672,0,2,52,0,0,0,0,0,0,0x03
2026-09-06T11:02:11.536,4673,0,2,51,0,0,0,0,0,0,0x03
2026-09-06T11:02:11.601,4674,0,2,51,0,0,0,0,0,0,0x03
2026-09-06T11:02:11.666,4675,0,2,52,0,0,0,0,0,0,0x03
2026-09-06T11:02:11.747,4676,0,2,51,0,0,0,0,0,0,0x03
2026-09-06T11:02:11.812,4677,0,2,50,0,0,0,0,0,0,0x03
2026-09-06T11:02:11.877,4678,0,2,52,0,0,0,0,0,0,0x03
2026-09-06T11:02:11.942,4679,0,2,50,0,0,0,0,0,0,0x03
2026-09-06T11:02:12.006,4680,0,2,50,0,0,0,0,0,0,0x03
2026-09-06T11:02:12.071,4681,0,2,51,0,0,0,0,0,0,0x03
2026-09-06T11:02:12.136,4682,0,2,50,0,0,0,0,0,0,0x03
2026-09-06T11:02:12.200,4683,0,2,50,0,0,0,0,0,0,0x03
2026-09-06T11:02:12.281,4684,0,2,53,0,0,0,0,0,0,0x03
2026-09-06T11:02:12.346,4685,0,2,52,0,0,0,0,0,0,0x03
2026-09-06T11:02:12.411,4686,0,2,51,0,0,0,0,0,0,0x03
2026-09-06T11:02:12.476,4687,0,2,54,0,0,0,0,0,0,0x03
2026-09-06T11:02:12.541,4688,0,2,51,0,0,0,0,0,0,0x03
2026-09-06T11:02:12.606,4689,0,2,50,0,0,0,0,0,0,0x03
2026-09-06T11:02:12.670,4690,0,2,51,0,0,0,0,0,0,0x03
2026-09-06T11:02:12.816,4691,0,2,52,0,0,0,0,0,0,0x03
2026-09-06T11:02:12.881,4692,0,2,51,0,0,0,0,0,0,0x03
2026-09-06T11:02:12.946,4693,0,2,50,0,0,0,0,0,0,0x03
2026-09-06T11:02:13.011,4694,0,2,52,0,0,0,0,0,0,0x03
2026-09-06T11:02:13.076,4696,0,2,50,0,0,0,0,0,0,0x03
2026-09-06T11:02:13.141,4697,0,2,51,0,0,0,0,0,0,0x03
2026-09-06T11:02:13.206,4698,0,2,50,0,0,0,0,0,0,0x03
2026-09-06T11:02:13.286,4699,0,2,51,0,0,0,0,0,0,0x03
2026-09-06T11:02:13.351,4700,0,2,51,0,0,0,0,0,0,0x03
2026-09-06T11:02:13.416,4701,0,2,50,0,0,0,0,0,0,0x03
2026-09-06T11:02:13.481,4702,0,2,50,0,0,0,0,0,0,0x03
2026-09-06T11:02:13.546,4703,0,2,51,0,0,0,0,0,0,0x03
2026-09-06T11:02:13.610,4704,0,2,50,0,0,0,0,0,0,0x03
2026-09-06T11:02:13.691,4705,0,2,51,0,0,0,0,0,0,0x03
2026-09-06T11:02:13.740,4706,0,2,51,0,0,0,0,0,0,0x03
2026-09-06T11:02:13.821,4707,0,2,50,0,0,0,0,0,0,0x03
2026-09-06T11:02:13.886,4708,0,2,52,0,0,0,0,0,0,0x03
2026-09-06T11:02:13.950,4709,0,2,53,0,0,0,0,0,0,0x03
2026-09-06T11:02:14.015,4710,0,2,52,0,0,0,0,0,0,0x03
2026-09-06T11:02:14.080,4711,0,2,50,0,0,0,0,0,0,0x03
2026-09-06T11:02:14.145,4712,0,2,50,0,0,0,0,0,0,0x03
2026-09-06T11:02:14.209,4713,0,2,55,0,0,0,0,0,0,0x03
2026-09-06T11:02:14.290,4714,0,2,50,0,0,0,0,0,0,0x03
2026-09-06T11:02:14.355,4715,0,2,51,0,0,0,0,0,0,0x03
2026-09-06T11:02:14.420,4716,0,2,51,0,0,0,0,0,0,0x03
2026-09-06T11:02:14.485,4717,0,2,51,0,0,0,0,0,0,0x03
2026-09-06T11:02:14.550,4718,0,2,51,0,0,0,0,0,0,0x03
2026-09-06T11:02:14.614,4719,0,2,51,0,0,0,0,0,0,0x03
2026-09-06T11:02:14.679,4720,0,2,52,0,0,0,0,0,0,0x03
2026-09-06T11:02:14.744,4721,0,2,51,0,0,0,0,0,0,0x03
2026-09-06T11:02:14.825,4722,0,2,50,0,0,0,0,0,0,0x03
2026-09-06T11:02:14.890,4723,0,2,52,0,0,0,0,0,0,0x03
2026-09-06T11:02:14.955,4724,0,2,52,0,0,0,0,0,0,0x03
2026-09-06T11:02:15.020,4725,0,2,51,0,0,0,0,0,0,0x03
2026-09-06T11:02:15.085,4726,0,2,50,0,0,0,0,0,0,0x03
2026-09-06T11:02:15.150,4727,0,2,51,0,0,0,0,0,0,0x03
2026-09-06T11:02:15.231,4728,0,2,50,0,0,0,0,0,0,0x03
2026-09-06T11:02:15.279,4729,0,2,51,0,0,0,0,0,0,0x03
2026-09-06T11:02:15.361,4730,0,2,52,0,0,0,0,0,0,0x03
2026-09-06T11:02:15.426,4731,0,2,50,0,0,0,0,0,0,0x03
2026-09-06T11:02:15.491,4732,0,2,51,0,0,0,0,0,0,0x03
2026-09-06T11:02:15.556,4733,0,2,51,0,0,0,0,0,0,0x03
2026-09-06T11:02:15.621,4734,0,2,52,0,0,0,0,0,0,0x03
2026-09-06T11:02:15.686,4735,0,2,50,0,0,0,0,0,0,0x03
2026-09-06T11:02:15.751,4736,0,2,51,0,0,0,0,0,0,0x03
2026-09-06T11:02:15.816,4737,0,2,51,0,0,0,0,0,0,0x03
2026-09-06T11:02:15.898,4738,0,2,50,0,0,0,0,0,0,0x03
2026-09-06T11:02:15.963,4739,0,2,51,0,0,0,0,0,0,0x03
2026-09-06T11:02:16.029,4740,0,2,51,0,0,0,0,0,0,0x03
2026-09-06T11:02:16.094,4741,0,2,52,0,0,0,0,0,0,0x03
2026-09-06T11:02:16.223,4742,0,2,51,0,0,0,0,0,0,0x03
2026-09-06T11:02:16.288,4743,0,2,51,0,0,0,0,0,0,0x03
2026-09-06T11:02:16.353,4744,0,2,54,0,0,0,0,0,0,0x03
2026-09-06T11:02:16.434,4745,0,2,52,0,0,0,0,0,0,0x03
2026-09-06T11:02:16.499,4747,0,2,50,0,0,0,0,0,0,0x03
2026-09-06T11:02:16.564,4748,0,2,50,0,0,0,0,0,0,0x03
2026-09-06T11:02:16.629,4749,0,2,52,0,0,0,0,0,0,0x03
2026-09-06T11:02:16.694,4750,0,2,52,0,0,0,0,0,0,0x03
2026-09-06T11:02:16.759,4751,0,2,52,0,0,0,0,0,0,0x03
2026-09-06T11:02:16.824,4752,0,2,51,0,0,0,0,0,0,0x03
2026-09-06T11:02:16.888,4753,0,2,50,0,0,0,0,0,0,0x03
2026-09-06T11:02:16.969,4754,0,2,52,0,0,0,0,0,0,0x03
2026-09-06T11:02:17.034,4755,0,2,50,0,0,0,0,0,0,0x03
2026-09-06T11:02:17.099,4756,0,2,50,0,0,0,0,0,0,0x03
2026-09-06T11:02:17.164,4757,0,2,52,0,0,0,0,0,0,0x03
2026-09-06T11:02:17.229,4758,0,2,52,0,0,0,0,0,0,0x03
2026-09-06T11:02:17.294,4759,0,2,50,0,0,0,0,0,0,0x03
2026-09-06T11:02:17.358,4760,0,2,51,0,0,0,0,0,0,0x03
2026-09-06T11:02:17.423,4761,0,2,51,0,0,0,0,0,0,0x03
2026-09-06T11:02:17.504,4762,0,2,52,0,0,0,0,0,0,0x03
2026-09-06T11:02:17.569,4763,0,2,50,0,0,0,0,0,0,0x03
2026-09-06T11:02:17.633,4764,0,2,55,0,0,0,0,0,0,0x03
2026-09-06T11:02:17.698,4765,0,2,52,0,0,0,0,0,0,0x03
2026-09-06T11:02:17.763,4766,0,2,51,0,0,0,0,0,0,0x03
2026-09-06T11:02:17.828,4767,0,2,52,0,0,0,0,0,0,0x03
2026-09-06T11:02:17.893,4768,0,2,52,0,0,0,0,0,0,0x03
2026-09-06T11:02:17.974,4769,0,2,51,0,0,0,0,0,0,0x03
2026-09-06T11:02:18.038,4770,0,2,51,0,0,0,0,0,0,0x03
2026-09-06T11:02:18.103,4771,0,2,52,0,0,0,0,0,0,0x03
2026-09-06T11:02:18.168,4772,0,2,51,0,0,0,0,0,0,0x03
2026-09-06T11:02:18.233,4773,0,2,51,0,0,0,0,0,0,0x03
2026-09-06T11:02:18.298,4774,0,2,50,0,0,0,0,0,0,0x03
2026-09-06T11:02:18.363,4775,0,2,51,0,0,0,0,0,0,0x03
2026-09-06T11:02:18.428,4776,0,2,50,0,0,0,0,0,0,0x03
2026-09-06T11:02:18.509,4777,0,2,50,0,0,0,0,0,0,0x03
2026-09-06T11:02:18.574,4778,0,2,50,0,0,0,0,0,0,0x03
2026-09-06T11:02:18.639,4779,0,2,51,0,0,0,0,0,0,0x03
2026-09-06T11:02:18.703,4780,0,2,52,0,0,0,0,0,0,0x03
2026-09-06T11:02:18.768,4781,0,2,51,0,0,0,0,0,0,0x03
2026-09-06T11:02:18.833,4782,0,2,51,0,0,0,0,0,0,0x03
2026-09-06T11:02:18.898,4783,0,2,50,0,0,0,0,0,0,0x03
2026-09-06T11:02:18.962,4784,0,2,50,0,0,0,0,0,0,0x03
2026-09-06T11:02:19.044,4785,0,2,50,0,0,0,0,0,0,0x03
2026-09-06T11:02:19.109,4786,0,2,51,0,0,0,0,0,0,0x03
2026-09-06T11:02:19.238,4787,0,2,50,0,0,0,0,0,0,0x03
2026-09-06T11:02:19.303,4788,0,2,51,0,0,0,0,0,0,0x03
2026-09-06T11:02:19.367,4789,0,2,51,0,0,0,0,0,0,0x03
2026-09-06T11:02:19.432,4790,0,2,50,0,0,0,0,0,0,0x03
2026-09-06T11:02:19.513,4792,0,2,50,0,0,0,0,0,0,0x03
2026-09-06T11:02:19.578,4793,0,2,51,0,0,0,0,0,0,0x03
2026-09-06T11:02:19.967,4794,0,2,51,0,0,0,0,0,0,0x03
2026-09-06T11:02:20.113,4795,0,2,50,0,0,0,0,0,0,0x03
2026-09-06T11:02:20.178,4796,0,2,51,0,0,0,0,0,0,0x03
2026-09-06T11:02:20.308,4797,0,2,51,0,0,0,0,0,0,0x03
2026-09-06T11:02:20.372,4803,0,2,50,0,0,0,0,0,0,0x03
2026-09-06T11:02:20.437,4805,0,2,51,0,0,0,0,0,0,0x03
2026-09-06T11:02:20.518,4806,0,2,50,0,0,0,0,0,0,0x03
2026-09-06T11:02:20.582,4808,0,2,51,0,0,0,0,0,0,0x03
2026-09-06T11:02:20.647,4809,0,2,50,0,0,0,0,0,0,0x03
2026-09-06T11:02:20.712,4810,0,2,50,0,0,0,0,0,0,0x03
2026-09-06T11:02:20.777,4811,0,2,51,0,0,0,0,0,0,0x03
2026-09-06T11:02:20.842,4812,0,2,51,0,0,0,0,0,0,0x03
2026-09-06T11:02:20.907,4813,0,2,50,0,0,0,0,0,0,0x03
2026-09-06T11:02:21.052,4814,0,2,50,0,0,0,0,0,0,0x03
2026-09-06T11:02:21.117,4815,0,2,54,0,0,0,0,0,0,0x03
2026-09-06T11:02:21.182,4816,0,2,50,0,0,0,0,0,0,0x03
2026-09-06T11:02:21.247,4817,0,2,50,0,0,0,0,0,0,0x03
2026-09-06T11:02:21.312,4819,0,2,50,0,0,0,0,0,0,0x03
2026-09-06T11:02:21.376,4820,0,2,51,0,0,0,0,0,0,0x03
2026-09-06T11:02:21.441,4821,0,2,50,0,0,0,0,0,0,0x03
2026-09-06T11:02:21.506,4822,0,2,52,0,0,0,0,0,0,0x03
2026-09-06T11:02:21.587,4823,0,2,52,0,0,0,0,0,0,0x03
2026-09-06T11:02:21.651,4824,0,2,50,0,0,0,0,0,0,0x03
2026-09-06T11:02:21.716,4825,0,2,51,0,0,0,0,0,0,0x03
2026-09-06T11:02:21.781,4826,0,2,51,0,0,0,0,0,0,0x03
2026-09-06T11:02:21.846,4827,0,2,52,0,0,0,0,0,0,0x03
2026-09-06T11:02:21.911,4828,0,2,51,0,0,0,0,0,0,0x03
2026-09-06T11:02:21.976,4829,0,2,50,0,0,0,0,0,0,0x03
2026-09-06T11:02:22.057,4830,0,2,52,0,0,0,0,0,0,0x03
2026-09-06T11:02:22.122,4831,0,2,51,0,0,0,0,0,0,0x03
2026-09-06T11:02:22.186,4832,0,2,52,0,0,0,0,0,0,0x03
2026-09-06T11:02:22.251,4833,0,2,51,0,0,0,0,0,0,0x03
2026-09-06T11:02:22.316,4834,0,2,50,0,0,0,0,0,0,0x03
2026-09-06T11:02:22.381,4835,0,2,51,0,0,0,0,0,0,0x03
2026-09-06T11:02:22.446,4836,0,2,51,0,0,0,0,0,0,0x03
2026-09-06T11:02:22.511,4837,0,2,50,0,0,0,0,0,0,0x03
2026-09-06T11:02:22.592,4838,0,2,50,0,0,0,0,0,0,0x03
2026-09-06T11:02:22.657,4839,0,2,51,0,0,0,0,0,0,0x03
2026-09-06T11:02:22.722,4840,0,2,50,0,0,0,0,0,0,0x03
2026-09-06T11:02:22.786,4841,0,2,50,0,0,0,0,0,0,0x03
2026-09-06T11:02:22.851,4842,0,2,50,0,0,0,0,0,0,0x03
2026-09-06T11:02:22.916,4843,0,2,52,0,0,0,0,0,0,0x03
2026-09-06T11:02:22.981,4844,0,2,50,0,0,0,0,0,0,0x03
2026-09-06T11:02:23.061,4845,0,2,50,0,0,0,0,0,0,0x03
2026-09-06T11:02:23.126,4846,0,2,52,0,0,0,0,0,0,0x03
2026-09-06T11:02:23.191,4847,0,2,52,0,0,0,0,0,0,0x03
2026-09-06T11:02:23.256,4848,0,2,50,0,0,0,0,0,0,0x03
2026-09-06T11:02:23.321,4849,0,2,50,0,0,0,0,0,0,0x03
2026-09-06T11:02:23.386,4850,0,2,52,0,0,0,0,0,0,0x03
2026-09-06T11:02:23.451,4851,0,2,50,0,0,0,0,0,0,0x03
2026-09-06T11:02:23.515,4852,0,2,50,0,0,0,0,0,0,0x03
2026-09-06T11:02:23.597,4853,0,2,51,0,0,0,0,0,0,0x03
2026-09-06T11:02:23.661,4854,0,2,52,0,0,0,0,0,0,0x03
2026-09-06T11:02:23.726,4855,0,2,52,0,0,0,0,0,0,0x03
2026-09-06T11:02:23.791,4856,0,2,50,0,0,0,0,0,0,0x03
2026-09-06T11:02:23.855,4857,0,2,51,0,0,0,0,0,0,0x03
2026-09-06T11:02:23.920,4858,0,2,52,0,0,0,0,0,0,0x03
2026-09-06T11:02:23.985,4859,0,2,52,0,0,0,0,0,0,0x03
2026-09-06T11:02:24.050,4860,0,2,52,0,0,0,0,0,0,0x03
2026-09-06T11:02:24.130,4861,0,2,51,0,0,0,0,0,0,0x03
2026-09-06T11:02:24.195,4862,0,2,50,0,0,0,0,0,0,0x03
2026-09-06T11:02:24.260,4863,0,2,50,0,0,0,0,0,0,0x03
2026-09-06T11:02:24.325,4864,0,2,51,0,0,0,0,0,0,0x03
2026-09-06T11:02:24.389,4865,0,2,50,0,0,0,0,0,0,0x03
2026-09-06T11:02:24.454,4866,0,2,51,0,0,0,0,0,0,0x03
2026-09-06T11:02:24.519,4867,0,2,51,0,0,0,0,0,0,0x03
2026-09-06T11:02:24.600,4868,0,2,51,0,0,0,0,0,0,0x03
2026-09-06T11:02:24.665,4869,0,2,55,0,0,0,0,0,0,0x03
2026-09-06T11:02:24.729,4870,0,2,52,0,0,0,0,0,0,0x03
2026-09-06T11:02:24.794,4871,0,2,51,0,0,0,0,0,0,0x03
2026-09-06T11:02:24.924,4872,0,2,51,0,0,0,0,0,0,0x03
2026-09-06T11:02:25.005,4873,0,2,52,0,0,0,0,0,0,0x03
2026-09-06T11:02:25.054,4874,0,2,52,0,0,0,0,0,0,0x03
2026-09-06T11:02:25.135,4875,0,2,51,0,0,0,0,0,0,0x03
2026-09-06T11:02:25.264,4877,0,2,52,0,0,0,0,0,0,0x03
2026-09-06T11:02:25.329,4878,0,2,53,0,0,0,0,0,0,0x03
2026-09-06T11:02:25.393,4879,0,2,51,0,0,0,0,0,0,0x03
2026-09-06T11:02:25.458,4880,0,2,51,0,0,0,0,0,0,0x03
2026-09-06T11:02:25.523,4882,0,2,56,0,0,0,0,0,0,0x03
2026-09-06T11:02:25.604,4883,0,2,50,0,0,0,0,0,0,0x03
2026-09-06T11:02:25.669,4884,0,2,50,0,0,0,0,0,0,0x03
2026-09-06T11:02:25.734,4885,0,2,51,0,0,0,0,0,0,0x03
2026-09-06T11:02:25.799,4886,0,2,51,0,0,0,0,0,0,0x03
2026-09-06T11:02:25.864,4887,0,2,50,0,0,0,0,0,0,0x03
2026-09-06T11:02:25.928,4888,0,2,53,0,0,0,0,0,0,0x03
2026-09-06T11:02:25.993,4889,0,2,51,0,0,0,0,0,0,0x03
2026-09-06T11:02:26.058,4890,0,2,50,0,0,0,0,0,0,0x03
2026-09-06T11:02:26.140,4891,0,2,51,0,0,0,0,0,0,0x03
2026-09-06T11:02:26.205,4892,0,2,52,0,0,0,0,0,0,0x03
2026-09-06T11:02:26.270,4893,0,2,50,0,0,0,0,0,0,0x03
2026-09-06T11:02:26.334,4894,0,2,51,0,0,0,0,0,0,0x03
2026-09-06T11:02:26.399,4895,0,2,52,0,0,0,0,0,0,0x03
2026-09-06T11:02:26.464,4896,0,2,52,0,0,0,0,0,0,0x03
2026-09-06T11:02:26.528,4897,0,2,50,0,0,0,0,0,0,0x03
2026-09-06T11:02:26.593,4898,0,2,53,0,0,0,0,0,0,0x03
2026-09-06T11:02:26.674,4899,0,2,52,0,0,0,0,0,0,0x03
2026-09-06T11:02:26.739,4900,0,2,51,0,0,0,0,0,0,0x03
2026-09-06T11:02:26.804,4901,0,2,51,0,0,0,0,0,0,0x03
2026-09-06T11:02:26.869,4902,0,2,50,0,0,0,0,0,0,0x03
2026-09-06T11:02:26.933,4903,0,2,51,0,0,0,0,0,0,0x03
2026-09-06T11:02:26.998,4904,0,2,50,0,0,0,0,0,0,0x03
2026-09-06T11:02:27.079,4905,0,2,52,0,0,0,0,0,0,0x03
2026-09-06T11:02:27.144,4906,0,2,51,0,0,0,0,0,0,0x03
2026-09-06T11:02:27.209,4907,0,2,53,0,0,0,0,0,0,0x03
2026-09-06T11:02:27.274,4908,0,2,50,0,0,0,0,0,0,0x03
2026-09-06T11:02:27.339,4909,0,2,50,0,0,0,0,0,0,0x03
2026-09-06T11:02:27.404,4910,0,2,50,0,0,0,0,0,0,0x03
2026-09-06T11:02:27.468,4911,0,2,50,0,0,0,0,0,0,0x03
2026-09-06T11:02:27.533,4912,0,2,51,0,0,0,0,0,0,0x03
2026-09-06T11:02:27.598,4913,0,2,51,0,0,0,0,0,0,0x03
2026-09-06T11:02:27.679,4914,0,2,51,0,0,0,0,0,0,0x03
2026-09-06T11:02:27.744,4915,0,2,51,0,0,0,0,0,0,0x03
2026-09-06T11:02:27.809,4916,0,2,52,0,0,0,0,0,0,0x03
2026-09-06T11:02:27.874,4917,0,2,50,0,0,0,0,0,0,0x03
2026-09-06T11:02:27.938,4918,0,2,50,0,0,0,0,0,0,0x03
2026-09-06T11:02:28.003,4919,0,2,51,0,0,0,0,0,0,0x03
2026-09-06T11:02:28.084,4920,0,2,53,0,0,0,0,0,0,0x03
2026-09-06T11:02:28.133,4921,0,2,51,0,0,0,0,0,0,0x03
2026-09-06T11:02:28.214,4922,0,2,51,0,0,0,0,0,0,0x03
2026-09-06T11:02:28.279,4923,0,2,51,0,0,0,0,0,0,0x03
2026-09-06T11:02:28.344,4924,0,2,50,0,0,0,0,0,0,0x03
2026-09-06T11:02:28.409,4925,0,2,52,0,0,0,0,0,0,0x03
2026-09-06T11:02:28.474,4926,0,2,51,0,0,0,0,0,0,0x03
2026-09-06T11:02:28.538,4927,0,2,51,0,0,0,0,0,0,0x03
2026-09-06T11:02:28.620,4928,0,2,50,0,0,0,0,0,0,0x03
2026-09-06T11:02:28.684,4929,0,2,51,0,0,0,0,0,0,0x03
2026-09-06T11:02:28.749,4930,0,2,50,0,0,0,0,0,0,0x03
2026-09-06T11:02:28.814,4931,0,2,51,0,0,0,0,0,0,0x03
2026-09-06T11:02:28.879,4932,0,2,52,0,0,0,0,0,0,0x03
2026-09-06T11:02:28.944,4933,0,2,50,0,0,0,0,0,0,0x03
2026-09-06T11:02:29.009,4934,0,2,52,0,0,0,0,0,0,0x03
2026-09-06T11:02:29.074,4935,0,2,50,0,0,0,0,0,0,0x03
2026-09-06T11:02:29.139,4936,0,2,52,0,0,0,0,0,0,0x03
2026-09-06T11:02:29.220,4937,0,2,51,0,0,0,0,0,0,0x03
2026-09-06T11:02:29.285,4938,0,2,51,0,0,0,0,0,0,0x03
2026-09-06T11:02:29.350,4939,0,2,55,0,0,0,0,0,0,0x03
2026-09-06T11:02:29.415,4940,0,2,51,0,0,0,0,0,0,0x03
2026-09-06T11:02:29.480,4941,0,2,51,0,0,0,0,0,0,0x03
2026-09-06T11:02:29.545,4942,0,2,50,0,0,0,0,0,0,0x03
2026-09-06T11:02:29.610,4943,0,2,53,0,0,0,0,0,0,0x03
2026-09-06T11:02:29.675,4944,0,2,51,0,0,0,0,0,0,0x03
2026-09-06T11:02:29.821,4945,0,2,50,0,0,0,0,0,0,0x03
2026-09-06T11:02:29.886,4946,0,2,51,0,0,0,0,0,0,0x03
2026-09-06T11:02:29.951,4947,0,2,50,0,0,0,0,0,0,0x03
2026-09-06T11:02:30.016,4948,0,2,53,0,0,0,0,0,0,0x03
2026-09-06T11:02:30.081,4950,0,2,50,0,0,0,0,0,0,0x03
2026-09-06T11:02:30.146,4951,0,2,52,0,0,0,0,0,0,0x03
2026-09-06T11:02:30.211,4952,0,2,52,0,0,0,0,0,0,0x03
2026-09-06T11:02:30.292,4953,0,2,52,0,0,0,0,0,0,0x03
2026-09-06T11:02:30.421,4954,0,2,50,0,0,0,0,0,0,0x03
2026-09-06T11:02:30.486,4955,0,2,52,0,0,0,0,0,0,0x03
2026-09-06T11:02:30.551,4956,0,2,50,0,0,0,0,0,0,0x03
2026-09-06T11:02:30.616,4957,0,2,50,0,0,0,0,0,0,0x03
2026-09-06T11:02:30.826,4959,0,2,53,0,0,0,0,0,0,0x03
2026-09-06T11:02:30.891,4960,0,2,51,0,0,0,0,0,0,0x03
2026-09-06T11:02:30.956,4961,0,2,50,0,0,0,0,0,0,0x03
2026-09-06T11:02:31.021,4962,0,2,50,0,0,0,0,0,0,0x03
2026-09-06T11:02:31.085,4965,0,2,53,0,0,0,0,0,0,0x03
2026-09-06T11:02:31.150,4966,0,2,50,0,0,0,0,0,0,0x03
2026-09-06T11:02:31.215,4967,0,2,50,0,0,0,0,0,0,0x03
2026-09-06T11:02:31.280,4968,0,2,51,0,0,0,0,0,0,0x03
2026-09-06T11:02:31.361,4969,0,2,50,0,0,0,0,0,0,0x03
2026-09-06T11:02:31.426,4970,0,2,52,0,0,0,0,0,0,0x03
2026-09-06T11:02:31.491,4971,0,2,50,0,0,0,0,0,0,0x03
2026-09-06T11:02:31.557,4972,0,2,52,0,0,0,0,0,0,0x03
2026-09-06T11:02:31.622,4973,0,2,51,0,0,0,0,0,0,0x03
2026-09-06T11:02:31.687,4974,0,2,51,0,0,0,0,0,0,0x03
2026-09-06T11:02:31.751,4975,0,2,50,0,0,0,0,0,0,0x03
2026-09-06T11:02:31.816,4976,0,2,52,0,0,0,0,0,0,0x03
2026-09-06T11:02:31.897,4977,0,2,50,0,0,0,0,0,0,0x03
2026-09-06T11:02:31.962,4978,0,2,51,0,0,0,0,0,0,0x03
2026-09-06T11:02:32.027,4979,0,2,50,0,0,0,0,0,0,0x03
2026-09-06T11:02:32.092,4980,0,2,50,0,0,0,0,0,0,0x03
2026-09-06T11:02:32.157,4981,0,2,55,0,0,0,0,0,0,0x03
2026-09-06T11:02:32.222,4982,0,2,50,0,0,0,0,0,0,0x03
2026-09-06T11:02:32.287,4983,0,2,50,0,0,0,0,0,0,0x03
2026-09-06T11:02:32.368,4984,0,2,50,0,0,0,0,0,0,0x03
2026-09-06T11:02:32.433,4985,0,2,50,0,0,0,0,0,0,0x03
2026-09-06T11:02:32.497,4986,0,2,51,0,0,0,0,0,0,0x03
2026-09-06T11:02:32.562,4987,0,2,53,0,0,0,0,0,0,0x03
2026-09-06T11:02:32.627,4988,0,2,50,0,0,0,0,0,0,0x03
2026-09-06T11:02:32.692,4989,0,2,50,0,0,0,0,0,0,0x03
2026-09-06T11:02:32.757,4990,0,2,51,0,0,0,0,0,0,0x03
2026-09-06T11:02:32.821,4991,0,2,52,0,0,0,0,0,0,0x03
2026-09-06T11:02:32.903,4992,0,2,50,0,0,0,0,0,0,0x03
2026-09-06T11:02:33.097,4993,0,2,52,0,0,0,0,0,0,0x03
2026-09-06T11:02:33.162,4994,0,2,50,0,0,0,0,0,0,0x03
2026-09-06T11:02:33.292,4995,0,2,51,0,0,0,0,0,0,0x03
2026-09-06T11:02:33.761,4996,0,2,51,0,0,0,0,0,0,0x03
2026-09-06T11:02:33.971,4999,0,2,51,0,0,0,0,0,0,0x03
2026-09-06T11:02:34.036,5000,0,2,50,0,0,0,0,0,0,0x03
2026-09-06T11:02:34.100,5002,0,2,51,0,0,0,0,0,0,0x03
2026-09-06T11:02:34.165,5009,0,2,50,0,0,0,0,0,0,0x03
2026-09-06T11:02:34.230,5012,0,2,50,0,0,0,0,0,0,0x03
2026-09-06T11:02:34.294,5013,0,2,51,0,0,0,0,0,0,0x03
2026-09-06T11:02:34.359,5014,0,2,51,0,0,0,0,0,0,0x03
2026-09-06T11:02:34.440,5015,0,2,50,0,0,0,0,0,0,0x03
2026-09-06T11:02:34.505,5016,0,2,51,0,0,0,0,0,0,0x03
2026-09-06T11:02:34.569,5017,0,2,52,0,0,0,0,0,0,0x03
2026-09-06T11:02:34.634,5018,0,2,51,0,0,0,0,0,0,0x03
2026-09-06T11:02:34.763,5019,0,2,62,0,0,0,0,0,0,0x03
2026-09-06T11:02:34.828,5020,0,2,51,0,0,0,0,0,0,0x03
2026-09-06T11:02:35.037,5021,0,2,51,0,0,0,0,0,0,0x03
2026-09-06T11:02:35.102,5022,0,2,50,0,0,0,0,0,0,0x03
2026-09-06T11:02:35.166,5024,0,2,53,0,0,0,0,0,0,0x03
2026-09-06T11:02:35.231,5025,0,2,50,0,0,0,0,0,0,0x03
2026-09-06T11:02:35.312,5028,0,2,51,0,0,0,0,0,0,0x03
2026-09-06T11:02:35.376,5029,0,2,50,0,0,0,0,0,0,0x03
2026-09-06T11:02:35.441,5030,0,2,52,0,0,0,0,0,0,0x03
2026-09-06T11:02:35.506,5031,0,2,51,0,0,0,0,0,0,0x03
2026-09-06T11:02:35.570,5032,0,2,52,0,0,0,0,0,0,0x03
2026-09-06T11:02:35.635,5033,0,2,50,0,0,0,0,0,0,0x03
2026-09-06T11:02:35.699,5034,0,2,51,0,0,0,0,0,0,0x03
2026-09-06T11:02:35.780,5035,0,2,51,0,0,0,0,0,0,0x03
2026-09-06T11:02:35.845,5036,0,2,50,0,0,0,0,0,0,0x03
2026-09-06T11:02:35.910,5037,0,2,50,0,0,0,0,0,0,0x03
2026-09-06T11:02:35.974,5038,0,2,51,0,0,0,0,0,0,0x03
2026-09-06T11:02:36.039,5039,0,2,50,0,0,0,0,0,0,0x03
2026-09-06T11:02:36.103,5040,0,2,51,0,0,0,0,0,0,0x03
2026-09-06T11:02:36.168,5041,0,2,50,0,0,0,0,0,0,0x03
2026-09-06T11:02:36.249,5042,0,2,50,0,0,0,0,0,0,0x03
2026-09-06T11:02:36.313,5043,0,2,51,0,0,0,0,0,0,0x03
2026-09-06T11:02:36.378,5044,0,2,50,0,0,0,0,0,0,0x03
2026-09-06T11:02:36.442,5045,0,2,50,0,0,0,0,0,0,0x03
2026-09-06T11:02:36.571,5046,0,2,52,0,0,0,0,0,0,0x03
2026-09-06T11:02:36.636,5047,0,2,50,0,0,0,0,0,0,0x03
2026-09-06T11:02:36.717,5048,0,2,50,0,0,0,0,0,0,0x03
2026-09-06T11:02:36.781,5049,0,2,50,0,0,0,0,0,0,0x03
2026-09-06T11:02:36.975,5051,0,2,50,0,0,0,0,0,0,0x03
2026-09-06T11:02:37.040,5052,0,2,50,0,0,0,0,0,0,0x03
2026-09-06T11:02:37.120,5053,0,2,52,0,0,0,0,0,0,0x03
2026-09-06T11:02:37.185,5054,0,2,51,0,0,0,0,0,0,0x03
2026-09-06T11:02:37.250,5057,0,2,51,0,0,0,0,0,0,0x03
2026-09-06T11:02:37.314,5058,0,2,51,0,0,0,0,0,0,0x03
2026-09-06T11:02:37.379,5059,0,2,50,0,0,0,0,0,0,0x03
2026-09-06T11:02:37.444,5060,0,2,52,0,0,0,0,0,0,0x03
2026-09-06T11:02:37.508,5061,0,2,51,0,0,0,0,0,0,0x03
2026-09-06T11:02:37.589,5062,0,2,51,0,0,0,0,0,0,0x03
2026-09-06T11:02:37.654,5063,0,2,51,0,0,0,0,0,0,0x03
2026-09-06T11:02:37.718,5064,0,2,52,0,0,0,0,0,0,0x03
2026-09-06T11:02:37.783,5065,0,2,52,0,0,0,0,0,0,0x03
2026-09-06T11:02:37.848,5066,0,2,51,0,0,0,0,0,0,0x03
2026-09-06T11:02:37.978,5067,0,2,51,0,0,0,0,0,0,0x03
2026-09-06T11:02:38.043,5068,0,2,50,0,0,0,0,0,0,0x03
2026-09-06T11:02:38.123,5069,0,2,52,0,0,0,0,0,0,0x03
2026-09-06T11:02:38.188,5070,0,2,50,0,0,0,0,0,0,0x03
2026-09-06T11:02:38.318,5072,0,2,51,0,0,0,0,0,0,0x03
2026-09-06T11:02:38.383,5073,0,2,51,0,0,0,0,0,0,0x03
2026-09-06T11:02:38.447,5074,0,2,52,0,0,0,0,0,0,0x03
2026-09-06T11:02:38.512,5075,0,2,52,0,0,0,0,0,0,0x03
2026-09-06T11:02:38.593,5077,0,2,50,0,0,0,0,0,0,0x03
2026-09-06T11:02:38.659,5078,0,2,52,0,0,0,0,0,0,0x03
2026-09-06T11:02:38.724,5079,0,2,50,0,0,0,0,0,0,0x03
2026-09-06T11:02:38.789,5080,0,2,50,0,0,0,0,0,0,0x03
2026-09-06T11:02:38.853,5081,0,2,51,0,0,0,0,0,0,0x03
2026-09-06T11:02:38.918,5082,0,2,50,0,0,0,0,0,0,0x03
2026-09-06T11:02:38.983,5083,0,2,52,0,0,0,0,0,0,0x03
2026-09-06T11:02:39.048,5084,0,2,50,0,0,0,0,0,0,0x03
2026-09-06T11:02:39.129,5085,0,2,51,0,0,0,0,0,0,0x03
2026-09-06T11:02:39.194,5086,0,2,50,0,0,0,0,0,0,0x03
2026-09-06T11:02:39.259,5087,0,2,50,0,0,0,0,0,0,0x03
2026-09-06T11:02:39.324,5088,0,2,50,0,0,0,0,0,0,0x03
2026-09-06T11:02:39.389,5089,0,2,51,0,0,0,0,0,0,0x03
2026-09-06T11:02:39.454,5090,0,2,51,0,0,0,0,0,0,0x03
2026-09-06T11:02:39.519,5091,0,2,50,0,0,0,0,0,0,0x03
2026-09-06T11:02:39.584,5092,0,2,51,0,0,0,0,0,0,0x03
2026-09-06T11:02:39.665,5093,0,2,51,0,0,0,0,0,0,0x03
2026-09-06T11:02:39.730,5094,0,2,51,0,0,0,0,0,0,0x03
2026-09-06T11:02:39.795,5095,0,2,51,0,0,0,0,0,0,0x03
2026-09-06T11:02:39.860,5096,0,2,51,0,0,0,0,0,0,0x03
2026-09-06T11:02:39.925,5097,0,2,50,0,0,0,0,0,0,0x03
2026-09-06T11:02:39.990,5098,0,2,51,0,0,0,0,0,0,0x03
2026-09-06T11:02:40.054,5099,0,2,51,0,0,0,0,0,0,0x03
2026-09-06T11:02:40.200,5100,0,2,50,0,0,0,0,0,0,0x03
2026-09-06T11:02:40.395,5101,0,2,51,0,0,0,0,0,0,0x03
2026-09-06T11:02:41.740,5102,0,2,51,0,0,0,0,0,0,0x03
2026-09-06T11:02:42.000,5103,0,2,50,0,0,0,0,0,0,0x03
2026-09-06T11:02:42.065,5105,0,2,51,0,0,0,0,0,0,0x03
2026-09-06T11:02:42.130,5108,0,2,51,0,0,0,0,0,0,0x03
2026-09-06T11:02:42.194,5128,0,2,51,0,0,0,0,0,0,0x03
2026-09-06T11:02:42.340,5132,0,2,50,0,0,0,0,0,0,0x03
2026-09-06T11:02:42.405,5133,0,2,52,0,0,0,0,0,0,0x03
2026-09-06T11:02:42.535,5134,0,2,51,0,0,0,0,0,0,0x03
2026-09-06T11:02:42.793,5135,0,2,52,0,0,0,0,0,0,0x03
2026-09-06T11:02:42.875,5137,0,2,50,0,0,0,0,0,0,0x03
2026-09-06T11:02:42.939,5138,0,2,52,0,0,0,0,0,0,0x03
2026-09-06T11:02:43.134,5140,0,2,52,0,0,0,0,0,0,0x03
2026-09-06T11:02:43.279,5144,0,2,51,0,0,0,0,0,0,0x03
2026-09-06T11:02:43.945,5145,0,2,50,0,0,0,0,0,0,0x03
2026-09-06T11:02:44.010,5146,0,2,54,0,0,0,0,0,0,0x03
2026-09-06T11:02:44.075,5149,0,2,52,0,0,0,0,0,0,0x03
2026-09-06T11:02:44.140,5151,0,2,52,0,0,0,0,0,0,0x03
2026-09-06T11:02:44.205,5161,0,2,50,0,0,0,0,0,0,0x03
2026-09-06T11:02:44.270,5162,0,2,51,0,0,0,0,0,0,0x03
2026-09-06T11:02:44.335,5163,0,2,51,0,0,0,0,0,0,0x03
2026-09-06T11:02:44.415,5164,0,2,50,0,0,0,0,0,0,0x03
2026-09-06T11:02:44.480,5165,0,2,51,0,0,0,0,0,0,0x03
2026-09-06T11:02:44.545,5166,0,2,51,0,0,0,0,0,0,0x03
2026-09-06T11:02:44.610,5167,0,2,51,0,0,0,0,0,0,0x03
2026-09-06T11:02:44.674,5168,0,2,50,0,0,0,0,0,0,0x03
2026-09-06T11:02:44.739,5169,0,2,54,0,0,0,0,0,0,0x03
2026-09-06T11:02:44.820,5170,0,2,50,0,0,0,0,0,0,0x03
2026-09-06T11:02:44.869,5171,0,2,52,0,0,0,0,0,0,0x03
2026-09-06T11:02:44.950,5172,0,2,50,0,0,0,0,0,0,0x03
2026-09-06T11:02:45.015,5173,0,2,51,0,0,0,0,0,0,0x03
2026-09-06T11:02:45.080,5174,0,2,50,0,0,0,0,0,0,0x03
2026-09-06T11:02:45.145,5175,0,2,50,0,0,0,0,0,0,0x03
2026-09-06T11:02:45.209,5176,0,2,50,0,0,0,0,0,0,0x03
2026-09-06T11:02:45.274,5177,0,2,50,0,0,0,0,0,0,0x03
2026-09-06T11:02:45.355,5178,0,2,50,0,0,0,0,0,0,0x03
2026-09-06T11:02:45.420,5179,0,2,51,0,0,0,0,0,0,0x03
2026-09-06T11:02:45.485,5180,0,2,52,0,0,0,0,0,0,0x03
2026-09-06T11:02:45.550,5181,0,2,50,0,0,0,0,0,0,0x03
2026-09-06T11:02:45.615,5182,0,2,50,0,0,0,0,0,0,0x03
2026-09-06T11:02:45.680,5183,0,2,50,0,0,0,0,0,0,0x03
2026-09-06T11:02:45.744,5184,0,2,50,0,0,0,0,0,0,0x03
2026-09-06T11:02:45.809,5185,0,2,50,0,0,0,0,0,0,0x03
2026-09-06T11:02:45.874,5186,0,2,51,0,0,0,0,0,0,0x03
2026-09-06T11:02:45.955,5187,0,2,50,0,0,0,0,0,0,0x03
2026-09-06T11:02:46.020,5188,0,2,51,0,0,0,0,0,0,0x03
2026-09-06T11:02:46.085,5189,0,2,51,0,0,0,0,0,0,0x03
2026-09-06T11:02:46.150,5190,0,2,50,0,0,0,0,0,0,0x03
2026-09-06T11:02:46.215,5191,0,2,50,0,0,0,0,0,0,0x03
2026-09-06T11:02:46.279,5192,0,2,51,0,0,0,0,0,0,0x03
2026-09-06T11:02:46.361,5193,0,2,51,0,0,0,0,0,0,0x03
2026-09-06T11:02:46.409,5194,0,2,51,0,0,0,0,0,0,0x03
2026-09-06T11:02:46.490,5195,0,2,51,0,0,0,0,0,0,0x03
2026-09-06T11:02:46.555,5196,0,2,51,0,0,0,0,0,0,0x03
2026-09-06T11:02:46.620,5197,0,2,51,0,0,0,0,0,0,0x03
2026-09-06T11:02:46.684,5198,0,2,52,0,0,0,0,0,0,0x03
2026-09-06T11:02:46.749,5199,0,2,51,0,0,0,0,0,0,0x03
2026-09-06T11:02:46.814,5200,0,2,52,0,0,0,0,0,0,0x03
2026-09-06T11:02:46.895,5201,0,2,50,0,0,0,0,0,0,0x03
2026-09-06T11:02:46.960,5202,0,2,51,0,0,0,0,0,0,0x03
2026-09-06T11:02:47.024,5203,0,2,55,0,0,0,0,0,0,0x03
2026-09-06T11:02:47.089,5204,0,2,51,0,0,0,0,0,0,0x03
2026-09-06T11:02:47.154,5205,0,2,50,0,0,0,0,0,0,0x03
2026-09-06T11:02:47.219,5206,0,2,52,0,0,0,0,0,0,0x03
2026-09-06T11:02:47.283,5207,0,2,55,0,0,0,0,0,0,0x03
2026-09-06T11:02:47.364,5208,0,2,51,0,0,0,0,0,0,0x03
2026-09-06T11:02:47.558,5209,0,2,50,0,0,0,0,0,0,0x03
2026-09-06T11:02:47.623,5210,0,2,52,0,0,0,0,0,0,0x03
2026-09-06T11:02:47.688,5211,0,2,51,0,0,0,0,0,0,0x03
2026-09-06T11:02:47.753,5212,0,2,50,0,0,0,0,0,0,0x03
2026-09-06T11:02:47.818,5215,0,2,50,0,0,0,0,0,0,0x03
2026-09-06T11:02:47.899,5216,0,2,51,0,0,0,0,0,0,0x03
2026-09-06T11:02:47.964,5217,0,2,55,0,0,0,0,0,0,0x03
2026-09-06T11:02:48.093,5218,0,2,51,0,0,0,0,0,0,0x03
2026-09-06T11:02:48.158,5219,0,2,50,0,0,0,0,0,0,0x03
2026-09-06T11:02:48.223,5220,0,2,51,0,0,0,0,0,0,0x03
2026-09-06T11:02:48.287,5221,0,2,51,0,0,0,0,0,0,0x03
2026-09-06T11:02:48.352,5223,0,2,51,0,0,0,0,0,0,0x03
2026-09-06T11:02:48.433,5224,0,2,50,0,0,0,0,0,0,0x03
2026-09-06T11:02:48.627,5225,0,2,51,0,0,0,0,0,0,0x03
2026-09-06T11:02:48.692,5226,0,2,50,0,0,0,0,0,0,0x03
2026-09-06T11:02:49.161,5227,0,2,51,0,0,0,0,0,0,0x03
2026-09-06T11:02:49.291,5228,0,2,51,0,0,0,0,0,0,0x03
2026-09-06T11:02:49.372,5231,0,2,51,0,0,0,0,0,0,0x03
2026-09-06T11:02:49.437,5232,0,2,55,0,0,0,0,0,0,0x03
2026-09-06T11:02:49.566,5239,0,2,50,0,0,0,0,0,0,0x03
2026-09-06T11:02:49.631,5241,0,2,50,0,0,0,0,0,0,0x03
2026-09-06T11:02:49.696,5242,0,2,51,0,0,0,0,0,0,0x03
2026-09-06T11:02:49.761,5243,0,2,52,0,0,0,0,0,0,0x03
2026-09-06T11:02:49.825,5245,0,2,51,0,0,0,0,0,0,0x03
2026-09-06T11:02:49.906,5246,0,2,51,0,0,0,0,0,0,0x03
2026-09-06T11:02:49.972,5247,0,2,51,0,0,0,0,0,0,0x03
2026-09-06T11:02:50.037,5248,0,2,50,0,0,0,0,0,0,0x03
2026-09-06T11:02:50.101,5249,0,2,51,0,0,0,0,0,0,0x03
2026-09-06T11:02:50.167,5250,0,2,51,0,0,0,0,0,0,0x03
2026-09-06T11:02:50.232,5251,0,2,52,0,0,0,0,0,0,0x03
2026-09-06T11:02:50.297,5252,0,2,50,0,0,0,0,0,0,0x03
2026-09-06T11:02:50.361,5253,0,2,51,0,0,0,0,0,0,0x03
2026-09-06T11:02:50.443,5254,0,2,51,0,0,0,0,0,0,0x03
2026-09-06T11:02:50.507,5255,0,2,52,0,0,0,0,0,0,0x03
2026-09-06T11:02:50.572,5256,0,2,50,0,0,0,0,0,0,0x03
2026-09-06T11:02:50.637,5257,0,2,51,0,0,0,0,0,0,0x03
2026-09-06T11:02:50.702,5258,0,2,50,0,0,0,0,0,0,0x03
2026-09-06T11:02:50.767,5259,0,2,51,0,0,0,0,0,0,0x03
2026-09-06T11:02:50.832,5260,0,2,52,0,0,0,0,0,0,0x03
2026-09-06T11:02:50.896,5261,0,2,52,0,0,0,0,0,0,0x03
2026-09-06T11:02:50.977,5262,0,2,52,0,0,0,0,0,0,0x03
2026-09-06T11:02:51.041,5263,0,2,50,0,0,0,0,0,0,0x03
2026-09-06T11:02:51.106,5264,0,2,52,0,0,0,0,0,0,0x03
2026-09-06T11:02:51.171,5265,0,2,52,0,0,0,0,0,0,0x03
2026-09-06T11:02:51.235,5266,0,2,51,0,0,0,0,0,0,0x03
2026-09-06T11:02:51.300,5267,0,2,52,0,0,0,0,0,0,0x03
2026-09-06T11:02:51.364,5268,0,2,50,0,0,0,0,0,0,0x03
2026-09-06T11:02:51.445,5269,0,2,50,0,0,0,0,0,0,0x03
2026-09-06T11:02:51.574,5270,0,2,50,0,0,0,0,0,0,0x03
2026-09-06T11:02:51.639,5271,0,2,52,0,0,0,0,0,0,0x03
2026-09-06T11:02:51.703,5272,0,2,50,0,0,0,0,0,0,0x03
2026-09-06T11:02:51.913,5273,0,2,51,0,0,0,0,0,0,0x03
2026-09-06T11:02:52.107,5275,0,2,51,0,0,0,0,0,0,0x03
2026-09-06T11:02:52.171,5276,0,2,50,0,0,0,0,0,0,0x03
2026-09-06T11:02:52.639,5277,0,2,51,0,0,0,0,0,0,0x03
2026-09-06T11:02:52.704,5280,0,2,50,0,0,0,0,0,0,0x03
2026-09-06T11:02:52.915,5283,0,2,50,0,0,0,0,0,0,0x03
2026-09-06T11:02:53.108,5284,0,2,51,0,0,0,0,0,0,0x03
2026-09-06T11:02:53.173,5291,0,2,50,0,0,0,0,0,0,0x03
2026-09-06T11:02:53.577,5292,0,2,51,0,0,0,0,0,0,0x03
2026-09-06T11:02:53.641,5295,0,2,50,0,0,0,0,0,0,0x03
2026-09-06T11:02:53.722,5298,0,2,50,0,0,0,0,0,0,0x03
2026-09-06T11:02:54.109,5299,0,2,52,0,0,0,0,0,0,0x03
2026-09-06T11:02:54.190,5305,0,2,50,0,0,0,0,0,0,0x03
2026-09-06T11:02:54.320,5306,0,2,51,0,0,0,0,0,0,0x03
2026-09-06T11:02:54.644,5307,0,2,51,0,0,0,0,0,0,0x03
2026-09-06T11:02:54.725,5313,0,2,51,0,0,0,0,0,0,0x03
2026-09-06T11:02:55.129,5314,0,2,55,0,0,0,0,0,0,0x03
2026-09-06T11:02:55.194,5316,0,2,50,0,0,0,0,0,0,0x03
2026-09-06T11:02:55.517,5321,0,2,51,0,0,0,0,0,0,0x03
2026-09-06T11:02:55.662,5322,0,2,51,0,0,0,0,0,0,0x03
2026-09-06T11:02:56.131,5328,0,2,51,0,0,0,0,0,0,0x03
2026-09-06T11:02:56.196,5329,0,2,52,0,0,0,0,0,0,0x03
2026-09-06T11:02:56.666,5334,0,2,51,0,0,0,0,0,0,0x03
2026-09-06T11:02:56.731,5336,0,2,51,0,0,0,0,0,0,0x03
2026-09-06T11:02:57.136,5343,0,2,51,0,0,0,0,0,0,0x03
2026-09-06T11:02:57.201,5344,0,2,50,0,0,0,0,0,0,0x03
2026-09-06T11:02:57.460,5351,0,2,51,0,0,0,0,0,0,0x03
2026-09-06T11:02:57.525,5352,0,2,51,0,0,0,0,0,0,0x03
2026-09-06T11:02:57.606,5358,0,2,50,0,0,0,0,0,0,0x03
2026-09-06T11:02:57.671,5359,0,2,51,0,0,0,0,0,0,0x03
2026-09-06T11:02:57.801,5363,0,2,50,0,0,0,0,0,0,0x03
2026-09-06T11:02:57.866,5364,0,2,50,0,0,0,0,0,0,0x03
2026-09-06T11:02:57.930,5365,0,2,50,0,0,0,0,0,0,0x03
2026-09-06T11:02:57.995,5366,0,2,51,0,0,0,0,0,0,0x03
2026-09-06T11:02:58.060,5368,0,2,50,0,0,0,0,0,0,0x03
2026-09-06T11:02:58.141,5369,0,2,50,0,0,0,0,0,0,0x03
2026-09-06T11:02:58.205,5370,0,2,52,0,0,0,0,0,0,0x03
2026-09-06T11:02:58.270,5371,0,2,50,0,0,0,0,0,0,0x03
2026-09-06T11:02:58.335,5372,0,2,52,0,0,0,0,0,0,0x03
2026-09-06T11:02:58.401,5373,0,2,50,0,0,0,0,0,0,0x03
2026-09-06T11:02:58.466,5374,0,2,50,0,0,0,0,0,0,0x03
2026-09-06T11:02:58.530,5375,0,2,52,0,0,0,0,0,0,0x03
2026-09-06T11:02:58.595,5376,0,2,51,0,0,0,0,0,0,0x03
2026-09-06T11:02:58.676,5377,0,2,52,0,0,0,0,0,0,0x03
2026-09-06T11:02:58.741,5378,0,2,51,0,0,0,0,0,0,0x03
2026-09-06T11:02:59.130,5379,0,2,53,0,0,0,0,0,0,0x03
2026-09-06T11:02:59.211,5380,0,2,52,0,0,0,0,0,0,0x03
2026-09-06T11:02:59.276,5381,0,2,51,0,0,0,0,0,0,0x03
2026-09-06T11:02:59.405,5382,0,2,51,0,0,0,0,0,0,0x03
2026-09-06T11:02:59.681,5388,0,2,51,0,0,0,0,0,0,0x03
2026-09-06T11:02:59.876,5389,0,2,51,0,0,0,0,0,0,0x03
2026-09-06T11:03:00.005,5390,0,2,51,0,0,0,0,0,0,0x03
2026-09-06T11:03:00.071,5392,0,2,50,0,0,0,0,0,0,0x03
2026-09-06T11:03:00.136,5396,0,2,54,0,0,0,0,0,0,0x03
2026-09-06T11:03:00.216,5399,0,2,51,0,0,0,0,0,0,0x03
2026-09-06T11:03:00.475,5401,0,2,51,0,0,0,0,0,0,0x03
2026-09-06T11:03:00.540,5402,0,2,50,0,0,0,0,0,0,0x03
2026-09-06T11:03:00.605,5403,0,2,52,0,0,0,0,0,0,0x03
2026-09-06T11:03:00.670,5404,0,2,51,0,0,0,0,0,0,0x03
2026-09-06T11:03:00.815,5408,0,2,51,0,0,0,0,0,0,0x03
2026-09-06T11:03:00.880,5409,0,2,55,0,0,0,0,0,0,0x03
2026-09-06T11:03:00.945,5410,0,2,50,0,0,0,0,0,0,0x03
2026-09-06T11:03:01.010,5411,0,2,51,0,0,0,0,0,0,0x03
2026-09-06T11:03:01.140,5413,0,2,51,0,0,0,0,0,0,0x03
2026-09-06T11:03:01.221,5414,0,2,52,0,0,0,0,0,0,0x03
2026-09-06T11:03:01.481,5415,0,2,50,0,0,0,0,0,0,0x03
2026-09-06T11:03:01.545,5416,0,2,50,0,0,0,0,0,0,0x03
2026-09-06T11:03:01.610,5418,0,2,51,0,0,0,0,0,0,0x03
2026-09-06T11:03:01.675,5419,0,2,50,0,0,0,0,0,0,0x03
2026-09-06T11:03:01.756,5423,0,2,50,0,0,0,0,0,0,0x03
2026-09-06T11:03:01.821,5424,0,2,50,0,0,0,0,0,0,0x03
2026-09-06T11:03:01.886,5425,0,2,50,0,0,0,0,0,0,0x03
2026-09-06T11:03:02.015,5426,0,2,51,0,0,0,0,0,0,0x03
2026-09-06T11:03:02.144,5427,0,2,53,0,0,0,0,0,0,0x03
2026-09-06T11:03:02.225,5428,0,2,50,0,0,0,0,0,0,0x03
2026-09-06T11:03:02.614,5429,0,2,50,0,0,0,0,0,0,0x03
2026-09-06T11:03:02.679,5431,0,2,51,0,0,0,0,0,0,0x03
2026-09-06T11:03:02.826,5433,0,2,50,0,0,0,0,0,0,0x03
2026-09-06T11:03:02.955,5434,0,2,52,0,0,0,0,0,0,0x03
2026-09-06T11:03:03.020,5440,0,2,50,0,0,0,0,0,0,0x03
2026-09-06T11:03:03.085,5441,0,2,50,0,0,0,0,0,0,0x03
2026-09-06T11:03:03.150,5443,0,2,51,0,0,0,0,0,0,0x03
2026-09-06T11:03:03.215,5445,0,2,51,0,0,0,0,0,0,0x03
2026-09-06T11:03:03.296,5446,0,2,52,0,0,0,0,0,0,0x03
2026-09-06T11:03:03.361,5447,0,2,55,0,0,0,0,0,0,0x03
2026-09-06T11:03:03.425,5448,0,2,50,0,0,0,0,0,0,0x03
2026-09-06T11:03:03.490,5449,0,2,51,0,0,0,0,0,0,0x03
2026-09-06T11:03:03.555,5450,0,2,51,0,0,0,0,0,0,0x03
2026-09-06T11:03:03.619,5451,0,2,50,0,0,0,0,0,0,0x03
2026-09-06T11:03:03.684,5452,0,2,50,0,0,0,0,0,0,0x03
2026-09-06T11:03:03.765,5453,0,2,52,0,0,0,0,0,0,0x03
2026-09-06T11:03:03.830,5454,0,2,51,0,0,0,0,0,0,0x03
2026-09-06T11:03:04.154,5455,0,2,50,0,0,0,0,0,0,0x03
2026-09-06T11:03:04.300,5456,0,2,50,0,0,0,0,0,0,0x03
2026-09-06T11:03:04.494,5457,0,2,50,0,0,0,0,0,0,0x03
2026-09-06T11:03:04.624,5458,0,2,51,0,0,0,0,0,0,0x03
2026-09-06T11:03:04.689,5463,0,2,50,0,0,0,0,0,0,0x03
2026-09-06T11:03:05.093,5465,0,2,50,0,0,0,0,0,0,0x03
2026-09-06T11:03:05.158,5468,0,2,51,0,0,0,0,0,0,0x03
2026-09-06T11:03:05.223,5470,0,2,54,0,0,0,0,0,0,0x03
2026-09-06T11:03:05.630,5471,0,2,50,0,0,0,0,0,0,0x03
2026-09-06T11:03:05.695,5477,0,2,51,0,0,0,0,0,0,0x03
2026-09-06T11:03:06.100,5478,0,2,51,0,0,0,0,0,0,0x03
2026-09-06T11:03:06.165,5479,0,2,50,0,0,0,0,0,0,0x03
2026-09-06T11:03:06.441,5485,0,2,51,0,0,0,0,0,0,0x03
2026-09-06T11:03:06.506,5486,0,2,53,0,0,0,0,0,0,0x03
2026-09-06T11:03:06.637,5492,0,2,51,0,0,0,0,0,0,0x03
2026-09-06T11:03:06.702,5493,0,2,50,0,0,0,0,0,0,0x03
2026-09-06T11:03:07.108,5497,0,2,50,0,0,0,0,0,0,0x03
2026-09-06T11:03:07.172,5498,0,2,50,0,0,0,0,0,0,0x03
2026-09-06T11:03:07.512,5500,0,2,50,0,0,0,0,0,0,0x03
2026-09-06T11:03:07.577,5501,0,2,51,0,0,0,0,0,0,0x03
2026-09-06T11:03:07.641,5507,0,2,50,0,0,0,0,0,0,0x03
2026-09-06T11:03:07.706,5508,0,2,50,0,0,0,0,0,0,0x03
2026-09-06T11:03:07.836,5513,0,2,51,0,0,0,0,0,0,0x03
2026-09-06T11:03:08.110,5514,0,2,50,0,0,0,0,0,0,0x03
2026-09-06T11:03:08.175,5515,0,2,51,0,0,0,0,0,0,0x03
2026-09-06T11:03:08.450,5516,0,2,51,0,0,0,0,0,0,0x03
2026-09-06T11:03:08.645,5518,0,2,51,0,0,0,0,0,0,0x03
2026-09-06T11:03:08.710,5522,0,2,54,0,0,0,0,0,0,0x03
2026-09-06T11:03:08.904,5523,0,2,52,0,0,0,0,0,0,0x03
2026-09-06T11:03:09.114,5527,0,2,52,0,0,0,0,0,0,0x03
2026-09-06T11:03:09.178,5530,0,2,51,0,0,0,0,0,0,0x03
2026-09-06T11:03:09.646,5531,0,2,52,0,0,0,0,0,0,0x03
2026-09-06T11:03:09.711,5534,0,2,50,0,0,0,0,0,0,0x03
2026-09-06T11:03:10.116,5537,0,2,50,0,0,0,0,0,0,0x03
2026-09-06T11:03:10.180,5538,0,2,51,0,0,0,0,0,0,0x03
2026-09-06T11:03:10.649,5545,0,2,52,0,0,0,0,0,0,0x03
2026-09-06T11:03:10.714,5546,0,2,50,0,0,0,0,0,0,0x03
2026-09-06T11:03:11.118,5552,0,2,51,0,0,0,0,0,0,0x03
2026-09-06T11:03:11.183,5553,0,2,50,0,0,0,0,0,0,0x03
2026-09-06T11:03:11.653,5560,0,2,50,0,0,0,0,0,0,0x03
2026-09-06T11:03:11.719,5561,0,2,52,0,0,0,0,0,0,0x03
2026-09-06T11:03:12.124,5567,0,2,52,0,0,0,0,0,0,0x03
2026-09-06T11:03:12.189,5568,0,2,51,0,0,0,0,0,0,0x03
2026-09-06T11:03:12.465,5575,0,2,50,0,0,0,0,0,0,0x03
2026-09-06T11:03:12.595,5576,0,2,50,0,0,0,0,0,0,0x03
2026-09-06T11:03:12.660,5582,0,2,50,0,0,0,0,0,0,0x03
2026-09-06T11:03:12.871,5583,0,2,50,0,0,0,0,0,0,0x03
2026-09-06T11:03:13.131,5587,0,2,50,0,0,0,0,0,0,0x03
2026-09-06T11:03:13.196,5589,0,2,51,0,0,0,0,0,0,0x03
2026-09-06T11:03:13.262,5590,0,2,51,0,0,0,0,0,0,0x03
2026-09-06T11:03:13.457,5593,0,2,50,0,0,0,0,0,0,0x03
2026-09-06T11:03:13.602,5597,0,2,50,0,0,0,0,0,0,0x03
2026-09-06T11:03:13.667,5598,0,2,51,0,0,0,0,0,0,0x03
2026-09-06T11:03:14.136,5599,0,2,50,0,0,0,0,0,0,0x03
2026-09-06T11:03:14.201,5602,0,2,51,0,0,0,0,0,0,0x03
2026-09-06T11:03:14.607,5604,0,2,54,0,0,0,0,0,0,0x03
2026-09-06T11:03:14.672,5605,0,2,51,0,0,0,0,0,0,0x03
2026-09-06T11:03:15.141,5612,0,2,50,0,0,0,0,0,0,0x03
2026-09-06T11:03:15.206,5613,0,2,50,0,0,0,0,0,0,0x03
2026-09-06T11:03:15.482,5619,0,2,51,0,0,0,0,0,0,0x03
2026-09-06T11:03:15.612,5620,0,2,50,0,0,0,0,0,0,0x03
2026-09-06T11:03:15.677,5627,0,2,51,0,0,0,0,0,0,0x03
2026-09-06T11:03:16.002,5628,0,2,51,0,0,0,0,0,0,0x03
2026-09-06T11:03:16.149,5632,0,2,51,0,0,0,0,0,0,0x03
2026-09-06T11:03:16.214,5634,0,2,51,0,0,0,0,0,0,0x03
2026-09-06T11:03:16.409,5635,0,2,51,0,0,0,0,0,0,0x03
2026-09-06T11:03:16.474,5640,0,2,55,0,0,0,0,0,0,0x03
2026-09-06T11:03:16.539,5642,0,2,53,0,0,0,0,0,0,0x03
2026-09-06T11:03:16.604,5643,0,2,54,0,0,0,0,0,0,0x03
2026-09-06T11:03:16.685,5646,0,2,51,0,0,0,0,0,0,0x03
2026-09-06T11:03:16.944,5647,0,2,50,0,0,0,0,0,0,0x03
2026-09-06T11:03:17.009,5648,0,2,51,0,0,0,0,0,0,0x03
2026-09-06T11:03:17.074,5649,0,2,50,0,0,0,0,0,0,0x03
2026-09-06T11:03:17.139,5650,0,2,50,0,0,0,0,0,0,0x03
2026-09-06T11:03:17.220,5654,0,2,55,0,0,0,0,0,0,0x03
2026-09-06T11:03:17.285,5655,0,2,54,0,0,0,0,0,0,0x03
2026-09-06T11:03:17.479,5656,0,2,50,0,0,0,0,0,0,0x03
2026-09-06T11:03:17.609,5657,0,2,50,0,0,0,0,0,0,0x03
2026-09-06T11:03:17.690,5658,0,2,52,0,0,0,0,0,0,0x03
2026-09-06T11:03:17.754,5659,0,2,52,0,0,0,0,0,0,0x03
2026-09-06T11:03:17.949,5662,0,2,51,0,0,0,0,0,0,0x03
2026-09-06T11:03:18.014,5664,0,2,53,0,0,0,0,0,0,0x03
2026-09-06T11:03:18.144,5665,0,2,51,0,0,0,0,0,0,0x03
2026-09-06T11:03:18.225,5666,0,2,51,0,0,0,0,0,0,0x03
2026-09-06T11:03:18.290,5669,0,2,50,0,0,0,0,0,0,0x03
2026-09-06T11:03:18.355,5670,0,2,50,0,0,0,0,0,0,0x03
2026-09-06T11:03:18.485,5672,0,2,51,0,0,0,0,0,0,0x03
2026-09-06T11:03:18.550,5673,0,2,51,0,0,0,0,0,0,0x03
2026-09-06T11:03:18.615,5674,0,2,51,0,0,0,0,0,0,0x03
2026-09-06T11:03:18.681,5675,0,2,50,0,0,0,0,0,0,0x03
2026-09-06T11:03:18.746,5677,0,2,50,0,0,0,0,0,0,0x03
2026-09-06T11:03:18.827,5678,0,2,50,0,0,0,0,0,0,0x03
2026-09-06T11:03:18.892,5679,0,2,52,0,0,0,0,0,0,0x03
2026-09-06T11:03:18.957,5680,0,2,51,0,0,0,0,0,0,0x03
2026-09-06T11:03:19.021,5681,0,2,50,0,0,0,0,0,0,0x03
2026-09-06T11:03:19.086,5682,0,2,52,0,0,0,0,0,0,0x03
2026-09-06T11:03:19.151,5683,0,2,52,0,0,0,0,0,0,0x03
2026-09-06T11:03:19.216,5684,0,2,51,0,0,0,0,0,0,0x03
2026-09-06T11:03:19.297,5685,0,2,51,0,0,0,0,0,0,0x03
2026-09-06T11:03:19.346,5686,0,2,51,0,0,0,0,0,0,0x03
2026-09-06T11:03:19.427,5687,0,2,50,0,0,0,0,0,0,0x03
2026-09-06T11:03:19.491,5688,0,2,51,0,0,0,0,0,0,0x03
2026-09-06T11:03:19.556,5689,0,2,51,0,0,0,0,0,0,0x03
2026-09-06T11:03:19.620,5690,0,2,51,0,0,0,0,0,0,0x03
2026-09-06T11:03:19.685,5691,0,2,51,0,0,0,0,0,0,0x03
2026-09-06T11:03:19.750,5692,0,2,50,0,0,0,0,0,0,0x03
2026-09-06T11:03:19.831,5693,0,2,52,0,0,0,0,0,0,0x03
2026-09-06T11:03:19.896,5694,0,2,51,0,0,0,0,0,0,0x03
2026-09-06T11:03:19.962,5695,0,2,50,0,0,0,0,0,0,0x03
2026-09-06T11:03:20.301,5696,0,2,50,0,0,0,0,0,0,0x03
2026-09-06T11:03:20.366,5697,0,2,51,0,0,0,0,0,0,0x03
2026-09-06T11:03:20.691,5698,0,2,51,0,0,0,0,0,0,0x03
2026-09-06T11:03:20.756,5699,0,2,51,0,0,0,0,0,0,0x03
2026-09-06T11:03:20.837,5704,0,2,51,0,0,0,0,0,0,0x03
2026-09-06T11:03:20.886,5705,0,2,51,0,0,0,0,0,0,0x03
2026-09-06T11:03:20.967,5710,0,2,50,0,0,0,0,0,0,0x03
2026-09-06T11:03:21.032,5711,0,2,50,0,0,0,0,0,0,0x03
2026-09-06T11:03:21.096,5712,0,2,52,0,0,0,0,0,0,0x03
2026-09-06T11:03:21.161,5713,0,2,52,0,0,0,0,0,0,0x03
2026-09-06T11:03:21.226,5714,0,2,51,0,0,0,0,0,0,0x03
2026-09-06T11:03:21.290,5715,0,2,53,0,0,0,0,0,0,0x03
2026-09-06T11:03:21.371,5716,0,2,51,0,0,0,0,0,0,0x03
2026-09-06T11:03:21.436,5717,0,2,50,0,0,0,0,0,0,0x03
2026-09-06T11:03:21.501,5718,0,2,52,0,0,0,0,0,0,0x03
2026-09-06T11:03:21.566,5719,0,2,52,0,0,0,0,0,0,0x03
2026-09-06T11:03:21.761,5720,0,2,50,0,0,0,0,0,0,0x03
2026-09-06T11:03:21.826,5721,0,2,50,0,0,0,0,0,0,0x03
2026-09-06T11:03:21.907,5722,0,2,52,0,0,0,0,0,0,0x03
2026-09-06T11:03:21.973,5723,0,2,50,0,0,0,0,0,0,0x03
2026-09-06T11:03:22.038,5726,0,2,50,0,0,0,0,0,0,0x03
2026-09-06T11:03:22.168,5727,0,2,50,0,0,0,0,0,0,0x03
2026-09-06T11:03:22.233,5728,0,2,52,0,0,0,0,0,0,0x03
2026-09-06T11:03:22.298,5729,0,2,50,0,0,0,0,0,0,0x03
2026-09-06T11:03:22.363,5730,0,2,52,0,0,0,0,0,0,0x03
2026-09-06T11:03:22.703,5732,0,2,52,0,0,0,0,0,0,0x03
2026-09-06T11:03:22.768,5733,0,2,52,0,0,0,0,0,0,0x03
2026-09-06T11:03:23.108,5734,0,2,50,0,0,0,0,0,0,0x03
2026-09-06T11:03:23.173,5735,0,2,51,0,0,0,0,0,0,0x03
2026-09-06T11:03:23.513,5740,0,2,51,0,0,0,0,0,0,0x03
2026-09-06T11:03:23.578,5741,0,2,51,0,0,0,0,0,0,0x03
2026-09-06T11:03:23.901,5746,0,2,55,0,0,0,0,0,0,0x03
2026-09-06T11:03:23.983,5747,0,2,50,0,0,0,0,0,0,0x03
2026-09-06T11:03:24.112,5752,0,2,51,0,0,0,0,0,0,0x03
2026-09-06T11:03:24.306,5753,0,2,50,0,0,0,0,0,0,0x03
2026-09-06T11:03:24.371,5758,0,2,52,0,0,0,0,0,0,0x03
2026-09-06T11:03:24.646,5759,0,2,51,0,0,0,0,0,0,0x03
2026-09-06T11:03:24.712,5761,0,2,52,0,0,0,0,0,0,0x03
2026-09-06T11:03:24.776,5764,0,2,52,0,0,0,0,0,0,0x03
2026-09-06T11:03:24.841,5765,0,2,50,0,0,0,0,0,0,0x03
2026-09-06T11:03:24.906,5769,0,2,50,0,0,0,0,0,0,0x03
2026-09-06T11:03:24.987,5770,0,2,50,0,0,0,0,0,0,0x03
2026-09-06T11:03:25.052,5771,0,2,51,0,0,0,0,0,0,0x03
2026-09-06T11:03:25.117,5772,0,2,52,0,0,0,0,0,0,0x03
2026-09-06T11:03:25.182,5773,0,2,51,0,0,0,0,0,0,0x03
2026-09-06T11:03:25.247,5774,0,2,52,0,0,0,0,0,0,0x03
2026-09-06T11:03:25.441,5775,0,2,51,0,0,0,0,0,0,0x03
2026-09-06T11:03:25.522,5776,0,2,54,0,0,0,0,0,0,0x03
2026-09-06T11:03:25.587,5777,0,2,53,0,0,0,0,0,0,0x03
2026-09-06T11:03:25.782,5778,0,2,50,0,0,0,0,0,0,0x03
2026-09-06T11:03:25.848,5781,0,2,50,0,0,0,0,0,0,0x03
2026-09-06T11:03:25.913,5782,0,2,51,0,0,0,0,0,0,0x03
2026-09-06T11:03:25.977,5783,0,2,52,0,0,0,0,0,0,0x03
2026-09-06T11:03:26.123,5786,0,2,52,0,0,0,0,0,0,0x03
2026-09-06T11:03:26.253,5787,0,2,50,0,0,0,0,0,0,0x03
2026-09-06T11:03:26.318,5788,0,2,51,0,0,0,0,0,0,0x03
2026-09-06T11:03:26.383,5789,0,2,50,0,0,0,0,0,0,0x03
2026-09-06T11:03:26.659,5791,0,2,55,0,0,0,0,0,0,0x03
2026-09-06T11:03:26.724,5793,0,2,50,0,0,0,0,0,0,0x03
2026-09-06T11:03:26.788,5794,0,2,50,0,0,0,0,0,0,0x03
2026-09-06T11:03:26.983,5795,0,2,51,0,0,0,0,0,0,0x03
2026-09-06T11:03:27.113,5799,0,2,52,0,0,0,0,0,0,0x03
2026-09-06T11:03:27.194,5800,0,2,53,0,0,0,0,0,0,0x03
2026-09-06T11:03:27.323,5801,0,2,50,0,0,0,0,0,0,0x03
2026-09-06T11:03:27.518,5804,0,2,51,0,0,0,0,0,0,0x03
2026-09-06T11:03:27.583,5806,0,2,51,0,0,0,0,0,0,0x03
2026-09-06T11:03:27.729,5807,0,2,50,0,0,0,0,0,0,0x03
2026-09-06T11:03:27.924,5809,0,2,51,0,0,0,0,0,0,0x03
2026-09-06T11:03:27.989,5812,0,2,50,0,0,0,0,0,0,0x03
2026-09-06T11:03:28.054,5813,0,2,50,0,0,0,0,0,0,0x03
2026-09-06T11:03:28.119,5815,0,2,50,0,0,0,0,0,0,0x03
2026-09-06T11:03:28.184,5818,0,2,50,0,0,0,0,0,0,0x03
2026-09-06T11:03:28.265,5819,0,2,51,0,0,0,0,0,0,0x03
2026-09-06T11:03:28.330,5820,0,2,52,0,0,0,0,0,0,0x03
2026-09-06T11:03:28.395,5821,0,2,51,0,0,0,0,0,0,0x03
2026-09-06T11:03:28.460,5822,0,2,51,0,0,0,0,0,0,0x03
2026-09-06T11:03:28.525,5823,0,2,50,0,0,0,0,0,0,0x03
2026-09-06T11:03:28.590,5824,0,2,50,0,0,0,0,0,0,0x03
2026-09-06T11:03:28.654,5825,0,2,51,0,0,0,0,0,0,0x03
2026-09-06T11:03:28.735,5826,0,2,51,0,0,0,0,0,0,0x03
2026-09-06T11:03:28.800,5827,0,2,52,0,0,0,0,0,0,0x03
2026-09-06T11:03:28.864,5828,0,2,51,0,0,0,0,0,0,0x03
2026-09-06T11:03:28.930,5829,0,2,52,0,0,0,0,0,0,0x03
2026-09-06T11:03:28.995,5830,0,2,50,0,0,0,0,0,0,0x03
2026-09-06T11:03:29.060,5831,0,2,50,0,0,0,0,0,0,0x03
2026-09-06T11:03:29.125,5832,0,2,52,0,0,0,0,0,0,0x03
2026-09-06T11:03:29.190,5833,0,2,51,0,0,0,0,0,0,0x03
2026-09-06T11:03:29.270,5834,0,2,50,0,0,0,0,0,0,0x03
2026-09-06T11:03:29.336,5835,0,2,50,0,0,0,0,0,0,0x03
2026-09-06T11:03:29.401,5836,0,2,54,0,0,0,0,0,0,0x03
2026-09-06T11:03:29.465,5837,0,2,52,0,0,0,0,0,0,0x03
2026-09-06T11:03:29.530,5838,0,2,50,0,0,0,0,0,0,0x03
2026-09-06T11:03:29.595,5839,0,2,52,0,0,0,0,0,0,0x03
2026-09-06T11:03:29.660,5840,0,2,56,0,0,0,0,0,0,0x03
2026-09-06T11:03:29.724,5841,0,2,52,0,0,0,0,0,0,0x03
2026-09-06T11:03:29.805,5842,0,2,52,0,0,0,0,0,0,0x03
2026-09-06T11:03:29.870,5843,0,2,51,0,0,0,0,0,0,0x03
2026-09-06T11:03:29.935,5844,0,2,51,0,0,0,0,0,0,0x03
2026-09-06T11:03:30.000,5845,0,2,51,0,0,0,0,0,0,0x03
2026-09-06T11:03:30.065,5846,0,2,50,0,0,0,0,0,0,0x03
2026-09-06T11:03:30.129,5847,0,2,51,0,0,0,0,0,0,0x03
2026-09-06T11:03:30.194,5848,0,2,50,0,0,0,0,0,0,0x03
2026-09-06T11:03:30.275,5849,0,2,50,0,0,0,0,0,0,0x03
2026-09-06T11:03:30.404,5850,0,2,53,0,0,0,0,0,0,0x03
2026-09-06T11:03:30.470,5851,0,2,52,0,0,0,0,0,0,0x03
2026-09-06T11:03:30.535,5852,0,2,50,0,0,0,0,0,0,0x03
2026-09-06T11:03:30.600,5853,0,2,50,0,0,0,0,0,0,0x03
2026-09-06T11:03:30.665,5855,0,2,51,0,0,0,0,0,0,0x03
2026-09-06T11:03:30.729,5856,0,2,51,0,0,0,0,0,0,0x03
2026-09-06T11:03:30.810,5857,0,2,51,0,0,0,0,0,0,0x03
2026-09-06T11:03:30.875,5858,0,2,51,0,0,0,0,0,0,0x03
2026-09-06T11:03:30.940,5859,0,2,51,0,0,0,0,0,0,0x03
2026-09-06T11:03:31.070,5860,0,2,52,0,0,0,0,0,0,0x03
2026-09-06T11:03:31.135,5861,0,2,50,0,0,0,0,0,0,0x03
2026-09-06T11:03:31.199,5862,0,2,51,0,0,0,0,0,0,0x03
2026-09-06T11:03:31.264,5863,0,2,51,0,0,0,0,0,0,0x03
2026-09-06T11:03:31.345,5865,0,2,52,0,0,0,0,0,0,0x03
2026-09-06T11:03:31.410,5866,0,2,50,0,0,0,0,0,0,0x03
2026-09-06T11:03:31.475,5867,0,2,50,0,0,0,0,0,0,0x03
2026-09-06T11:03:31.540,5868,0,2,54,0,0,0,0,0,0,0x03
2026-09-06T11:03:31.605,5869,0,2,50,0,0,0,0,0,0,0x03
2026-09-06T11:03:31.734,5870,0,2,50,0,0,0,0,0,0,0x03
2026-09-06T11:03:31.799,5871,0,2,51,0,0,0,0,0,0,0x03
2026-09-06T11:03:31.880,5872,0,2,50,0,0,0,0,0,0,0x03
2026-09-06T11:03:31.944,5873,0,2,52,0,0,0,0,0,0,0x03
2026-09-06T11:03:32.009,5875,0,2,50,0,0,0,0,0,0,0x03
2026-09-06T11:03:32.219,5876,0,2,52,0,0,0,0,0,0,0x03
2026-09-06T11:03:32.267,5877,0,2,50,0,0,0,0,0,0,0x03
2026-09-06T11:03:32.348,5878,0,2,52,0,0,0,0,0,0,0x03
2026-09-06T11:03:32.412,5879,0,2,52,0,0,0,0,0,0,0x03
2026-09-06T11:03:32.477,5882,0,2,51,0,0,0,0,0,0,0x03
2026-09-06T11:03:32.542,5883,0,2,51,0,0,0,0,0,0,0x03
2026-09-06T11:03:32.606,5884,0,2,51,0,0,0,0,0,0,0x03
2026-09-06T11:03:32.687,5885,0,2,50,0,0,0,0,0,0,0x03
2026-09-06T11:03:32.735,5886,0,2,50,0,0,0,0,0,0,0x03
2026-09-06T11:03:32.816,5887,0,2,52,0,0,0,0,0,0,0x03
2026-09-06T11:03:32.881,5888,0,2,52,0,0,0,0,0,0,0x03
2026-09-06T11:03:33.074,5889,0,2,52,0,0,0,0,0,0,0x03
2026-09-06T11:03:33.139,5890,0,2,55,0,0,0,0,0,0,0x03
2026-09-06T11:03:33.220,5891,0,2,51,0,0,0,0,0,0,0x03
2026-09-06T11:03:33.284,5892,0,2,51,0,0,0,0,0,0,0x03
2026-09-06T11:03:33.349,5895,0,2,51,0,0,0,0,0,0,0x03
2026-09-06T11:03:33.414,5896,0,2,50,0,0,0,0,0,0,0x03
2026-09-06T11:03:33.478,5897,0,2,51,0,0,0,0,0,0,0x03
2026-09-06T11:03:33.543,5898,0,2,51,0,0,0,0,0,0,0x03
2026-09-06T11:03:33.688,5899,0,2,50,0,0,0,0,0,0,0x03
2026-09-06T11:03:33.753,5900,0,2,50,0,0,0,0,0,0,0x03
2026-09-06T11:03:33.817,5901,0,2,50,0,0,0,0,0,0,0x03
2026-09-06T11:03:33.882,5902,0,2,51,0,0,0,0,0,0,0x03
2026-09-06T11:03:33.947,5904,0,2,51,0,0,0,0,0,0,0x03
2026-09-06T11:03:34.011,5905,0,2,51,0,0,0,0,0,0,0x03
2026-09-06T11:03:34.157,5906,0,2,50,0,0,0,0,0,0,0x03
2026-09-06T11:03:34.221,5907,0,2,50,0,0,0,0,0,0,0x03
2026-09-06T11:03:34.286,5908,0,2,51,0,0,0,0,0,0,0x03
2026-09-06T11:03:34.350,5909,0,2,51,0,0,0,0,0,0,0x03
2026-09-06T11:03:34.480,5911,0,2,51,0,0,0,0,0,0,0x03
2026-09-06T11:03:34.544,5912,0,2,51,0,0,0,0,0,0,0x03
2026-09-06T11:03:34.625,5913,0,2,51,0,0,0,0,0,0,0x03
2026-09-06T11:03:34.689,5914,0,2,51,0,0,0,0,0,0,0x03
2026-09-06T11:03:34.754,5916,0,2,55,0,0,0,0,0,0,0x03
2026-09-06T11:03:34.819,5917,0,2,51,0,0,0,0,0,0,0x03
2026-09-06T11:03:34.948,5918,0,2,50,0,0,0,0,0,0,0x03
2026-09-06T11:03:35.029,5919,0,2,50,0,0,0,0,0,0,0x03
2026-09-06T11:03:35.093,5920,0,2,50,0,0,0,0,0,0,0x03
2026-09-06T11:03:35.158,5921,0,2,51,0,0,0,0,0,0,0x03
2026-09-06T11:03:35.287,5923,0,2,51,0,0,0,0,0,0,0x03
2026-09-06T11:03:35.352,5924,0,2,50,0,0,0,0,0,0,0x03
2026-09-06T11:03:35.497,5925,0,2,50,0,0,0,0,0,0,0x03
2026-09-06T11:03:35.562,5926,0,2,50,0,0,0,0,0,0,0x03
2026-09-06T11:03:35.691,5928,0,2,51,0,0,0,0,0,0,0x03
2026-09-06T11:03:35.756,5929,0,2,52,0,0,0,0,0,0,0x03
2026-09-06T11:03:35.821,5931,0,2,50,0,0,0,0,0,0,0x03
2026-09-06T11:03:35.885,5932,0,2,51,0,0,0,0,0,0,0x03
2026-09-06T11:03:35.966,5934,0,2,52,0,0,0,0,0,0,0x03
2026-09-06T11:03:36.031,5935,0,2,52,0,0,0,0,0,0,0x03
2026-09-06T11:03:36.096,5936,0,2,51,0,0,0,0,0,0,0x03
2026-09-06T11:03:36.160,5937,0,2,51,0,0,0,0,0,0,0x03
2026-09-06T11:03:36.289,5938,0,2,54,0,0,0,0,0,0,0x03
2026-09-06T11:03:36.354,5939,0,2,53,0,0,0,0,0,0,0x03
2026-09-06T11:03:36.419,5940,0,2,51,0,0,0,0,0,0,0x03
2026-09-06T11:03:36.500,5941,0,2,50,0,0,0,0,0,0,0x03
2026-09-06T11:03:36.564,5943,0,2,54,0,0,0,0,0,0,0x03
2026-09-06T11:03:36.629,5944,0,2,52,0,0,0,0,0,0,0x03
2026-09-06T11:03:36.694,5945,0,2,51,0,0,0,0,0,0,0x03
2026-09-06T11:03:36.759,5946,0,2,51,0,0,0,0,0,0,0x03
2026-09-06T11:03:36.889,5947,0,2,52,0,0,0,0,0,0,0x03
2026-09-06T11:03:36.969,5948,0,2,51,0,0,0,0,0,0,0x03
2026-09-06T11:03:37.035,5949,0,2,50,0,0,0,0,0,0,0x03
2026-09-06T11:03:37.100,5950,0,2,52,0,0,0,0,0,0,0x03
2026-09-06T11:03:37.165,5952,0,2,55,0,0,0,0,0,0,0x03
2026-09-06T11:03:37.294,5953,0,2,50,0,0,0,0,0,0,0x03
2026-09-06T11:03:37.359,5954,0,2,52,0,0,0,0,0,0,0x03
2026-09-06T11:03:37.424,5955,0,2,52,0,0,0,0,0,0,0x03
2026-09-06T11:03:37.505,5956,0,2,50,0,0,0,0,0,0,0x03
2026-09-06T11:03:37.569,5958,0,2,50,0,0,0,0,0,0,0x03
2026-09-06T11:03:37.634,5959,0,2,50,0,0,0,0,0,0,0x03
2026-09-06T11:03:37.699,5960,0,2,52,0,0,0,0,0,0,0x03
2026-09-06T11:03:37.764,5961,0,2,50,0,0,0,0,0,0,0x03
2026-09-06T11:03:37.828,5962,0,2,53,0,0,0,0,0,0,0x03
2026-09-06T11:03:37.893,5963,0,2,50,0,0,0,0,0,0,0x03
2026-09-06T11:03:37.958,5964,0,2,50,0,0,0,0,0,0,0x03
2026-09-06T11:03:38.039,5965,0,2,50,0,0,0,0,0,0,0x03
2026-09-06T11:03:38.103,5966,0,2,50,0,0,0,0,0,0,0x03
2026-09-06T11:03:38.233,5967,0,2,52,0,0,0,0,0,0,0x03
2026-09-06T11:03:38.363,5968,0,2,50,0,0,0,0,0,0,0x03
2026-09-06T11:03:38.428,5969,0,2,51,0,0,0,0,0,0,0x03
2026-09-06T11:03:38.509,5970,0,2,50,0,0,0,0,0,0,0x03
2026-09-06T11:03:38.573,5972,0,2,51,0,0,0,0,0,0,0x03
2026-09-06T11:03:38.638,5974,0,2,53,0,0,0,0,0,0,0x03
2026-09-06T11:03:38.703,5975,0,2,50,0,0,0,0,0,0,0x03
2026-09-06T11:03:38.767,5976,0,2,50,0,0,0,0,0,0,0x03
2026-09-06T11:03:38.832,5977,0,2,52,0,0,0,0,0,0,0x03
2026-09-06T11:03:38.913,5978,0,2,51,0,0,0,0,0,0,0x03
2026-09-06T11:03:38.962,5979,0,2,52,0,0,0,0,0,0,0x03
2026-09-06T11:03:39.042,5980,0,2,50,0,0,0,0,0,0,0x03
2026-09-06T11:03:39.107,5981,0,2,50,0,0,0,0,0,0,0x03
2026-09-06T11:03:39.172,5982,0,2,52,0,0,0,0,0,0,0x03
2026-09-06T11:03:39.236,5983,0,2,50,0,0,0,0,0,0,0x03
2026-09-06T11:03:39.301,5984,0,2,53,0,0,0,0,0,0,0x03
2026-09-06T11:03:39.366,5985,0,2,50,0,0,0,0,0,0,0x03
2026-09-06T11:03:39.431,5986,0,2,50,0,0,0,0,0,0,0x03
2026-09-06T11:03:39.511,5987,0,2,52,0,0,0,0,0,0,0x03
2026-09-06T11:03:39.642,5988,0,2,50,0,0,0,0,0,0,0x03
2026-09-06T11:03:39.771,5989,0,2,50,0,0,0,0,0,0,0x03
2026-09-06T11:03:39.836,5990,0,2,50,0,0,0,0,0,0,0x03
2026-09-06T11:03:39.916,5991,0,2,50,0,0,0,0,0,0,0x03
2026-09-06T11:03:39.982,5993,0,2,51,0,0,0,0,0,0,0x03
2026-09-06T11:03:40.047,5995,0,2,50,0,0,0,0,0,0,0x03
2026-09-06T11:03:40.111,5996,0,2,54,0,0,0,0,0,0,0x03
2026-09-06T11:03:40.176,5997,0,2,50,0,0,0,0,0,0,0x03
2026-09-06T11:03:40.241,5998,0,2,50,0,0,0,0,0,0,0x03
2026-09-06T11:03:40.305,5999,0,2,50,0,0,0,0,0,0,0x03
2026-09-06T11:03:40.370,6000,0,2,50,0,0,0,0,0,0,0x03
2026-09-06T11:03:40.450,6001,0,2,52,0,0,0,0,0,0,0x03
2026-09-06T11:03:40.515,6002,0,2,51,0,0,0,0,0,0,0x03
2026-09-06T11:03:40.580,6003,0,2,52,0,0,0,0,0,0,0x03
2026-09-06T11:03:40.644,6004,0,2,51,0,0,0,0,0,0,0x03
2026-09-06T11:03:40.709,6005,0,2,51,0,0,0,0,0,0,0x03
2026-09-06T11:03:40.774,6006,0,2,50,0,0,0,0,0,0,0x03
2026-09-06T11:03:40.838,6007,0,2,50,0,0,0,0,0,0,0x03
2026-09-06T11:03:40.919,6008,0,2,50,0,0,0,0,0,0,0x03
2026-09-06T11:03:40.984,6009,0,2,50,0,0,0,0,0,0,0x03
2026-09-06T11:03:41.049,6010,0,2,51,0,0,0,0,0,0,0x03
2026-09-06T11:03:41.114,6011,0,2,50,0,0,0,0,0,0,0x03
2026-09-06T11:03:41.179,6012,0,2,54,0,0,0,0,0,0,0x03
2026-09-06T11:03:41.243,6013,0,2,50,0,0,0,0,0,0,0x03
2026-09-06T11:03:41.308,6014,0,2,52,0,0,0,0,0,0,0x03
2026-09-06T11:03:41.389,6015,0,2,51,0,0,0,0,0,0,0x03
2026-09-06T11:03:41.453,6016,0,2,52,0,0,0,0,0,0,0x03
2026-09-06T11:03:41.518,6017,0,2,51,0,0,0,0,0,0,0x03
2026-09-06T11:03:41.583,6018,0,2,51,0,0,0,0,0,0,0x03
2026-09-06T11:03:41.648,6019,0,2,51,0,0,0,0,0,0,0x03
2026-09-06T11:03:41.712,6020,0,2,52,0,0,0,0,0,0,0x03
2026-09-06T11:03:41.777,6021,0,2,51,0,0,0,0,0,0,0x03
2026-09-06T11:03:41.842,6022,0,2,50,0,0,0,0,0,0,0x03
2026-09-06T11:03:41.923,6023,0,2,51,0,0,0,0,0,0,0x03
2026-09-06T11:03:41.988,6024,0,2,50,0,0,0,0,0,0,0x03
2026-09-06T11:03:42.052,6025,0,2,51,0,0,0,0,0,0,0x03
2026-09-06T11:03:42.117,6026,0,2,50,0,0,0,0,0,0,0x03
2026-09-06T11:03:42.182,6027,0,2,50,0,0,0,0,0,0,0x03
2026-09-06T11:03:42.247,6028,0,2,52,0,0,0,0,0,0,0x03
2026-09-06T11:03:42.312,6029,0,2,51,0,0,0,0,0,0,0x03
2026-09-06T11:03:42.393,6030,0,2,50,0,0,0,0,0,0,0x03
2026-09-06T11:03:42.458,6031,0,2,50,0,0,0,0,0,0,0x03
2026-09-06T11:03:42.522,6032,0,2,50,0,0,0,0,0,0,0x03
2026-09-06T11:03:42.587,6033,0,2,51,0,0,0,0,0,0,0x03
2026-09-06T11:03:42.652,6034,0,2,51,0,0,0,0,0,0,0x03
2026-09-06T11:03:42.717,6035,0,2,51,0,0,0,0,0,0,0x03
2026-09-06T11:03:42.781,6036,0,2,50,0,0,0,0,0,0,0x03
2026-09-06T11:03:42.846,6037,0,2,50,0,0,0,0,0,0,0x03
2026-09-06T11:03:42.927,6038,0,2,50,0,0,0,0,0,0,0x03
2026-09-06T11:03:42.992,6039,0,2,52,0,0,0,0,0,0,0x03
2026-09-06T11:03:43.056,6040,0,2,59,0,0,0,0,0,0,0x03
2026-09-06T11:03:43.121,6041,0,2,50,0,0,0,0,0,0,0x03
2026-09-06T11:03:43.186,6042,0,2,52,0,0,0,0,0,0,0x03
2026-09-06T11:03:43.251,6043,0,2,50,0,0,0,0,0,0,0x03
2026-09-06T11:03:43.316,6044,0,2,51,0,0,0,0,0,0,0x03
2026-09-06T11:03:43.396,6045,0,2,50,0,0,0,0,0,0,0x03
2026-09-06T11:03:43.462,6046,0,2,50,0,0,0,0,0,0,0x03
2026-09-06T11:03:43.526,6047,0,2,55,0,0,0,0,0,0,0x03
2026-09-06T11:03:43.591,6048,0,2,51,0,0,0,0,0,0,0x03
2026-09-06T11:03:43.656,6049,0,2,51,0,0,0,0,0,0,0x03
2026-09-06T11:03:43.721,6050,0,2,50,0,0,0,0,0,0,0x03
2026-09-06T11:03:43.786,6051,0,2,51,0,0,0,0,0,0,0x03
2026-09-06T11:03:43.850,6052,0,2,51,0,0,0,0,0,0,0x03
2026-09-06T11:03:43.931,6053,0,2,50,0,0,0,0,0,0,0x03
2026-09-06T11:03:43.996,6054,0,2,50,0,0,0,0,0,0,0x03
2026-09-06T11:03:44.061,6055,0,2,52,0,0,0,0,0,0,0x03
2026-09-06T11:03:44.126,6056,0,2,50,0,0,0,0,0,0,0x03
2026-09-06T11:03:44.191,6057,0,2,53,0,0,0,0,0,0,0x03
2026-09-06T11:03:44.255,6058,0,2,50,0,0,0,0,0,0,0x03
2026-09-06T11:03:44.320,6059,0,2,50,0,0,0,0,0,0,0x03
2026-09-06T11:03:44.385,6060,0,2,50,0,0,0,0,0,0,0x03
2026-09-06T11:03:44.466,6061,0,2,51,0,0,0,0,0,0,0x03
2026-09-06T11:03:44.530,6062,0,2,51,0,0,0,0,0,0,0x03
2026-09-06T11:03:44.595,6063,0,2,52,0,0,0,0,0,0,0x03
2026-09-06T11:03:44.660,6064,0,2,50,0,0,0,0,0,0,0x03
2026-09-06T11:03:44.725,6065,0,2,51,0,0,0,0,0,0,0x03
2026-09-06T11:03:44.790,6066,0,2,52,0,0,0,0,0,0,0x03
2026-09-06T11:03:44.935,6067,0,2,53,0,0,0,0,0,0,0x03
2026-09-06T11:03:45.000,6068,0,2,50,0,0,0,0,0,0,0x03
2026-09-06T11:03:45.064,6069,0,2,51,0,0,0,0,0,0,0x03
2026-09-06T11:03:45.129,6070,0,2,51,0,0,0,0,0,0,0x03
2026-09-06T11:03:45.194,6072,0,2,50,0,0,0,0,0,0,0x03
2026-09-06T11:03:45.259,6073,0,2,51,0,0,0,0,0,0,0x03
2026-09-06T11:03:45.339,6074,0,2,52,0,0,0,0,0,0,0x03
2026-09-06T11:03:45.404,6075,0,2,51,0,0,0,0,0,0,0x03
2026-09-06T11:03:45.469,6076,0,2,53,0,0,0,0,0,0,0x03
2026-09-06T11:03:45.533,6077,0,2,51,0,0,0,0,0,0,0x03
2026-09-06T11:03:45.598,6078,0,2,51,0,0,0,0,0,0,0x03
2026-09-06T11:03:45.662,6079,0,2,51,0,0,0,0,0,0,0x03
2026-09-06T11:03:45.727,6080,0,2,55,0,0,0,0,0,0,0x03
2026-09-06T11:03:45.808,6081,0,2,52,0,0,0,0,0,0,0x03
2026-09-06T11:03:45.872,6082,0,2,52,0,0,0,0,0,0,0x03
2026-09-06T11:03:45.937,6083,0,2,53,0,0,0,0,0,0,0x03
2026-09-06T11:03:46.002,6084,0,2,50,0,0,0,0,0,0,0x03
2026-09-06T11:03:46.066,6085,0,2,51,0,0,0,0,0,0,0x03
2026-09-06T11:03:46.131,6086,0,2,50,0,0,0,0,0,0,0x03
2026-09-06T11:03:46.195,6087,0,2,50,0,0,0,0,0,0,0x03
2026-09-06T11:03:46.276,6088,0,2,50,0,0,0,0,0,0,0x03
2026-09-06T11:03:46.341,6089,0,2,50,0,0,0,0,0,0,0x03
2026-09-06T11:03:46.405,6090,0,2,51,0,0,0,0,0,0,0x03
2026-09-06T11:03:46.470,6091,0,2,50,0,0,0,0,0,0,0x03
2026-09-06T11:03:46.535,6092,0,2,51,0,0,0,0,0,0,0x03
2026-09-06T11:03:46.599,6093,0,2,51,0,0,0,0,0,0,0x03
2026-09-06T11:03:46.664,6094,0,2,51,0,0,0,0,0,0,0x03
2026-09-06T11:03:46.729,6095,0,2,51,0,0,0,0,0,0,0x03
2026-09-06T11:03:46.809,6096,0,2,52,0,0,0,0,0,0,0x03
2026-09-06T11:03:46.874,6097,0,2,50,0,0,0,0,0,0,0x03
2026-09-06T11:03:46.938,6098,0,2,51,0,0,0,0,0,0,0x03
2026-09-06T11:03:47.003,6099,0,2,54,0,0,0,0,0,0,0x03
2026-09-06T11:03:47.068,6100,0,2,50,0,0,0,0,0,0,0x03
2026-09-06T11:03:47.132,6101,0,2,50,0,0,0,0,0,0,0x03
2026-09-06T11:03:47.197,6102,0,2,50,0,0,0,0,0,0,0x03
2026-09-06T11:03:47.277,6103,0,2,50,0,0,0,0,0,0,0x03
2026-09-06T11:03:47.342,6104,0,2,52,0,0,0,0,0,0,0x03
2026-09-06T11:03:47.407,6105,0,2,51,0,0,0,0,0,0,0x03
2026-09-06T11:03:47.471,6106,0,2,50,0,0,0,0,0,0,0x03
2026-09-06T11:03:47.536,6107,0,2,50,0,0,0,0,0,0,0x03
2026-09-06T11:03:47.601,6108,0,2,50,0,0,0,0,0,0,0x03
2026-09-06T11:03:47.665,6109,0,2,51,0,0,0,0,0,0,0x03
2026-09-06T11:03:47.746,6110,0,2,51,0,0,0,0,0,0,0x03
2026-09-06T11:03:47.811,6111,0,2,50,0,0,0,0,0,0,0x03
2026-09-06T11:03:47.876,6112,0,2,51,0,0,0,0,0,0,0x03
2026-09-06T11:03:47.940,6113,0,2,50,0,0,0,0,0,0,0x03
2026-09-06T11:03:48.005,6114,0,2,50,0,0,0,0,0,0,0x03
2026-09-06T11:03:48.069,6115,0,2,53,0,0,0,0,0,0,0x03
2026-09-06T11:03:48.150,6116,0,2,52,0,0,0,0,0,0,0x03
2026-09-06T11:03:48.215,6117,0,2,52,0,0,0,0,0,0,0x03
2026-09-06T11:03:48.279,6118,0,2,50,0,0,0,0,0,0,0x03
2026-09-06T11:03:48.344,6119,0,2,51,0,0,0,0,0,0,0x03
2026-09-06T11:03:48.409,6120,0,2,52,0,0,0,0,0,0,0x03
2026-09-06T11:03:48.473,6121,0,2,52,0,0,0,0,0,0,0x03
2026-09-06T11:03:48.538,6122,0,2,50,0,0,0,0,0,0,0x03
2026-09-06T11:03:48.618,6123,0,2,50,0,0,0,0,0,0,0x03
2026-09-06T11:03:48.683,6124,0,2,50,0,0,0,0,0,0,0x03
2026-09-06T11:03:48.747,6125,0,2,51,0,0,0,0,0,0,0x03
2026-09-06T11:03:48.812,6126,0,2,51,0,0,0,0,0,0,0x03
2026-09-06T11:03:48.877,6127,0,2,50,0,0,0,0,0,0,0x03
2026-09-06T11:03:48.941,6128,0,2,51,0,0,0,0,0,0,0x03
2026-09-06T11:03:49.006,6129,0,2,51,0,0,0,0,0,0,0x03
2026-09-06T11:03:49.087,6130,0,2,50,0,0,0,0,0,0,0x03
2026-09-06T11:03:49.152,6131,0,2,52,0,0,0,0,0,0,0x03
2026-09-06T11:03:49.216,6132,0,2,52,0,0,0,0,0,0,0x03
2026-09-06T11:03:49.281,6133,0,2,50,0,0,0,0,0,0,0x03
2026-09-06T11:03:49.346,6134,0,2,55,0,0,0,0,0,0,0x03
2026-09-06T11:03:49.410,6135,0,2,51,0,0,0,0,0,0,0x03
2026-09-06T11:03:49.475,6136,0,2,50,0,0,0,0,0,0,0x03
2026-09-06T11:03:49.540,6137,0,2,50,0,0,0,0,0,0,0x03
2026-09-06T11:03:49.621,6138,0,2,55,0,0,0,0,0,0,0x03
2026-09-06T11:03:49.686,6139,0,2,50,0,0,0,0,0,0,0x03
2026-09-06T11:03:49.751,6140,0,2,50,0,0,0,0,0,0,0x03
2026-09-06T11:03:49.815,6141,0,2,51,0,0,0,0,0,0,0x03
2026-09-06T11:03:49.880,6142,0,2,51,0,0,0,0,0,0,0x03
2026-09-06T11:03:49.945,6143,0,2,50,0,0,0,0,0,0,0x03
2026-09-06T11:03:50.010,6144,0,2,53,0,0,0,0,0,0,0x03
2026-09-06T11:03:50.091,6145,0,2,50,0,0,0,0,0,0,0x03
2026-09-06T11:03:50.156,6146,0,2,52,0,0,0,0,0,0,0x03
2026-09-06T11:03:50.220,6147,0,2,51,0,0,0,0,0,0,0x03
2026-09-06T11:03:50.285,6148,0,2,50,0,0,0,0,0,0,0x03
2026-09-06T11:03:50.350,6149,0,2,51,0,0,0,0,0,0,0x03
2026-09-06T11:03:50.415,6150,0,2,51,0,0,0,0,0,0,0x03
2026-09-06T11:03:50.480,6151,0,2,52,0,0,0,0,0,0,0x03
2026-09-06T11:03:50.545,6152,0,2,51,0,0,0,0,0,0,0x03
2026-09-06T11:03:50.625,6153,0,2,51,0,0,0,0,0,0,0x03
2026-09-06T11:03:50.690,6154,0,2,51,0,0,0,0,0,0,0x03
2026-09-06T11:03:50.755,6155,0,2,50,0,0,0,0,0,0,0x03
2026-09-06T11:03:50.820,6156,0,2,50,0,0,0,0,0,0,0x03
2026-09-06T11:03:50.885,6157,0,2,51,0,0,0,0,0,0,0x03
2026-09-06T11:03:50.950,6158,0,2,51,0,0,0,0,0,0,0x03
2026-09-06T11:03:51.015,6159,0,2,51,0,0,0,0,0,0,0x03
2026-09-06T11:03:51.080,6160,0,2,53,0,0,0,0,0,0,0x03
2026-09-06T11:03:51.161,6161,0,2,50,0,0,0,0,0,0,0x03
2026-09-06T11:03:51.226,6162,0,2,51,0,0,0,0,0,0,0x03
2026-09-06T11:03:51.291,6163,0,2,51,0,0,0,0,0,0,0x03
2026-09-06T11:03:51.357,6164,0,2,51,0,0,0,0,0,0,0x03
2026-09-06T11:03:51.422,6165,0,2,51,0,0,0,0,0,0,0x03
2026-09-06T11:03:51.487,6166,0,2,51,0,0,0,0,0,0,0x03
2026-09-06T11:03:51.552,6167,0,2,50,0,0,0,0,0,0,0x03
2026-09-06T11:03:51.617,6168,0,2,50,0,0,0,0,0,0,0x03
2026-09-06T11:03:51.698,6169,0,2,50,0,0,0,0,0,0,0x03
2026-09-06T11:03:51.763,6170,0,2,50,0,0,0,0,0,0,0x03
2026-09-06T11:03:51.828,6171,0,2,51,0,0,0,0,0,0,0x03
2026-09-06T11:03:51.893,6172,0,2,54,0,0,0,0,0,0,0x03
2026-09-06T11:03:51.957,6173,0,2,50,0,0,0,0,0,0,0x03
2026-09-06T11:03:52.022,6174,0,2,50,0,0,0,0,0,0,0x03
2026-09-06T11:03:52.088,6175,0,2,51,0,0,0,0,0,0,0x03
2026-09-06T11:03:52.152,6176,0,2,51,0,0,0,0,0,0,0x03
2026-09-06T11:03:52.233,6177,0,2,50,0,0,0,0,0,0,0x03
2026-09-06T11:03:52.298,6178,0,2,51,0,0,0,0,0,0,0x03
2026-09-06T11:03:52.362,6179,0,2,51,0,0,0,0,0,0,0x03
2026-09-06T11:03:52.427,6180,0,2,51,0,0,0,0,0,0,0x03
2026-09-06T11:03:52.492,6181,0,2,51,0,0,0,0,0,0,0x03
2026-09-06T11:03:52.557,6182,0,2,51,0,0,0,0,0,0,0x03
2026-09-06T11:03:52.622,6183,0,2,50,0,0,0,0,0,0,0x03
2026-09-06T11:03:52.703,6184,0,2,51,0,0,0,0,0,0,0x03
2026-09-06T11:03:52.768,6185,0,2,51,0,0,0,0,0,0,0x03
2026-09-06T11:03:52.832,6186,0,2,51,0,0,0,0,0,0,0x03
2026-09-06T11:03:52.897,6187,0,2,51,0,0,0,0,0,0,0x03
2026-09-06T11:03:52.962,6188,0,2,53,0,0,0,0,0,0,0x03
2026-09-06T11:03:53.027,6189,0,2,51,0,0,0,0,0,0,0x03
2026-09-06T11:03:53.091,6190,0,2,52,0,0,0,0,0,0,0x03
2026-09-06T11:03:53.156,6191,0,2,50,0,0,0,0,0,0,0x03
2026-09-06T11:03:53.237,6192,0,2,51,0,0,0,0,0,0,0x03
2026-09-06T11:03:53.302,6193,0,2,51,0,0,0,0,0,0,0x03
2026-09-06T11:03:53.367,6194,0,2,51,0,0,0,0,0,0,0x03
2026-09-06T11:03:53.432,6195,0,2,51,0,0,0,0,0,0,0x03
2026-09-06T11:03:53.497,6196,0,2,52,0,0,0,0,0,0,0x03
2026-09-06T11:03:53.562,6197,0,2,51,0,0,0,0,0,0,0x03
2026-09-06T11:03:53.627,6198,0,2,51,0,0,0,0,0,0,0x03
2026-09-06T11:03:53.692,6199,0,2,52,0,0,0,0,0,0,0x03
2026-09-06T11:03:53.772,6200,0,2,50,0,0,0,0,0,0,0x03
2026-09-06T11:03:53.837,6201,0,2,50,0,0,0,0,0,0,0x03
2026-09-06T11:03:53.902,6202,0,2,50,0,0,0,0,0,0,0x03
2026-09-06T11:03:53.967,6203,0,2,51,0,0,0,0,0,0,0x03
2026-09-06T11:03:54.032,6204,0,2,51,0,0,0,0,0,0,0x03
2026-09-06T11:03:54.097,6205,0,2,52,0,0,0,0,0,0,0x03
2026-09-06T11:03:54.162,6206,0,2,50,0,0,0,0,0,0,0x03
2026-09-06T11:03:54.243,6207,0,2,50,0,0,0,0,0,0,0x03
2026-09-06T11:03:54.308,6208,0,2,52,0,0,0,0,0,0,0x03
2026-09-06T11:03:54.373,6209,0,2,51,0,0,0,0,0,0,0x03
2026-09-06T11:03:54.437,6210,0,2,50,0,0,0,0,0,0,0x03
2026-09-06T11:03:54.502,6211,0,2,52,0,0,0,0,0,0,0x03
2026-09-06T11:03:54.568,6212,0,2,51,0,0,0,0,0,0,0x03
2026-09-06T11:03:54.632,6213,0,2,50,0,0,0,0,0,0,0x03
2026-09-06T11:03:54.697,6214,0,2,51,0,0,0,0,0,0,0x03
2026-09-06T11:03:54.778,6215,0,2,50,0,0,0,0,0,0,0x03
2026-09-06T11:03:54.843,6216,0,2,52,0,0,0,0,0,0,0x03
2026-09-06T11:03:54.908,6217,0,2,50,0,0,0,0,0,0,0x03
2026-09-06T11:03:54.973,6218,0,2,51,0,0,0,0,0,0,0x03
2026-09-06T11:03:55.038,6219,0,2,51,0,0,0,0,0,0,0x03
2026-09-06T11:03:55.103,6220,0,2,52,0,0,0,0,0,0,0x03
2026-09-06T11:03:55.168,6221,0,2,51,0,0,0,0,0,0,0x03
2026-09-06T11:03:55.234,6222,0,2,50,0,0,0,0,0,0,0x03
2026-09-06T11:03:55.315,6223,0,2,50,0,0,0,0,0,0,0x03
2026-09-06T11:03:55.380,6224,0,2,51,0,0,0,0,0,0,0x03
2026-09-06T11:03:55.509,6225,0,2,52,0,0,0,0,0,0,0x03
2026-09-06T11:03:55.575,6226,0,2,51,0,0,0,0,0,0,0x03
2026-09-06T11:03:55.640,6227,0,2,50,0,0,0,0,0,0,0x03
2026-09-06T11:03:55.704,6228,0,2,53,0,0,0,0,0,0,0x03
2026-09-06T11:03:55.769,6230,0,2,50,0,0,0,0,0,0,0x03
2026-09-06T11:03:55.850,6231,0,2,51,0,0,0,0,0,0,0x03
2026-09-06T11:03:55.915,6232,0,2,51,0,0,0,0,0,0,0x03
2026-09-06T11:03:55.980,6233,0,2,50,0,0,0,0,0,0,0x03
2026-09-06T11:03:56.045,6234,0,2,50,0,0,0,0,0,0,0x03
2026-09-06T11:03:56.109,6235,0,2,50,0,0,0,0,0,0,0x03
2026-09-06T11:03:56.174,6236,0,2,51,0,0,0,0,0,0,0x03
2026-09-06T11:03:56.239,6237,0,2,51,0,0,0,0,0,0,0x03
2026-09-06T11:03:56.304,6238,0,2,50,0,0,0,0,0,0,0x03
2026-09-06T11:03:56.385,6239,0,2,50,0,0,0,0,0,0,0x03
2026-09-06T11:03:56.450,6240,0,2,52,0,0,0,0,0,0,0x03
2026-09-06T11:03:56.515,6241,0,2,50,0,0,0,0,0,0,0x03
2026-09-06T11:03:56.580,6242,0,2,50,0,0,0,0,0,0,0x03
2026-09-06T11:03:56.644,6243,0,2,51,0,0,0,0,0,0,0x03
2026-09-06T11:03:56.710,6244,0,2,52,0,0,0,0,0,0,0x03
2026-09-06T11:03:56.775,6245,0,2,52,0,0,0,0,0,0,0x03
2026-09-06T11:03:56.839,6246,0,2,51,0,0,0,0,0,0,0x03
2026-09-06T11:03:56.920,6247,0,2,51,0,0,0,0,0,0,0x03
2026-09-06T11:03:56.985,6248,0,2,50,0,0,0,0,0,0,0x03
2026-09-06T11:03:57.050,6249,0,2,51,0,0,0,0,0,0,0x03
2026-09-06T11:03:57.115,6250,0,2,51,0,0,0,0,0,0,0x03
2026-09-06T11:03:57.180,6251,0,2,51,0,0,0,0,0,0,0x03
2026-09-06T11:03:57.244,6252,0,2,50,0,0,0,0,0,0,0x03
2026-09-06T11:03:57.309,6253,0,2,51,0,0,0,0,0,0,0x03
2026-09-06T11:03:57.391,6254,0,2,51,0,0,0,0,0,0,0x03
2026-09-06T11:03:57.455,6255,0,2,52,0,0,0,0,0,0,0x03
2026-09-06T11:03:57.520,6256,0,2,51,0,0,0,0,0,0,0x03
2026-09-06T11:03:57.585,6257,0,2,50,0,0,0,0,0,0,0x03
2026-09-06T11:03:57.649,6258,0,2,50,0,0,0,0,0,0,0x03
2026-09-06T11:03:57.714,6259,0,2,51,0,0,0,0,0,0,0x03
2026-09-06T11:03:57.778,6260,0,2,52,0,0,0,0,0,0,0x03
2026-09-06T11:03:57.843,6261,0,2,51,0,0,0,0,0,0,0x03
2026-09-06T11:03:57.924,6262,0,2,52,0,0,0,0,0,0,0x03
2026-09-06T11:03:57.989,6263,0,2,51,0,0,0,0,0,0,0x03
2026-09-06T11:03:58.053,6264,0,2,54,0,0,0,0,0,0,0x03
2026-09-06T11:03:58.118,6265,0,2,51,0,0,0,0,0,0,0x03
2026-09-06T11:03:58.183,6266,0,2,51,0,0,0,0,0,0,0x03
2026-09-06T11:03:58.248,6267,0,2,51,0,0,0,0,0,0,0x03
2026-09-06T11:03:58.312,6268,0,2,55,0,0,0,0,0,0,0x03
2026-09-06T11:03:58.393,6269,0,2,52,0,0,0,0,0,0,0x03
2026-09-06T11:03:58.523,6270,0,2,51,0,0,0,0,0,0,0x03
2026-09-06T11:03:58.587,6271,0,2,51,0,0,0,0,0,0,0x03
2026-09-06T11:03:58.652,6272,0,2,50,0,0,0,0,0,0,0x03
2026-09-06T11:03:58.717,6273,0,2,50,0,0,0,0,0,0,0x03
2026-09-06T11:03:58.782,6275,0,2,51,0,0,0,0,0,0,0x03
2026-09-06T11:03:58.847,6276,0,2,51,0,0,0,0,0,0,0x03
2026-09-06T11:03:58.928,6277,0,2,51,0,0,0,0,0,0,0x03
2026-09-06T11:03:58.993,6278,0,2,53,0,0,0,0,0,0,0x03
2026-09-06T11:03:59.057,6279,0,2,51,0,0,0,0,0,0,0x03
2026-09-06T11:03:59.122,6280,0,2,51,0,0,0,0,0,0,0x03
2026-09-06T11:03:59.187,6281,0,2,50,0,0,0,0,0,0,0x03
2026-09-06T11:03:59.252,6282,0,2,50,0,0,0,0,0,0,0x03
2026-09-06T11:03:59.317,6283,0,2,50,0,0,0,0,0,0,0x03
2026-09-06T11:03:59.398,6284,0,2,51,0,0,0,0,0,0,0x03
2026-09-06T11:03:59.462,6285,0,2,51,0,0,0,0,0,0,0x03
2026-09-06T11:03:59.527,6286,0,2,50,0,0,0,0,0,0,0x03
2026-09-06T11:03:59.592,6287,0,2,51,0,0,0,0,0,0,0x03
2026-09-06T11:03:59.656,6288,0,2,52,0,0,0,0,0,0,0x03
2026-09-06T11:03:59.721,6289,0,2,51,0,0,0,0,0,0,0x03
2026-09-06T11:03:59.786,6290,0,2,51,0,0,0,0,0,0,0x03
2026-09-06T11:03:59.851,6291,0,2,52,0,0,0,0,0,0,0x03
2026-09-06T11:03:59.932,6292,0,2,51,0,0,0,0,0,0,0x03
2026-09-06T11:03:59.996,6293,0,2,52,0,0,0,0,0,0,0x03
2026-09-06T11:04:00.061,6294,0,2,50,0,0,0,0,0,0,0x03
2026-09-06T11:04:00.125,6295,0,2,50,0,0,0,0,0,0,0x03
2026-09-06T11:04:00.190,6296,0,2,51,0,0,0,0,0,0,0x03
2026-09-06T11:04:00.255,6297,0,2,52,0,0,0,0,0,0,0x03
2026-09-06T11:04:00.320,6298,0,2,51,0,0,0,0,0,0,0x03
2026-09-06T11:04:00.400,6299,0,2,50,0,0,0,0,0,0,0x03
2026-09-06T11:04:00.465,6300,0,2,51,0,0,0,0,0,0,0x03
2026-09-06T11:04:00.530,6301,0,2,52,0,0,0,0,0,0,0x03
2026-09-06T11:04:00.595,6302,0,2,50,0,0,0,0,0,0,0x03
2026-09-06T11:04:00.659,6303,0,2,53,0,0,0,0,0,0,0x03
2026-09-06T11:04:00.724,6304,0,2,51,0,0,0,0,0,0,0x03
2026-09-06T11:04:00.805,6305,0,2,52,0,0,0,0,0,0,0x03
2026-09-06T11:04:00.870,6306,0,2,50,0,0,0,0,0,0,0x03
2026-09-06T11:04:00.935,6307,0,2,51,0,0,0,0,0,0,0x03
2026-09-06T11:04:00.999,6308,0,2,50,0,0,0,0,0,0,0x03
2026-09-06T11:04:01.064,6309,0,2,52,0,0,0,0,0,0,0x03
2026-09-06T11:04:01.129,6310,0,2,50,0,0,0,0,0,0,0x03
2026-09-06T11:04:01.194,6311,0,2,51,0,0,0,0,0,0,0x03
2026-09-06T11:04:01.259,6312,0,2,50,0,0,0,0,0,0,0x03
2026-09-06T11:04:01.324,6313,0,2,50,0,0,0,0,0,0,0x03
2026-09-06T11:04:01.405,6314,0,2,52,0,0,0,0,0,0,0x03
2026-09-06T11:04:01.470,6315,0,2,50,0,0,0,0,0,0,0x03
2026-09-06T11:04:01.535,6316,0,2,51,0,0,0,0,0,0,0x03
2026-09-06T11:04:01.600,6317,0,2,52,0,0,0,0,0,0,0x03
2026-09-06T11:04:01.664,6318,0,2,50,0,0,0,0,0,0,0x03
2026-09-06T11:04:01.729,6319,0,2,54,0,0,0,0,0,0,0x03
2026-09-06T11:04:01.794,6320,0,2,50,0,0,0,0,0,0,0x03
2026-09-06T11:04:01.859,6321,0,2,51,0,0,0,0,0,0,0x03
2026-09-06T11:04:01.940,6322,0,2,50,0,0,0,0,0,0,0x03
2026-09-06T11:04:02.005,6323,0,2,50,0,0,0,0,0,0,0x03
2026-09-06T11:04:02.070,6324,0,2,52,0,0,0,0,0,0,0x03
2026-09-06T11:04:02.135,6325,0,2,54,0,0,0,0,0,0,0x03
2026-09-06T11:04:02.200,6326,0,2,50,0,0,0,0,0,0,0x03
2026-09-06T11:04:02.264,6327,0,2,50,0,0,0,0,0,0,0x03
2026-09-06T11:04:02.345,6328,0,2,50,0,0,0,0,0,0,0x03
2026-09-06T11:04:02.410,6329,0,2,51,0,0,0,0,0,0,0x03
2026-09-06T11:04:02.475,6330,0,2,51,0,0,0,0,0,0,0x03
2026-09-06T11:04:02.540,6331,0,2,51,0,0,0,0,0,0,0x03
2026-09-06T11:04:02.605,6332,0,2,50,0,0,0,0,0,0,0x03
2026-09-06T11:04:02.735,6333,0,2,51,0,0,0,0,0,0,0x03
2026-09-06T11:04:02.800,6334,0,2,50,0,0,0,0,0,0,0x03
2026-09-06T11:04:02.865,6335,0,2,51,0,0,0,0,0,0,0x03
2026-09-06T11:04:02.946,6336,0,2,51,0,0,0,0,0,0,0x03
2026-09-06T11:04:03.011,6338,0,2,51,0,0,0,0,0,0,0x03
2026-09-06T11:04:03.075,6339,0,2,50,0,0,0,0,0,0,0x03
2026-09-06T11:04:03.140,6340,0,2,51,0,0,0,0,0,0,0x03
2026-09-06T11:04:03.205,6341,0,2,50,0,0,0,0,0,0,0x03
2026-09-06T11:04:03.270,6342,0,2,50,0,0,0,0,0,0,0x03
2026-09-06T11:04:03.335,6343,0,2,51,0,0,0,0,0,0,0x03
2026-09-06T11:04:03.400,6344,0,2,51,0,0,0,0,0,0,0x03
2026-09-06T11:04:03.480,6345,0,2,50,0,0,0,0,0,0,0x03
2026-09-06T11:04:03.545,6346,0,2,50,0,0,0,0,0,0,0x03
2026-09-06T11:04:03.610,6347,0,2,52,0,0,0,0,0,0,0x03
2026-09-06T11:04:03.675,6348,0,2,50,0,0,0,0,0,0,0x03
2026-09-06T11:04:03.740,6349,0,2,50,0,0,0,0,0,0,0x03
2026-09-06T11:04:03.805,6350,0,2,52,0,0,0,0,0,0,0x03
2026-09-06T11:04:03.870,6351,0,2,51,0,0,0,0,0,0,0x03
2026-09-06T11:04:03.935,6352,0,2,52,0,0,0,0,0,0,0x03
2026-09-06T11:04:04.016,6353,0,2,50,0,0,0,0,0,0,0x03
2026-09-06T11:04:04.080,6354,0,2,54,0,0,0,0,0,0,0x03
2026-09-06T11:04:04.145,6355,0,2,52,0,0,0,0,0,0,0x03
2026-09-06T11:04:04.210,6356,0,2,50,0,0,0,0,0,0,0x03
2026-09-06T11:04:04.275,6357,0,2,50,0,0,0,0,0,0,0x03
2026-09-06T11:04:04.340,6358,0,2,51,0,0,0,0,0,0,0x03
2026-09-06T11:04:04.404,6359,0,2,51,0,0,0,0,0,0,0x03
2026-09-06T11:04:04.550,6360,0,2,61,0,0,0,0,0,0,0x03
2026-09-06T11:04:04.615,6361,0,2,54,0,0,0,0,0,0,0x03
2026-09-06T11:04:04.680,6362,0,2,52,0,0,0,0,0,0,0x03
2026-09-06T11:04:04.744,6363,0,2,50,0,0,0,0,0,0,0x03
2026-09-06T11:04:04.809,6365,0,2,50,0,0,0,0,0,0,0x03
2026-09-06T11:04:04.874,6366,0,2,51,0,0,0,0,0,0,0x03
2026-09-06T11:04:04.939,6367,0,2,51,0,0,0,0,0,0,0x03
2026-09-06T11:04:05.020,6368,0,2,51,0,0,0,0,0,0,0x03
2026-09-06T11:04:05.085,6369,0,2,50,0,0,0,0,0,0,0x03
2026-09-06T11:04:05.149,6370,0,2,51,0,0,0,0,0,0,0x03
2026-09-06T11:04:05.214,6371,0,2,50,0,0,0,0,0,0,0x03
2026-09-06T11:04:05.278,6372,0,2,52,0,0,0,0,0,0,0x03
2026-09-06T11:04:05.343,6373,0,2,50,0,0,0,0,0,0,0x03
2026-09-06T11:04:05.424,6374,0,2,51,0,0,0,0,0,0,0x03
2026-09-06T11:04:05.488,6375,0,2,50,0,0,0,0,0,0,0x03
2026-09-06T11:04:05.553,6376,0,2,50,0,0,0,0,0,0,0x03
2026-09-06T11:04:05.617,6377,0,2,50,0,0,0,0,0,0,0x03
2026-09-06T11:04:05.682,6378,0,2,51,0,0,0,0,0,0,0x03
2026-09-06T11:04:05.746,6379,0,2,50,0,0,0,0,0,0,0x03
2026-09-06T11:04:05.811,6380,0,2,51,0,0,0,0,0,0,0x03
2026-09-06T11:04:05.892,6381,0,2,50,0,0,0,0,0,0,0x03
2026-09-06T11:04:05.956,6382,0,2,50,0,0,0,0,0,0,0x03
2026-09-06T11:04:06.021,6383,0,2,51,0,0,0,0,0,0,0x03
2026-09-06T11:04:06.085,6384,0,2,51,0,0,0,0,0,0,0x03
2026-09-06T11:04:06.150,6385,0,2,50,0,0,0,0,0,0,0x03
2026-09-06T11:04:06.215,6386,0,2,51,0,0,0,0,0,0,0x03
2026-09-06T11:04:06.279,6387,0,2,51,0,0,0,0,0,0,0x03
2026-09-06T11:04:06.360,6388,0,2,50,0,0,0,0,0,0,0x03
2026-09-06T11:04:06.489,6389,0,2,53,0,0,0,0,0,0,0x03
2026-09-06T11:04:06.554,6390,0,2,50,0,0,0,0,0,0,0x03
2026-09-06T11:04:06.619,6391,0,2,52,0,0,0,0,0,0,0x03
2026-09-06T11:04:06.683,6392,0,2,51,0,0,0,0,0,0,0x03
2026-09-06T11:04:06.748,6394,0,2,52,0,0,0,0,0,0,0x03
2026-09-06T11:04:06.813,6395,0,2,52,0,0,0,0,0,0,0x03
2026-09-06T11:04:06.893,6396,0,2,50,0,0,0,0,0,0,0x03
2026-09-06T11:04:06.958,6397,0,2,51,0,0,0,0,0,0,0x03
2026-09-06T11:04:07.022,6398,0,2,54,0,0,0,0,0,0,0x03
2026-09-06T11:04:07.087,6399,0,2,52,0,0,0,0,0,0,0x03
2026-09-06T11:04:07.152,6400,0,2,51,0,0,0,0,0,0,0x03
2026-09-06T11:04:07.232,6401,0,2,52,0,0,0,0,0,0,0x03
2026-09-06T11:04:07.281,6402,0,2,50,0,0,0,0,0,0,0x03
2026-09-06T11:04:07.361,6403,0,2,51,0,0,0,0,0,0,0x03
2026-09-06T11:04:07.426,6404,0,2,50,0,0,0,0,0,0,0x03
2026-09-06T11:04:07.491,6405,0,2,50,0,0,0,0,0,0,0x03
2026-09-06T11:04:07.749,6406,0,2,50,0,0,0,0,0,0,0x03
2026-09-06T11:04:07.830,6407,0,2,50,0,0,0,0,0,0,0x03
2026-09-06T11:04:07.894,6408,0,2,51,0,0,0,0,0,0,0x03
2026-09-06T11:04:07.959,6409,0,2,50,0,0,0,0,0,0,0x03
2026-09-06T11:04:08.024,6413,0,2,52,0,0,0,0,0,0,0x03
2026-09-06T11:04:08.088,6414,0,2,57,0,0,0,0,0,0,0x03
2026-09-06T11:04:08.153,6415,0,2,50,0,0,0,0,0,0,0x03
2026-09-06T11:04:08.234,6416,0,2,52,0,0,0,0,0,0,0x03
2026-09-06T11:04:08.298,6417,0,2,50,0,0,0,0,0,0,0x03
2026-09-06T11:04:08.363,6418,0,2,50,0,0,0,0,0,0,0x03
2026-09-06T11:04:08.427,6419,0,2,51,0,0,0,0,0,0,0x03
2026-09-06T11:04:08.492,6420,0,2,50,0,0,0,0,0,0,0x03
2026-09-06T11:04:08.557,6421,0,2,50,0,0,0,0,0,0,0x03
2026-09-06T11:04:08.621,6422,0,2,50,0,0,0,0,0,0,0x03
2026-09-06T11:04:08.702,6423,0,2,51,0,0,0,0,0,0,0x03
2026-09-06T11:04:08.766,6424,0,2,52,0,0,0,0,0,0,0x03
2026-09-06T11:04:08.831,6425,0,2,51,0,0,0,0,0,0,0x03
2026-09-06T11:04:08.896,6426,0,2,52,0,0,0,0,0,0,0x03
2026-09-06T11:04:08.960,6427,0,2,51,0,0,0,0,0,0,0x03
2026-09-06T11:04:09.025,6428,0,2,51,0,0,0,0,0,0,0x03
2026-09-06T11:04:09.090,6429,0,2,50,0,0,0,0,0,0,0x03
2026-09-06T11:04:09.171,6430,0,2,50,0,0,0,0,0,0,0x03
2026-09-06T11:04:09.235,6431,0,2,52,0,0,0,0,0,0,0x03
2026-09-06T11:04:09.300,6432,0,2,51,0,0,0,0,0,0,0x03
2026-09-06T11:04:09.365,6433,0,2,51,0,0,0,0,0,0,0x03
2026-09-06T11:04:09.429,6434,0,2,51,0,0,0,0,0,0,0x03
2026-09-06T11:04:09.494,6435,0,2,50,0,0,0,0,0,0,0x03
2026-09-06T11:04:09.559,6436,0,2,50,0,0,0,0,0,0,0x03
2026-09-06T11:04:09.639,6437,0,2,54,0,0,0,0,0,0,0x03
2026-09-06T11:04:09.704,6438,0,2,51,0,0,0,0,0,0,0x03
2026-09-06T11:04:09.768,6439,0,2,50,0,0,0,0,0,0,0x03
2026-09-06T11:04:09.833,6440,0,2,50,0,0,0,0,0,0,0x03
2026-09-06T11:04:09.897,6441,0,2,52,0,0,0,0,0,0,0x03
2026-09-06T11:04:09.962,6442,0,2,52,0,0,0,0,0,0,0x03
2026-09-06T11:04:10.042,6443,0,2,50,0,0,0,0,0,0,0x03
2026-09-06T11:04:10.107,6444,0,2,50,0,0,0,0,0,0,0x03
2026-09-06T11:04:10.171,6445,0,2,50,0,0,0,0,0,0,0x03
2026-09-06T11:04:10.236,6446,0,2,51,0,0,0,0,0,0,0x03
2026-09-06T11:04:10.301,6447,0,2,52,0,0,0,0,0,0,0x03
2026-09-06T11:04:10.365,6448,0,2,50,0,0,0,0,0,0,0x03
2026-09-06T11:04:10.430,6449,0,2,51,0,0,0,0,0,0,0x03
2026-09-06T11:04:10.510,6450,0,2,51,0,0,0,0,0,0,0x03
2026-09-06T11:04:10.575,6451,0,2,52,0,0,0,0,0,0,0x03
2026-09-06T11:04:10.640,6452,0,2,52,0,0,0,0,0,0,0x03
2026-09-06T11:04:10.704,6453,0,2,50,0,0,0,0,0,0,0x03
2026-09-06T11:04:10.769,6454,0,2,52,0,0,0,0,0,0,0x03
2026-09-06T11:04:10.833,6455,0,2,51,0,0,0,0,0,0,0x03
2026-09-06T11:04:10.914,6456,0,2,50,0,0,0,0,0,0,0x03
2026-09-06T11:04:10.979,6457,0,2,51,0,0,0,0,0,0,0x03
2026-09-06T11:04:11.044,6458,0,2,53,0,0,0,0,0,0,0x03
2026-09-06T11:04:11.109,6459,0,2,52,0,0,0,0,0,0,0x03
2026-09-06T11:04:11.174,6460,0,2,51,0,0,0,0,0,0,0x03
2026-09-06T11:04:11.238,6461,0,2,52,0,0,0,0,0,0,0x03
2026-09-06T11:04:11.303,6462,0,2,52,0,0,0,0,0,0,0x03
2026-09-06T11:04:11.368,6463,0,2,51,0,0,0,0,0,0,0x03
2026-09-06T11:04:11.433,6464,0,2,51,0,0,0,0,0,0,0x03
2026-09-06T11:04:11.514,6465,0,2,52,0,0,0,0,0,0,0x03
2026-09-06T11:04:11.579,6466,0,2,50,0,0,0,0,0,0,0x03
2026-09-06T11:04:11.709,6467,0,2,51,0,0,0,0,0,0,0x03
2026-09-06T11:04:11.773,6468,0,2,50,0,0,0,0,0,0,0x03
2026-09-06T11:04:11.902,6469,0,2,52,0,0,0,0,0,0,0x03
2026-09-06T11:04:11.983,6470,0,2,51,0,0,0,0,0,0,0x03
2026-09-06T11:04:12.048,6472,0,2,50,0,0,0,0,0,0,0x03
2026-09-06T11:04:12.178,6473,0,2,52,0,0,0,0,0,0,0x03
2026-09-06T11:04:12.243,6475,0,2,50,0,0,0,0,0,0,0x03
2026-09-06T11:04:12.308,6476,0,2,50,0,0,0,0,0,0,0x03
2026-09-06T11:04:12.373,6477,0,2,50,0,0,0,0,0,0,0x03
2026-09-06T11:04:12.519,6479,0,2,50,0,0,0,0,0,0,0x03
2026-09-06T11:04:12.583,6480,0,2,51,0,0,0,0,0,0,0x03
2026-09-06T11:04:12.648,6481,0,2,50,0,0,0,0,0,0,0x03
2026-09-06T11:04:12.713,6482,0,2,52,0,0,0,0,0,0,0x03
2026-09-06T11:04:12.778,6484,0,2,50,0,0,0,0,0,0,0x03
2026-09-06T11:04:12.843,6485,0,2,52,0,0,0,0,0,0,0x03
2026-09-06T11:04:12.908,6486,0,2,50,0,0,0,0,0,0,0x03
2026-09-06T11:04:12.973,6487,0,2,50,0,0,0,0,0,0,0x03
2026-09-06T11:04:13.053,6488,0,2,52,0,0,0,0,0,0,0x03
2026-09-06T11:04:13.119,6489,0,2,51,0,0,0,0,0,0,0x03
2026-09-06T11:04:13.183,6490,0,2,50,0,0,0,0,0,0,0x03
2026-09-06T11:04:13.249,6491,0,2,51,0,0,0,0,0,0,0x03
2026-09-06T11:04:13.314,6492,0,2,51,0,0,0,0,0,0,0x03
2026-09-06T11:04:13.378,6493,0,2,50,0,0,0,0,0,0,0x03
2026-09-06T11:04:13.443,6494,0,2,53,0,0,0,0,0,0,0x03
2026-09-06T11:04:13.509,6495,0,2,51,0,0,0,0,0,0,0x03
2026-09-06T11:04:13.590,6496,0,2,50,0,0,0,0,0,0,0x03
2026-09-06T11:04:13.655,6497,0,2,52,0,0,0,0,0,0,0x03
2026-09-06T11:04:13.720,6498,0,2,50,0,0,0,0,0,0,0x03
2026-09-06T11:04:13.785,6499,0,2,51,0,0,0,0,0,0,0x03
2026-09-06T11:04:13.850,6500,0,2,52,0,0,0,0,0,0,0x03
2026-09-06T11:04:13.914,6501,0,2,51,0,0,0,0,0,0,0x03
2026-09-06T11:04:13.979,6502,0,2,50,0,0,0,0,0,0,0x03
2026-09-06T11:04:14.044,6503,0,2,52,0,0,0,0,0,0,0x03
2026-09-06T11:04:14.125,6504,0,2,51,0,0,0,0,0,0,0x03
2026-09-06T11:04:14.190,6505,0,2,50,0,0,0,0,0,0,0x03
2026-09-06T11:04:14.254,6506,0,2,52,0,0,0,0,0,0,0x03
2026-09-06T11:04:14.319,6507,0,2,50,0,0,0,0,0,0,0x03
2026-09-06T11:04:14.384,6508,0,2,50,0,0,0,0,0,0,0x03
2026-09-06T11:04:14.449,6509,0,2,50,0,0,0,0,0,0,0x03
2026-09-06T11:04:14.513,6510,0,2,53,0,0,0,0,0,0,0x03
2026-09-06T11:04:14.594,6511,0,2,50,0,0,0,0,0,0,0x03
2026-09-06T11:04:14.659,6512,0,2,50,0,0,0,0,0,0,0x03
2026-09-06T11:04:14.724,6513,0,2,51,0,0,0,0,0,0,0x03
2026-09-06T11:04:14.789,6514,0,2,52,0,0,0,0,0,0,0x03
2026-09-06T11:04:14.854,6515,0,2,51,0,0,0,0,0,0,0x03
2026-09-06T11:04:14.918,6516,0,2,51,0,0,0,0,0,0,0x03
2026-09-06T11:04:14.983,6517,0,2,51,0,0,0,0,0,0,0x03
2026-09-06T11:04:15.048,6518,0,2,50,0,0,0,0,0,0,0x03
2026-09-06T11:04:15.129,6519,0,2,50,0,0,0,0,0,0,0x03
2026-09-06T11:04:15.194,6520,0,2,50,0,0,0,0,0,0,0x03
2026-09-06T11:04:15.259,6521,0,2,51,0,0,0,0,0,0,0x03
2026-09-06T11:04:15.324,6522,0,2,52,0,0,0,0,0,0,0x03
2026-09-06T11:04:15.389,6523,0,2,50,0,0,0,0,0,0,0x03
2026-09-06T11:04:15.453,6524,0,2,51,0,0,0,0,0,0,0x03
2026-09-06T11:04:15.518,6525,0,2,50,0,0,0,0,0,0,0x03
2026-09-06T11:04:15.599,6526,0,2,51,0,0,0,0,0,0,0x03
2026-09-06T11:04:15.663,6527,0,2,51,0,0,0,0,0,0,0x03
2026-09-06T11:04:15.728,6528,0,2,51,0,0,0,0,0,0,0x03
2026-09-06T11:04:15.793,6529,0,2,50,0,0,0,0,0,0,0x03
2026-09-06T11:04:15.858,6530,0,2,50,0,0,0,0,0,0,0x03
2026-09-06T11:04:15.923,6531,0,2,50,0,0,0,0,0,0,0x03
2026-09-06T11:04:15.987,6532,0,2,50,0,0,0,0,0,0,0x03
2026-09-06T11:04:16.052,6533,0,2,50,0,0,0,0,0,0,0x03
2026-09-06T11:04:16.133,6534,0,2,52,0,0,0,0,0,0,0x03
2026-09-06T11:04:16.198,6535,0,2,51,0,0,0,0,0,0,0x03
2026-09-06T11:04:16.263,6536,0,2,51,0,0,0,0,0,0,0x03
2026-09-06T11:04:16.327,6537,0,2,51,0,0,0,0,0,0,0x03
2026-09-06T11:04:16.392,6538,0,2,50,0,0,0,0,0,0,0x03
2026-09-06T11:04:16.457,6539,0,2,52,0,0,0,0,0,0,0x03
2026-09-06T11:04:16.521,6540,0,2,52,0,0,0,0,0,0,0x03
2026-09-06T11:04:16.602,6541,0,2,50,0,0,0,0,0,0,0x03
2026-09-06T11:04:16.667,6542,0,2,50,0,0,0,0,0,0,0x03
2026-09-06T11:04:16.731,6543,0,2,50,0,0,0,0,0,0,0x03
2026-09-06T11:04:16.796,6544,0,2,51,0,0,0,0,0,0,0x03
2026-09-06T11:04:16.861,6545,0,2,51,0,0,0,0,0,0,0x03
2026-09-06T11:04:16.926,6546,0,2,50,0,0,0,0,0,0,0x03
2026-09-06T11:04:17.007,6547,0,2,50,0,0,0,0,0,0,0x03
2026-09-06T11:04:17.056,6548,0,2,50,0,0,0,0,0,0,0x03
2026-09-06T11:04:17.137,6549,0,2,51,0,0,0,0,0,0,0x03
2026-09-06T11:04:17.201,6550,0,2,50,0,0,0,0,0,0,0x03
2026-09-06T11:04:17.266,6551,0,2,50,0,0,0,0,0,0,0x03
2026-09-06T11:04:17.331,6552,0,2,51,0,0,0,0,0,0,0x03
2026-09-06T11:04:17.395,6553,0,2,51,0,0,0,0,0,0,0x03
2026-09-06T11:04:17.460,6554,0,2,50,0,0,0,0,0,0,0x03
2026-09-06T11:04:17.541,6555,0,2,52,0,0,0,0,0,0,0x03
2026-09-06T11:04:17.606,6556,0,2,52,0,0,0,0,0,0,0x03
2026-09-06T11:04:17.671,6557,0,2,50,0,0,0,0,0,0,0x03
2026-09-06T11:04:17.737,6558,0,2,50,0,0,0,0,0,0,0x03
2026-09-06T11:04:17.801,6559,0,2,50,0,0,0,0,0,0,0x03
2026-09-06T11:04:17.866,6560,0,2,52,0,0,0,0,0,0,0x03
2026-09-06T11:04:17.931,6561,0,2,51,0,0,0,0,0,0,0x03
2026-09-06T11:04:17.996,6562,0,2,51,0,0,0,0,0,0,0x03
2026-09-06T11:04:18.061,6563,0,2,50,0,0,0,0,0,0,0x03
2026-09-06T11:04:18.141,6564,0,2,50,0,0,0,0,0,0,0x03
2026-09-06T11:04:18.206,6565,0,2,50,0,0,0,0,0,0,0x03
2026-09-06T11:04:18.271,6566,0,2,52,0,0,0,0,0,0,0x03
2026-09-06T11:04:18.337,6567,0,2,50,0,0,0,0,0,0,0x03
2026-09-06T11:04:18.402,6568,0,2,51,0,0,0,0,0,0,0x03
2026-09-06T11:04:18.466,6569,0,2,52,0,0,0,0,0,0,0x03
2026-09-06T11:04:18.531,6570,0,2,50,0,0,0,0,0,0,0x03
2026-09-06T11:04:18.596,6571,0,2,51,0,0,0,0,0,0,0x03
2026-09-06T11:04:18.677,6572,0,2,52,0,0,0,0,0,0,0x03
2026-09-06T11:04:18.742,6573,0,2,50,0,0,0,0,0,0,0x03
2026-09-06T11:04:18.807,6574,0,2,52,0,0,0,0,0,0,0x03
2026-09-06T11:04:18.872,6575,0,2,55,0,0,0,0,0,0,0x03
2026-09-06T11:04:18.937,6576,0,2,52,0,0,0,0,0,0,0x03
2026-09-06T11:04:19.002,6577,0,2,51,0,0,0,0,0,0,0x03
2026-09-06T11:04:19.067,6578,0,2,50,0,0,0,0,0,0,0x03
2026-09-06T11:04:19.132,6579,0,2,53,0,0,0,0,0,0,0x03
2026-09-06T11:04:19.213,6580,0,2,52,0,0,0,0,0,0,0x03
2026-09-06T11:04:19.278,6581,0,2,51,0,0,0,0,0,0,0x03
2026-09-06T11:04:19.343,6582,0,2,51,0,0,0,0,0,0,0x03
2026-09-06T11:04:19.408,6583,0,2,50,0,0,0,0,0,0,0x03
2026-09-06T11:04:19.472,6584,0,2,50,0,0,0,0,0,0,0x03
2026-09-06T11:04:19.537,6585,0,2,50,0,0,0,0,0,0,0x03
2026-09-06T11:04:19.602,6586,0,2,52,0,0,0,0,0,0,0x03
2026-09-06T11:04:19.667,6587,0,2,50,0,0,0,0,0,0,0x03
2026-09-06T11:04:19.748,6588,0,2,51,0,0,0,0,0,0,0x03
2026-09-06T11:04:19.813,6589,0,2,55,0,0,0,0,0,0,0x03
2026-09-06T11:04:19.878,6590,0,2,51,0,0,0,0,0,0,0x03
2026-09-06T11:04:19.943,6591,0,2,52,0,0,0,0,0,0,0x03
2026-09-06T11:04:20.008,6592,0,2,51,0,0,0,0,0,0,0x03
2026-09-06T11:04:20.073,6593,0,2,50,0,0,0,0,0,0,0x03
2026-09-06T11:04:20.138,6594,0,2,50,0,0,0,0,0,0,0x03
2026-09-06T11:04:20.203,6595,0,2,54,0,0,0,0,0,0,0x03
2026-09-06T11:04:20.284,6596,0,2,52,0,0,0,0,0,0,0x03
2026-09-06T11:04:20.349,6597,0,2,50,0,0,0,0,0,0,0x03
2026-09-06T11:04:20.414,6598,0,2,50,0,0,0,0,0,0,0x03
2026-09-06T11:04:20.478,6599,0,2,52,0,0,0,0,0,0,0x03
2026-09-06T11:04:20.544,6600,0,2,50,0,0,0,0,0,0,0x03
2026-09-06T11:04:20.609,6601,0,2,52,0,0,0,0,0,0,0x03
2026-09-06T11:04:20.674,6602,0,2,50,0,0,0,0,0,0,0x03
2026-09-06T11:04:20.755,6603,0,2,52,0,0,0,0,0,0,0x03
2026-09-06T11:04:20.819,6604,0,2,50,0,0,0,0,0,0,0x03
2026-09-06T11:04:20.884,6605,0,2,50,0,0,0,0,0,0,0x03
2026-09-06T11:04:20.949,6606,0,2,50,0,0,0,0,0,0,0x03
2026-09-06T11:04:21.013,6607,0,2,54,0,0,0,0,0,0,0x03
2026-09-06T11:04:21.078,6608,0,2,52,0,0,0,0,0,0,0x03
2026-09-06T11:04:21.143,6609,0,2,50,0,0,0,0,0,0,0x03
2026-09-06T11:04:21.208,6610,0,2,51,0,0,0,0,0,0,0x03
2026-09-06T11:04:21.289,6611,0,2,56,0,0,0,0,0,0,0x03
2026-09-06T11:04:21.354,6612,0,2,52,0,0,0,0,0,0,0x03
2026-09-06T11:04:21.419,6613,0,2,50,0,0,0,0,0,0,0x03
2026-09-06T11:04:21.484,6614,0,2,50,0,0,0,0,0,0,0x03
2026-09-06T11:04:21.548,6615,0,2,50,0,0,0,0,0,0,0x03
2026-09-06T11:04:21.613,6616,0,2,52,0,0,0,0,0,0,0x03
2026-09-06T11:04:21.678,6617,0,2,50,0,0,0,0,0,0,0x03
2026-09-06T11:04:21.743,6618,0,2,50,0,0,0,0,0,0,0x03
2026-09-06T11:04:21.824,6619,0,2,50,0,0,0,0,0,0,0x03
2026-09-06T11:04:21.888,6620,0,2,50,0,0,0,0,0,0,0x03
2026-09-06T11:04:21.953,6621,0,2,52,0,0,0,0,0,0,0x03
2026-09-06T11:04:22.018,6622,0,2,51,0,0,0,0,0,0,0x03
2026-09-06T11:04:22.083,6623,0,2,51,0,0,0,0,0,0,0x03
2026-09-06T11:04:22.148,6624,0,2,50,0,0,0,0,0,0,0x03
2026-09-06T11:04:22.213,6625,0,2,50,0,0,0,0,0,0,0x03
2026-09-06T11:04:22.293,6626,0,2,50,0,0,0,0,0,0,0x03
2026-09-06T11:04:22.358,6627,0,2,52,0,0,0,0,0,0,0x03
2026-09-06T11:04:22.423,6628,0,2,52,0,0,0,0,0,0,0x03
2026-09-06T11:04:22.488,6629,0,2,51,0,0,0,0,0,0,0x03
2026-09-06T11:04:22.553,6630,0,2,52,0,0,0,0,0,0,0x03
2026-09-06T11:04:22.618,6631,0,2,51,0,0,0,0,0,0,0x03
2026-09-06T11:04:22.683,6632,0,2,51,0,0,0,0,0,0,0x03
2026-09-06T11:04:22.748,6633,0,2,50,0,0,0,0,0,0,0x03
2026-09-06T11:04:22.828,6634,0,2,50,0,0,0,0,0,0,0x03
2026-09-06T11:04:22.893,6635,0,2,50,0,0,0,0,0,0,0x03
2026-09-06T11:04:22.958,6636,0,2,55,0,0,0,0,0,0,0x03
2026-09-06T11:04:23.022,6637,0,2,50,0,0,0,0,0,0,0x03
2026-09-06T11:04:23.087,6638,0,2,52,0,0,0,0,0,0,0x03
2026-09-06T11:04:23.151,6639,0,2,50,0,0,0,0,0,0,0x03
2026-09-06T11:04:23.216,6640,0,2,50,0,0,0,0,0,0,0x03
2026-09-06T11:04:23.297,6641,0,2,52,0,0,0,0,0,0,0x03
2026-09-06T11:04:23.361,6642,0,2,50,0,0,0,0,0,0,0x03
2026-09-06T11:04:23.426,6643,0,2,50,0,0,0,0,0,0,0x03
2026-09-06T11:04:23.490,6644,0,2,50,0,0,0,0,0,0,0x03
2026-09-06T11:04:23.555,6645,0,2,50,0,0,0,0,0,0,0x03
2026-09-06T11:04:23.619,6646,0,2,51,0,0,0,0,0,0,0x03
2026-09-06T11:04:23.700,6647,0,2,52,0,0,0,0,0,0,0x03
2026-09-06T11:04:23.765,6648,0,2,50,0,0,0,0,0,0,0x03
2026-09-06T11:04:23.829,6649,0,2,51,0,0,0,0,0,0,0x03
2026-09-06T11:04:23.894,6650,0,2,52,0,0,0,0,0,0,0x03
2026-09-06T11:04:23.958,6651,0,2,50,0,0,0,0,0,0,0x03
2026-09-06T11:04:24.023,6652,0,2,54,0,0,0,0,0,0,0x03
2026-09-06T11:04:24.088,6653,0,2,50,0,0,0,0,0,0,0x03
2026-09-06T11:04:24.168,6654,0,2,51,0,0,0,0,0,0,0x03
2026-09-06T11:04:24.233,6655,0,2,50,0,0,0,0,0,0,0x03
2026-09-06T11:04:24.297,6656,0,2,51,0,0,0,0,0,0,0x03
2026-09-06T11:04:24.362,6657,0,2,50,0,0,0,0,0,0,0x03
2026-09-06T11:04:24.427,6658,0,2,50,0,0,0,0,0,0,0x03
2026-09-06T11:04:24.491,6659,0,2,50,0,0,0,0,0,0,0x03
2026-09-06T11:04:24.556,6660,0,2,51,0,0,0,0,0,0,0x03
2026-09-06T11:04:24.637,6661,0,2,51,0,0,0,0,0,0,0x03
2026-09-06T11:04:24.702,6662,0,2,51,0,0,0,0,0,0,0x03
2026-09-06T11:04:24.766,6663,0,2,50,0,0,0,0,0,0,0x03
2026-09-06T11:04:24.830,6664,0,2,50,0,0,0,0,0,0,0x03
2026-09-06T11:04:24.895,6665,0,2,52,0,0,0,0,0,0,0x03
2026-09-06T11:04:24.960,6666,0,2,51,0,0,0,0,0,0,0x03
2026-09-06T11:04:25.024,6667,0,2,51,0,0,0,0,0,0,0x03
2026-09-06T11:04:25.105,6668,0,2,50,0,0,0,0,0,0,0x03
2026-09-06T11:04:25.170,6669,0,2,50,0,0,0,0,0,0,0x03
2026-09-06T11:04:25.234,6670,0,2,50,0,0,0,0,0,0,0x03
2026-09-06T11:04:25.299,6671,0,2,50,0,0,0,0,0,0,0x03
2026-09-06T11:04:25.363,6672,0,2,51,0,0,0,0,0,0,0x03
2026-09-06T11:04:25.428,6673,0,2,52,0,0,0,0,0,0,0x03
2026-09-06T11:04:25.509,6674,0,2,52,0,0,0,0,0,0,0x03
2026-09-06T11:04:25.574,6675,0,2,50,0,0,0,0,0,0,0x03
2026-09-06T11:04:25.638,6676,0,2,51,0,0,0,0,0,0,0x03
2026-09-06T11:04:25.768,6677,0,2,51,0,0,0,0,0,0,0x03
2026-09-06T11:04:25.832,6678,0,2,50,0,0,0,0,0,0,0x03
2026-09-06T11:04:25.897,6679,0,2,50,0,0,0,0,0,0,0x03
2026-09-06T11:04:25.978,6680,0,2,51,0,0,0,0,0,0,0x03
2026-09-06T11:04:26.026,6682,0,2,50,0,0,0,0,0,0,0x03
2026-09-06T11:04:26.236,6683,0,2,50,0,0,0,0,0,0,0x03
2026-09-06T11:04:26.301,6684,0,2,50,0,0,0,0,0,0,0x03
2026-09-06T11:04:26.365,6685,0,2,51,0,0,0,0,0,0,0x03
2026-09-06T11:04:26.430,6686,0,2,50,0,0,0,0,0,0,0x03
2026-09-06T11:04:26.511,6689,0,2,51,0,0,0,0,0,0,0x03
2026-09-06T11:04:26.576,6690,0,2,55,0,0,0,0,0,0,0x03
2026-09-06T11:04:26.640,6691,0,2,50,0,0,0,0,0,0,0x03
2026-09-06T11:04:26.705,6692,0,2,51,0,0,0,0,0,0,0x03
2026-09-06T11:04:26.770,6693,0,2,52,0,0,0,0,0,0,0x03
2026-09-06T11:04:26.834,6694,0,2,51,0,0,0,0,0,0,0x03
2026-09-06T11:04:26.899,6695,0,2,51,0,0,0,0,0,0,0x03
2026-09-06T11:04:26.980,6696,0,2,50,0,0,0,0,0,0,0x03
2026-09-06T11:04:27.044,6697,0,2,51,0,0,0,0,0,0,0x03
2026-09-06T11:04:27.109,6698,0,2,50,0,0,0,0,0,0,0x03
2026-09-06T11:04:27.174,6699,0,2,50,0,0,0,0,0,0,0x03
2026-09-06T11:04:27.238,6700,0,2,52,0,0,0,0,0,0,0x03
2026-09-06T11:04:27.303,6701,0,2,51,0,0,0,0,0,0,0x03
2026-09-06T11:04:27.368,6702,0,2,51,0,0,0,0,0,0,0x03
2026-09-06T11:04:27.449,6703,0,2,51,0,0,0,0,0,0,0x03
2026-09-06T11:04:27.513,6704,0,2,50,0,0,0,0,0,0,0x03
2026-09-06T11:04:27.578,6705,0,2,51,0,0,0,0,0,0,0x03
2026-09-06T11:04:27.643,6706,0,2,52,0,0,0,0,0,0,0x03
2026-09-06T11:04:27.708,6707,0,2,50,0,0,0,0,0,0,0x03
2026-09-06T11:04:27.773,6708,0,2,50,0,0,0,0,0,0,0x03
2026-09-06T11:04:27.838,6709,0,2,52,0,0,0,0,0,0,0x03
2026-09-06T11:04:27.903,6710,0,2,51,0,0,0,0,0,0,0x03
2026-09-06T11:04:27.984,6711,0,2,51,0,0,0,0,0,0,0x03
2026-09-06T11:04:28.049,6712,0,2,52,0,0,0,0,0,0,0x03
2026-09-06T11:04:28.114,6713,0,2,52,0,0,0,0,0,0,0x03
2026-09-06T11:04:28.179,6714,0,2,51,0,0,0,0,0,0,0x03
2026-09-06T11:04:28.243,6715,0,2,52,0,0,0,0,0,0,0x03
2026-09-06T11:04:28.308,6716,0,2,50,0,0,0,0,0,0,0x03
2026-09-06T11:04:28.373,6717,0,2,52,0,0,0,0,0,0,0x03
2026-09-06T11:04:28.438,6718,0,2,51,0,0,0,0,0,0,0x03
2026-09-06T11:04:28.519,6719,0,2,53,0,0,0,0,0,0,0x03
2026-09-06T11:04:28.584,6720,0,2,52,0,0,0,0,0,0,0x03
2026-09-06T11:04:28.649,6721,0,2,51,0,0,0,0,0,0,0x03
2026-09-06T11:04:28.779,6722,0,2,50,0,0,0,0,0,0,0x03
2026-09-06T11:04:28.844,6723,0,2,50,0,0,0,0,0,0,0x03
2026-09-06T11:04:28.910,6724,0,2,51,0,0,0,0,0,0,0x03
2026-09-06T11:04:29.120,6725,0,2,50,0,0,0,0,0,0,0x03
2026-09-06T11:04:29.185,6727,0,2,51,0,0,0,0,0,0,0x03
2026-09-06T11:04:29.250,6728,0,2,51,0,0,0,0,0,0,0x03
2026-09-06T11:04:29.315,6729,0,2,51,0,0,0,0,0,0,0x03
2026-09-06T11:04:29.380,6732,0,2,50,0,0,0,0,0,0,0x03
2026-09-06T11:04:29.445,6733,0,2,51,0,0,0,0,0,0,0x03
2026-09-06T11:04:29.509,6734,0,2,52,0,0,0,0,0,0,0x03
2026-09-06T11:04:29.590,6735,0,2,55,0,0,0,0,0,0,0x03
2026-09-06T11:04:29.655,6736,0,2,51,0,0,0,0,0,0,0x03
2026-09-06T11:04:29.720,6737,0,2,50,0,0,0,0,0,0,0x03
2026-09-06T11:04:29.785,6738,0,2,50,0,0,0,0,0,0,0x03
2026-09-06T11:04:29.849,6739,0,2,51,0,0,0,0,0,0,0x03
2026-09-06T11:04:29.914,6740,0,2,51,0,0,0,0,0,0,0x03
2026-09-06T11:04:29.979,6741,0,2,50,0,0,0,0,0,0,0x03
2026-09-06T11:04:30.060,6742,0,2,51,0,0,0,0,0,0,0x03
2026-09-06T11:04:30.125,6743,0,2,51,0,0,0,0,0,0,0x03
2026-09-06T11:04:30.189,6744,0,2,50,0,0,0,0,0,0,0x03
2026-09-06T11:04:30.254,6745,0,2,52,0,0,0,0,0,0,0x03
2026-09-06T11:04:30.319,6746,0,2,51,0,0,0,0,0,0,0x03
2026-09-06T11:04:30.448,6747,0,2,51,0,0,0,0,0,0,0x03
2026-09-06T11:04:30.513,6748,0,2,50,0,0,0,0,0,0,0x03
2026-09-06T11:04:30.594,6749,0,2,50,0,0,0,0,0,0,0x03
2026-09-06T11:04:30.658,6750,0,2,54,0,0,0,0,0,0,0x03
2026-09-06T11:04:30.723,6752,0,2,50,0,0,0,0,0,0,0x03
2026-09-06T11:04:30.853,6753,0,2,50,0,0,0,0,0,0,0x03
2026-09-06T11:04:30.918,6754,0,2,52,0,0,0,0,0,0,0x03
2026-09-06T11:04:31.064,6755,0,2,50,0,0,0,0,0,0,0x03
2026-09-06T11:04:31.323,6756,0,2,52,0,0,0,0,0,0,0x03
2026-09-06T11:04:31.389,6758,0,2,52,0,0,0,0,0,0,0x03
2026-09-06T11:04:31.599,6759,0,2,51,0,0,0,0,0,0,0x03
2026-09-06T11:04:31.728,6761,0,2,51,0,0,0,0,0,0,0x03
2026-09-06T11:04:31.793,6765,0,2,51,0,0,0,0,0,0,0x03
2026-09-06T11:04:31.858,6766,0,2,50,0,0,0,0,0,0,0x03
2026-09-06T11:04:31.923,6769,0,2,51,0,0,0,0,0,0,0x03
2026-09-06T11:04:31.987,6771,0,2,51,0,0,0,0,0,0,0x03
2026-09-06T11:04:32.068,6772,0,2,52,0,0,0,0,0,0,0x03
2026-09-06T11:04:32.133,6773,0,2,50,0,0,0,0,0,0,0x03
2026-09-06T11:04:32.198,6774,0,2,52,0,0,0,0,0,0,0x03
2026-09-06T11:04:32.262,6775,0,2,50,0,0,0,0,0,0,0x03
2026-09-06T11:04:32.327,6776,0,2,51,0,0,0,0,0,0,0x03
2026-09-06T11:04:32.392,6777,0,2,52,0,0,0,0,0,0,0x03
2026-09-06T11:04:32.456,6778,0,2,50,0,0,0,0,0,0,0x03
2026-09-06T11:04:32.521,6779,0,2,51,0,0,0,0,0,0,0x03
2026-09-06T11:04:32.602,6780,0,2,51,0,0,0,0,0,0,0x03
2026-09-06T11:04:32.667,6781,0,2,51,0,0,0,0,0,0,0x03
2026-09-06T11:04:32.797,6782,0,2,55,0,0,0,0,0,0,0x03
2026-09-06T11:04:32.926,6783,0,2,51,0,0,0,0,0,0,0x03
2026-09-06T11:04:32.991,6784,0,2,50,0,0,0,0,0,0,0x03
2026-09-06T11:04:33.056,6785,0,2,50,0,0,0,0,0,0,0x03
2026-09-06T11:04:33.137,6787,0,2,51,0,0,0,0,0,0,0x03
2026-09-06T11:04:33.202,6789,0,2,51,0,0,0,0,0,0,0x03
2026-09-06T11:04:33.332,6790,0,2,50,0,0,0,0,0,0,0x03
2026-09-06T11:04:33.397,6791,0,2,51,0,0,0,0,0,0,0x03
2026-09-06T11:04:33.461,6792,0,2,51,0,0,0,0,0,0,0x03
2026-09-06T11:04:33.526,6793,0,2,51,0,0,0,0,0,0,0x03
2026-09-06T11:04:33.607,6795,0,2,50,0,0,0,0,0,0,0x03
2026-09-06T11:04:33.672,6796,0,2,51,0,0,0,0,0,0,0x03
2026-09-06T11:04:33.737,6797,0,2,51,0,0,0,0,0,0,0x03
2026-09-06T11:04:33.866,6798,0,2,50,0,0,0,0,0,0,0x03
2026-09-06T11:04:33.931,6799,0,2,50,0,0,0,0,0,0,0x03
2026-09-06T11:04:33.996,6800,0,2,52,0,0,0,0,0,0,0x03
2026-09-06T11:04:34.061,6801,0,2,50,0,0,0,0,0,0,0x03
2026-09-06T11:04:34.141,6803,0,2,51,0,0,0,0,0,0,0x03
2026-09-06T11:04:34.206,6804,0,2,51,0,0,0,0,0,0,0x03
2026-09-06T11:04:34.271,6805,0,2,50,0,0,0,0,0,0,0x03
2026-09-06T11:04:34.336,6806,0,2,51,0,0,0,0,0,0,0x03
2026-09-06T11:04:34.401,6807,0,2,51,0,0,0,0,0,0,0x03
2026-09-06T11:04:34.466,6808,0,2,50,0,0,0,0,0,0,0x03
2026-09-06T11:04:34.531,6809,0,2,51,0,0,0,0,0,0,0x03
2026-09-06T11:04:34.612,6810,0,2,51,0,0,0,0,0,0,0x03
2026-09-06T11:04:34.676,6811,0,2,51,0,0,0,0,0,0,0x03
2026-09-06T11:04:34.741,6812,0,2,50,0,0,0,0,0,0,0x03
2026-09-06T11:04:34.871,6813,0,2,52,0,0,0,0,0,0,0x03
2026-09-06T11:04:34.936,6814,0,2,52,0,0,0,0,0,0,0x03
2026-09-06T11:04:35.001,6815,0,2,51,0,0,0,0,0,0,0x03
2026-09-06T11:04:35.066,6816,0,2,51,0,0,0,0,0,0,0x03
2026-09-06T11:04:35.147,6818,0,2,51,0,0,0,0,0,0,0x03
2026-09-06T11:04:35.212,6819,0,2,50,0,0,0,0,0,0,0x03
2026-09-06T11:04:35.276,6820,0,2,50,0,0,0,0,0,0,0x03
2026-09-06T11:04:35.342,6821,0,2,50,0,0,0,0,0,0,0x03
2026-09-06T11:04:35.407,6822,0,2,50,0,0,0,0,0,0,0x03
2026-09-06T11:04:35.472,6823,0,2,53,0,0,0,0,0,0,0x03
2026-09-06T11:04:35.537,6824,0,2,50,0,0,0,0,0,0,0x03
2026-09-06T11:04:35.602,6825,0,2,52,0,0,0,0,0,0,0x03
2026-09-06T11:04:35.683,6826,0,2,50,0,0,0,0,0,0,0x03
2026-09-06T11:04:35.748,6827,0,2,51,0,0,0,0,0,0,0x03
2026-09-06T11:04:35.812,6828,0,2,52,0,0,0,0,0,0,0x03
2026-09-06T11:04:35.877,6829,0,2,52,0,0,0,0,0,0,0x03
2026-09-06T11:04:35.942,6830,0,2,52,0,0,0,0,0,0,0x03
2026-09-06T11:04:36.007,6831,0,2,50,0,0,0,0,0,0,0x03
2026-09-06T11:04:36.136,6832,0,2,52,0,0,0,0,0,0,0x03
2026-09-06T11:04:36.282,6833,0,2,53,0,0,0,0,0,0,0x03
2026-09-06T11:04:36.347,6834,0,2,50,0,0,0,0,0,0,0x03
2026-09-06T11:04:36.412,6835,0,2,52,0,0,0,0,0,0,0x03
2026-09-06T11:04:36.477,6837,0,2,50,0,0,0,0,0,0,0x03
2026-09-06T11:04:36.542,6839,0,2,53,0,0,0,0,0,0,0x03
2026-09-06T11:04:36.607,6840,0,2,50,0,0,0,0,0,0,0x03
2026-09-06T11:04:36.671,6841,0,2,50,0,0,0,0,0,0,0x03
2026-09-06T11:04:36.752,6842,0,2,52,0,0,0,0,0,0,0x03
2026-09-06T11:04:36.817,6843,0,2,50,0,0,0,0,0,0,0x03
2026-09-06T11:04:36.881,6844,0,2,50,0,0,0,0,0,0,0x03
2026-09-06T11:04:36.946,6845,0,2,52,0,0,0,0,0,0,0x03
2026-09-06T11:04:37.011,6846,0,2,52,0,0,0,0,0,0,0x03
2026-09-06T11:04:37.091,6847,0,2,51,0,0,0,0,0,0,0x03
2026-09-06T11:04:37.140,6848,0,2,51,0,0,0,0,0,0,0x03
2026-09-06T11:04:37.221,6849,0,2,51,0,0,0,0,0,0,0x03
2026-09-06T11:04:37.285,6850,0,2,51,0,0,0,0,0,0,0x03
2026-09-06T11:04:37.350,6851,0,2,52,0,0,0,0,0,0,0x03
2026-09-06T11:04:37.415,6852,0,2,54,0,0,0,0,0,0,0x03
2026-09-06T11:04:37.479,6853,0,2,52,0,0,0,0,0,0,0x03
2026-09-06T11:04:37.544,6854,0,2,51,0,0,0,0,0,0,0x03
2026-09-06T11:04:37.625,6855,0,2,51,0,0,0,0,0,0,0x03
2026-09-06T11:04:37.690,6856,0,2,53,0,0,0,0,0,0,0x03
2026-09-06T11:04:37.754,6857,0,2,50,0,0,0,0,0,0,0x03
2026-09-06T11:04:37.819,6858,0,2,51,0,0,0,0,0,0,0x03
2026-09-06T11:04:37.884,6859,0,2,51,0,0,0,0,0,0,0x03
2026-09-06T11:04:37.949,6860,0,2,50,0,0,0,0,0,0,0x03
2026-09-06T11:04:38.013,6861,0,2,50,0,0,0,0,0,0,0x03
2026-09-06T11:04:38.094,6862,0,2,53,0,0,0,0,0,0,0x03
2026-09-06T11:04:38.159,6863,0,2,52,0,0,0,0,0,0,0x03
2026-09-06T11:04:38.224,6864,0,2,50,0,0,0,0,0,0,0x03
2026-09-06T11:04:38.289,6865,0,2,50,0,0,0,0,0,0,0x03
2026-09-06T11:04:38.418,6866,0,2,50,0,0,0,0,0,0,0x03
2026-09-06T11:04:38.483,6867,0,2,51,0,0,0,0,0,0,0x03
2026-09-06T11:04:38.547,6868,0,2,50,0,0,0,0,0,0,0x03
2026-09-06T11:04:38.628,6869,0,2,51,0,0,0,0,0,0,0x03
2026-09-06T11:04:38.693,6871,0,2,52,0,0,0,0,0,0,0x03
2026-09-06T11:04:38.757,6872,0,2,50,0,0,0,0,0,0,0x03
2026-09-06T11:04:38.822,6873,0,2,50,0,0,0,0,0,0,0x03
2026-09-06T11:04:38.887,6874,0,2,50,0,0,0,0,0,0,0x03
2026-09-06T11:04:38.952,6875,0,2,52,0,0,0,0,0,0,0x03
2026-09-06T11:04:39.017,6876,0,2,50,0,0,0,0,0,0,0x03
2026-09-06T11:04:39.097,6877,0,2,52,0,0,0,0,0,0,0x03
2026-09-06T11:04:39.162,6878,0,2,55,0,0,0,0,0,0,0x03
2026-09-06T11:04:39.227,6879,0,2,50,0,0,0,0,0,0,0x03
2026-09-06T11:04:39.357,6880,0,2,50,0,0,0,0,0,0,0x03
2026-09-06T11:04:39.422,6881,0,2,50,0,0,0,0,0,0,0x03
2026-09-06T11:04:39.567,6882,0,2,50,0,0,0,0,0,0,0x03
2026-09-06T11:04:39.632,6883,0,2,54,0,0,0,0,0,0,0x03
2026-09-06T11:04:39.762,6885,0,2,50,0,0,0,0,0,0,0x03
2026-09-06T11:04:39.826,6886,0,2,50,0,0,0,0,0,0,0x03
2026-09-06T11:04:39.891,6888,0,2,50,0,0,0,0,0,0,0x03
2026-09-06T11:04:39.956,6889,0,2,51,0,0,0,0,0,0,0x03
2026-09-06T11:04:40.020,6891,0,2,50,0,0,0,0,0,0,0x03
2026-09-06T11:04:40.101,6892,0,2,51,0,0,0,0,0,0,0x03
2026-09-06T11:04:40.166,6893,0,2,50,0,0,0,0,0,0,0x03
2026-09-06T11:04:40.231,6894,0,2,51,0,0,0,0,0,0,0x03
2026-09-06T11:04:40.296,6895,0,2,51,0,0,0,0,0,0,0x03
2026-09-06T11:04:40.361,6896,0,2,52,0,0,0,0,0,0,0x03
2026-09-06T11:04:40.425,6897,0,2,51,0,0,0,0,0,0,0x03
2026-09-06T11:04:40.555,6898,0,2,52,0,0,0,0,0,0,0x03
2026-09-06T11:04:40.636,6899,0,2,52,0,0,0,0,0,0,0x03
2026-09-06T11:04:40.701,6900,0,2,51,0,0,0,0,0,0,0x03
2026-09-06T11:04:40.766,6901,0,2,50,0,0,0,0,0,0,0x03
2026-09-06T11:04:40.831,6903,0,2,52,0,0,0,0,0,0,0x03
2026-09-06T11:04:40.895,6904,0,2,50,0,0,0,0,0,0,0x03
2026-09-06T11:04:40.960,6905,0,2,50,0,0,0,0,0,0,0x03
2026-09-06T11:04:41.025,6906,0,2,52,0,0,0,0,0,0,0x03
2026-09-06T11:04:41.105,6907,0,2,50,0,0,0,0,0,0,0x03
2026-09-06T11:04:41.170,6908,0,2,51,0,0,0,0,0,0,0x03
2026-09-06T11:04:41.235,6909,0,2,55,0,0,0,0,0,0,0x03
2026-09-06T11:04:41.299,6910,0,2,51,0,0,0,0,0,0,0x03
2026-09-06T11:04:41.364,6911,0,2,51,0,0,0,0,0,0,0x03
2026-09-06T11:04:41.429,6912,0,2,50,0,0,0,0,0,0,0x03
2026-09-06T11:04:41.494,6913,0,2,55,0,0,0,0,0,0,0x03
2026-09-06T11:04:41.574,6914,0,2,50,0,0,0,0,0,0,0x03
2026-09-06T11:04:41.639,6915,0,2,50,0,0,0,0,0,0,0x03
2026-09-06T11:04:41.704,6916,0,2,50,0,0,0,0,0,0,0x03
2026-09-06T11:04:41.768,6917,0,2,50,0,0,0,0,0,0,0x03
2026-09-06T11:04:41.833,6918,0,2,50,0,0,0,0,0,0,0x03
2026-09-06T11:04:41.898,6919,0,2,53,0,0,0,0,0,0,0x03
2026-09-06T11:04:41.978,6920,0,2,52,0,0,0,0,0,0,0x03
2026-09-06T11:04:42.027,6921,0,2,50,0,0,0,0,0,0,0x03
2026-09-06T11:04:42.108,6922,0,2,52,0,0,0,0,0,0,0x03
2026-09-06T11:04:42.173,6923,0,2,55,0,0,0,0,0,0,0x03
2026-09-06T11:04:42.237,6924,0,2,52,0,0,0,0,0,0,0x03
2026-09-06T11:04:42.302,6925,0,2,51,0,0,0,0,0,0,0x03
2026-09-06T11:04:42.367,6926,0,2,55,0,0,0,0,0,0,0x03
2026-09-06T11:04:42.432,6927,0,2,50,0,0,0,0,0,0,0x03
2026-09-06T11:04:42.512,6928,0,2,50,0,0,0,0,0,0,0x03
2026-09-06T11:04:42.577,6929,0,2,52,0,0,0,0,0,0,0x03
2026-09-06T11:04:42.642,6930,0,2,51,0,0,0,0,0,0,0x03
2026-09-06T11:04:42.707,6931,0,2,50,0,0,0,0,0,0,0x03
2026-09-06T11:04:42.772,6932,0,2,51,0,0,0,0,0,0,0x03
2026-09-06T11:04:42.837,6933,0,2,50,0,0,0,0,0,0,0x03
2026-09-06T11:04:42.902,6934,0,2,51,0,0,0,0,0,0,0x03
2026-09-06T11:04:42.967,6935,0,2,50,0,0,0,0,0,0,0x03
2026-09-06T11:04:43.032,6936,0,2,50,0,0,0,0,0,0,0x03
2026-09-06T11:04:43.113,6937,0,2,52,0,0,0,0,0,0,0x03
2026-09-06T11:04:43.178,6938,0,2,51,0,0,0,0,0,0,0x03
2026-09-06T11:04:43.243,6939,0,2,50,0,0,0,0,0,0,0x03
2026-09-06T11:04:43.307,6940,0,2,50,0,0,0,0,0,0,0x03
2026-09-06T11:04:43.372,6941,0,2,52,0,0,0,0,0,0,0x03
2026-09-06T11:04:43.437,6942,0,2,50,0,0,0,0,0,0,0x03
2026-09-06T11:04:43.518,6943,0,2,52,0,0,0,0,0,0,0x03
2026-09-06T11:04:43.566,6944,0,2,50,0,0,0,0,0,0,0x03
2026-09-06T11:04:43.648,6945,0,2,50,0,0,0,0,0,0,0x03
2026-09-06T11:04:43.712,6946,0,2,50,0,0,0,0,0,0,0x03
2026-09-06T11:04:43.777,6947,0,2,52,0,0,0,0,0,0,0x03
2026-09-06T11:04:43.842,6948,0,2,50,0,0,0,0,0,0,0x03
2026-09-06T11:04:43.907,6949,0,2,51,0,0,0,0,0,0,0x03
2026-09-06T11:04:43.972,6950,0,2,50,0,0,0,0,0,0,0x03
2026-09-06T11:04:44.118,6951,0,2,52,0,0,0,0,0,0,0x03
2026-09-06T11:04:44.183,6952,0,2,51,0,0,0,0,0,0,0x03
2026-09-06T11:04:44.247,6953,0,2,50,0,0,0,0,0,0,0x03
2026-09-06T11:04:44.312,6954,0,2,52,0,0,0,0,0,0,0x03
2026-09-06T11:04:44.377,6956,0,2,50,0,0,0,0,0,0,0x03
2026-09-06T11:04:44.442,6957,0,2,51,0,0,0,0,0,0,0x03
2026-09-06T11:04:44.506,6958,0,2,50,0,0,0,0,0,0,0x03
2026-09-06T11:04:44.571,6959,0,2,51,0,0,0,0,0,0,0x03
2026-09-06T11:04:44.652,6960,0,2,51,0,0,0,0,0,0,0x03
2026-09-06T11:04:44.717,6961,0,2,50,0,0,0,0,0,0,0x03
2026-09-06T11:04:44.781,6962,0,2,52,0,0,0,0,0,0,0x03
2026-09-06T11:04:44.846,6963,0,2,52,0,0,0,0,0,0,0x03
2026-09-06T11:04:44.911,6964,0,2,50,0,0,0,0,0,0,0x03
2026-09-06T11:04:44.976,6965,0,2,51,0,0,0,0,0,0,0x03
2026-09-06T11:04:45.056,6966,0,2,50,0,0,0,0,0,0,0x03
2026-09-06T11:04:45.121,6967,0,2,52,0,0,0,0,0,0,0x03
2026-09-06T11:04:45.186,6968,0,2,51,0,0,0,0,0,0,0x03
2026-09-06T11:04:45.251,6969,0,2,51,0,0,0,0,0,0,0x03
2026-09-06T11:04:45.315,6970,0,2,54,0,0,0,0,0,0,0x03
2026-09-06T11:04:45.380,6971,0,2,50,0,0,0,0,0,0,0x03
2026-09-06T11:04:45.445,6972,0,2,51,0,0,0,0,0,0,0x03
2026-09-06T11:04:45.525,6973,0,2,50,0,0,0,0,0,0,0x03
2026-09-06T11:04:45.590,6974,0,2,51,0,0,0,0,0,0,0x03
2026-09-06T11:04:45.655,6975,0,2,50,0,0,0,0,0,0,0x03
2026-09-06T11:04:45.719,6976,0,2,50,0,0,0,0,0,0,0x03
2026-09-06T11:04:45.784,6977,0,2,51,0,0,0,0,0,0,0x03
2026-09-06T11:04:45.848,6978,0,2,50,0,0,0,0,0,0,0x03
2026-09-06T11:04:45.913,6979,0,2,51,0,0,0,0,0,0,0x03
2026-09-06T11:04:45.994,6980,0,2,52,0,0,0,0,0,0,0x03
2026-09-06T11:04:46.058,6981,0,2,50,0,0,0,0,0,0,0x03
2026-09-06T11:04:46.123,6982,0,2,51,0,0,0,0,0,0,0x03
2026-09-06T11:04:46.187,6983,0,2,51,0,0,0,0,0,0,0x03
2026-09-06T11:04:46.252,6984,0,2,51,0,0,0,0,0,0,0x03
2026-09-06T11:04:46.316,6985,0,2,52,0,0,0,0,0,0,0x03
2026-09-06T11:04:46.381,6986,0,2,53,0,0,0,0,0,0,0x03
2026-09-06T11:04:46.462,6987,0,2,52,0,0,0,0,0,0,0x03
2026-09-06T11:04:46.526,6988,0,2,51,0,0,0,0,0,0,0x03
2026-09-06T11:04:46.591,6989,0,2,51,0,0,0,0,0,0,0x03
2026-09-06T11:04:46.655,6990,0,2,51,0,0,0,0,0,0,0x03
2026-09-06T11:04:46.720,6991,0,2,50,0,0,0,0,0,0,0x03
2026-09-06T11:04:46.785,6992,0,2,52,0,0,0,0,0,0,0x03
2026-09-06T11:04:46.865,6993,0,2,51,0,0,0,0,0,0,0x03
2026-09-06T11:04:46.914,6994,0,2,50,0,0,0,0,0,0,0x03
2026-09-06T11:04:46.994,6995,0,2,52,0,0,0,0,0,0,0x03
2026-09-06T11:04:47.059,6996,0,2,51,0,0,0,0,0,0,0x03
2026-09-06T11:04:47.123,6997,0,2,51,0,0,0,0,0,0,0x03
2026-09-06T11:04:47.188,6998,0,2,51,0,0,0,0,0,0,0x03
2026-09-06T11:04:47.253,6999,0,2,54,0,0,0,0,0,0,0x03
2026-09-06T11:04:47.333,7000,0,2,50,0,0,0,0,0,0,0x03
2026-09-06T11:04:47.398,7001,0,2,50,0,0,0,0,0,0,0x03
2026-09-06T11:04:47.463,7002,0,2,51,0,0,0,0,0,0,0x03
2026-09-06T11:04:47.527,7003,0,2,51,0,0,0,0,0,0,0x03
2026-09-06T11:04:47.592,7004,0,2,50,0,0,0,0,0,0,0x03
2026-09-06T11:04:47.657,7005,0,2,52,0,0,0,0,0,0,0x03
2026-09-06T11:04:47.722,7006,0,2,50,0,0,0,0,0,0,0x03
2026-09-06T11:04:47.786,7007,0,2,50,0,0,0,0,0,0,0x03
2026-09-06T11:04:47.867,7008,0,2,51,0,0,0,0,0,0,0x03
2026-09-06T11:04:47.932,7009,0,2,52,0,0,0,0,0,0,0x03
2026-09-06T11:04:47.996,7010,0,2,50,0,0,0,0,0,0,0x03
2026-09-06T11:04:48.061,7011,0,2,50,0,0,0,0,0,0,0x03
2026-09-06T11:04:48.126,7012,0,2,50,0,0,0,0,0,0,0x03
2026-09-06T11:04:48.191,7013,0,2,50,0,0,0,0,0,0,0x03
2026-09-06T11:04:48.256,7014,0,2,50,0,0,0,0,0,0,0x03
2026-09-06T11:04:48.337,7015,0,2,51,0,0,0,0,0,0,0x03
2026-09-06T11:04:48.402,7016,0,2,50,0,0,0,0,0,0,0x03
2026-09-06T11:04:48.466,7017,0,2,52,0,0,0,0,0,0,0x03
2026-09-06T11:04:48.531,7018,0,2,50,0,0,0,0,0,0,0x03
2026-09-06T11:04:48.596,7019,0,2,51,0,0,0,0,0,0,0x03
2026-09-06T11:04:48.661,7020,0,2,52,0,0,0,0,0,0,0x03
2026-09-06T11:04:48.726,7021,0,2,55,0,0,0,0,0,0,0x03
2026-09-06T11:04:48.791,7022,0,2,52,0,0,0,0,0,0,0x03
2026-09-06T11:04:48.872,7023,0,2,51,0,0,0,0,0,0,0x03
2026-09-06T11:04:48.937,7024,0,2,52,0,0,0,0,0,0,0x03
2026-09-06T11:04:49.002,7025,0,2,50,0,0,0,0,0,0,0x03
2026-09-06T11:04:49.067,7026,0,2,51,0,0,0,0,0,0,0x03
2026-09-06T11:04:49.132,7027,0,2,52,0,0,0,0,0,0,0x03
2026-09-06T11:04:49.196,7028,0,2,52,0,0,0,0,0,0,0x03
2026-09-06T11:04:49.261,7029,0,2,50,0,0,0,0,0,0,0x03
2026-09-06T11:04:49.326,7030,0,2,50,0,0,0,0,0,0,0x03
2026-09-06T11:04:49.407,7031,0,2,50,0,0,0,0,0,0,0x03
2026-09-06T11:04:49.472,7032,0,2,51,0,0,0,0,0,0,0x03
2026-09-06T11:04:49.537,7033,0,2,51,0,0,0,0,0,0,0x03
2026-09-06T11:04:49.601,7034,0,2,50,0,0,0,0,0,0,0x03
2026-09-06T11:04:49.666,7035,0,2,51,0,0,0,0,0,0,0x03
2026-09-06T11:04:49.731,7036,0,2,50,0,0,0,0,0,0,0x03
2026-09-06T11:04:49.796,7037,0,2,50,0,0,0,0,0,0,0x03
2026-09-06T11:04:49.877,7038,0,2,52,0,0,0,0,0,0,0x03
2026-09-06T11:04:49.942,7039,0,2,50,0,0,0,0,0,0,0x03
2026-09-06T11:04:50.007,7040,0,2,52,0,0,0,0,0,0,0x03
2026-09-06T11:04:50.072,7041,0,2,50,0,0,0,0,0,0,0x03
2026-09-06T11:04:50.138,7042,0,2,52,0,0,0,0,0,0,0x03
2026-09-06T11:04:50.203,7043,0,2,50,0,0,0,0,0,0,0x03
2026-09-06T11:04:50.268,7044,0,2,52,0,0,0,0,0,0,0x03
2026-09-06T11:04:50.332,7045,0,2,51,0,0,0,0,0,0,0x03
2026-09-06T11:04:50.414,7046,0,2,52,0,0,0,0,0,0,0x03
2026-09-06T11:04:50.479,7047,0,2,52,0,0,0,0,0,0,0x03
2026-09-06T11:04:50.544,7048,0,2,52,0,0,0,0,0,0,0x03
2026-09-06T11:04:50.609,7049,0,2,50,0,0,0,0,0,0,0x03
2026-09-06T11:04:50.673,7050,0,2,50,0,0,0,0,0,0,0x03
2026-09-06T11:04:50.738,7051,0,2,50,0,0,0,0,0,0,0x03
2026-09-06T11:04:50.803,7052,0,2,50,0,0,0,0,0,0,0x03
2026-09-06T11:04:50.868,7053,0,2,53,0,0,0,0,0,0,0x03
2026-09-06T11:04:50.949,7054,0,2,50,0,0,0,0,0,0,0x03
2026-09-06T11:04:51.014,7055,0,2,50,0,0,0,0,0,0,0x03
2026-09-06T11:04:51.078,7056,0,2,50,0,0,0,0,0,0,0x03
2026-09-06T11:04:51.143,7057,0,2,52,0,0,0,0,0,0,0x03
2026-09-06T11:04:51.208,7058,0,2,50,0,0,0,0,0,0,0x03
2026-09-06T11:04:51.272,7059,0,2,52,0,0,0,0,0,0,0x03
2026-09-06T11:04:51.337,7060,0,2,51,0,0,0,0,0,0,0x03
2026-09-06T11:04:51.402,7061,0,2,50,0,0,0,0,0,0,0x03
2026-09-06T11:04:51.483,7062,0,2,52,0,0,0,0,0,0,0x03
2026-09-06T11:04:51.548,7063,0,2,54,0,0,0,0,0,0,0x03
2026-09-06T11:04:51.612,7064,0,2,51,0,0,0,0,0,0,0x03
2026-09-06T11:04:51.677,7065,0,2,50,0,0,0,0,0,0,0x03
2026-09-06T11:04:51.741,7066,0,2,51,0,0,0,0,0,0,0x03
2026-09-06T11:04:51.806,7067,0,2,51,0,0,0,0,0,0,0x03
2026-09-06T11:04:51.871,7068,0,2,50,0,0,0,0,0,0,0x03
2026-09-06T11:04:51.952,7069,0,2,51,0,0,0,0,0,0,0x03
2026-09-06T11:04:52.016,7070,0,2,52,0,0,0,0,0,0,0x03
2026-09-06T11:04:52.081,7071,0,2,51,0,0,0,0,0,0,0x03
2026-09-06T11:04:52.146,7072,0,2,50,0,0,0,0,0,0,0x03
2026-09-06T11:04:52.211,7073,0,2,50,0,0,0,0,0,0,0x03
2026-09-06T11:04:52.275,7074,0,2,50,0,0,0,0,0,0,0x03
2026-09-06T11:04:52.340,7075,0,2,51,0,0,0,0,0,0,0x03
2026-09-06T11:04:52.405,7076,0,2,51,0,0,0,0,0,0,0x03
2026-09-06T11:04:52.486,7077,0,2,52,0,0,0,0,0,0,0x03
2026-09-06T11:04:52.551,7078,0,2,52,0,0,0,0,0,0,0x03
2026-09-06T11:04:52.616,7079,0,2,52,0,0,0,0,0,0,0x03
2026-09-06T11:04:52.681,7080,0,2,50,0,0,0,0,0,0,0x03
2026-09-06T11:04:52.877,7081,0,2,50,0,0,0,0,0,0,0x03
2026-09-06T11:04:52.942,7082,0,2,54,0,0,0,0,0,0,0x03
2026-09-06T11:04:53.023,7083,0,2,56,0,0,0,0,0,0,0x03
2026-09-06T11:04:53.089,7084,0,2,52,0,0,0,0,0,0,0x03
2026-09-06T11:04:53.883,7087,0,2,51,0,0,0,0,0,0,0x03
2026-09-06T11:04:54.757,7088,0,2,50,0,0,0,0,0,0,0x03
2026-09-06T11:04:56.427,7089,0,2,51,0,0,0,0,0,0,0x03
2026-09-06T11:04:56.638,7090,0,2,50,0,0,0,0,0,0,0x03
2026-09-06T11:04:56.767,7102,0,2,51,0,0,0,0,0,0,0x03
2026-09-06T11:04:56.832,7115,0,2,50,0,0,0,0,0,0,0x03
2026-09-06T11:04:57.026,7140,0,2,50,0,0,0,0,0,0,0x03
2026-09-06T11:04:57.107,7143,0,2,55,0,0,0,0,0,0,0x03
2026-09-06T11:04:57.172,7145,0,2,51,0,0,0,0,0,0,0x03
2026-09-06T11:04:57.237,7146,0,2,55,0,0,0,0,0,0,0x03
2026-09-06T11:04:57.302,7149,0,2,52,0,0,0,0,0,0,0x03
2026-09-06T11:04:57.366,7150,0,2,50,0,0,0,0,0,0,0x03
2026-09-06T11:04:57.431,7151,0,2,50,0,0,0,0,0,0,0x03
2026-09-06T11:04:57.496,7152,0,2,50,0,0,0,0,0,0,0x03
2026-09-06T11:04:57.576,7153,0,2,51,0,0,0,0,0,0,0x03
2026-09-06T11:04:57.642,7154,0,2,50,0,0,0,0,0,0,0x03
2026-09-06T11:04:57.706,7155,0,2,51,0,0,0,0,0,0,0x03
2026-09-06T11:04:57.771,7156,0,2,51,0,0,0,0,0,0,0x03
2026-09-06T11:04:57.836,7157,0,2,51,0,0,0,0,0,0,0x03
2026-09-06T11:04:57.901,7158,0,2,50,0,0,0,0,0,0,0x03
2026-09-06T11:04:57.966,7159,0,2,52,0,0,0,0,0,0,0x03
2026-09-06T11:04:58.031,7160,0,2,52,0,0,0,0,0,0,0x03
2026-09-06T11:04:58.112,7161,0,2,50,0,0,0,0,0,0,0x03
2026-09-06T11:04:58.177,7162,0,2,51,0,0,0,0,0,0,0x03
2026-09-06T11:04:58.241,7163,0,2,50,0,0,0,0,0,0,0x03
2026-09-06T11:04:58.306,7164,0,2,55,0,0,0,0,0,0,0x03
2026-09-06T11:04:58.371,7165,0,2,52,0,0,0,0,0,0,0x03
2026-09-06T11:04:58.436,7166,0,2,51,0,0,0,0,0,0,0x03
2026-09-06T11:04:58.501,7167,0,2,51,0,0,0,0,0,0,0x03
2026-09-06T11:04:58.566,7168,0,2,54,0,0,0,0,0,0,0x03
2026-09-06T11:04:58.647,7169,0,2,51,0,0,0,0,0,0,0x03
2026-09-06T11:04:58.712,7170,0,2,52,0,0,0,0,0,0,0x03
2026-09-06T11:04:58.777,7171,0,2,50,0,0,0,0,0,0,0x03
2026-09-06T11:04:58.842,7172,0,2,52,0,0,0,0,0,0,0x03
2026-09-06T11:04:58.906,7173,0,2,50,0,0,0,0,0,0,0x03
2026-09-06T11:04:58.971,7174,0,2,50,0,0,0,0,0,0,0x03
2026-09-06T11:04:59.037,7175,0,2,50,0,0,0,0,0,0,0x03
2026-09-06T11:04:59.101,7176,0,2,51,0,0,0,0,0,0,0x03
2026-09-06T11:04:59.183,7177,0,2,52,0,0,0,0,0,0,0x03
2026-09-06T11:04:59.247,7178,0,2,54,0,0,0,0,0,0,0x03
2026-09-06T11:04:59.312,7179,0,2,52,0,0,0,0,0,0,0x03
2026-09-06T11:04:59.377,7180,0,2,51,0,0,0,0,0,0,0x03
2026-09-06T11:04:59.442,7181,0,2,51,0,0,0,0,0,0,0x03
2026-09-06T11:04:59.506,7182,0,2,51,0,0,0,0,0,0,0x03
2026-09-06T11:04:59.571,7183,0,2,50,0,0,0,0,0,0,0x03
2026-09-06T11:04:59.635,7184,0,2,51,0,0,0,0,0,0,0x03
2026-09-06T11:04:59.716,7185,0,2,51,0,0,0,0,0,0,0x03
2026-09-06T11:04:59.781,7186,0,2,50,0,0,0,0,0,0,0x03
2026-09-06T11:04:59.845,7187,0,2,50,0,0,0,0,0,0,0x03
2026-09-06T11:04:59.910,7188,0,2,51,0,0,0,0,0,0,0x03
2026-09-06T11:04:59.974,7189,0,2,51,0,0,0,0,0,0,0x03
2026-09-06T11:05:00.039,7190,0,2,52,0,0,0,0,0,0,0x03
2026-09-06T11:05:00.103,7191,0,2,50,0,0,0,0,0,0,0x03
2026-09-06T11:05:00.184,7192,0,2,52,0,0,0,0,0,0,0x03
2026-09-06T11:05:00.313,7193,0,2,51,0,0,0,0,0,0,0x03
2026-09-06T11:05:00.378,7194,0,2,50,0,0,0,0,0,0,0x03
2026-09-06T11:05:00.442,7195,0,2,50,0,0,0,0,0,0,0x03
2026-09-06T11:05:00.523,7196,0,2,50,0,0,0,0,0,0,0x03
2026-09-06T11:05:00.572,7198,0,2,50,0,0,0,0,0,0,0x03
2026-09-06T11:05:00.652,7199,0,2,55,0,0,0,0,0,0,0x03
2026-09-06T11:05:00.717,7200,0,2,55,0,0,0,0,0,0,0x03
2026-09-06T11:05:00.782,7201,0,2,51,0,0,0,0,0,0,0x03
2026-09-06T11:05:00.846,7202,0,2,51,0,0,0,0,0,0,0x03
2026-09-06T11:05:00.911,7203,0,2,52,0,0,0,0,0,0,0x03
2026-09-06T11:05:00.991,7204,0,2,50,0,0,0,0,0,0,0x03
2026-09-06T11:05:01.056,7205,0,2,52,0,0,0,0,0,0,0x03
2026-09-06T11:05:01.120,7206,0,2,50,0,0,0,0,0,0,0x03
2026-09-06T11:05:01.185,7207,0,2,51,0,0,0,0,0,0,0x03
2026-09-06T11:05:01.250,7208,0,2,50,0,0,0,0,0,0,0x03
2026-09-06T11:05:01.314,7209,0,2,51,0,0,0,0,0,0,0x03
2026-09-06T11:05:01.379,7210,0,2,50,0,0,0,0,0,0,0x03
2026-09-06T11:05:01.459,7211,0,2,51,0,0,0,0,0,0,0x03
2026-09-06T11:05:01.524,7212,0,2,52,0,0,0,0,0,0,0x03
2026-09-06T11:05:01.588,7213,0,2,50,0,0,0,0,0,0,0x03
2026-09-06T11:05:01.653,7214,0,2,51,0,0,0,0,0,0,0x03
2026-09-06T11:05:01.718,7215,0,2,50,0,0,0,0,0,0,0x03
2026-09-06T11:05:01.782,7216,0,2,51,0,0,0,0,0,0,0x03
2026-09-06T11:05:01.847,7217,0,2,52,0,0,0,0,0,0,0x03
2026-09-06T11:05:01.911,7218,0,2,51,0,0,0,0,0,0,0x03
2026-09-06T11:05:01.992,7219,0,2,53,0,0,0,0,0,0,0x03
2026-09-06T11:05:02.057,7220,0,2,50,0,0,0,0,0,0,0x03
2026-09-06T11:05:02.121,7221,0,2,51,0,0,0,0,0,0,0x03
2026-09-06T11:05:02.186,7222,0,2,50,0,0,0,0,0,0,0x03
2026-09-06T11:05:02.251,7223,0,2,50,0,0,0,0,0,0,0x03
2026-09-06T11:05:02.315,7224,0,2,51,0,0,0,0,0,0,0x03
2026-09-06T11:05:02.380,7225,0,2,50,0,0,0,0,0,0,0x03
2026-09-06T11:05:02.460,7226,0,2,52,0,0,0,0,0,0,0x03
2026-09-06T11:05:02.525,7227,0,2,50,0,0,0,0,0,0,0x03
2026-09-06T11:05:02.590,7228,0,2,50,0,0,0,0,0,0,0x03
2026-09-06T11:05:02.654,7229,0,2,50,0,0,0,0,0,0,0x03
2026-09-06T11:05:02.719,7230,0,2,51,0,0,0,0,0,0,0x03
2026-09-06T11:05:02.784,7231,0,2,52,0,0,0,0,0,0,0x03
2026-09-06T11:05:02.848,7232,0,2,50,0,0,0,0,0,0,0x03
2026-09-06T11:05:02.929,7233,0,2,50,0,0,0,0,0,0,0x03
2026-09-06T11:05:02.993,7234,0,2,52,0,0,0,0,0,0,0x03
2026-09-06T11:05:03.058,7235,0,2,51,0,0,0,0,0,0,0x03
2026-09-06T11:05:03.123,7236,0,2,51,0,0,0,0,0,0,0x03
2026-09-06T11:05:03.187,7237,0,2,52,0,0,0,0,0,0,0x03
2026-09-06T11:05:03.252,7238,0,2,51,0,0,0,0,0,0,0x03
2026-09-06T11:05:03.333,7239,0,2,51,0,0,0,0,0,0,0x03
2026-09-06T11:05:03.397,7240,0,2,50,0,0,0,0,0,0,0x03
2026-09-06T11:05:03.462,7241,0,2,52,0,0,0,0,0,0,0x03
2026-09-06T11:05:03.527,7242,0,2,50,0,0,0,0,0,0,0x03
2026-09-06T11:05:03.592,7243,0,2,52,0,0,0,0,0,0,0x03
2026-09-06T11:05:03.656,7244,0,2,53,0,0,0,0,0,0,0x03
2026-09-06T11:05:03.721,7245,0,2,52,0,0,0,0,0,0,0x03
2026-09-06T11:05:03.802,7246,0,2,50,0,0,0,0,0,0,0x03
2026-09-06T11:05:03.867,7247,0,2,51,0,0,0,0,0,0,0x03
2026-09-06T11:05:03.932,7248,0,2,50,0,0,0,0,0,0,0x03
2026-09-06T11:05:03.996,7249,0,2,51,0,0,0,0,0,0,0x03
2026-09-06T11:05:04.062,7250,0,2,52,0,0,0,0,0,0,0x03
2026-09-06T11:05:04.127,7251,0,2,52,0,0,0,0,0,0,0x03
2026-09-06T11:05:04.192,7252,0,2,50,0,0,0,0,0,0,0x03
2026-09-06T11:05:04.257,7253,0,2,51,0,0,0,0,0,0,0x03
2026-09-06T11:05:04.338,7254,0,2,54,0,0,0,0,0,0,0x03
2026-09-06T11:05:04.403,7255,0,2,50,0,0,0,0,0,0,0x03
2026-09-06T11:05:04.468,7256,0,2,51,0,0,0,0,0,0,0x03
2026-09-06T11:05:04.533,7257,0,2,50,0,0,0,0,0,0,0x03
2026-09-06T11:05:04.598,7258,0,2,51,0,0,0,0,0,0,0x03
2026-09-06T11:05:04.663,7259,0,2,52,0,0,0,0,0,0,0x03
2026-09-06T11:05:04.727,7260,0,2,54,0,0,0,0,0,0,0x03
2026-09-06T11:05:04.793,7261,0,2,51,0,0,0,0,0,0,0x03
2026-09-06T11:05:04.874,7262,0,2,50,0,0,0,0,0,0,0x03
2026-09-06T11:05:04.938,7263,0,2,51,0,0,0,0,0,0,0x03
2026-09-06T11:05:05.003,7264,0,2,50,0,0,0,0,0,0,0x03
2026-09-06T11:05:05.068,7265,0,2,50,0,0,0,0,0,0,0x03
2026-09-06T11:05:05.133,7266,0,2,51,0,0,0,0,0,0,0x03
2026-09-06T11:05:05.198,7267,0,2,52,0,0,0,0,0,0,0x03
2026-09-06T11:05:05.263,7268,0,2,51,0,0,0,0,0,0,0x03
2026-09-06T11:05:05.327,7269,0,2,51,0,0,0,0,0,0,0x03
2026-09-06T11:05:05.408,7270,0,2,50,0,0,0,0,0,0,0x03
2026-09-06T11:05:05.473,7271,0,2,51,0,0,0,0,0,0,0x03
2026-09-06T11:05:05.538,7272,0,2,51,0,0,0,0,0,0,0x03
2026-09-06T11:05:05.603,7273,0,2,51,0,0,0,0,0,0,0x03
2026-09-06T11:05:05.668,7274,0,2,52,0,0,0,0,0,0,0x03
2026-09-06T11:05:05.733,7275,0,2,50,0,0,0,0,0,0,0x03
2026-09-06T11:05:05.797,7276,0,2,52,0,0,0,0,0,0,0x03
2026-09-06T11:05:05.878,7277,0,2,51,0,0,0,0,0,0,0x03
2026-09-06T11:05:05.943,7278,0,2,51,0,0,0,0,0,0,0x03
2026-09-06T11:05:06.008,7279,0,2,51,0,0,0,0,0,0,0x03
2026-09-06T11:05:06.073,7280,0,2,51,0,0,0,0,0,0,0x03
2026-09-06T11:05:06.138,7281,0,2,57,0,0,0,0,0,0,0x03
2026-09-06T11:05:06.203,7282,0,2,52,0,0,0,0,0,0,0x03
2026-09-06T11:05:06.268,7283,0,2,55,0,0,0,0,0,0,0x03
2026-09-06T11:05:06.333,7284,0,2,50,0,0,0,0,0,0,0x03
2026-09-06T11:05:06.415,7285,0,2,50,0,0,0,0,0,0,0x03
2026-09-06T11:05:06.463,7286,0,2,51,0,0,0,0,0,0,0x03
2026-09-06T11:05:06.544,7287,0,2,51,0,0,0,0,0,0,0x03
2026-09-06T11:05:06.609,7288,0,2,51,0,0,0,0,0,0,0x03
2026-09-06T11:05:06.674,7289,0,2,53,0,0,0,0,0,0,0x03
2026-09-06T11:05:06.739,7290,0,2,50,0,0,0,0,0,0,0x03
2026-09-06T11:05:06.804,7291,0,2,50,0,0,0,0,0,0,0x03
2026-09-06T11:05:06.868,7292,0,2,51,0,0,0,0,0,0,0x03
2026-09-06T11:05:06.950,7293,0,2,50,0,0,0,0,0,0,0x03
2026-09-06T11:05:07.080,7294,0,2,52,0,0,0,0,0,0,0x03
2026-09-06T11:05:07.145,7295,0,2,53,0,0,0,0,0,0,0x03
2026-09-06T11:05:07.209,7296,0,2,52,0,0,0,0,0,0,0x03
2026-09-06T11:05:07.274,7297,0,2,50,0,0,0,0,0,0,0x03
2026-09-06T11:05:07.339,7299,0,2,54,0,0,0,0,0,0,0x03
2026-09-06T11:05:07.404,7300,0,2,51,0,0,0,0,0,0,0x03
2026-09-06T11:05:07.485,7301,0,2,50,0,0,0,0,0,0,0x03
2026-09-06T11:05:07.550,7302,0,2,50,0,0,0,0,0,0,0x03
2026-09-06T11:05:07.744,7303,0,2,51,0,0,0,0,0,0,0x03
2026-09-06T11:05:07.809,7304,0,2,51,0,0,0,0,0,0,0x03
2026-09-06T11:05:07.874,7305,0,2,50,0,0,0,0,0,0,0x03
2026-09-06T11:05:08.003,7306,0,2,52,0,0,0,0,0,0,0x03
2026-09-06T11:05:08.084,7309,0,2,50,0,0,0,0,0,0,0x03
2026-09-06T11:05:08.149,7310,0,2,50,0,0,0,0,0,0,0x03
2026-09-06T11:05:08.214,7311,0,2,52,0,0,0,0,0,0,0x03
2026-09-06T11:05:08.278,7313,0,2,50,0,0,0,0,0,0,0x03
2026-09-06T11:05:08.408,7314,0,2,51,0,0,0,0,0,0,0x03
2026-09-06T11:05:08.489,7315,0,2,51,0,0,0,0,0,0,0x03
2026-09-06T11:05:08.554,7316,0,2,51,0,0,0,0,0,0,0x03
2026-09-06T11:05:08.619,7317,0,2,51,0,0,0,0,0,0,0x03
2026-09-06T11:05:08.685,7319,0,2,50,0,0,0,0,0,0,0x03
2026-09-06T11:05:08.750,7320,0,2,50,0,0,0,0,0,0,0x03
2026-09-06T11:05:08.815,7321,0,2,50,0,0,0,0,0,0,0x03
2026-09-06T11:05:08.880,7322,0,2,50,0,0,0,0,0,0,0x03
2026-09-06T11:05:08.944,7323,0,2,50,0,0,0,0,0,0,0x03
2026-09-06T11:05:09.025,7324,0,2,51,0,0,0,0,0,0,0x03
2026-09-06T11:05:09.090,7325,0,2,52,0,0,0,0,0,0,0x03
2026-09-06T11:05:09.157,7326,0,2,50,0,0,0,0,0,0,0x03
2026-09-06T11:05:09.219,7327,0,2,51,0,0,0,0,0,0,0x03
2026-09-06T11:05:09.285,7328,0,2,50,0,0,0,0,0,0,0x03
2026-09-06T11:05:09.349,7329,0,2,50,0,0,0,0,0,0,0x03
2026-09-06T11:05:09.414,7330,0,2,53,0,0,0,0,0,0,0x03
2026-09-06T11:05:09.479,7331,0,2,50,0,0,0,0,0,0,0x03
2026-09-06T11:05:09.544,7332,0,2,50,0,0,0,0,0,0,0x03
2026-09-06T11:05:09.625,7333,0,2,51,0,0,0,0,0,0,0x03
2026-09-06T11:05:09.690,7334,0,2,50,0,0,0,0,0,0,0x03
2026-09-06T11:05:09.755,7335,0,2,50,0,0,0,0,0,0,0x03
2026-09-06T11:05:09.821,7336,0,2,51,0,0,0,0,0,0,0x03
2026-09-06T11:05:09.886,7337,0,2,52,0,0,0,0,0,0,0x03
2026-09-06T11:05:09.950,7338,0,2,50,0,0,0,0,0,0,0x03
2026-09-06T11:05:10.015,7339,0,2,51,0,0,0,0,0,0,0x03
2026-09-06T11:05:10.080,7340,0,2,55,0,0,0,0,0,0,0x03
2026-09-06T11:05:10.161,7341,0,2,51,0,0,0,0,0,0,0x03
2026-09-06T11:05:10.226,7342,0,2,51,0,0,0,0,0,0,0x03
2026-09-06T11:05:10.291,7343,0,2,50,0,0,0,0,0,0,0x03
2026-09-06T11:05:10.356,7344,0,2,51,0,0,0,0,0,0,0x03
2026-09-06T11:05:10.421,7345,0,2,50,0,0,0,0,0,0,0x03
2026-09-06T11:05:10.486,7346,0,2,53,0,0,0,0,0,0,0x03
2026-09-06T11:05:10.551,7347,0,2,50,0,0,0,0,0,0,0x03
2026-09-06T11:05:10.616,7348,0,2,52,0,0,0,0,0,0,0x03
2026-09-06T11:05:10.697,7349,0,2,52,0,0,0,0,0,0,0x03
2026-09-06T11:05:10.762,7350,0,2,52,0,0,0,0,0,0,0x03
2026-09-06T11:05:10.827,7351,0,2,51,0,0,0,0,0,0,0x03
2026-09-06T11:05:10.891,7352,0,2,51,0,0,0,0,0,0,0x03
2026-09-06T11:05:10.956,7353,0,2,51,0,0,0,0,0,0,0x03
2026-09-06T11:05:11.102,7354,0,2,51,0,0,0,0,0,0,0x03
2026-09-06T11:05:11.151,7355,0,2,50,0,0,0,0,0,0,0x03
2026-09-06T11:05:11.233,7356,0,2,50,0,0,0,0,0,0,0x03
2026-09-06T11:05:11.298,7357,0,2,50,0,0,0,0,0,0,0x03
2026-09-06T11:05:11.362,7359,0,2,52,0,0,0,0,0,0,0x03
2026-09-06T11:05:11.427,7360,0,2,50,0,0,0,0,0,0,0x03
2026-09-06T11:05:11.491,7361,0,2,50,0,0,0,0,0,0,0x03
2026-09-06T11:05:11.556,7362,0,2,50,0,0,0,0,0,0,0x03
2026-09-06T11:05:11.621,7363,0,2,51,0,0,0,0,0,0,0x03
2026-09-06T11:05:11.767,7364,0,2,51,0,0,0,0,0,0,0x03
2026-09-06T11:05:11.831,7365,0,2,50,0,0,0,0,0,0,0x03
2026-09-06T11:05:11.896,7366,0,2,52,0,0,0,0,0,0,0x03
2026-09-06T11:05:11.961,7367,0,2,52,0,0,0,0,0,0,0x03
2026-09-06T11:05:12.026,7369,0,2,51,0,0,0,0,0,0,0x03
2026-09-06T11:05:12.090,7370,0,2,52,0,0,0,0,0,0,0x03
2026-09-06T11:05:12.155,7371,0,2,51,0,0,0,0,0,0,0x03
2026-09-06T11:05:12.236,7372,0,2,50,0,0,0,0,0,0,0x03
2026-09-06T11:05:12.301,7373,0,2,51,0,0,0,0,0,0,0x03
2026-09-06T11:05:12.430,7374,0,2,51,0,0,0,0,0,0,0x03
2026-09-06T11:05:12.495,7375,0,2,53,0,0,0,0,0,0,0x03
2026-09-06T11:05:12.560,7376,0,2,52,0,0,0,0,0,0,0x03
2026-09-06T11:05:12.641,7377,0,2,50,0,0,0,0,0,0,0x03
2026-09-06T11:05:12.690,7379,0,2,50,0,0,0,0,0,0,0x03
2026-09-06T11:05:12.771,7380,0,2,51,0,0,0,0,0,0,0x03
2026-09-06T11:05:12.901,7381,0,2,50,0,0,0,0,0,0,0x03
2026-09-06T11:05:12.966,7382,0,2,50,0,0,0,0,0,0,0x03
2026-09-06T11:05:13.031,7383,0,2,50,0,0,0,0,0,0,0x03
2026-09-06T11:05:13.096,7384,0,2,50,0,0,0,0,0,0,0x03
2026-09-06T11:05:13.161,7386,0,2,52,0,0,0,0,0,0,0x03
2026-09-06T11:05:13.242,7387,0,2,50,0,0,0,0,0,0,0x03
2026-09-06T11:05:13.372,7388,0,2,53,0,0,0,0,0,0,0x03
2026-09-06T11:05:13.437,7389,0,2,52,0,0,0,0,0,0,0x03
2026-09-06T11:05:13.502,7390,0,2,50,0,0,0,0,0,0,0x03
2026-09-06T11:05:13.567,7391,0,2,51,0,0,0,0,0,0,0x03
2026-09-06T11:05:13.631,7393,0,2,50,0,0,0,0,0,0,0x03
2026-09-06T11:05:13.696,7394,0,2,53,0,0,0,0,0,0,0x03
2026-09-06T11:05:13.778,7395,0,2,50,0,0,0,0,0,0,0x03
2026-09-06T11:05:13.843,7396,0,2,51,0,0,0,0,0,0,0x03
2026-09-06T11:05:13.908,7397,0,2,50,0,0,0,0,0,0,0x03
2026-09-06T11:05:13.973,7398,0,2,51,0,0,0,0,0,0,0x03
2026-09-06T11:05:14.038,7399,0,2,51,0,0,0,0,0,0,0x03
2026-09-06T11:05:14.103,7400,0,2,50,0,0,0,0,0,0,0x03
2026-09-06T11:05:14.168,7401,0,2,52,0,0,0,0,0,0,0x03
2026-09-06T11:05:14.233,7402,0,2,52,0,0,0,0,0,0,0x03
2026-09-06T11:05:14.379,7403,0,2,51,0,0,0,0,0,0,0x03
2026-09-06T11:05:14.444,7404,0,2,53,0,0,0,0,0,0,0x03
2026-09-06T11:05:14.509,7405,0,2,51,0,0,0,0,0,0,0x03
2026-09-06T11:05:14.574,7406,0,2,51,0,0,0,0,0,0,0x03
2026-09-06T11:05:14.638,7408,0,2,51,0,0,0,0,0,0,0x03
2026-09-06T11:05:14.703,7409,0,2,52,0,0,0,0,0,0,0x03
2026-09-06T11:05:14.768,7410,0,2,51,0,0,0,0,0,0,0x03
2026-09-06T11:05:14.849,7411,0,2,52,0,0,0,0,0,0,0x03
2026-09-06T11:05:14.914,7412,0,2,50,0,0,0,0,0,0,0x03
2026-09-06T11:05:14.979,7413,0,2,54,0,0,0,0,0,0,0x03
2026-09-06T11:05:15.044,7414,0,2,51,0,0,0,0,0,0,0x03
2026-09-06T11:05:15.109,7415,0,2,52,0,0,0,0,0,0,0x03
2026-09-06T11:05:15.173,7416,0,2,50,0,0,0,0,0,0,0x03
2026-09-06T11:05:15.238,7417,0,2,50,0,0,0,0,0,0,0x03
2026-09-06T11:05:15.303,7418,0,2,50,0,0,0,0,0,0,0x03
2026-09-06T11:05:15.383,7419,0,2,50,0,0,0,0,0,0,0x03
2026-09-06T11:05:15.448,7420,0,2,50,0,0,0,0,0,0,0x03
2026-09-06T11:05:15.513,7421,0,2,50,0,0,0,0,0,0,0x03
2026-09-06T11:05:15.578,7422,0,2,51,0,0,0,0,0,0,0x03
2026-09-06T11:05:15.643,7423,0,2,51,0,0,0,0,0,0,0x03
2026-09-06T11:05:15.708,7424,0,2,52,0,0,0,0,0,0,0x03
2026-09-06T11:05:15.772,7425,0,2,51,0,0,0,0,0,0,0x03
2026-09-06T11:05:15.853,7426,0,2,50,0,0,0,0,0,0,0x03
2026-09-06T11:05:15.918,7427,0,2,50,0,0,0,0,0,0,0x03
2026-09-06T11:05:15.983,7428,0,2,52,0,0,0,0,0,0,0x03
2026-09-06T11:05:16.047,7429,0,2,52,0,0,0,0,0,0,0x03
2026-09-06T11:05:16.112,7430,0,2,50,0,0,0,0,0,0,0x03
2026-09-06T11:05:16.177,7431,0,2,50,0,0,0,0,0,0,0x03
2026-09-06T11:05:16.242,7432,0,2,51,0,0,0,0,0,0,0x03
2026-09-06T11:05:16.307,7433,0,2,50,0,0,0,0,0,0,0x03
2026-09-06T11:05:16.389,7434,0,2,52,0,0,0,0,0,0,0x03
2026-09-06T11:05:16.454,7435,0,2,52,0,0,0,0,0,0,0x03
2026-09-06T11:05:16.518,7436,0,2,51,0,0,0,0,0,0,0x03
2026-09-06T11:05:16.583,7437,0,2,52,0,0,0,0,0,0,0x03
2026-09-06T11:05:16.649,7438,0,2,51,0,0,0,0,0,0,0x03
2026-09-06T11:05:16.714,7439,0,2,51,0,0,0,0,0,0,0x03
2026-09-06T11:05:16.778,7440,0,2,51,0,0,0,0,0,0,0x03
2026-09-06T11:05:16.844,7441,0,2,52,0,0,0,0,0,0,0x03
2026-09-06T11:05:16.909,7442,0,2,54,0,0,0,0,0,0,0x03
2026-09-06T11:05:16.990,7443,0,2,51,0,0,0,0,0,0,0x03
2026-09-06T11:05:17.055,7444,0,2,51,0,0,0,0,0,0,0x03
2026-09-06T11:05:17.119,7445,0,2,52,0,0,0,0,0,0,0x03
2026-09-06T11:05:17.184,7446,0,2,50,0,0,0,0,0,0,0x03
2026-09-06T11:05:17.249,7447,0,2,51,0,0,0,0,0,0,0x03
2026-09-06T11:05:17.314,7448,0,2,52,0,0,0,0,0,0,0x03
2026-09-06T11:05:17.379,7449,0,2,51,0,0,0,0,0,0,0x03
2026-09-06T11:05:17.460,7450,0,2,50,0,0,0,0,0,0,0x03
2026-09-06T11:05:17.525,7451,0,2,51,0,0,0,0,0,0,0x03
2026-09-06T11:05:17.590,7452,0,2,50,0,0,0,0,0,0,0x03
2026-09-06T11:05:17.655,7453,0,2,51,0,0,0,0,0,0,0x03
2026-09-06T11:05:17.720,7454,0,2,50,0,0,0,0,0,0,0x03
2026-09-06T11:05:17.915,7455,0,2,51,0,0,0,0,0,0,0x03
2026-09-06T11:05:17.995,7456,0,2,50,0,0,0,0,0,0,0x03
2026-09-06T11:05:18.060,7457,0,2,50,0,0,0,0,0,0,0x03
2026-09-06T11:05:18.125,7458,0,2,50,0,0,0,0,0,0,0x03
2026-09-06T11:05:18.191,7461,0,2,52,0,0,0,0,0,0,0x03
2026-09-06T11:05:18.256,7462,0,2,50,0,0,0,0,0,0,0x03
2026-09-06T11:05:18.321,7463,0,2,50,0,0,0,0,0,0,0x03
2026-09-06T11:05:18.386,7464,0,2,53,0,0,0,0,0,0,0x03
2026-09-06T11:05:18.451,7465,0,2,50,0,0,0,0,0,0,0x03
2026-09-06T11:05:18.532,7466,0,2,52,0,0,0,0,0,0,0x03
2026-09-06T11:05:18.597,7467,0,2,50,0,0,0,0,0,0,0x03
2026-09-06T11:05:18.663,7468,0,2,51,0,0,0,0,0,0,0x03
2026-09-06T11:05:18.727,7469,0,2,50,0,0,0,0,0,0,0x03
2026-09-06T11:05:18.793,7470,0,2,52,0,0,0,0,0,0,0x03
2026-09-06T11:05:18.858,7471,0,2,50,0,0,0,0,0,0,0x03
2026-09-06T11:05:18.923,7472,0,2,51,0,0,0,0,0,0,0x03
2026-09-06T11:05:18.988,7473,0,2,50,0,0,0,0,0,0,0x03
2026-09-06T11:05:19.069,7474,0,2,50,0,0,0,0,0,0,0x03
2026-09-06T11:05:19.118,7475,0,2,51,0,0,0,0,0,0,0x03
2026-09-06T11:05:19.199,7476,0,2,54,0,0,0,0,0,0,0x03
2026-09-06T11:05:19.264,7477,0,2,50,0,0,0,0,0,0,0x03
2026-09-06T11:05:19.329,7478,0,2,50,0,0,0,0,0,0,0x03
2026-09-06T11:05:19.394,7479,0,2,50,0,0,0,0,0,0,0x03
2026-09-06T11:05:19.459,7480,0,2,50,0,0,0,0,0,0,0x03
2026-09-06T11:05:19.524,7481,0,2,52,0,0,0,0,0,0,0x03
2026-09-06T11:05:19.588,7482,0,2,51,0,0,0,0,0,0,0x03
2026-09-06T11:05:19.653,7483,0,2,52,0,0,0,0,0,0,0x03
2026-09-06T11:05:19.734,7484,0,2,51,0,0,0,0,0,0,0x03
2026-09-06T11:05:19.800,7485,0,2,52,0,0,0,0,0,0,0x03
2026-09-06T11:05:19.865,7486,0,2,54,0,0,0,0,0,0,0x03
2026-09-06T11:05:19.930,7487,0,2,50,0,0,0,0,0,0,0x03
2026-09-06T11:05:19.995,7488,0,2,50,0,0,0,0,0,0,0x03
2026-09-06T11:05:20.060,7489,0,2,50,0,0,0,0,0,0,0x03
2026-09-06T11:05:20.125,7490,0,2,51,0,0,0,0,0,0,0x03
2026-09-06T11:05:20.190,7491,0,2,51,0,0,0,0,0,0,0x03
2026-09-06T11:05:20.271,7492,0,2,51,0,0,0,0,0,0,0x03
2026-09-06T11:05:20.336,7493,0,2,52,0,0,0,0,0,0,0x03
2026-09-06T11:05:20.401,7494,0,2,52,0,0,0,0,0,0,0x03
2026-09-06T11:05:20.466,7495,0,2,51,0,0,0,0,0,0,0x03
2026-09-06T11:05:20.531,7496,0,2,50,0,0,0,0,0,0,0x03
2026-09-06T11:05:20.596,7497,0,2,52,0,0,0,0,0,0,0x03
2026-09-06T11:05:20.661,7498,0,2,52,0,0,0,0,0,0,0x03
2026-09-06T11:05:20.726,7499,0,2,51,0,0,0,0,0,0,0x03
2026-09-06T11:05:20.807,7500,0,2,52,0,0,0,0,0,0,0x03
2026-09-06T11:05:20.872,7501,0,2,51,0,0,0,0,0,0,0x03
2026-09-06T11:05:20.937,7502,0,2,54,0,0,0,0,0,0,0x03
2026-09-06T11:05:21.002,7503,0,2,51,0,0,0,0,0,0,0x03
2026-09-06T11:05:21.067,7504,0,2,52,0,0,0,0,0,0,0x03
2026-09-06T11:05:21.132,7505,0,2,50,0,0,0,0,0,0,0x03
2026-09-06T11:05:21.197,7506,0,2,55,0,0,0,0,0,0,0x03
2026-09-06T11:05:21.262,7507,0,2,50,0,0,0,0,0,0,0x03
2026-09-06T11:05:21.343,7508,0,2,50,0,0,0,0,0,0,0x03
2026-09-06T11:05:21.409,7509,0,2,50,0,0,0,0,0,0,0x03
2026-09-06T11:05:21.473,7510,0,2,52,0,0,0,0,0,0,0x03
2026-09-06T11:05:21.538,7511,0,2,50,0,0,0,0,0,0,0x03
2026-09-06T11:05:21.603,7512,0,2,51,0,0,0,0,0,0,0x03
2026-09-06T11:05:21.668,7513,0,2,51,0,0,0,0,0,0,0x03
2026-09-06T11:05:21.733,7514,0,2,51,0,0,0,0,0,0,0x03
2026-09-06T11:05:21.798,7515,0,2,50,0,0,0,0,0,0,0x03
2026-09-06T11:05:21.879,7516,0,2,51,0,0,0,0,0,0,0x03
2026-09-06T11:05:21.943,7517,0,2,51,0,0,0,0,0,0,0x03
2026-09-06T11:05:22.009,7518,0,2,51,0,0,0,0,0,0,0x03
2026-09-06T11:05:22.073,7519,0,2,51,0,0,0,0,0,0,0x03
2026-09-06T11:05:22.138,7520,0,2,50,0,0,0,0,0,0,0x03
2026-09-06T11:05:22.203,7521,0,2,50,0,0,0,0,0,0,0x03
2026-09-06T11:05:22.268,7522,0,2,51,0,0,0,0,0,0,0x03
2026-09-06T11:05:22.333,7523,0,2,51,0,0,0,0,0,0,0x03
2026-09-06T11:05:22.414,7524,0,2,50,0,0,0,0,0,0,0x03
2026-09-06T11:05:22.479,7525,0,2,50,0,0,0,0,0,0,0x03
2026-09-06T11:05:22.543,7526,0,2,52,0,0,0,0,0,0,0x03
2026-09-06T11:05:22.608,7527,0,2,51,0,0,0,0,0,0,0x03
2026-09-06T11:05:22.673,7528,0,2,55,0,0,0,0,0,0,0x03
2026-09-06T11:05:22.738,7529,0,2,50,0,0,0,0,0,0,0x03
2026-09-06T11:05:22.803,7530,0,2,51,0,0,0,0,0,0,0x03
2026-09-06T11:05:22.884,7531,0,2,52,0,0,0,0,0,0,0x03
2026-09-06T11:05:22.948,7532,0,2,50,0,0,0,0,0,0,0x03
2026-09-06T11:05:23.014,7533,0,2,51,0,0,0,0,0,0,0x03
2026-09-06T11:05:23.079,7534,0,2,51,0,0,0,0,0,0,0x03
2026-09-06T11:05:23.144,7535,0,2,51,0,0,0,0,0,0,0x03
2026-09-06T11:05:23.209,7536,0,2,50,0,0,0,0,0,0,0x03
2026-09-06T11:05:23.274,7537,0,2,51,0,0,0,0,0,0,0x03
2026-09-06T11:05:23.339,7538,0,2,50,0,0,0,0,0,0,0x03
2026-09-06T11:05:23.420,7539,0,2,51,0,0,0,0,0,0,0x03
2026-09-06T11:05:23.469,7540,0,2,50,0,0,0,0,0,0,0x03
2026-09-06T11:05:23.549,7541,0,2,50,0,0,0,0,0,0,0x03
2026-09-06T11:05:23.614,7542,0,2,52,0,0,0,0,0,0,0x03
2026-09-06T11:05:23.679,7543,0,2,50,0,0,0,0,0,0,0x03
2026-09-06T11:05:23.744,7544,0,2,50,0,0,0,0,0,0,0x03
2026-09-06T11:05:23.809,7545,0,2,50,0,0,0,0,0,0,0x03
2026-09-06T11:05:23.874,7546,0,2,50,0,0,0,0,0,0,0x03
2026-09-06T11:05:23.955,7547,0,2,53,0,0,0,0,0,0,0x03
2026-09-06T11:05:24.004,7548,0,2,50,0,0,0,0,0,0,0x03
2026-09-06T11:05:24.086,7549,0,2,50,0,0,0,0,0,0,0x03
2026-09-06T11:05:24.150,7550,0,2,50,0,0,0,0,0,0,0x03
2026-09-06T11:05:24.215,7551,0,2,51,0,0,0,0,0,0,0x03
2026-09-06T11:05:24.280,7552,0,2,52,0,0,0,0,0,0,0x03
2026-09-06T11:05:24.345,7553,0,2,52,0,0,0,0,0,0,0x03
2026-09-06T11:05:24.410,7554,0,2,50,0,0,0,0,0,0,0x03
2026-09-06T11:05:24.492,7555,0,2,50,0,0,0,0,0,0,0x03
2026-09-06T11:05:24.541,7556,0,2,51,0,0,0,0,0,0,0x03
2026-09-06T11:05:24.622,7557,0,2,51,0,0,0,0,0,0,0x03
2026-09-06T11:05:24.687,7558,0,2,52,0,0,0,0,0,0,0x03
2026-09-06T11:05:24.752,7559,0,2,52,0,0,0,0,0,0,0x03
2026-09-06T11:05:24.817,7560,0,2,50,0,0,0,0,0,0,0x03
2026-09-06T11:05:24.882,7561,0,2,50,0,0,0,0,0,0,0x03
2026-09-06T11:05:24.947,7562,0,2,52,0,0,0,0,0,0,0x03
2026-09-06T11:05:25.012,7563,0,2,55,0,0,0,0,0,0,0x03
2026-09-06T11:05:25.076,7564,0,2,51,0,0,0,0,0,0,0x03
2026-09-06T11:05:25.157,7565,0,2,52,0,0,0,0,0,0,0x03
2026-09-06T11:05:25.287,7566,0,2,50,0,0,0,0,0,0,0x03
2026-09-06T11:05:25.416,7567,0,2,51,0,0,0,0,0,0,0x03
2026-09-06T11:05:25.481,7568,0,2,50,0,0,0,0,0,0,0x03
2026-09-06T11:05:25.627,7569,0,2,51,0,0,0,0,0,0,0x03
2026-09-06T11:05:25.692,7571,0,2,50,0,0,0,0,0,0,0x03
2026-09-06T11:05:25.756,7573,0,2,50,0,0,0,0,0,0,0x03
2026-09-06T11:05:25.821,7574,0,2,51,0,0,0,0,0,0,0x03
2026-09-06T11:05:25.886,7576,0,2,51,0,0,0,0,0,0,0x03
2026-09-06T11:05:25.951,7577,0,2,50,0,0,0,0,0,0,0x03
2026-09-06T11:05:26.031,7578,0,2,51,0,0,0,0,0,0,0x03
2026-09-06T11:05:26.080,7579,0,2,52,0,0,0,0,0,0,0x03
2026-09-06T11:05:26.161,7580,0,2,50,0,0,0,0,0,0,0x03
2026-09-06T11:05:26.226,7581,0,2,50,0,0,0,0,0,0,0x03
2026-09-06T11:05:26.291,7582,0,2,50,0,0,0,0,0,0,0x03
2026-09-06T11:05:26.356,7583,0,2,51,0,0,0,0,0,0,0x03
2026-09-06T11:05:26.421,7584,0,2,51,0,0,0,0,0,0,0x03
2026-09-06T11:05:26.486,7585,0,2,51,0,0,0,0,0,0,0x03
2026-09-06T11:05:26.551,7586,0,2,51,0,0,0,0,0,0,0x03
2026-09-06T11:05:26.616,7587,0,2,50,0,0,0,0,0,0,0x03
2026-09-06T11:05:26.697,7588,0,2,51,0,0,0,0,0,0,0x03
2026-09-06T11:05:26.762,7589,0,2,50,0,0,0,0,0,0,0x03
2026-09-06T11:05:26.827,7590,0,2,52,0,0,0,0,0,0,0x03
2026-09-06T11:05:26.892,7591,0,2,52,0,0,0,0,0,0,0x03
2026-09-06T11:05:26.957,7592,0,2,50,0,0,0,0,0,0,0x03
2026-09-06T11:05:27.021,7593,0,2,50,0,0,0,0,0,0,0x03
2026-09-06T11:05:27.086,7594,0,2,51,0,0,0,0,0,0,0x03
2026-09-06T11:05:27.168,7595,0,2,53,0,0,0,0,0,0,0x03
2026-09-06T11:05:27.232,7596,0,2,52,0,0,0,0,0,0,0x03
2026-09-06T11:05:27.297,7597,0,2,51,0,0,0,0,0,0,0x03
2026-09-06T11:05:27.362,7598,0,2,51,0,0,0,0,0,0,0x03
2026-09-06T11:05:27.427,7599,0,2,50,0,0,0,0,0,0,0x03
2026-09-06T11:05:27.491,7600,0,2,50,0,0,0,0,0,0,0x03
2026-09-06T11:05:27.556,7601,0,2,52,0,0,0,0,0,0,0x03
2026-09-06T11:05:27.621,7602,0,2,52,0,0,0,0,0,0,0x03
2026-09-06T11:05:27.702,7603,0,2,52,0,0,0,0,0,0,0x03
2026-09-06T11:05:27.768,7604,0,2,50,0,0,0,0,0,0,0x03
2026-09-06T11:05:27.833,7605,0,2,50,0,0,0,0,0,0,0x03
2026-09-06T11:05:27.898,7606,0,2,50,0,0,0,0,0,0,0x03
2026-09-06T11:05:27.963,7607,0,2,51,0,0,0,0,0,0,0x03
2026-09-06T11:05:28.027,7608,0,2,51,0,0,0,0,0,0,0x03
2026-09-06T11:05:28.092,7609,0,2,51,0,0,0,0,0,0,0x03
2026-09-06T11:05:28.157,7610,0,2,51,0,0,0,0,0,0,0x03
2026-09-06T11:05:28.238,7611,0,2,50,0,0,0,0,0,0,0x03
2026-09-06T11:05:28.303,7612,0,2,51,0,0,0,0,0,0,0x03
2026-09-06T11:05:28.368,7613,0,2,50,0,0,0,0,0,0,0x03
2026-09-06T11:05:28.432,7614,0,2,50,0,0,0,0,0,0,0x03
2026-09-06T11:05:28.498,7615,0,2,50,0,0,0,0,0,0,0x03
2026-09-06T11:05:28.563,7616,0,2,52,0,0,0,0,0,0,0x03
2026-09-06T11:05:28.628,7617,0,2,50,0,0,0,0,0,0,0x03
2026-09-06T11:05:28.693,7618,0,2,52,0,0,0,0,0,0,0x03
2026-09-06T11:05:28.774,7619,0,2,50,0,0,0,0,0,0,0x03
2026-09-06T11:05:28.840,7620,0,2,51,0,0,0,0,0,0,0x03
2026-09-06T11:05:28.904,7621,0,2,50,0,0,0,0,0,0,0x03
2026-09-06T11:05:28.969,7622,0,2,50,0,0,0,0,0,0,0x03
2026-09-06T11:05:29.033,7623,0,2,54,0,0,0,0,0,0,0x03
2026-09-06T11:05:29.098,7624,0,2,51,0,0,0,0,0,0,0x03
2026-09-06T11:05:29.163,7625,0,2,51,0,0,0,0,0,0,0x03
2026-09-06T11:05:29.228,7626,0,2,51,0,0,0,0,0,0,0x03
2026-09-06T11:05:29.309,7627,0,2,52,0,0,0,0,0,0,0x03
2026-09-06T11:05:29.374,7628,0,2,52,0,0,0,0,0,0,0x03
2026-09-06T11:05:29.438,7629,0,2,50,0,0,0,0,0,0,0x03
2026-09-06T11:05:29.503,7630,0,2,50,0,0,0,0,0,0,0x03
2026-09-06T11:05:29.568,7631,0,2,50,0,0,0,0,0,0,0x03
2026-09-06T11:05:29.633,7632,0,2,50,0,0,0,0,0,0,0x03
2026-09-06T11:05:29.698,7633,0,2,53,0,0,0,0,0,0,0x03
2026-09-06T11:05:29.778,7634,0,2,52,0,0,0,0,0,0,0x03
2026-09-06T11:05:29.843,7635,0,2,51,0,0,0,0,0,0,0x03
2026-09-06T11:05:29.908,7636,0,2,50,0,0,0,0,0,0,0x03
2026-09-06T11:05:29.973,7637,0,2,50,0,0,0,0,0,0,0x03
2026-09-06T11:05:30.038,7638,0,2,50,0,0,0,0,0,0,0x03
2026-09-06T11:05:30.103,7639,0,2,51,0,0,0,0,0,0,0x03
2026-09-06T11:05:30.167,7640,0,2,50,0,0,0,0,0,0,0x03
2026-09-06T11:05:30.232,7641,0,2,50,0,0,0,0,0,0,0x03
2026-09-06T11:05:30.314,7642,0,2,50,0,0,0,0,0,0,0x03
2026-09-06T11:05:30.379,7643,0,2,52,0,0,0,0,0,0,0x03
2026-09-06T11:05:30.443,7644,0,2,51,0,0,0,0,0,0,0x03
2026-09-06T11:05:30.508,7645,0,2,52,0,0,0,0,0,0,0x03
2026-09-06T11:05:30.573,7646,0,2,51,0,0,0,0,0,0,0x03
2026-09-06T11:05:30.637,7647,0,2,50,0,0,0,0,0,0,0x03
2026-09-06T11:05:30.702,7648,0,2,50,0,0,0,0,0,0,0x03
2026-09-06T11:05:30.767,7649,0,2,55,0,0,0,0,0,0,0x03
2026-09-06T11:05:30.848,7650,0,2,50,0,0,0,0,0,0,0x03
2026-09-06T11:05:30.913,7651,0,2,50,0,0,0,0,0,0,0x03
2026-09-06T11:05:30.979,7652,0,2,52,0,0,0,0,0,0,0x03
2026-09-06T11:05:31.044,7653,0,2,51,0,0,0,0,0,0,0x03
2026-09-06T11:05:31.108,7654,0,2,52,0,0,0,0,0,0,0x03
2026-09-06T11:05:31.174,7655,0,2,52,0,0,0,0,0,0,0x03
2026-09-06T11:05:31.239,7656,0,2,50,0,0,0,0,0,0,0x03
2026-09-06T11:05:31.304,7657,0,2,52,0,0,0,0,0,0,0x03
2026-09-06T11:05:31.385,7658,0,2,50,0,0,0,0,0,0,0x03
2026-09-06T11:05:31.450,7659,0,2,53,0,0,0,0,0,0,0x03
2026-09-06T11:05:31.515,7660,0,2,51,0,0,0,0,0,0,0x03
2026-09-06T11:05:31.580,7661,0,2,51,0,0,0,0,0,0,0x03
2026-09-06T11:05:31.645,7662,0,2,50,0,0,0,0,0,0,0x03
2026-09-06T11:05:31.710,7663,0,2,50,0,0,0,0,0,0,0x03
2026-09-06T11:05:31.775,7664,0,2,50,0,0,0,0,0,0,0x03
2026-09-06T11:05:31.840,7665,0,2,54,0,0,0,0,0,0,0x03
2026-09-06T11:05:31.920,7666,0,2,51,0,0,0,0,0,0,0x03
2026-09-06T11:05:31.985,7667,0,2,50,0,0,0,0,0,0,0x03
2026-09-06T11:05:32.050,7668,0,2,50,0,0,0,0,0,0,0x03
2026-09-06T11:05:32.115,7669,0,2,52,0,0,0,0,0,0,0x03
2026-09-06T11:05:32.180,7670,0,2,52,0,0,0,0,0,0,0x03
2026-09-06T11:05:32.245,7671,0,2,50,0,0,0,0,0,0,0x03
2026-09-06T11:05:32.310,7672,0,2,51,0,0,0,0,0,0,0x03
2026-09-06T11:05:32.375,7673,0,2,51,0,0,0,0,0,0,0x03
2026-09-06T11:05:32.456,7674,0,2,50,0,0,0,0,0,0,0x03
2026-09-06T11:05:32.521,7675,0,2,52,0,0,0,0,0,0,0x03
2026-09-06T11:05:32.585,7676,0,2,50,0,0,0,0,0,0,0x03
2026-09-06T11:05:32.650,7677,0,2,51,0,0,0,0,0,0,0x03
2026-09-06T11:05:32.715,7678,0,2,51,0,0,0,0,0,0,0x03
2026-09-06T11:05:32.780,7679,0,2,50,0,0,0,0,0,0,0x03
2026-09-06T11:05:32.844,7680,0,2,52,0,0,0,0,0,0,0x03
2026-09-06T11:05:32.925,7681,0,2,50,0,0,0,0,0,0,0x03
2026-09-06T11:05:32.990,7682,0,2,50,0,0,0,0,0,0,0x03
2026-09-06T11:05:33.055,7683,0,2,50,0,0,0,0,0,0,0x03
2026-09-06T11:05:33.120,7684,0,2,51,0,0,0,0,0,0,0x03
2026-09-06T11:05:33.184,7685,0,2,52,0,0,0,0,0,0,0x03
2026-09-06T11:05:33.249,7686,0,2,50,0,0,0,0,0,0,0x03
2026-09-06T11:05:33.314,7687,0,2,51,0,0,0,0,0,0,0x03
2026-09-06T11:05:33.379,7688,0,2,51,0,0,0,0,0,0,0x03
2026-09-06T11:05:33.460,7689,0,2,50,0,0,0,0,0,0,0x03
2026-09-06T11:05:33.524,7690,0,2,50,0,0,0,0,0,0,0x03
2026-09-06T11:05:33.589,7691,0,2,50,0,0,0,0,0,0,0x03
2026-09-06T11:05:33.654,7692,0,2,50,0,0,0,0,0,0,0x03
2026-09-06T11:05:33.718,7693,0,2,50,0,0,0,0,0,0,0x03
2026-09-06T11:05:33.783,7694,0,2,50,0,0,0,0,0,0,0x03
2026-09-06T11:05:33.848,7695,0,2,50,0,0,0,0,0,0,0x03
2026-09-06T11:05:33.930,7696,0,2,52,0,0,0,0,0,0,0x03
2026-09-06T11:05:33.994,7697,0,2,52,0,0,0,0,0,0,0x03
2026-09-06T11:05:34.060,7698,0,2,51,0,0,0,0,0,0,0x03
2026-09-06T11:05:34.124,7699,0,2,51,0,0,0,0,0,0,0x03
2026-09-06T11:05:34.189,7700,0,2,50,0,0,0,0,0,0,0x03
2026-09-06T11:05:34.254,7701,0,2,50,0,0,0,0,0,0,0x03
2026-09-06T11:05:34.319,7702,0,2,52,0,0,0,0,0,0,0x03
2026-09-06T11:05:34.383,7703,0,2,50,0,0,0,0,0,0,0x03
2026-09-06T11:05:34.464,7704,0,2,51,0,0,0,0,0,0,0x03
2026-09-06T11:05:34.529,7705,0,2,50,0,0,0,0,0,0,0x03
2026-09-06T11:05:34.594,7706,0,2,51,0,0,0,0,0,0,0x03
2026-09-06T11:05:34.659,7707,0,2,50,0,0,0,0,0,0,0x03
2026-09-06T11:05:34.723,7708,0,2,50,0,0,0,0,0,0,0x03
2026-09-06T11:05:34.788,7709,0,2,52,0,0,0,0,0,0,0x03
2026-09-06T11:05:34.853,7710,0,2,51,0,0,0,0,0,0,0x03
2026-09-06T11:05:34.933,7711,0,2,51,0,0,0,0,0,0,0x03
2026-09-06T11:05:34.998,7712,0,2,52,0,0,0,0,0,0,0x03
2026-09-06T11:05:35.063,7713,0,2,50,0,0,0,0,0,0,0x03
2026-09-06T11:05:35.128,7714,0,2,52,0,0,0,0,0,0,0x03
2026-09-06T11:05:35.193,7715,0,2,50,0,0,0,0,0,0,0x03
2026-09-06T11:05:35.258,7716,0,2,52,0,0,0,0,0,0,0x03
2026-09-06T11:05:35.323,7717,0,2,50,0,0,0,0,0,0,0x03
2026-09-06T11:05:35.388,7718,0,2,51,0,0,0,0,0,0,0x03
2026-09-06T11:05:35.468,7719,0,2,54,0,0,0,0,0,0,0x03
2026-09-06T11:05:36.601,7720,0,2,51,0,0,0,0,0,0,0x03
2026-09-06T11:05:36.666,7721,0,2,51,0,0,0,0,0,0,0x03
2026-09-06T11:05:36.795,7722,0,2,51,0,0,0,0,0,0,0x03
2026-09-06T11:05:36.860,7723,0,2,50,0,0,0,0,0,0,0x03
2026-09-06T11:05:36.941,7740,0,2,51,0,0,0,0,0,0,0x03
2026-09-06T11:05:37.006,7741,0,2,50,0,0,0,0,0,0,0x03
2026-09-06T11:05:37.070,7743,0,2,51,0,0,0,0,0,0,0x03
2026-09-06T11:05:37.200,7744,0,2,51,0,0,0,0,0,0,0x03
2026-09-06T11:05:37.265,7745,0,2,51,0,0,0,0,0,0,0x03
2026-09-06T11:05:37.346,7746,0,2,50,0,0,0,0,0,0,0x03
2026-09-06T11:05:37.395,7747,0,2,51,0,0,0,0,0,0,0x03
2026-09-06T11:05:37.476,7749,0,2,50,0,0,0,0,0,0,0x03
2026-09-06T11:05:37.541,7750,0,2,50,0,0,0,0,0,0,0x03
2026-09-06T11:05:37.605,7751,0,2,50,0,0,0,0,0,0,0x03
2026-09-06T11:05:37.671,7752,0,2,50,0,0,0,0,0,0,0x03
2026-09-06T11:05:37.736,7753,0,2,50,0,0,0,0,0,0,0x03
2026-09-06T11:05:37.801,7754,0,2,50,0,0,0,0,0,0,0x03
2026-09-06T11:05:37.882,7755,0,2,50,0,0,0,0,0,0,0x03
2026-09-06T11:05:38.012,7756,0,2,50,0,0,0,0,0,0,0x03
2026-09-06T11:05:38.077,7757,0,2,52,0,0,0,0,0,0,0x03
2026-09-06T11:05:38.142,7758,0,2,51,0,0,0,0,0,0,0x03
2026-09-06T11:05:38.207,7759,0,2,50,0,0,0,0,0,0,0x03
2026-09-06T11:05:38.272,7761,0,2,51,0,0,0,0,0,0,0x03
2026-09-06T11:05:38.337,7762,0,2,50,0,0,0,0,0,0,0x03
2026-09-06T11:05:38.401,7763,0,2,52,0,0,0,0,0,0,0x03
2026-09-06T11:05:38.466,7764,0,2,52,0,0,0,0,0,0,0x03
2026-09-06T11:05:38.548,7765,0,2,51,0,0,0,0,0,0,0x03
2026-09-06T11:05:38.613,7766,0,2,50,0,0,0,0,0,0,0x03
2026-09-06T11:05:38.678,7767,0,2,50,0,0,0,0,0,0,0x03
2026-09-06T11:05:38.743,7768,0,2,52,0,0,0,0,0,0,0x03
2026-09-06T11:05:38.808,7769,0,2,53,0,0,0,0,0,0,0x03
2026-09-06T11:05:38.873,7770,0,2,50,0,0,0,0,0,0,0x03
2026-09-06T11:05:39.149,7771,0,2,50,0,0,0,0,0,0,0x03
2026-09-06T11:05:39.408,7772,0,2,50,0,0,0,0,0,0,0x03
2026-09-06T11:05:39.473,7773,0,2,51,0,0,0,0,0,0,0x03
2026-09-06T11:05:39.554,7774,0,2,51,0,0,0,0,0,0,0x03
2026-09-06T11:05:39.618,7778,0,2,51,0,0,0,0,0,0,0x03
2026-09-06T11:05:39.683,7782,0,2,52,0,0,0,0,0,0,0x03
2026-09-06T11:05:39.748,7783,0,2,51,0,0,0,0,0,0,0x03
2026-09-06T11:05:39.813,7784,0,2,51,0,0,0,0,0,0,0x03
2026-09-06T11:05:40.152,7785,0,2,54,0,0,0,0,0,0,0x03
2026-09-06T11:05:40.217,7786,0,2,52,0,0,0,0,0,0,0x03
2026-09-06T11:05:40.282,7787,0,2,52,0,0,0,0,0,0,0x03
2026-09-06T11:05:40.347,7788,0,2,50,0,0,0,0,0,0,0x03
2026-09-06T11:05:40.411,7793,0,2,50,0,0,0,0,0,0,0x03
2026-09-06T11:05:40.476,7794,0,2,52,0,0,0,0,0,0,0x03
2026-09-06T11:05:40.557,7795,0,2,53,0,0,0,0,0,0,0x03
2026-09-06T11:05:40.622,7796,0,2,52,0,0,0,0,0,0,0x03
2026-09-06T11:05:40.816,7797,0,2,52,0,0,0,0,0,0,0x03
2026-09-06T11:05:40.881,7798,0,2,54,0,0,0,0,0,0,0x03
2026-09-06T11:05:40.946,7799,0,2,53,0,0,0,0,0,0,0x03
2026-09-06T11:05:41.011,7800,0,2,54,0,0,0,0,0,0,0x03
2026-09-06T11:05:41.092,7803,0,2,52,0,0,0,0,0,0,0x03
2026-09-06T11:05:41.157,7804,0,2,51,0,0,0,0,0,0,0x03
2026-09-06T11:05:41.222,7805,0,2,51,0,0,0,0,0,0,0x03
2026-09-06T11:05:41.287,7806,0,2,50,0,0,0,0,0,0,0x03
2026-09-06T11:05:41.352,7807,0,2,50,0,0,0,0,0,0,0x03
2026-09-06T11:05:41.417,7808,0,2,50,0,0,0,0,0,0,0x03
2026-09-06T11:05:41.481,7809,0,2,51,0,0,0,0,0,0,0x03
2026-09-06T11:05:41.547,7810,0,2,50,0,0,0,0,0,0,0x03
2026-09-06T11:05:41.628,7811,0,2,50,0,0,0,0,0,0,0x03
2026-09-06T11:05:41.692,7812,0,2,52,0,0,0,0,0,0,0x03
2026-09-06T11:05:41.758,7813,0,2,50,0,0,0,0,0,0,0x03
2026-09-06T11:05:41.822,7814,0,2,53,0,0,0,0,0,0,0x03
2026-09-06T11:05:41.887,7815,0,2,50,0,0,0,0,0,0,0x03
2026-09-06T11:05:41.952,7816,0,2,51,0,0,0,0,0,0,0x03
2026-09-06T11:05:42.017,7817,0,2,51,0,0,0,0,0,0,0x03
2026-09-06T11:05:42.082,7818,0,2,51,0,0,0,0,0,0,0x03
2026-09-06T11:05:42.163,7819,0,2,50,0,0,0,0,0,0,0x03
2026-09-06T11:05:42.228,7820,0,2,51,0,0,0,0,0,0,0x03
2026-09-06T11:05:42.292,7821,0,2,52,0,0,0,0,0,0,0x03
2026-09-06T11:05:42.358,7822,0,2,50,0,0,0,0,0,0,0x03
2026-09-06T11:05:42.423,7823,0,2,50,0,0,0,0,0,0,0x03
2026-09-06T11:05:42.487,7824,0,2,52,0,0,0,0,0,0,0x03
2026-09-06T11:05:42.552,7825,0,2,51,0,0,0,0,0,0,0x03
2026-09-06T11:05:42.633,7826,0,2,51,0,0,0,0,0,0,0x03
2026-09-06T11:05:42.698,7827,0,2,50,0,0,0,0,0,0,0x03
2026-09-06T11:05:42.763,7828,0,2,52,0,0,0,0,0,0,0x03
2026-09-06T11:05:42.827,7829,0,2,51,0,0,0,0,0,0,0x03
2026-09-06T11:05:42.892,7830,0,2,50,0,0,0,0,0,0,0x03
2026-09-06T11:05:42.957,7831,0,2,52,0,0,0,0,0,0,0x03
2026-09-06T11:05:43.022,7832,0,2,52,0,0,0,0,0,0,0x03
2026-09-06T11:05:43.087,7833,0,2,50,0,0,0,0,0,0,0x03
2026-09-06T11:05:43.168,7834,0,2,50,0,0,0,0,0,0,0x03
2026-09-06T11:05:43.232,7835,0,2,51,0,0,0,0,0,0,0x03
2026-09-06T11:05:43.297,7836,0,2,50,0,0,0,0,0,0,0x03
2026-09-06T11:05:43.362,7837,0,2,51,0,0,0,0,0,0,0x03
2026-09-06T11:05:43.427,7838,0,2,50,0,0,0,0,0,0,0x03
2026-09-06T11:05:43.492,7839,0,2,50,0,0,0,0,0,0,0x03
2026-09-06T11:05:43.556,7840,0,2,51,0,0,0,0,0,0,0x03
2026-09-06T11:05:43.637,7841,0,2,50,0,0,0,0,0,0,0x03
2026-09-06T11:05:43.702,7842,0,2,50,0,0,0,0,0,0,0x03
2026-09-06T11:05:43.767,7843,0,2,50,0,0,0,0,0,0,0x03
2026-09-06T11:05:43.832,7844,0,2,51,0,0,0,0,0,0,0x03
2026-09-06T11:05:43.896,7845,0,2,52,0,0,0,0,0,0,0x03
2026-09-06T11:05:43.961,7846,0,2,51,0,0,0,0,0,0,0x03
2026-09-06T11:05:44.026,7847,0,2,52,0,0,0,0,0,0,0x03
2026-09-06T11:05:44.091,7848,0,2,51,0,0,0,0,0,0,0x03
2026-09-06T11:05:44.171,7849,0,2,51,0,0,0,0,0,0,0x03
2026-09-06T11:05:44.236,7850,0,2,51,0,0,0,0,0,0,0x03
2026-09-06T11:05:44.301,7851,0,2,51,0,0,0,0,0,0,0x03
2026-09-06T11:05:44.366,7852,0,2,53,0,0,0,0,0,0,0x03
2026-09-06T11:05:44.431,7853,0,2,51,0,0,0,0,0,0,0x03
2026-09-06T11:05:44.496,7854,0,2,50,0,0,0,0,0,0,0x03
2026-09-06T11:05:44.561,7855,0,2,52,0,0,0,0,0,0,0x03
2026-09-06T11:05:44.626,7856,0,2,51,0,0,0,0,0,0,0x03
2026-09-06T11:05:44.708,7857,0,2,51,0,0,0,0,0,0,0x03
2026-09-06T11:05:44.772,7858,0,2,50,0,0,0,0,0,0,0x03
2026-09-06T11:05:44.838,7859,0,2,52,0,0,0,0,0,0,0x03
2026-09-06T11:05:44.903,7860,0,2,51,0,0,0,0,0,0,0x03
2026-09-06T11:05:44.968,7861,0,2,52,0,0,0,0,0,0,0x03
2026-09-06T11:05:45.033,7862,0,2,50,0,0,0,0,0,0,0x03
2026-09-06T11:05:45.098,7863,0,2,52,0,0,0,0,0,0,0x03
2026-09-06T11:05:45.162,7864,0,2,50,0,0,0,0,0,0,0x03
2026-09-06T11:05:45.243,7865,0,2,52,0,0,0,0,0,0,0x03
2026-09-06T11:05:45.308,7866,0,2,52,0,0,0,0,0,0,0x03
2026-09-06T11:05:45.373,7867,0,2,50,0,0,0,0,0,0,0x03
2026-09-06T11:05:45.438,7868,0,2,53,0,0,0,0,0,0,0x03
2026-09-06T11:05:45.502,7869,0,2,50,0,0,0,0,0,0,0x03
2026-09-06T11:05:45.567,7870,0,2,50,0,0,0,0,0,0,0x03
2026-09-06T11:05:45.632,7871,0,2,50,0,0,0,0,0,0,0x03
2026-09-06T11:05:45.712,7872,0,2,50,0,0,0,0,0,0,0x03
2026-09-06T11:05:45.777,7873,0,2,50,0,0,0,0,0,0,0x03
2026-09-06T11:05:45.842,7874,0,2,53,0,0,0,0,0,0,0x03
2026-09-06T11:05:45.907,7875,0,2,51,0,0,0,0,0,0,0x03
2026-09-06T11:05:45.972,7876,0,2,50,0,0,0,0,0,0,0x03
2026-09-06T11:05:46.037,7877,0,2,50,0,0,0,0,0,0,0x03
2026-09-06T11:05:46.102,7878,0,2,52,0,0,0,0,0,0,0x03
2026-09-06T11:05:46.167,7879,0,2,51,0,0,0,0,0,0,0x03
2026-09-06T11:05:46.248,7880,0,2,51,0,0,0,0,0,0,0x03
2026-09-06T11:05:46.313,7881,0,2,51,0,0,0,0,0,0,0x03
2026-09-06T11:05:46.378,7882,0,2,51,0,0,0,0,0,0,0x03
2026-09-06T11:05:46.443,7883,0,2,50,0,0,0,0,0,0,0x03
2026-09-06T11:05:46.508,7884,0,2,54,0,0,0,0,0,0,0x03
2026-09-06T11:05:46.573,7885,0,2,52,0,0,0,0,0,0,0x03
2026-09-06T11:05:46.638,7886,0,2,51,0,0,0,0,0,0,0x03
2026-09-06T11:05:46.702,7887,0,2,51,0,0,0,0,0,0,0x03
2026-09-06T11:05:46.783,7888,0,2,50,0,0,0,0,0,0,0x03
2026-09-06T11:05:46.848,7889,0,2,50,0,0,0,0,0,0,0x03
2026-09-06T11:05:46.913,7890,0,2,52,0,0,0,0,0,0,0x03
2026-09-06T11:05:46.978,7891,0,2,50,0,0,0,0,0,0,0x03
2026-09-06T11:05:47.043,7892,0,2,50,0,0,0,0,0,0,0x03
2026-09-06T11:05:47.108,7893,0,2,50,0,0,0,0,0,0,0x03
2026-09-06T11:05:47.172,7894,0,2,50,0,0,0,0,0,0,0x03
2026-09-06T11:05:47.237,7895,0,2,51,0,0,0,0,0,0,0x03
2026-09-06T11:05:47.317,7896,0,2,52,0,0,0,0,0,0,0x03
2026-09-06T11:05:47.382,7897,0,2,50,0,0,0,0,0,0,0x03
2026-09-06T11:05:47.446,7898,0,2,50,0,0,0,0,0,0,0x03
2026-09-06T11:05:47.511,7899,0,2,50,0,0,0,0,0,0,0x03
2026-09-06T11:05:47.576,7900,0,2,50,0,0,0,0,0,0,0x03
2026-09-06T11:05:47.640,7901,0,2,50,0,0,0,0,0,0,0x03
2026-09-06T11:05:47.705,7902,0,2,51,0,0,0,0,0,0,0x03
2026-09-06T11:05:47.785,7903,0,2,50,0,0,0,0,0,0,0x03
2026-09-06T11:05:47.850,7904,0,2,52,0,0,0,0,0,0,0x03
2026-09-06T11:05:47.915,7905,0,2,51,0,0,0,0,0,0,0x03
2026-09-06T11:05:47.979,7906,0,2,50,0,0,0,0,0,0,0x03
2026-09-06T11:05:48.044,7907,0,2,51,0,0,0,0,0,0,0x03
2026-09-06T11:05:48.124,7908,0,2,50,0,0,0,0,0,0,0x03
2026-09-06T11:05:48.173,7909,0,2,52,0,0,0,0,0,0,0x03
2026-09-06T11:05:48.253,7910,0,2,51,0,0,0,0,0,0,0x03
2026-09-06T11:05:48.318,7911,0,2,51,0,0,0,0,0,0,0x03
2026-09-06T11:05:48.382,7912,0,2,50,0,0,0,0,0,0,0x03
2026-09-06T11:05:48.447,7913,0,2,50,0,0,0,0,0,0,0x03
2026-09-06T11:05:48.511,7914,0,2,51,0,0,0,0,0,0,0x03
2026-09-06T11:05:48.592,7915,0,2,50,0,0,0,0,0,0,0x03
2026-09-06T11:05:48.657,7916,0,2,51,0,0,0,0,0,0,0x03
2026-09-06T11:05:48.721,7917,0,2,50,0,0,0,0,0,0,0x03
2026-09-06T11:05:48.786,7918,0,2,51,0,0,0,0,0,0,0x03
2026-09-06T11:05:48.850,7919,0,2,50,0,0,0,0,0,0,0x03
2026-09-06T11:05:48.915,7920,0,2,51,0,0,0,0,0,0,0x03
2026-09-06T11:05:48.979,7921,0,2,51,0,0,0,0,0,0,0x03
2026-09-06T11:05:49.060,7922,0,2,50,0,0,0,0,0,0,0x03
2026-09-06T11:05:49.189,7923,0,2,51,0,0,0,0,0,0,0x03
2026-09-06T11:05:49.253,7924,0,2,50,0,0,0,0,0,0,0x03
2026-09-06T11:05:49.318,7925,0,2,50,0,0,0,0,0,0,0x03
2026-09-06T11:05:49.383,7926,0,2,51,0,0,0,0,0,0,0x03
2026-09-06T11:05:49.463,7928,0,2,50,0,0,0,0,0,0,0x03
2026-09-06T11:05:49.528,7929,0,2,50,0,0,0,0,0,0,0x03
2026-09-06T11:05:49.592,7930,0,2,51,0,0,0,0,0,0,0x03
2026-09-06T11:05:49.657,7931,0,2,55,0,0,0,0,0,0,0x03
2026-09-06T11:05:49.851,7932,0,2,51,0,0,0,0,0,0,0x03
2026-09-06T11:05:49.932,7933,0,2,50,0,0,0,0,0,0,0x03
2026-09-06T11:05:49.996,7934,0,2,51,0,0,0,0,0,0,0x03
2026-09-06T11:05:50.061,7935,0,2,51,0,0,0,0,0,0,0x03
2026-09-06T11:05:50.190,7938,0,2,50,0,0,0,0,0,0,0x03
2026-09-06T11:05:50.255,7939,0,2,51,0,0,0,0,0,0,0x03
2026-09-06T11:05:50.319,7940,0,2,53,0,0,0,0,0,0,0x03
2026-09-06T11:05:50.400,7941,0,2,50,0,0,0,0,0,0,0x03
2026-09-06T11:05:50.464,7943,0,2,50,0,0,0,0,0,0,0x03
2026-09-06T11:05:50.529,7944,0,2,51,0,0,0,0,0,0,0x03
2026-09-06T11:05:50.594,7945,0,2,51,0,0,0,0,0,0,0x03
2026-09-06T11:05:50.658,7946,0,2,50,0,0,0,0,0,0,0x03
2026-09-06T11:05:50.723,7947,0,2,51,0,0,0,0,0,0,0x03
2026-09-06T11:05:50.998,7948,0,2,52,0,0,0,0,0,0,0x03
2026-09-06T11:05:51.063,7949,0,2,51,0,0,0,0,0,0,0x03
2026-09-06T11:05:51.128,7950,0,2,52,0,0,0,0,0,0,0x03
2026-09-06T11:05:51.192,7951,0,2,51,0,0,0,0,0,0,0x03
2026-09-06T11:05:51.257,7955,0,2,50,0,0,0,0,0,0,0x03
2026-09-06T11:05:51.322,7956,0,2,50,0,0,0,0,0,0,0x03
2026-09-06T11:05:51.403,7957,0,2,50,0,0,0,0,0,0,0x03
2026-09-06T11:05:51.469,7958,0,2,52,0,0,0,0,0,0,0x03
2026-09-06T11:05:51.533,7959,0,2,50,0,0,0,0,0,0,0x03
2026-09-06T11:05:51.598,7960,0,2,50,0,0,0,0,0,0,0x03
2026-09-06T11:05:51.728,7961,0,2,52,0,0,0,0,0,0,0x03
2026-09-06T11:05:51.793,7962,0,2,50,0,0,0,0,0,0,0x03
2026-09-06T11:05:51.858,7963,0,2,52,0,0,0,0,0,0,0x03
2026-09-06T11:05:51.939,7964,0,2,50,0,0,0,0,0,0,0x03
2026-09-06T11:05:52.004,7966,0,2,51,0,0,0,0,0,0,0x03
2026-09-06T11:05:52.069,7967,0,2,50,0,0,0,0,0,0,0x03
2026-09-06T11:05:52.134,7968,0,2,50,0,0,0,0,0,0,0x03
2026-09-06T11:05:52.199,7969,0,2,50,0,0,0,0,0,0,0x03
2026-09-06T11:05:52.263,7970,0,2,50,0,0,0,0,0,0,0x03
2026-09-06T11:05:52.328,7971,0,2,50,0,0,0,0,0,0,0x03
2026-09-06T11:05:52.393,7972,0,2,51,0,0,0,0,0,0,0x03
2026-09-06T11:05:52.474,7973,0,2,51,0,0,0,0,0,0,0x03
2026-09-06T11:05:52.539,7974,0,2,52,0,0,0,0,0,0,0x03
2026-09-06T11:05:52.604,7975,0,2,52,0,0,0,0,0,0,0x03
2026-09-06T11:05:52.669,7976,0,2,50,0,0,0,0,0,0,0x03
2026-09-06T11:05:52.734,7977,0,2,51,0,0,0,0,0,0,0x03
2026-09-06T11:05:52.799,7978,0,2,50,0,0,0,0,0,0,0x03
2026-09-06T11:05:52.863,7979,0,2,55,0,0,0,0,0,0,0x03
2026-09-06T11:05:52.928,7980,0,2,50,0,0,0,0,0,0,0x03
2026-09-06T11:05:53.009,7981,0,2,50,0,0,0,0,0,0,0x03
2026-09-06T11:05:53.074,7982,0,2,56,0,0,0,0,0,0,0x03
2026-09-06T11:05:53.138,7983,0,2,51,0,0,0,0,0,0,0x03
2026-09-06T11:05:53.203,7984,0,2,50,0,0,0,0,0,0,0x03
2026-09-06T11:05:53.268,7985,0,2,50,0,0,0,0,0,0,0x03
2026-09-06T11:05:53.333,7986,0,2,52,0,0,0,0,0,0,0x03
2026-09-06T11:05:53.398,7987,0,2,51,0,0,0,0,0,0,0x03
2026-09-06T11:05:53.478,7988,0,2,51,0,0,0,0,0,0,0x03
2026-09-06T11:05:53.543,7989,0,2,50,0,0,0,0,0,0,0x03
2026-09-06T11:05:53.672,7990,0,2,50,0,0,0,0,0,0,0x03
2026-09-06T11:05:53.737,7991,0,2,51,0,0,0,0,0,0,0x03
2026-09-06T11:05:53.802,7992,0,2,50,0,0,0,0,0,0,0x03
2026-09-06T11:05:53.867,7993,0,2,52,0,0,0,0,0,0,0x03
2026-09-06T11:05:53.948,7995,0,2,51,0,0,0,0,0,0,0x03
2026-09-06T11:05:54.013,7996,0,2,50,0,0,0,0,0,0,0x03
2026-09-06T11:05:54.078,7997,0,2,51,0,0,0,0,0,0,0x03
2026-09-06T11:05:54.143,7998,0,2,51,0,0,0,0,0,0,0x03
2026-09-06T11:05:54.208,7999,0,2,50,0,0,0,0,0,0,0x03
2026-09-06T11:05:54.272,8000,0,2,50,0,0,0,0,0,0,0x03
2026-09-06T11:05:54.337,8001,0,2,52,0,0,0,0,0,0,0x03
2026-09-06T11:05:54.402,8002,0,2,51,0,0,0,0,0,0,0x03
2026-09-06T11:05:54.482,8003,0,2,52,0,0,0,0,0,0,0x03
2026-09-06T11:05:54.547,8004,0,2,51,0,0,0,0,0,0,0x03
2026-09-06T11:05:54.612,8005,0,2,50,0,0,0,0,0,0,0x03
2026-09-06T11:05:54.677,8006,0,2,51,0,0,0,0,0,0,0x03
2026-09-06T11:05:54.741,8007,0,2,50,0,0,0,0,0,0,0x03
2026-09-06T11:05:54.806,8008,0,2,50,0,0,0,0,0,0,0x03
2026-09-06T11:05:54.870,8009,0,2,50,0,0,0,0,0,0,0x03
2026-09-06T11:05:54.951,8010,0,2,51,0,0,0,0,0,0,0x03
2026-09-06T11:05:55.016,8011,0,2,51,0,0,0,0,0,0,0x03
2026-09-06T11:05:55.081,8012,0,2,50,0,0,0,0,0,0,0x03
2026-09-06T11:05:55.146,8013,0,2,51,0,0,0,0,0,0,0x03
2026-09-06T11:05:55.211,8014,0,2,50,0,0,0,0,0,0,0x03
2026-09-06T11:05:55.276,8015,0,2,51,0,0,0,0,0,0,0x03
2026-09-06T11:05:55.340,8016,0,2,50,0,0,0,0,0,0,0x03
2026-09-06T11:05:55.405,8017,0,2,53,0,0,0,0,0,0,0x03
2026-09-06T11:05:55.486,8018,0,2,51,0,0,0,0,0,0,0x03
2026-09-06T11:05:55.551,8019,0,2,50,0,0,0,0,0,0,0x03
2026-09-06T11:05:55.616,8020,0,2,51,0,0,0,0,0,0,0x03
2026-09-06T11:05:55.681,8021,0,2,50,0,0,0,0,0,0,0x03
2026-09-06T11:05:55.746,8022,0,2,50,0,0,0,0,0,0,0x03
2026-09-06T11:05:55.810,8023,0,2,52,0,0,0,0,0,0,0x03
2026-09-06T11:05:55.891,8024,0,2,51,0,0,0,0,0,0,0x03
2026-09-06T11:05:55.940,8025,0,2,52,0,0,0,0,0,0,0x03
2026-09-06T11:05:56.021,8026,0,2,51,0,0,0,0,0,0,0x03
2026-09-06T11:05:56.085,8027,0,2,55,0,0,0,0,0,0,0x03
2026-09-06T11:05:56.150,8028,0,2,50,0,0,0,0,0,0,0x03
2026-09-06T11:05:56.214,8029,0,2,50,0,0,0,0,0,0,0x03
2026-09-06T11:05:56.279,8030,0,2,51,0,0,0,0,0,0,0x03
2026-09-06T11:05:56.344,8031,0,2,52,0,0,0,0,0,0,0x03
2026-09-06T11:05:56.409,8032,0,2,51,0,0,0,0,0,0,0x03
2026-09-06T11:05:56.490,8033,0,2,50,0,0,0,0,0,0,0x03
2026-09-06T11:05:56.554,8034,0,2,52,0,0,0,0,0,0,0x03
2026-09-06T11:05:56.619,8035,0,2,57,0,0,0,0,0,0,0x03
2026-09-06T11:05:56.684,8036,0,2,52,0,0,0,0,0,0,0x03
2026-09-06T11:05:56.748,8037,0,2,52,0,0,0,0,0,0,0x03
2026-09-06T11:05:56.813,8038,0,2,52,0,0,0,0,0,0,0x03
2026-09-06T11:05:56.894,8039,0,2,50,0,0,0,0,0,0,0x03
2026-09-06T11:05:56.959,8040,0,2,51,0,0,0,0,0,0,0x03
2026-09-06T11:05:57.024,8041,0,2,50,0,0,0,0,0,0,0x03
2026-09-06T11:05:57.089,8042,0,2,51,0,0,0,0,0,0,0x03
2026-09-06T11:05:57.153,8043,0,2,51,0,0,0,0,0,0,0x03
2026-09-06T11:05:57.218,8044,0,2,51,0,0,0,0,0,0,0x03
2026-09-06T11:05:57.283,8045,0,2,51,0,0,0,0,0,0,0x03
2026-09-06T11:05:57.348,8046,0,2,50,0,0,0,0,0,0,0x03
2026-09-06T11:05:57.428,8047,0,2,52,0,0,0,0,0,0,0x03
2026-09-06T11:05:57.493,8048,0,2,50,0,0,0,0,0,0,0x03
2026-09-06T11:05:57.558,8049,0,2,50,0,0,0,0,0,0,0x03
2026-09-06T11:05:57.622,8050,0,2,51,0,0,0,0,0,0,0x03
2026-09-06T11:05:57.687,8051,0,2,50,0,0,0,0,0,0,0x03
2026-09-06T11:05:57.752,8052,0,2,50,0,0,0,0,0,0,0x03
2026-09-06T11:05:57.817,8053,0,2,51,0,0,0,0,0,0,0x03
2026-09-06T11:05:57.897,8054,0,2,50,0,0,0,0,0,0,0x03
2026-09-06T11:05:57.962,8055,0,2,50,0,0,0,0,0,0,0x03
2026-09-06T11:05:58.027,8056,0,2,51,0,0,0,0,0,0,0x03
2026-09-06T11:05:58.092,8057,0,2,52,0,0,0,0,0,0,0x03
2026-09-06T11:05:58.158,8058,0,2,52,0,0,0,0,0,0,0x03
2026-09-06T11:05:58.223,8059,0,2,51,0,0,0,0,0,0,0x03
2026-09-06T11:05:58.288,8060,0,2,50,0,0,0,0,0,0,0x03
2026-09-06T11:05:58.352,8061,0,2,51,0,0,0,0,0,0,0x03
2026-09-06T11:05:58.433,8062,0,2,51,0,0,0,0,0,0,0x03
2026-09-06T11:05:58.498,8063,0,2,51,0,0,0,0,0,0,0x03
2026-09-06T11:05:58.563,8064,0,2,51,0,0,0,0,0,0,0x03
2026-09-06T11:05:58.628,8065,0,2,50,0,0,0,0,0,0,0x03
2026-09-06T11:05:58.693,8066,0,2,51,0,0,0,0,0,0,0x03
2026-09-06T11:05:58.757,8067,0,2,51,0,0,0,0,0,0,0x03
2026-09-06T11:05:58.822,8068,0,2,52,0,0,0,0,0,0,0x03
2026-09-06T11:05:58.903,8069,0,2,50,0,0,0,0,0,0,0x03
2026-09-06T11:05:58.968,8070,0,2,51,0,0,0,0,0,0,0x03
2026-09-06T11:05:59.032,8071,0,2,50,0,0,0,0,0,0,0x03
2026-09-06T11:05:59.097,8072,0,2,52,0,0,0,0,0,0,0x03
2026-09-06T11:05:59.162,8073,0,2,51,0,0,0,0,0,0,0x03
2026-09-06T11:05:59.227,8074,0,2,51,0,0,0,0,0,0,0x03
2026-09-06T11:05:59.291,8075,0,2,52,0,0,0,0,0,0,0x03
2026-09-06T11:05:59.372,8076,0,2,50,0,0,0,0,0,0,0x03
2026-09-06T11:05:59.437,8077,0,2,52,0,0,0,0,0,0,0x03
2026-09-06T11:05:59.502,8078,0,2,51,0,0,0,0,0,0,0x03
2026-09-06T11:05:59.567,8079,0,2,51,0,0,0,0,0,0,0x03
2026-09-06T11:05:59.632,8080,0,2,51,0,0,0,0,0,0,0x03
2026-09-06T11:05:59.697,8081,0,2,50,0,0,0,0,0,0,0x03
2026-09-06T11:05:59.761,8082,0,2,52,0,0,0,0,0,0,0x03
2026-09-06T11:05:59.826,8083,0,2,52,0,0,0,0,0,0,0x03
2026-09-06T11:05:59.891,8084,0,2,51,0,0,0,0,0,0,0x03
2026-09-06T11:05:59.972,8085,0,2,51,0,0,0,0,0,0,0x03
2026-09-06T11:06:00.037,8086,0,2,51,0,0,0,0,0,0,0x03
2026-09-06T11:06:00.102,8087,0,2,50,0,0,0,0,0,0,0x03
2026-09-06T11:06:00.166,8088,0,2,52,0,0,0,0,0,0,0x03
2026-09-06T11:06:00.231,8089,0,2,51,0,0,0,0,0,0,0x03
2026-09-06T11:06:00.296,8090,0,2,50,0,0,0,0,0,0,0x03
2026-09-06T11:06:00.361,8091,0,2,50,0,0,0,0,0,0,0x03
2026-09-06T11:06:00.442,8092,0,2,52,0,0,0,0,0,0,0x03
2026-09-06T11:06:00.507,8093,0,2,51,0,0,0,0,0,0,0x03
2026-09-06T11:06:00.572,8094,0,2,50,0,0,0,0,0,0,0x03
2026-09-06T11:06:00.636,8095,0,2,50,0,0,0,0,0,0,0x03
2026-09-06T11:06:00.701,8096,0,2,51,0,0,0,0,0,0,0x03
2026-09-06T11:06:00.766,8097,0,2,50,0,0,0,0,0,0,0x03
2026-09-06T11:06:00.830,8098,0,2,51,0,0,0,0,0,0,0x03
2026-09-06T11:06:00.895,8099,0,2,50,0,0,0,0,0,0,0x03
2026-09-06T11:06:00.976,8100,0,2,50,0,0,0,0,0,0,0x03
2026-09-06T11:06:01.041,8101,0,2,50,0,0,0,0,0,0,0x03
2026-09-06T11:06:01.106,8102,0,2,50,0,0,0,0,0,0,0x03
2026-09-06T11:06:01.170,8103,0,2,50,0,0,0,0,0,0,0x03
2026-09-06T11:06:01.235,8104,0,2,50,0,0,0,0,0,0,0x03
2026-09-06T11:06:01.300,8105,0,2,50,0,0,0,0,0,0,0x03
2026-09-06T11:06:01.365,8106,0,2,50,0,0,0,0,0,0,0x03
2026-09-06T11:06:01.446,8107,0,2,52,0,0,0,0,0,0,0x03
2026-09-06T11:06:01.511,8108,0,2,50,0,0,0,0,0,0,0x03
2026-09-06T11:06:01.576,8109,0,2,52,0,0,0,0,0,0,0x03
2026-09-06T11:06:01.641,8110,0,2,50,0,0,0,0,0,0,0x03
2026-09-06T11:06:01.706,8111,0,2,50,0,0,0,0,0,0,0x03
2026-09-06T11:06:01.771,8112,0,2,51,0,0,0,0,0,0,0x03
2026-09-06T11:06:01.836,8113,0,2,51,0,0,0,0,0,0,0x03
2026-09-06T11:06:01.901,8114,0,2,52,0,0,0,0,0,0,0x03
2026-09-06T11:06:01.982,8115,0,2,50,0,0,0,0,0,0,0x03
2026-09-06T11:06:02.047,8116,0,2,52,0,0,0,0,0,0,0x03
2026-09-06T11:06:02.112,8117,0,2,50,0,0,0,0,0,0,0x03
2026-09-06T11:06:02.177,8118,0,2,52,0,0,0,0,0,0,0x03
2026-09-06T11:06:02.242,8119,0,2,52,0,0,0,0,0,0,0x03
2026-09-06T11:06:02.307,8120,0,2,50,0,0,0,0,0,0,0x03
2026-09-06T11:06:02.372,8121,0,2,51,0,0,0,0,0,0,0x03
2026-09-06T11:06:02.436,8122,0,2,52,0,0,0,0,0,0,0x03
2026-09-06T11:06:02.517,8123,0,2,51,0,0,0,0,0,0,0x03
2026-09-06T11:06:02.582,8124,0,2,52,0,0,0,0,0,0,0x03
2026-09-06T11:06:02.647,8125,0,2,50,0,0,0,0,0,0,0x03
2026-09-06T11:06:02.712,8126,0,2,50,0,0,0,0,0,0,0x03
2026-09-06T11:06:02.777,8127,0,2,50,0,0,0,0,0,0,0x03
2026-09-06T11:06:02.842,8128,0,2,54,0,0,0,0,0,0,0x03
2026-09-06T11:06:02.907,8129,0,2,50,0,0,0,0,0,0,0x03
2026-09-06T11:06:02.972,8130,0,2,50,0,0,0,0,0,0,0x03
2026-09-06T11:06:03.052,8131,0,2,52,0,0,0,0,0,0,0x03
2026-09-06T11:06:03.117,8132,0,2,50,0,0,0,0,0,0,0x03
2026-09-06T11:06:03.182,8133,0,2,50,0,0,0,0,0,0,0x03
2026-09-06T11:06:03.247,8134,0,2,51,0,0,0,0,0,0,0x03
2026-09-06T11:06:03.312,8135,0,2,51,0,0,0,0,0,0,0x03
2026-09-06T11:06:03.376,8136,0,2,52,0,0,0,0,0,0,0x03
2026-09-06T11:06:03.441,8137,0,2,52,0,0,0,0,0,0,0x03
2026-09-06T11:06:03.522,8138,0,2,51,0,0,0,0,0,0,0x03
2026-09-06T11:06:03.587,8139,0,2,51,0,0,0,0,0,0,0x03
2026-09-06T11:06:03.652,8140,0,2,51,0,0,0,0,0,0,0x03
2026-09-06T11:06:03.717,8141,0,2,53,0,0,0,0,0,0,0x03
2026-09-06T11:06:03.781,8142,0,2,51,0,0,0,0,0,0,0x03
2026-09-06T11:06:03.846,8143,0,2,51,0,0,0,0,0,0,0x03
2026-09-06T11:06:03.911,8144,0,2,52,0,0,0,0,0,0,0x03
2026-09-06T11:06:03.975,8145,0,2,50,0,0,0,0,0,0,0x03
2026-09-06T11:06:04.056,8146,0,2,50,0,0,0,0,0,0,0x03
2026-09-06T11:06:04.121,8147,0,2,50,0,0,0,0,0,0,0x03
2026-09-06T11:06:04.185,8148,0,2,50,0,0,0,0,0,0,0x03
2026-09-06T11:06:04.250,8149,0,2,52,0,0,0,0,0,0,0x03
2026-09-06T11:06:04.315,8150,0,2,51,0,0,0,0,0,0,0x03
2026-09-06T11:06:04.380,8151,0,2,51,0,0,0,0,0,0,0x03
2026-09-06T11:06:04.444,8152,0,2,50,0,0,0,0,0,0,0x03
2026-09-06T11:06:04.525,8153,0,2,50,0,0,0,0,0,0,0x03
2026-09-06T11:06:04.590,8154,0,2,51,0,0,0,0,0,0,0x03
2026-09-06T11:06:04.655,8155,0,2,50,0,0,0,0,0,0,0x03
2026-09-06T11:06:04.720,8156,0,2,50,0,0,0,0,0,0,0x03
2026-09-06T11:06:04.785,8157,0,2,51,0,0,0,0,0,0,0x03
2026-09-06T11:06:04.849,8158,0,2,51,0,0,0,0,0,0,0x03
2026-09-06T11:06:04.914,8159,0,2,52,0,0,0,0,0,0,0x03
2026-09-06T11:06:04.978,8160,0,2,50,0,0,0,0,0,0,0x03
2026-09-06T11:06:05.059,8161,0,2,51,0,0,0,0,0,0,0x03
2026-09-06T11:06:05.124,8162,0,2,50,0,0,0,0,0,0,0x03
2026-09-06T11:06:05.189,8163,0,2,52,0,0,0,0,0,0,0x03
2026-09-06T11:06:05.254,8164,0,2,51,0,0,0,0,0,0,0x03
2026-09-06T11:06:05.319,8165,0,2,52,0,0,0,0,0,0,0x03
2026-09-06T11:06:05.384,8166,0,2,51,0,0,0,0,0,0,0x03
2026-09-06T11:06:05.449,8167,0,2,55,0,0,0,0,0,0,0x03
2026-09-06T11:06:05.530,8168,0,2,52,0,0,0,0,0,0,0x03
2026-09-06T11:06:05.594,8169,0,2,51,0,0,0,0,0,0,0x03
2026-09-06T11:06:05.659,8170,0,2,50,0,0,0,0,0,0,0x03
2026-09-06T11:06:05.724,8171,0,2,50,0,0,0,0,0,0,0x03
2026-09-06T11:06:05.789,8172,0,2,51,0,0,0,0,0,0,0x03
2026-09-06T11:06:05.853,8173,0,2,52,0,0,0,0,0,0,0x03
2026-09-06T11:06:05.918,8174,0,2,51,0,0,0,0,0,0,0x03
2026-09-06T11:06:05.983,8175,0,2,51,0,0,0,0,0,0,0x03
2026-09-06T11:06:06.064,8176,0,2,52,0,0,0,0,0,0,0x03
2026-09-06T11:06:06.128,8177,0,2,50,0,0,0,0,0,0,0x03
2026-09-06T11:06:06.193,8178,0,2,50,0,0,0,0,0,0,0x03
2026-09-06T11:06:06.258,8179,0,2,51,0,0,0,0,0,0,0x03
2026-09-06T11:06:06.323,8180,0,2,55,0,0,0,0,0,0,0x03
2026-09-06T11:06:06.388,8181,0,2,50,0,0,0,0,0,0,0x03
2026-09-06T11:06:06.453,8182,0,2,50,0,0,0,0,0,0,0x03
2026-09-06T11:06:06.534,8183,0,2,51,0,0,0,0,0,0,0x03
2026-09-06T11:06:06.599,8184,0,2,52,0,0,0,0,0,0,0x03
2026-09-06T11:06:06.664,8185,0,2,51,0,0,0,0,0,0,0x03
2026-09-06T11:06:06.729,8186,0,2,50,0,0,0,0,0,0,0x03
2026-09-06T11:06:06.794,8187,0,2,50,0,0,0,0,0,0,0x03
2026-09-06T11:06:06.859,8188,0,2,50,0,0,0,0,0,0,0x03
2026-09-06T11:06:06.924,8189,0,2,52,0,0,0,0,0,0,0x03
2026-09-06T11:06:06.990,8190,0,2,50,0,0,0,0,0,0,0x03
2026-09-06T11:06:07.055,8191,0,2,50,0,0,0,0,0,0,0x03
2026-09-06T11:06:07.136,8192,0,2,50,0,0,0,0,0,0,0x03
2026-09-06T11:06:07.201,8193,0,2,52,0,0,0,0,0,0,0x03
2026-09-06T11:06:07.266,8194,0,2,50,0,0,0,0,0,0,0x03
2026-09-06T11:06:07.331,8195,0,2,50,0,0,0,0,0,0,0x03
2026-09-06T11:06:07.396,8196,0,2,52,0,0,0,0,0,0,0x03
2026-09-06T11:06:07.461,8197,0,2,51,0,0,0,0,0,0,0x03
2026-09-06T11:06:07.527,8198,0,2,50,0,0,0,0,0,0,0x03
2026-09-06T11:06:07.592,8199,0,2,53,0,0,0,0,0,0,0x03
2026-09-06T11:06:07.673,8200,0,2,50,0,0,0,0,0,0,0x03
2026-09-06T11:06:07.738,8201,0,2,52,0,0,0,0,0,0,0x03
2026-09-06T11:06:07.804,8202,0,2,52,0,0,0,0,0,0,0x03
2026-09-06T11:06:07.869,8203,0,2,51,0,0,0,0,0,0,0x03
2026-09-06T11:06:07.933,8204,0,2,52,0,0,0,0,0,0,0x03
2026-09-06T11:06:07.998,8205,0,2,50,0,0,0,0,0,0,0x03
2026-09-06T11:06:08.063,8206,0,2,51,0,0,0,0,0,0,0x03
2026-09-06T11:06:08.127,8207,0,2,51,0,0,0,0,0,0,0x03
2026-09-06T11:06:08.208,8208,0,2,51,0,0,0,0,0,0,0x03
2026-09-06T11:06:08.273,8209,0,2,51,0,0,0,0,0,0,0x03
2026-09-06T11:06:08.403,8210,0,2,51,0,0,0,0,0,0,0x03
2026-09-06T11:06:08.469,8211,0,2,50,0,0,0,0,0,0,0x03
2026-09-06T11:06:08.533,8212,0,2,52,0,0,0,0,0,0,0x03
2026-09-06T11:06:08.598,8213,0,2,50,0,0,0,0,0,0,0x03
2026-09-06T11:06:08.663,8215,0,2,51,0,0,0,0,0,0,0x03
2026-09-06T11:06:08.744,8216,0,2,50,0,0,0,0,0,0,0x03
2026-09-06T11:06:08.809,8217,0,2,50,0,0,0,0,0,0,0x03
2026-09-06T11:06:08.874,8218,0,2,52,0,0,0,0,0,0,0x03
2026-09-06T11:06:08.939,8219,0,2,52,0,0,0,0,0,0,0x03
2026-09-06T11:06:09.004,8220,0,2,50,0,0,0,0,0,0,0x03
2026-09-06T11:06:09.069,8221,0,2,50,0,0,0,0,0,0,0x03
2026-09-06T11:06:09.134,8222,0,2,51,0,0,0,0,0,0,0x03
2026-09-06T11:06:09.199,8223,0,2,50,0,0,0,0,0,0,0x03
2026-09-06T11:06:09.280,8224,0,2,51,0,0,0,0,0,0,0x03
2026-09-06T11:06:09.345,8225,0,2,52,0,0,0,0,0,0,0x03
2026-09-06T11:06:09.410,8226,0,2,52,0,0,0,0,0,0,0x03
2026-09-06T11:06:09.475,8227,0,2,52,0,0,0,0,0,0,0x03
2026-09-06T11:06:09.539,8228,0,2,50,0,0,0,0,0,0,0x03
2026-09-06T11:06:09.604,8229,0,2,52,0,0,0,0,0,0,0x03
2026-09-06T11:06:09.669,8230,0,2,51,0,0,0,0,0,0,0x03
2026-09-06T11:06:09.734,8231,0,2,50,0,0,0,0,0,0,0x03
2026-09-06T11:06:09.799,8232,0,2,50,0,0,0,0,0,0,0x03
2026-09-06T11:06:09.880,8233,0,2,51,0,0,0,0,0,0,0x03
2026-09-06T11:06:09.945,8234,0,2,52,0,0,0,0,0,0,0x03
2026-09-06T11:06:10.010,8235,0,2,51,0,0,0,0,0,0,0x03
2026-09-06T11:06:10.074,8236,0,2,52,0,0,0,0,0,0,0x03
2026-09-06T11:06:10.139,8237,0,2,51,0,0,0,0,0,0,0x03
2026-09-06T11:06:10.204,8238,0,2,50,0,0,0,0,0,0,0x03
2026-09-06T11:06:10.285,8239,0,2,50,0,0,0,0,0,0,0x03
2026-09-06T11:06:10.334,8240,0,2,50,0,0,0,0,0,0,0x03
2026-09-06T11:06:10.414,8241,0,2,50,0,0,0,0,0,0,0x03
2026-09-06T11:06:10.479,8242,0,2,52,0,0,0,0,0,0,0x03
2026-09-06T11:06:10.544,8243,0,2,51,0,0,0,0,0,0,0x03
2026-09-06T11:06:10.609,8244,0,2,50,0,0,0,0,0,0,0x03
2026-09-06T11:06:10.673,8245,0,2,50,0,0,0,0,0,0,0x03
2026-09-06T11:06:10.738,8246,0,2,50,0,0,0,0,0,0,0x03
2026-09-06T11:06:10.820,8247,0,2,52,0,0,0,0,0,0,0x03
2026-09-06T11:06:10.885,8248,0,2,50,0,0,0,0,0,0,0x03
2026-09-06T11:06:10.950,8249,0,2,52,0,0,0,0,0,0,0x03
2026-09-06T11:06:11.014,8250,0,2,51,0,0,0,0,0,0,0x03
2026-09-06T11:06:11.079,8251,0,2,50,0,0,0,0,0,0,0x03
2026-09-06T11:06:11.144,8252,0,2,51,0,0,0,0,0,0,0x03
2026-09-06T11:06:11.209,8253,0,2,50,0,0,0,0,0,0,0x03
2026-09-06T11:06:11.290,8254,0,2,50,0,0,0,0,0,0,0x03
2026-09-06T11:06:11.355,8255,0,2,51,0,0,0,0,0,0,0x03
2026-09-06T11:06:11.419,8256,0,2,50,0,0,0,0,0,0,0x03
2026-09-06T11:06:11.484,8257,0,2,50,0,0,0,0,0,0,0x03
2026-09-06T11:06:11.548,8258,0,2,52,0,0,0,0,0,0,0x03
2026-09-06T11:06:11.613,8259,0,2,52,0,0,0,0,0,0,0x03
2026-09-06T11:06:11.678,8260,0,2,51,0,0,0,0,0,0,0x03
2026-09-06T11:06:11.743,8261,0,2,50,0,0,0,0,0,0,0x03
2026-09-06T11:06:11.824,8262,0,2,51,0,0,0,0,0,0,0x03
2026-09-06T11:06:11.889,8263,0,2,52,0,0,0,0,0,0,0x03
2026-09-06T11:06:11.954,8264,0,2,52,0,0,0,0,0,0,0x03
2026-09-06T11:06:12.019,8265,0,2,50,0,0,0,0,0,0,0x03
2026-09-06T11:06:12.084,8266,0,2,50,0,0,0,0,0,0,0x03
2026-09-06T11:06:12.149,8267,0,2,50,0,0,0,0,0,0,0x03
2026-09-06T11:06:12.213,8268,0,2,50,0,0,0,0,0,0,0x03
2026-09-06T11:06:12.278,8269,0,2,53,0,0,0,0,0,0,0x03
2026-09-06T11:06:12.359,8270,0,2,50,0,0,0,0,0,0,0x03
2026-09-06T11:06:12.424,8271,0,2,51,0,0,0,0,0,0,0x03
2026-09-06T11:06:12.488,8272,0,2,50,0,0,0,0,0,0,0x03
2026-09-06T11:06:12.553,8273,0,2,51,0,0,0,0,0,0,0x03
2026-09-06T11:06:12.618,8274,0,2,50,0,0,0,0,0,0,0x03
2026-09-06T11:06:12.683,8275,0,2,53,0,0,0,0,0,0,0x03
2026-09-06T11:06:12.748,8276,0,2,50,0,0,0,0,0,0,0x03
2026-09-06T11:06:12.829,8277,0,2,52,0,0,0,0,0,0,0x03
2026-09-06T11:06:12.894,8278,0,2,51,0,0,0,0,0,0,0x03
2026-09-06T11:06:12.959,8279,0,2,50,0,0,0,0,0,0,0x03
2026-09-06T11:06:13.024,8280,0,2,51,0,0,0,0,0,0,0x03
2026-09-06T11:06:13.089,8281,0,2,50,0,0,0,0,0,0,0x03
2026-09-06T11:06:13.154,8282,0,2,51,0,0,0,0,0,0,0x03
2026-09-06T11:06:13.219,8283,0,2,51,0,0,0,0,0,0,0x03
2026-09-06T11:06:13.284,8284,0,2,50,0,0,0,0,0,0,0x03
2026-09-06T11:06:13.350,8285,0,2,51,0,0,0,0,0,0,0x03
2026-09-06T11:06:13.415,8286,0,2,50,0,0,0,0,0,0,0x03
2026-09-06T11:06:13.495,8287,0,2,50,0,0,0,0,0,0,0x03
2026-09-06T11:06:13.560,8288,0,2,50,0,0,0,0,0,0,0x03
2026-09-06T11:06:13.625,8289,0,2,50,0,0,0,0,0,0,0x03
2026-09-06T11:06:13.690,8290,0,2,50,0,0,0,0,0,0,0x03
2026-09-06T11:06:13.755,8291,0,2,51,0,0,0,0,0,0,0x03
2026-09-06T11:06:13.820,8292,0,2,52,0,0,0,0,0,0,0x03
2026-09-06T11:06:13.901,8293,0,2,50,0,0,0,0,0,0,0x03
2026-09-06T11:06:13.950,8294,0,2,51,0,0,0,0,0,0,0x03
2026-09-06T11:06:14.030,8295,0,2,52,0,0,0,0,0,0,0x03
2026-09-06T11:06:14.095,8296,0,2,51,0,0,0,0,0,0,0x03
2026-09-06T11:06:14.160,8297,0,2,51,0,0,0,0,0,0,0x03
2026-09-06T11:06:14.225,8298,0,2,50,0,0,0,0,0,0,0x03
2026-09-06T11:06:14.289,8299,0,2,50,0,0,0,0,0,0,0x03
2026-09-06T11:06:14.354,8300,0,2,52,0,0,0,0,0,0,0x03
2026-09-06T11:06:14.436,8301,0,2,52,0,0,0,0,0,0,0x03
2026-09-06T11:06:14.500,8302,0,2,51,0,0,0,0,0,0,0x03
2026-09-06T11:06:14.565,8303,0,2,54,0,0,0,0,0,0,0x03
2026-09-06T11:06:14.630,8304,0,2,52,0,0,0,0,0,0,0x03
2026-09-06T11:06:14.694,8305,0,2,51,0,0,0,0,0,0,0x03
2026-09-06T11:06:14.759,8306,0,2,50,0,0,0,0,0,0,0x03
2026-09-06T11:06:14.824,8307,0,2,54,0,0,0,0,0,0,0x03
2026-09-06T11:06:14.889,8308,0,2,50,0,0,0,0,0,0,0x03
2026-09-06T11:06:14.953,8309,0,2,51,0,0,0,0,0,0,0x03
2026-09-06T11:06:15.034,8310,0,2,50,0,0,0,0,0,0,0x03
2026-09-06T11:06:15.099,8311,0,2,50,0,0,0,0,0,0,0x03
2026-09-06T11:06:15.164,8312,0,2,51,0,0,0,0,0,0,0x03
2026-09-06T11:06:15.228,8313,0,2,52,0,0,0,0,0,0,0x03
2026-09-06T11:06:15.293,8314,0,2,50,0,0,0,0,0,0,0x03
2026-09-06T11:06:15.358,8315,0,2,51,0,0,0,0,0,0,0x03
2026-09-06T11:06:15.438,8316,0,2,52,0,0,0,0,0,0,0x03
2026-09-06T11:06:15.503,8317,0,2,54,0,0,0,0,0,0,0x03
2026-09-06T11:06:15.568,8318,0,2,50,0,0,0,0,0,0,0x03
2026-09-06T11:06:15.632,8319,0,2,50,0,0,0,0,0,0,0x03
2026-09-06T11:06:15.697,8320,0,2,52,0,0,0,0,0,0,0x03
2026-09-06T11:06:15.762,8321,0,2,50,0,0,0,0,0,0,0x03
2026-09-06T11:06:15.827,8322,0,2,50,0,0,0,0,0,0,0x03
2026-09-06T11:06:15.908,8323,0,2,51,0,0,0,0,0,0,0x03
2026-09-06T11:06:15.972,8324,0,2,50,0,0,0,0,0,0,0x03
2026-09-06T11:06:16.037,8325,0,2,51,0,0,0,0,0,0,0x03
2026-09-06T11:06:16.102,8326,0,2,50,0,0,0,0,0,0,0x03
2026-09-06T11:06:16.167,8327,0,2,50,0,0,0,0,0,0,0x03
2026-09-06T11:06:16.232,8328,0,2,51,0,0,0,0,0,0,0x03
2026-09-06T11:06:16.296,8329,0,2,54,0,0,0,0,0,0,0x03
2026-09-06T11:06:16.361,8330,0,2,50,0,0,0,0,0,0,0x03
2026-09-06T11:06:16.442,8331,0,2,52,0,0,0,0,0,0,0x03
2026-09-06T11:06:16.507,8332,0,2,52,0,0,0,0,0,0,0x03
2026-09-06T11:06:16.571,8333,0,2,50,0,0,0,0,0,0,0x03
2026-09-06T11:06:16.636,8334,0,2,52,0,0,0,0,0,0,0x03
2026-09-06T11:06:16.701,8335,0,2,52,0,0,0,0,0,0,0x03
2026-09-06T11:06:16.766,8336,0,2,50,0,0,0,0,0,0,0x03
2026-09-06T11:06:16.831,8337,0,2,50,0,0,0,0,0,0,0x03
2026-09-06T11:06:16.911,8338,0,2,51,0,0,0,0,0,0,0x03
2026-09-06T11:06:16.976,8339,0,2,53,0,0,0,0,0,0,0x03
2026-09-06T11:06:17.041,8340,0,2,51,0,0,0,0,0,0,0x03
2026-09-06T11:06:17.105,8341,0,2,50,0,0,0,0,0,0,0x03
2026-09-06T11:06:17.170,8342,0,2,50,0,0,0,0,0,0,0x03
2026-09-06T11:06:17.236,8343,0,2,50,0,0,0,0,0,0,0x03
2026-09-06T11:06:17.300,8344,0,2,50,0,0,0,0,0,0,0x03
2026-09-06T11:06:17.365,8345,0,2,55,0,0,0,0,0,0,0x03
2026-09-06T11:06:17.447,8346,0,2,51,0,0,0,0,0,0,0x03
2026-09-06T11:06:17.511,8347,0,2,51,0,0,0,0,0,0,0x03
2026-09-06T11:06:17.576,8348,0,2,52,0,0,0,0,0,0,0x03
2026-09-06T11:06:17.642,8349,0,2,50,0,0,0,0,0,0,0x03
2026-09-06T11:06:17.707,8350,0,2,50,0,0,0,0,0,0,0x03
2026-09-06T11:06:17.772,8351,0,2,52,0,0,0,0,0,0,0x03
2026-09-06T11:06:17.837,8352,0,2,50,0,0,0,0,0,0,0x03
2026-09-06T11:06:17.902,8353,0,2,50,0,0,0,0,0,0,0x03
2026-09-06T11:06:17.983,8354,0,2,52,0,0,0,0,0,0,0x03
2026-09-06T11:06:18.048,8355,0,2,53,0,0,0,0,0,0,0x03
2026-09-06T11:06:18.113,8356,0,2,51,0,0,0,0,0,0,0x03
2026-09-06T11:06:18.178,8357,0,2,51,0,0,0,0,0,0,0x03
2026-09-06T11:06:18.243,8358,0,2,52,0,0,0,0,0,0,0x03
2026-09-06T11:06:18.308,8359,0,2,50,0,0,0,0,0,0,0x03
2026-09-06T11:06:18.373,8360,0,2,51,0,0,0,0,0,0,0x03
2026-09-06T11:06:18.438,8361,0,2,50,0,0,0,0,0,0,0x03
2026-09-06T11:06:18.519,8362,0,2,50,0,0,0,0,0,0,0x03
2026-09-06T11:06:18.584,8363,0,2,50,0,0,0,0,0,0,0x03
2026-09-06T11:06:18.649,8364,0,2,50,0,0,0,0,0,0,0x03
2026-09-06T11:06:18.713,8365,0,2,51,0,0,0,0,0,0,0x03
2026-09-06T11:06:18.778,8366,0,2,50,0,0,0,0,0,0,0x03
2026-09-06T11:06:18.843,8367,0,2,54,0,0,0,0,0,0,0x03
2026-09-06T11:06:18.908,8368,0,2,50,0,0,0,0,0,0,0x03
2026-09-06T11:06:18.989,8369,0,2,52,0,0,0,0,0,0,0x03
2026-09-06T11:06:19.054,8370,0,2,50,0,0,0,0,0,0,0x03
2026-09-06T11:06:19.119,8371,0,2,51,0,0,0,0,0,0,0x03
2026-09-06T11:06:19.184,8372,0,2,50,0,0,0,0,0,0,0x03
2026-09-06T11:06:19.249,8373,0,2,50,0,0,0,0,0,0,0x03
2026-09-06T11:06:19.314,8374,0,2,52,0,0,0,0,0,0,0x03
2026-09-06T11:06:19.378,8375,0,2,50,0,0,0,0,0,0,0x03
2026-09-06T11:06:19.443,8376,0,2,52,0,0,0,0,0,0,0x03
2026-09-06T11:06:19.525,8377,0,2,55,0,0,0,0,0,0,0x03
2026-09-06T11:06:19.590,8378,0,2,50,0,0,0,0,0,0,0x03
2026-09-06T11:06:19.654,8379,0,2,52,0,0,0,0,0,0,0x03
2026-09-06T11:06:19.719,8380,0,2,50,0,0,0,0,0,0,0x03
2026-09-06T11:06:19.784,8381,0,2,50,0,0,0,0,0,0,0x03
2026-09-06T11:06:19.849,8382,0,2,50,0,0,0,0,0,0,0x03
2026-09-06T11:06:19.914,8383,0,2,53,0,0,0,0,0,0,0x03
2026-09-06T11:06:19.978,8384,0,2,50,0,0,0,0,0,0,0x03
2026-09-06T11:06:20.059,8385,0,2,50,0,0,0,0,0,0,0x03
2026-09-06T11:06:20.108,8386,0,2,51,0,0,0,0,0,0,0x03
2026-09-06T11:06:20.190,8387,0,2,51,0,0,0,0,0,0,0x03
2026-09-06T11:06:20.255,8388,0,2,50,0,0,0,0,0,0,0x03
2026-09-06T11:06:20.320,8389,0,2,51,0,0,0,0,0,0,0x03
2026-09-06T11:06:20.385,8390,0,2,50,0,0,0,0,0,0,0x03
2026-09-06T11:06:20.450,8391,0,2,52,0,0,0,0,0,0,0x03
2026-09-06T11:06:20.514,8392,0,2,52,0,0,0,0,0,0,0x03
2026-09-06T11:06:20.595,8393,0,2,56,0,0,0,0,0,0,0x03
2026-09-06T11:06:20.644,8394,0,2,50,0,0,0,0,0,0,0x03
2026-09-06T11:06:20.725,8395,0,2,51,0,0,0,0,0,0,0x03
2026-09-06T11:06:20.790,8396,0,2,50,0,0,0,0,0,0,0x03
2026-09-06T11:06:20.855,8397,0,2,52,0,0,0,0,0,0,0x03
2026-09-06T11:06:20.920,8398,0,2,50,0,0,0,0,0,0,0x03
2026-09-06T11:06:20.985,8399,0,2,53,0,0,0,0,0,0,0x03
2026-09-06T11:06:21.049,8400,0,2,51,0,0,0,0,0,0,0x03
2026-09-06T11:06:21.130,8401,0,2,50,0,0,0,0,0,0,0x03
2026-09-06T11:06:21.195,8402,0,2,52,0,0,0,0,0,0,0x03
2026-09-06T11:06:21.260,8403,0,2,51,0,0,0,0,0,0,0x03
2026-09-06T11:06:21.325,8404,0,2,50,0,0,0,0,0,0,0x03
2026-09-06T11:06:21.389,8405,0,2,51,0,0,0,0,0,0,0x03
2026-09-06T11:06:21.454,8406,0,2,50,0,0,0,0,0,0,0x03
2026-09-06T11:06:21.518,8407,0,2,50,0,0,0,0,0,0,0x03
2026-09-06T11:06:21.599,8408,0,2,50,0,0,0,0,0,0,0x03
2026-09-06T11:06:21.648,8409,0,2,55,0,0,0,0,0,0,0x03
2026-09-06T11:06:21.728,8410,0,2,52,0,0,0,0,0,0,0x03
2026-09-06T11:06:21.793,8411,0,2,50,0,0,0,0,0,0,0x03
2026-09-06T11:06:21.857,8412,0,2,51,0,0,0,0,0,0,0x03
2026-09-06T11:06:21.922,8413,0,2,50,0,0,0,0,0,0,0x03
2026-09-06T11:06:21.987,8414,0,2,51,0,0,0,0,0,0,0x03
2026-09-06T11:06:22.068,8415,0,2,51,0,0,0,0,0,0,0x03
2026-09-06T11:06:22.132,8416,0,2,51,0,0,0,0,0,0,0x03
2026-09-06T11:06:22.197,8417,0,2,50,0,0,0,0,0,0,0x03
2026-09-06T11:06:22.262,8418,0,2,51,0,0,0,0,0,0,0x03
2026-09-06T11:06:22.327,8419,0,2,50,0,0,0,0,0,0,0x03
2026-09-06T11:06:22.391,8420,0,2,50,0,0,0,0,0,0,0x03
2026-09-06T11:06:22.456,8421,0,2,50,0,0,0,0,0,0,0x03
2026-09-06T11:06:22.521,8422,0,2,52,0,0,0,0,0,0,0x03
2026-09-06T11:06:22.602,8423,0,2,51,0,0,0,0,0,0,0x03
2026-09-06T11:06:22.667,8424,0,2,52,0,0,0,0,0,0,0x03
2026-09-06T11:06:22.731,8425,0,2,51,0,0,0,0,0,0,0x03
2026-09-06T11:06:22.796,8426,0,2,52,0,0,0,0,0,0,0x03
2026-09-06T11:06:22.861,8427,0,2,51,0,0,0,0,0,0,0x03
2026-09-06T11:06:22.926,8428,0,2,50,0,0,0,0,0,0,0x03
2026-09-06T11:06:22.991,8429,0,2,51,0,0,0,0,0,0,0x03
2026-09-06T11:06:23.071,8430,0,2,51,0,0,0,0,0,0,0x03
2026-09-06T11:06:23.136,8431,0,2,51,0,0,0,0,0,0,0x03
2026-09-06T11:06:23.201,8432,0,2,52,0,0,0,0,0,0,0x03
2026-09-06T11:06:23.265,8433,0,2,50,0,0,0,0,0,0,0x03
2026-09-06T11:06:23.330,8434,0,2,54,0,0,0,0,0,0,0x03
2026-09-06T11:06:23.395,8435,0,2,50,0,0,0,0,0,0,0x03
2026-09-06T11:06:23.460,8436,0,2,51,0,0,0,0,0,0,0x03
2026-09-06T11:06:23.524,8437,0,2,50,0,0,0,0,0,0,0x03
2026-09-06T11:06:23.606,8438,0,2,51,0,0,0,0,0,0,0x03
2026-09-06T11:06:23.671,8439,0,2,50,0,0,0,0,0,0,0x03
2026-09-06T11:06:23.736,8440,0,2,51,0,0,0,0,0,0,0x03
2026-09-06T11:06:23.801,8441,0,2,51,0,0,0,0,0,0,0x03
2026-09-06T11:06:23.865,8442,0,2,50,0,0,0,0,0,0,0x03
2026-09-06T11:06:23.930,8443,0,2,51,0,0,0,0,0,0,0x03
2026-09-06T11:06:23.995,8444,0,2,51,0,0,0,0,0,0,0x03
2026-09-06T11:06:24.075,8445,0,2,52,0,0,0,0,0,0,0x03
2026-09-06T11:06:24.140,8446,0,2,51,0,0,0,0,0,0,0x03
2026-09-06T11:06:24.205,8447,0,2,51,0,0,0,0,0,0,0x03
2026-09-06T11:06:24.270,8448,0,2,51,0,0,0,0,0,0,0x03
2026-09-06T11:06:24.334,8449,0,2,52,0,0,0,0,0,0,0x03
2026-09-06T11:06:24.399,8450,0,2,53,0,0,0,0,0,0,0x03
2026-09-06T11:06:24.464,8451,0,2,51,0,0,0,0,0,0,0x03
2026-09-06T11:06:24.529,8452,0,2,50,0,0,0,0,0,0,0x03
2026-09-06T11:06:24.610,8453,0,2,51,0,0,0,0,0,0,0x03
2026-09-06T11:06:24.675,8454,0,2,50,0,0,0,0,0,0,0x03
2026-09-06T11:06:24.740,8455,0,2,51,0,0,0,0,0,0,0x03
2026-09-06T11:06:24.805,8456,0,2,53,0,0,0,0,0,0,0x03
2026-09-06T11:06:24.870,8457,0,2,51,0,0,0,0,0,0,0x03
2026-09-06T11:06:24.936,8458,0,2,51,0,0,0,0,0,0,0x03
2026-09-06T11:06:25.000,8459,0,2,52,0,0,0,0,0,0,0x03
2026-09-06T11:06:25.065,8460,0,2,54,0,0,0,0,0,0,0x03
2026-09-06T11:06:25.146,8461,0,2,50,0,0,0,0,0,0,0x03
2026-09-06T11:06:25.211,8462,0,2,52,0,0,0,0,0,0,0x03
2026-09-06T11:06:25.276,8463,0,2,51,0,0,0,0,0,0,0x03
2026-09-06T11:06:25.341,8464,0,2,51,0,0,0,0,0,0,0x03
2026-09-06T11:06:25.406,8465,0,2,51,0,0,0,0,0,0,0x03
2026-09-06T11:06:25.470,8466,0,2,50,0,0,0,0,0,0,0x03
2026-09-06T11:06:25.535,8467,0,2,52,0,0,0,0,0,0,0x03
2026-09-06T11:06:25.616,8468,0,2,50,0,0,0,0,0,0,0x03
2026-09-06T11:06:25.680,8469,0,2,50,0,0,0,0,0,0,0x03
2026-09-06T11:06:25.745,8470,0,2,50,0,0,0,0,0,0,0x03
2026-09-06T11:06:25.810,8471,0,2,51,0,0,0,0,0,0,0x03
2026-09-06T11:06:25.875,8472,0,2,51,0,0,0,0,0,0,0x03
2026-09-06T11:06:25.940,8473,0,2,51,0,0,0,0,0,0,0x03
2026-09-06T11:06:26.005,8474,0,2,50,0,0,0,0,0,0,0x03
2026-09-06T11:06:26.070,8475,0,2,51,0,0,0,0,0,0,0x03
2026-09-06T11:06:26.151,8476,0,2,55,0,0,0,0,0,0,0x03
2026-09-06T11:06:26.215,8477,0,2,52,0,0,0,0,0,0,0x03
2026-09-06T11:06:26.280,8478,0,2,50,0,0,0,0,0,0,0x03
2026-09-06T11:06:26.345,8479,0,2,50,0,0,0,0,0,0,0x03
2026-09-06T11:06:26.410,8480,0,2,52,0,0,0,0,0,0,0x03
2026-09-06T11:06:26.475,8481,0,2,50,0,0,0,0,0,0,0x03
2026-09-06T11:06:26.539,8482,0,2,52,0,0,0,0,0,0,0x03
2026-09-06T11:06:26.604,8483,0,2,50,0,0,0,0,0,0,0x03
2026-09-06T11:06:26.685,8484,0,2,50,0,0,0,0,0,0,0x03
2026-09-06T11:06:26.750,8485,0,2,51,0,0,0,0,0,0,0x03
2026-09-06T11:06:26.815,8486,0,2,51,0,0,0,0,0,0,0x03
2026-09-06T11:06:26.944,8487,0,2,51,0,0,0,0,0,0,0x03
2026-09-06T11:06:27.009,8488,0,2,50,0,0,0,0,0,0,0x03
2026-09-06T11:06:27.074,8489,0,2,50,0,0,0,0,0,0,0x03
2026-09-06T11:06:27.155,8490,0,2,52,0,0,0,0,0,0,0x03
2026-09-06T11:06:27.219,8492,0,2,55,0,0,0,0,0,0,0x03
2026-09-06T11:06:27.284,8493,0,2,50,0,0,0,0,0,0,0x03
2026-09-06T11:06:27.349,8494,0,2,51,0,0,0,0,0,0,0x03
2026-09-06T11:06:27.414,8495,0,2,52,0,0,0,0,0,0,0x03
2026-09-06T11:06:27.479,8496,0,2,50,0,0,0,0,0,0,0x03
2026-09-06T11:06:27.544,8497,0,2,51,0,0,0,0,0,0,0x03
2026-09-06T11:06:27.609,8498,0,2,51,0,0,0,0,0,0,0x03
2026-09-06T11:06:27.690,8499,0,2,50,0,0,0,0,0,0,0x03
2026-09-06T11:06:27.755,8500,0,2,51,0,0,0,0,0,0,0x03
2026-09-06T11:06:27.820,8501,0,2,51,0,0,0,0,0,0,0x03
2026-09-06T11:06:27.885,8502,0,2,51,0,0,0,0,0,0,0x03
2026-09-06T11:06:28.550,8503,0,2,50,0,0,0,0,0,0,0x03
2026-09-06T11:06:28.760,8504,0,2,52,0,0,0,0,0,0,0x03
2026-09-06T11:06:29.765,8505,0,2,50,0,0,0,0,0,0,0x03
2026-09-06T11:06:30.025,8506,0,2,51,0,0,0,0,0,0,0x03
2026-09-06T11:06:30.300,8516,0,2,52,0,0,0,0,0,0,0x03
2026-09-06T11:06:30.689,8519,0,2,52,0,0,0,0,0,0,0x03
2026-09-06T11:06:30.769,8534,0,2,51,0,0,0,0,0,0,0x03
2026-09-06T11:06:30.834,8538,0,2,54,0,0,0,0,0,0,0x03
2026-09-06T11:06:30.899,8542,0,2,52,0,0,0,0,0,0,0x03
2026-09-06T11:06:30.963,8548,0,2,50,0,0,0,0,0,0,0x03
2026-09-06T11:06:31.028,8549,0,2,50,0,0,0,0,0,0,0x03
2026-09-06T11:06:31.093,8550,0,2,50,0,0,0,0,0,0,0x03
2026-09-06T11:06:31.174,8551,0,2,50,0,0,0,0,0,0,0x03
2026-09-06T11:06:31.239,8552,0,2,52,0,0,0,0,0,0,0x03
2026-09-06T11:06:31.369,8553,0,2,52,0,0,0,0,0,0,0x03
2026-09-06T11:06:31.433,8554,0,2,51,0,0,0,0,0,0,0x03
2026-09-06T11:06:31.498,8555,0,2,51,0,0,0,0,0,0,0x03
2026-09-06T11:06:31.563,8556,0,2,51,0,0,0,0,0,0,0x03
2026-09-06T11:06:31.628,8558,0,2,50,0,0,0,0,0,0,0x03
2026-09-06T11:06:31.692,8559,0,2,50,0,0,0,0,0,0,0x03
2026-09-06T11:06:31.773,8560,0,2,51,0,0,0,0,0,0,0x03
2026-09-06T11:06:31.838,8561,0,2,50,0,0,0,0,0,0,0x03
2026-09-06T11:06:31.903,8562,0,2,50,0,0,0,0,0,0,0x03
2026-09-06T11:06:31.968,8563,0,2,51,0,0,0,0,0,0,0x03
2026-09-06T11:06:32.032,8564,0,2,51,0,0,0,0,0,0,0x03
2026-09-06T11:06:32.097,8565,0,2,51,0,0,0,0,0,0,0x03
2026-09-06T11:06:32.178,8566,0,2,51,0,0,0,0,0,0,0x03
2026-09-06T11:06:32.242,8567,0,2,50,0,0,0,0,0,0,0x03
2026-09-06T11:06:32.307,8568,0,2,50,0,0,0,0,0,0,0x03
2026-09-06T11:06:32.372,8569,0,2,51,0,0,0,0,0,0,0x03
2026-09-06T11:06:32.437,8570,0,2,50,0,0,0,0,0,0,0x03
2026-09-06T11:06:32.501,8571,0,2,51,0,0,0,0,0,0,0x03
2026-09-06T11:06:32.566,8572,0,2,51,0,0,0,0,0,0,0x03
2026-09-06T11:06:32.631,8573,0,2,50,0,0,0,0,0,0,0x03
2026-09-06T11:06:32.712,8574,0,2,52,0,0,0,0,0,0,0x03
2026-09-06T11:06:32.776,8575,0,2,51,0,0,0,0,0,0,0x03
2026-09-06T11:06:32.841,8576,0,2,51,0,0,0,0,0,0,0x03
2026-09-06T11:06:32.907,8577,0,2,55,0,0,0,0,0,0,0x03
2026-09-06T11:06:32.971,8578,0,2,50,0,0,0,0,0,0,0x03
2026-09-06T11:06:33.036,8579,0,2,50,0,0,0,0,0,0,0x03
2026-09-06T11:06:33.182,8580,0,2,51,0,0,0,0,0,0,0x03
2026-09-06T11:06:33.231,8581,0,2,50,0,0,0,0,0,0,0x03
2026-09-06T11:06:33.312,8582,0,2,51,0,0,0,0,0,0,0x03
2026-09-06T11:06:33.376,8583,0,2,51,0,0,0,0,0,0,0x03
2026-09-06T11:06:33.506,8585,0,2,51,0,0,0,0,0,0,0x03
2026-09-06T11:06:33.635,8586,0,2,51,0,0,0,0,0,0,0x03
2026-09-06T11:06:33.716,8587,0,2,51,0,0,0,0,0,0,0x03
2026-09-06T11:06:33.781,8588,0,2,50,0,0,0,0,0,0,0x03
2026-09-06T11:06:33.845,8590,0,2,52,0,0,0,0,0,0,0x03
2026-09-06T11:06:33.910,8592,0,2,51,0,0,0,0,0,0,0x03
2026-09-06T11:06:34.039,8593,0,2,51,0,0,0,0,0,0,0x03
2026-09-06T11:06:34.104,8594,0,2,52,0,0,0,0,0,0,0x03
2026-09-06T11:06:34.185,8595,0,2,50,0,0,0,0,0,0,0x03
2026-09-06T11:06:34.250,8596,0,2,50,0,0,0,0,0,0,0x03
2026-09-06T11:06:34.315,8598,0,2,52,0,0,0,0,0,0,0x03
2026-09-06T11:06:34.639,8599,0,2,50,0,0,0,0,0,0,0x03
2026-09-06T11:06:34.721,8600,0,2,52,0,0,0,0,0,0,0x03
2026-09-06T11:06:34.786,8601,0,2,50,0,0,0,0,0,0,0x03
2026-09-06T11:06:34.850,8602,0,2,52,0,0,0,0,0,0,0x03
2026-09-06T11:06:34.916,8607,0,2,50,0,0,0,0,0,0,0x03
2026-09-06T11:06:34.981,8608,0,2,52,0,0,0,0,0,0,0x03
2026-09-06T11:06:35.046,8609,0,2,51,0,0,0,0,0,0,0x03
2026-09-06T11:06:35.111,8610,0,2,51,0,0,0,0,0,0,0x03
2026-09-06T11:06:35.256,8611,0,2,51,0,0,0,0,0,0,0x03
2026-09-06T11:06:35.581,8612,0,2,50,0,0,0,0,0,0,0x03
2026-09-06T11:06:35.645,8613,0,2,51,0,0,0,0,0,0,0x03
2026-09-06T11:06:35.726,8614,0,2,50,0,0,0,0,0,0,0x03
2026-09-06T11:06:35.791,8616,0,2,50,0,0,0,0,0,0,0x03
2026-09-06T11:06:35.856,8621,0,2,52,0,0,0,0,0,0,0x03
2026-09-06T11:06:35.921,8622,0,2,51,0,0,0,0,0,0,0x03
2026-09-06T11:06:35.986,8623,0,2,50,0,0,0,0,0,0,0x03
2026-09-06T11:06:36.051,8624,0,2,52,0,0,0,0,0,0,0x03
2026-09-06T11:06:36.116,8625,0,2,51,0,0,0,0,0,0,0x03
2026-09-06T11:06:36.181,8626,0,2,52,0,0,0,0,0,0,0x03
2026-09-06T11:06:36.247,8627,0,2,51,0,0,0,0,0,0,0x03
2026-09-06T11:06:36.328,8628,0,2,51,0,0,0,0,0,0,0x03
2026-09-06T11:06:36.392,8629,0,2,51,0,0,0,0,0,0,0x03
2026-09-06T11:06:36.457,8630,0,2,50,0,0,0,0,0,0,0x03
2026-09-06T11:06:36.522,8631,0,2,50,0,0,0,0,0,0,0x03
2026-09-06T11:06:36.587,8632,0,2,51,0,0,0,0,0,0,0x03
2026-09-06T11:06:36.652,8633,0,2,50,0,0,0,0,0,0,0x03
2026-09-06T11:06:36.717,8634,0,2,51,0,0,0,0,0,0,0x03
2026-09-06T11:06:36.798,8635,0,2,50,0,0,0,0,0,0,0x03
2026-09-06T11:06:36.846,8636,0,2,51,0,0,0,0,0,0,0x03
2026-09-06T11:06:36.927,8637,0,2,54,0,0,0,0,0,0,0x03
2026-09-06T11:06:36.992,8638,0,2,50,0,0,0,0,0,0,0x03
2026-09-06T11:06:37.057,8639,0,2,50,0,0,0,0,0,0,0x03
2026-09-06T11:06:37.122,8640,0,2,51,0,0,0,0,0,0,0x03
2026-09-06T11:06:37.186,8641,0,2,50,0,0,0,0,0,0,0x03
2026-09-06T11:06:37.251,8642,0,2,50,0,0,0,0,0,0,0x03
2026-09-06T11:06:37.333,8643,0,2,52,0,0,0,0,0,0,0x03
2026-09-06T11:06:37.398,8644,0,2,50,0,0,0,0,0,0,0x03
2026-09-06T11:06:37.462,8645,0,2,52,0,0,0,0,0,0,0x03
2026-09-06T11:06:37.527,8646,0,2,51,0,0,0,0,0,0,0x03
2026-09-06T11:06:37.592,8647,0,2,50,0,0,0,0,0,0,0x03
2026-09-06T11:06:37.657,8648,0,2,51,0,0,0,0,0,0,0x03
2026-09-06T11:06:37.722,8649,0,2,51,0,0,0,0,0,0,0x03
2026-09-06T11:06:37.787,8650,0,2,51,0,0,0,0,0,0,0x03
2026-09-06T11:06:37.868,8651,0,2,50,0,0,0,0,0,0,0x03
2026-09-06T11:06:37.933,8652,0,2,50,0,0,0,0,0,0,0x03
2026-09-06T11:06:37.998,8653,0,2,52,0,0,0,0,0,0,0x03
2026-09-06T11:06:38.063,8654,0,2,50,0,0,0,0,0,0,0x03
2026-09-06T11:06:38.128,8655,0,2,50,0,0,0,0,0,0,0x03
2026-09-06T11:06:38.193,8656,0,2,50,0,0,0,0,0,0,0x03
2026-09-06T11:06:38.257,8657,0,2,50,0,0,0,0,0,0,0x03
2026-09-06T11:06:38.323,8658,0,2,52,0,0,0,0,0,0,0x03
2026-09-06T11:06:38.388,8659,0,2,50,0,0,0,0,0,0,0x03
2026-09-06T11:06:38.468,8660,0,2,50,0,0,0,0,0,0,0x03
2026-09-06T11:06:38.533,8661,0,2,50,0,0,0,0,0,0,0x03
2026-09-06T11:06:38.598,8662,0,2,51,0,0,0,0,0,0,0x03
2026-09-06T11:06:38.662,8663,0,2,50,0,0,0,0,0,0,0x03
2026-09-06T11:06:38.727,8664,0,2,50,0,0,0,0,0,0,0x03
2026-09-06T11:06:38.792,8665,0,2,50,0,0,0,0,0,0,0x03
2026-09-06T11:06:38.873,8666,0,2,50,0,0,0,0,0,0,0x03
2026-09-06T11:06:38.922,8667,0,2,52,0,0,0,0,0,0,0x03
2026-09-06T11:06:39.003,8668,0,2,52,0,0,0,0,0,0,0x03
2026-09-06T11:06:39.068,8669,0,2,52,0,0,0,0,0,0,0x03
2026-09-06T11:06:39.132,8670,0,2,51,0,0,0,0,0,0,0x03
2026-09-06T11:06:39.197,8671,0,2,52,0,0,0,0,0,0,0x03
2026-09-06T11:06:39.262,8672,0,2,51,0,0,0,0,0,0,0x03
2026-09-06T11:06:39.327,8673,0,2,51,0,0,0,0,0,0,0x03
2026-09-06T11:06:39.408,8674,0,2,50,0,0,0,0,0,0,0x03
2026-09-06T11:06:39.473,8675,0,2,50,0,0,0,0,0,0,0x03
2026-09-06T11:06:39.538,8676,0,2,51,0,0,0,0,0,0,0x03
2026-09-06T11:06:39.603,8677,0,2,51,0,0,0,0,0,0,0x03
2026-09-06T11:06:39.667,8678,0,2,52,0,0,0,0,0,0,0x03
2026-09-06T11:06:39.732,8679,0,2,50,0,0,0,0,0,0,0x03
2026-09-06T11:06:39.797,8680,0,2,51,0,0,0,0,0,0,0x03
2026-09-06T11:06:39.863,8681,0,2,52,0,0,0,0,0,0,0x03
2026-09-06T11:06:39.928,8682,0,2,51,0,0,0,0,0,0,0x03
2026-09-06T11:06:40.008,8683,0,2,52,0,0,0,0,0,0,0x03
2026-09-06T11:06:40.074,8684,0,2,51,0,0,0,0,0,0,0x03
2026-09-06T11:06:40.139,8685,0,2,50,0,0,0,0,0,0,0x03
2026-09-06T11:06:40.204,8686,0,2,51,0,0,0,0,0,0,0x03
2026-09-06T11:06:40.269,8687,0,2,50,0,0,0,0,0,0,0x03
2026-09-06T11:06:40.334,8688,0,2,50,0,0,0,0,0,0,0x03
2026-09-06T11:06:40.399,8689,0,2,51,0,0,0,0,0,0,0x03
2026-09-06T11:06:40.463,8690,0,2,50,0,0,0,0,0,0,0x03
2026-09-06T11:06:40.544,8691,0,2,51,0,0,0,0,0,0,0x03
2026-09-06T11:06:40.609,8692,0,2,50,0,0,0,0,0,0,0x03
2026-09-06T11:06:40.674,8693,0,2,50,0,0,0,0,0,0,0x03
2026-09-06T11:06:40.739,8694,0,2,52,0,0,0,0,0,0,0x03
2026-09-06T11:06:40.804,8695,0,2,50,0,0,0,0,0,0,0x03
2026-09-06T11:06:40.869,8696,0,2,51,0,0,0,0,0,0,0x03
2026-09-06T11:06:40.934,8697,0,2,50,0,0,0,0,0,0,0x03
2026-09-06T11:06:40.999,8698,0,2,52,0,0,0,0,0,0,0x03
2026-09-06T11:06:41.080,8699,0,2,50,0,0,0,0,0,0,0x03
2026-09-06T11:06:41.145,8700,0,2,50,0,0,0,0,0,0,0x03
2026-09-06T11:06:41.210,8701,0,2,52,0,0,0,0,0,0,0x03
2026-09-06T11:06:41.275,8702,0,2,50,0,0,0,0,0,0,0x03
2026-09-06T11:06:41.339,8703,0,2,52,0,0,0,0,0,0,0x03
2026-09-06T11:06:41.404,8704,0,2,50,0,0,0,0,0,0,0x03
2026-09-06T11:06:41.485,8705,0,2,50,0,0,0,0,0,0,0x03
2026-09-06T11:06:41.534,8706,0,2,51,0,0,0,0,0,0,0x03
2026-09-06T11:06:41.614,8707,0,2,51,0,0,0,0,0,0,0x03
2026-09-06T11:06:41.679,8708,0,2,51,0,0,0,0,0,0,0x03
2026-09-06T11:06:41.744,8709,0,2,52,0,0,0,0,0,0,0x03
2026-09-06T11:06:41.809,8710,0,2,55,0,0,0,0,0,0,0x03
2026-09-06T11:06:41.874,8711,0,2,51,0,0,0,0,0,0,0x03
2026-09-06T11:06:41.938,8712,0,2,50,0,0,0,0,0,0,0x03
2026-09-06T11:06:42.003,8713,0,2,50,0,0,0,0,0,0,0x03
2026-09-06T11:06:42.084,8714,0,2,50,0,0,0,0,0,0,0x03
2026-09-06T11:06:42.149,8715,0,2,50,0,0,0,0,0,0,0x03
2026-09-06T11:06:42.213,8716,0,2,50,0,0,0,0,0,0,0x03
2026-09-06T11:06:42.278,8717,0,2,51,0,0,0,0,0,0,0x03
2026-09-06T11:06:42.343,8718,0,2,50,0,0,0,0,0,0,0x03
2026-09-06T11:06:42.408,8719,0,2,50,0,0,0,0,0,0,0x03
2026-09-06T11:06:42.489,8720,0,2,50,0,0,0,0,0,0,0x03
2026-09-06T11:06:42.537,8721,0,2,51,0,0,0,0,0,0,0x03
2026-09-06T11:06:42.618,8722,0,2,53,0,0,0,0,0,0,0x03
2026-09-06T11:06:42.683,8723,0,2,53,0,0,0,0,0,0,0x03
2026-09-06T11:06:42.748,8724,0,2,50,0,0,0,0,0,0,0x03
2026-09-06T11:06:42.813,8725,0,2,51,0,0,0,0,0,0,0x03
2026-09-06T11:06:42.878,8726,0,2,50,0,0,0,0,0,0,0x03
2026-09-06T11:06:42.942,8727,0,2,50,0,0,0,0,0,0,0x03
2026-09-06T11:06:43.023,8728,0,2,52,0,0,0,0,0,0,0x03
2026-09-06T11:06:43.088,8729,0,2,52,0,0,0,0,0,0,0x03
2026-09-06T11:06:43.153,8730,0,2,51,0,0,0,0,0,0,0x03
2026-09-06T11:06:43.218,8731,0,2,50,0,0,0,0,0,0,0x03
2026-09-06T11:06:43.283,8732,0,2,50,0,0,0,0,0,0,0x03
2026-09-06T11:06:43.347,8733,0,2,51,0,0,0,0,0,0,0x03
2026-09-06T11:06:43.412,8734,0,2,52,0,0,0,0,0,0,0x03
2026-09-06T11:06:43.493,8735,0,2,50,0,0,0,0,0,0,0x03
2026-09-06T11:06:43.542,8736,0,2,51,0,0,0,0,0,0,0x03
2026-09-06T11:06:43.623,8737,0,2,52,0,0,0,0,0,0,0x03
2026-09-06T11:06:43.688,8738,0,2,52,0,0,0,0,0,0,0x03
2026-09-06T11:06:43.753,8739,0,2,50,0,0,0,0,0,0,0x03
2026-09-06T11:06:43.818,8740,0,2,51,0,0,0,0,0,0,0x03
2026-09-06T11:06:43.883,8741,0,2,50,0,0,0,0,0,0,0x03
2026-09-06T11:06:43.948,8742,0,2,50,0,0,0,0,0,0,0x03
2026-09-06T11:06:44.029,8743,0,2,51,0,0,0,0,0,0,0x03
2026-09-06T11:06:44.078,8744,0,2,50,0,0,0,0,0,0,0x03
2026-09-06T11:06:44.158,8745,0,2,50,0,0,0,0,0,0,0x03
2026-09-06T11:06:44.288,8746,0,2,51,0,0,0,0,0,0,0x03
2026-09-06T11:06:44.352,8747,0,2,51,0,0,0,0,0,0,0x03
2026-09-06T11:06:44.417,8748,0,2,51,0,0,0,0,0,0,0x03
2026-09-06T11:06:44.482,8749,0,2,51,0,0,0,0,0,0,0x03
2026-09-06T11:06:44.563,8751,0,2,50,0,0,0,0,0,0,0x03
2026-09-06T11:06:44.628,8752,0,2,50,0,0,0,0,0,0,0x03
2026-09-06T11:06:44.693,8753,0,2,51,0,0,0,0,0,0,0x03
2026-09-06T11:06:44.758,8754,0,2,50,0,0,0,0,0,0,0x03
2026-09-06T11:06:44.822,8755,0,2,51,0,0,0,0,0,0,0x03
2026-09-06T11:06:44.888,8756,0,2,50,0,0,0,0,0,0,0x03
2026-09-06T11:06:45.082,8757,0,2,51,0,0,0,0,0,0,0x03
2026-09-06T11:06:45.163,8758,0,2,50,0,0,0,0,0,0,0x03
2026-09-06T11:06:45.228,8759,0,2,51,0,0,0,0,0,0,0x03
2026-09-06T11:06:45.293,8760,0,2,51,0,0,0,0,0,0,0x03
2026-09-06T11:06:45.486,8763,0,2,51,0,0,0,0,0,0,0x03
2026-09-06T11:06:45.568,8764,0,2,51,0,0,0,0,0,0,0x03
2026-09-06T11:06:45.632,8765,0,2,50,0,0,0,0,0,0,0x03
2026-09-06T11:06:45.697,8766,0,2,51,0,0,0,0,0,0,0x03
2026-09-06T11:06:45.891,8769,0,2,50,0,0,0,0,0,0,0x03
2026-09-06T11:06:45.955,8770,0,2,52,0,0,0,0,0,0,0x03
2026-09-06T11:06:46.037,8771,0,2,50,0,0,0,0,0,0,0x03
2026-09-06T11:06:46.101,8772,0,2,51,0,0,0,0,0,0,0x03
2026-09-06T11:06:46.296,8775,0,2,51,0,0,0,0,0,0,0x03
2026-09-06T11:06:46.361,8776,0,2,52,0,0,0,0,0,0,0x03
2026-09-06T11:06:46.425,8777,0,2,53,0,0,0,0,0,0,0x03
2026-09-06T11:06:46.700,8778,0,2,50,0,0,0,0,0,0,0x03
2026-09-06T11:06:46.765,8781,0,2,50,0,0,0,0,0,0,0x03
2026-09-06T11:06:46.830,8782,0,2,53,0,0,0,0,0,0,0x03
2026-09-06T11:06:46.895,8783,0,2,52,0,0,0,0,0,0,0x03
2026-09-06T11:06:46.960,8787,0,2,51,0,0,0,0,0,0,0x03
2026-09-06T11:06:47.025,8788,0,2,51,0,0,0,0,0,0,0x03
2026-09-06T11:06:47.106,8789,0,2,55,0,0,0,0,0,0,0x03
2026-09-06T11:06:47.171,8790,0,2,52,0,0,0,0,0,0,0x03
2026-09-06T11:06:47.235,8791,0,2,50,0,0,0,0,0,0,0x03
2026-09-06T11:06:47.300,8792,0,2,51,0,0,0,0,0,0,0x03
2026-09-06T11:06:47.365,8793,0,2,52,0,0,0,0,0,0,0x03
2026-09-06T11:06:47.430,8794,0,2,51,0,0,0,0,0,0,0x03
2026-09-06T11:06:47.494,8795,0,2,51,0,0,0,0,0,0,0x03
2026-09-06T11:06:47.575,8796,0,2,50,0,0,0,0,0,0,0x03
2026-09-06T11:06:47.640,8797,0,2,51,0,0,0,0,0,0,0x03
2026-09-06T11:06:47.705,8798,0,2,52,0,0,0,0,0,0,0x03
2026-09-06T11:06:47.770,8799,0,2,52,0,0,0,0,0,0,0x03
2026-09-06T11:06:47.835,8800,0,2,51,0,0,0,0,0,0,0x03
2026-09-06T11:06:47.900,8801,0,2,50,0,0,0,0,0,0,0x03
2026-09-06T11:06:47.965,8802,0,2,50,0,0,0,0,0,0,0x03
2026-09-06T11:06:48.030,8803,0,2,51,0,0,0,0,0,0,0x03
2026-09-06T11:06:48.111,8804,0,2,50,0,0,0,0,0,0,0x03
2026-09-06T11:06:48.176,8805,0,2,52,0,0,0,0,0,0,0x03
2026-09-06T11:06:48.241,8806,0,2,50,0,0,0,0,0,0,0x03
2026-09-06T11:06:48.306,8807,0,2,52,0,0,0,0,0,0,0x03
2026-09-06T11:06:48.371,8808,0,2,51,0,0,0,0,0,0,0x03
2026-09-06T11:06:48.436,8809,0,2,51,0,0,0,0,0,0,0x03
2026-09-06T11:06:48.501,8810,0,2,50,0,0,0,0,0,0,0x03
2026-09-06T11:06:48.566,8811,0,2,50,0,0,0,0,0,0,0x03
2026-09-06T11:06:48.647,8812,0,2,50,0,0,0,0,0,0,0x03
2026-09-06T11:06:48.712,8813,0,2,50,0,0,0,0,0,0,0x03
2026-09-06T11:06:48.776,8814,0,2,50,0,0,0,0,0,0,0x03
2026-09-06T11:06:48.841,8815,0,2,51,0,0,0,0,0,0,0x03
2026-09-06T11:06:48.906,8816,0,2,52,0,0,0,0,0,0,0x03
2026-09-06T11:06:48.971,8817,0,2,50,0,0,0,0,0,0,0x03
2026-09-06T11:06:49.036,8818,0,2,51,0,0,0,0,0,0,0x03
2026-09-06T11:06:49.101,8819,0,2,50,0,0,0,0,0,0,0x03
2026-09-06T11:06:49.183,8820,0,2,50,0,0,0,0,0,0,0x03
2026-09-06T11:06:49.248,8821,0,2,53,0,0,0,0,0,0,0x03
2026-09-06T11:06:49.313,8822,0,2,50,0,0,0,0,0,0,0x03
2026-09-06T11:06:49.378,8823,0,2,50,0,0,0,0,0,0,0x03
2026-09-06T11:06:49.443,8824,0,2,51,0,0,0,0,0,0,0x03
2026-09-06T11:06:49.507,8825,0,2,51,0,0,0,0,0,0,0x03
2026-09-06T11:06:49.572,8826,0,2,51,0,0,0,0,0,0,0x03
2026-09-06T11:06:49.637,8827,0,2,53,0,0,0,0,0,0,0x03
2026-09-06T11:06:49.718,8828,0,2,51,0,0,0,0,0,0,0x03
2026-09-06T11:06:49.783,8829,0,2,52,0,0,0,0,0,0,0x03
2026-09-06T11:06:49.848,8830,0,2,50,0,0,0,0,0,0,0x03
2026-09-06T11:06:49.913,8831,0,2,51,0,0,0,0,0,0,0x03
2026-09-06T11:06:49.978,8832,0,2,50,0,0,0,0,0,0,0x03
2026-09-06T11:06:50.043,8833,0,2,50,0,0,0,0,0,0,0x03
2026-09-06T11:06:50.107,8834,0,2,50,0,0,0,0,0,0,0x03
2026-09-06T11:06:50.172,8835,0,2,50,0,0,0,0,0,0,0x03
2026-09-06T11:06:50.237,8836,0,2,51,0,0,0,0,0,0,0x03
2026-09-06T11:06:50.318,8837,0,2,52,0,0,0,0,0,0,0x03
2026-09-06T11:06:50.382,8838,0,2,50,0,0,0,0,0,0,0x03
2026-09-06T11:06:50.447,8839,0,2,51,0,0,0,0,0,0,0x03
2026-09-06T11:06:50.512,8840,0,2,50,0,0,0,0,0,0,0x03
2026-09-06T11:06:50.577,8841,0,2,50,0,0,0,0,0,0,0x03
2026-09-06T11:06:50.642,8842,0,2,50,0,0,0,0,0,0,0x03
2026-09-06T11:06:50.723,8843,0,2,51,0,0,0,0,0,0,0x03
2026-09-06T11:06:50.788,8844,0,2,51,0,0,0,0,0,0,0x03
2026-09-06T11:06:50.853,8845,0,2,50,0,0,0,0,0,0,0x03
2026-09-06T11:06:50.917,8846,0,2,50,0,0,0,0,0,0,0x03
2026-09-06T11:06:50.982,8847,0,2,51,0,0,0,0,0,0,0x03
2026-09-06T11:06:51.047,8848,0,2,51,0,0,0,0,0,0,0x03
2026-09-06T11:06:51.112,8849,0,2,50,0,0,0,0,0,0,0x03
2026-09-06T11:06:51.176,8850,0,2,50,0,0,0,0,0,0,0x03
2026-09-06T11:06:51.258,8851,0,2,50,0,0,0,0,0,0,0x03
2026-09-06T11:06:51.322,8852,0,2,51,0,0,0,0,0,0,0x03
2026-09-06T11:06:51.387,8853,0,2,52,0,0,0,0,0,0,0x03
2026-09-06T11:06:51.452,8854,0,2,50,0,0,0,0,0,0,0x03
2026-09-06T11:06:51.517,8855,0,2,55,0,0,0,0,0,0,0x03
2026-09-06T11:06:51.582,8856,0,2,50,0,0,0,0,0,0,0x03
2026-09-06T11:06:51.647,8857,0,2,50,0,0,0,0,0,0,0x03
2026-09-06T11:06:51.728,8858,0,2,51,0,0,0,0,0,0,0x03
2026-09-06T11:06:51.777,8859,0,2,51,0,0,0,0,0,0,0x03
2026-09-06T11:06:51.858,8860,0,2,52,0,0,0,0,0,0,0x03
2026-09-06T11:06:51.922,8861,0,2,52,0,0,0,0,0,0,0x03
2026-09-06T11:06:51.987,8862,0,2,52,0,0,0,0,0,0,0x03
2026-09-06T11:06:52.052,8863,0,2,50,0,0,0,0,0,0,0x03
2026-09-06T11:06:52.117,8864,0,2,50,0,0,0,0,0,0,0x03
2026-09-06T11:06:52.181,8865,0,2,50,0,0,0,0,0,0,0x03
2026-09-06T11:06:52.263,8866,0,2,51,0,0,0,0,0,0,0x03
2026-09-06T11:06:52.328,8867,0,2,51,0,0,0,0,0,0,0x03
2026-09-06T11:06:52.393,8868,0,2,50,0,0,0,0,0,0,0x03
2026-09-06T11:06:52.458,8869,0,2,50,0,0,0,0,0,0,0x03
2026-09-06T11:06:52.523,8870,0,2,51,0,0,0,0,0,0,0x03
2026-09-06T11:06:52.587,8871,0,2,54,0,0,0,0,0,0,0x03
2026-09-06T11:06:52.652,8872,0,2,50,0,0,0,0,0,0,0x03
2026-09-06T11:06:52.717,8873,0,2,51,0,0,0,0,0,0,0x03
2026-09-06T11:06:52.798,8874,0,2,50,0,0,0,0,0,0,0x03
2026-09-06T11:06:52.863,8875,0,2,51,0,0,0,0,0,0,0x03
2026-09-06T11:06:52.928,8876,0,2,50,0,0,0,0,0,0,0x03
2026-09-06T11:06:52.992,8877,0,2,51,0,0,0,0,0,0,0x03
2026-09-06T11:06:53.057,8878,0,2,52,0,0,0,0,0,0,0x03
2026-09-06T11:06:53.121,8879,0,2,50,0,0,0,0,0,0,0x03
2026-09-06T11:06:53.186,8880,0,2,51,0,0,0,0,0,0,0x03
2026-09-06T11:06:53.267,8881,0,2,52,0,0,0,0,0,0,0x03
2026-09-06T11:06:53.332,8882,0,2,51,0,0,0,0,0,0,0x03
2026-09-06T11:06:53.396,8883,0,2,50,0,0,0,0,0,0,0x03
2026-09-06T11:06:53.461,8884,0,2,50,0,0,0,0,0,0,0x03
2026-09-06T11:06:53.526,8885,0,2,50,0,0,0,0,0,0,0x03
2026-09-06T11:06:53.591,8886,0,2,51,0,0,0,0,0,0,0x03
2026-09-06T11:06:53.656,8887,0,2,52,0,0,0,0,0,0,0x03
2026-09-06T11:06:53.721,8888,0,2,50,0,0,0,0,0,0,0x03
2026-09-06T11:06:53.802,8889,0,2,51,0,0,0,0,0,0,0x03
2026-09-06T11:06:53.867,8890,0,2,52,0,0,0,0,0,0,0x03
2026-09-06T11:06:53.932,8891,0,2,51,0,0,0,0,0,0,0x03
2026-09-06T11:06:53.996,8892,0,2,51,0,0,0,0,0,0,0x03
2026-09-06T11:06:54.061,8893,0,2,50,0,0,0,0,0,0,0x03
2026-09-06T11:06:54.126,8894,0,2,50,0,0,0,0,0,0,0x03
2026-09-06T11:06:54.191,8895,0,2,50,0,0,0,0,0,0,0x03
2026-09-06T11:06:54.255,8896,0,2,51,0,0,0,0,0,0,0x03
2026-09-06T11:06:54.336,8897,0,2,50,0,0,0,0,0,0,0x03
2026-09-06T11:06:54.401,8898,0,2,51,0,0,0,0,0,0,0x03
2026-09-06T11:06:54.466,8899,0,2,52,0,0,0,0,0,0,0x03
2026-09-06T11:06:54.531,8900,0,2,50,0,0,0,0,0,0,0x03
2026-09-06T11:06:54.596,8901,0,2,50,0,0,0,0,0,0,0x03
2026-09-06T11:06:54.661,8902,0,2,50,0,0,0,0,0,0,0x03
2026-09-06T11:06:54.726,8903,0,2,50,0,0,0,0,0,0,0x03
2026-09-06T11:06:54.807,8904,0,2,50,0,0,0,0,0,0,0x03
2026-09-06T11:06:54.871,8905,0,2,50,0,0,0,0,0,0,0x03
2026-09-06T11:06:54.936,8906,0,2,50,0,0,0,0,0,0,0x03
2026-09-06T11:06:55.001,8907,0,2,50,0,0,0,0,0,0,0x03
2026-09-06T11:06:55.066,8908,0,2,50,0,0,0,0,0,0,0x03
2026-09-06T11:06:55.131,8909,0,2,51,0,0,0,0,0,0,0x03
2026-09-06T11:06:55.196,8910,0,2,50,0,0,0,0,0,0,0x03
2026-09-06T11:06:55.260,8911,0,2,50,0,0,0,0,0,0,0x03
2026-09-06T11:06:55.342,8912,0,2,53,0,0,0,0,0,0,0x03
2026-09-06T11:06:55.406,8913,0,2,50,0,0,0,0,0,0,0x03
2026-09-06T11:06:55.471,8914,0,2,50,0,0,0,0,0,0,0x03
2026-09-06T11:06:55.536,8915,0,2,50,0,0,0,0,0,0,0x03
2026-09-06T11:06:55.601,8916,0,2,52,0,0,0,0,0,0,0x03
2026-09-06T11:06:55.666,8917,0,2,51,0,0,0,0,0,0,0x03
2026-09-06T11:06:55.731,8918,0,2,52,0,0,0,0,0,0,0x03
2026-09-06T11:06:55.812,8919,0,2,50,0,0,0,0,0,0,0x03
2026-09-06T11:06:55.877,8920,0,2,50,0,0,0,0,0,0,0x03
2026-09-06T11:06:55.941,8921,0,2,52,0,0,0,0,0,0,0x03
2026-09-06T11:06:56.006,8922,0,2,50,0,0,0,0,0,0,0x03
2026-09-06T11:06:56.071,8923,0,2,51,0,0,0,0,0,0,0x03
2026-09-06T11:06:56.136,8924,0,2,51,0,0,0,0,0,0,0x03
2026-09-06T11:06:56.201,8925,0,2,51,0,0,0,0,0,0,0x03
2026-09-06T11:06:56.265,8926,0,2,52,0,0,0,0,0,0,0x03
2026-09-06T11:06:56.347,8927,0,2,50,0,0,0,0,0,0,0x03
2026-09-06T11:06:56.411,8928,0,2,52,0,0,0,0,0,0,0x03
2026-09-06T11:06:56.476,8929,0,2,50,0,0,0,0,0,0,0x03
2026-09-06T11:06:56.540,8930,0,2,52,0,0,0,0,0,0,0x03
2026-09-06T11:06:56.605,8931,0,2,50,0,0,0,0,0,0,0x03
2026-09-06T11:06:56.670,8932,0,2,52,0,0,0,0,0,0,0x03
2026-09-06T11:06:56.735,8933,0,2,51,0,0,0,0,0,0,0x03
2026-09-06T11:06:56.799,8934,0,2,52,0,0,0,0,0,0,0x03
2026-09-06T11:06:56.880,8935,0,2,51,0,0,0,0,0,0,0x03
2026-09-06T11:06:56.944,8936,0,2,50,0,0,0,0,0,0,0x03
2026-09-06T11:06:57.009,8937,0,2,53,0,0,0,0,0,0,0x03
2026-09-06T11:06:57.074,8938,0,2,52,0,0,0,0,0,0,0x03
2026-09-06T11:06:57.138,8939,0,2,52,0,0,0,0,0,0,0x03
2026-09-06T11:06:57.203,8940,0,2,51,0,0,0,0,0,0,0x03
2026-09-06T11:06:57.268,8941,0,2,55,0,0,0,0,0,0,0x03
2026-09-06T11:06:57.349,8942,0,2,52,0,0,0,0,0,0,0x03
2026-09-06T11:06:57.414,8943,0,2,51,0,0,0,0,0,0,0x03
2026-09-06T11:06:57.479,8944,0,2,50,0,0,0,0,0,0,0x03
2026-09-06T11:06:57.543,8945,0,2,52,0,0,0,0,0,0,0x03
2026-09-06T11:06:57.608,8946,0,2,51,0,0,0,0,0,0,0x03
2026-09-06T11:06:57.673,8947,0,2,51,0,0,0,0,0,0,0x03
2026-09-06T11:06:57.738,8948,0,2,50,0,0,0,0,0,0,0x03
2026-09-06T11:06:57.819,8949,0,2,52,0,0,0,0,0,0,0x03
2026-09-06T11:06:57.883,8950,0,2,50,0,0,0,0,0,0,0x03
2026-09-06T11:06:57.948,8951,0,2,52,0,0,0,0,0,0,0x03
2026-09-06T11:06:58.013,8952,0,2,50,0,0,0,0,0,0,0x03
2026-09-06T11:06:58.078,8953,0,2,51,0,0,0,0,0,0,0x03
2026-09-06T11:06:58.143,8954,0,2,50,0,0,0,0,0,0,0x03
2026-09-06T11:06:58.207,8955,0,2,50,0,0,0,0,0,0,0x03
2026-09-06T11:06:58.272,8956,0,2,50,0,0,0,0,0,0,0x03
2026-09-06T11:06:58.353,8957,0,2,50,0,0,0,0,0,0,0x03
2026-09-06T11:06:58.418,8958,0,2,52,0,0,0,0,0,0,0x03
2026-09-06T11:06:58.483,8959,0,2,50,0,0,0,0,0,0,0x03
2026-09-06T11:06:58.547,8960,0,2,50,0,0,0,0,0,0,0x03
2026-09-06T11:06:58.612,8961,0,2,50,0,0,0,0,0,0,0x03
2026-09-06T11:06:58.677,8962,0,2,51,0,0,0,0,0,0,0x03
2026-09-06T11:06:58.742,8963,0,2,51,0,0,0,0,0,0,0x03
2026-09-06T11:06:58.808,8964,0,2,50,0,0,0,0,0,0,0x03
2026-09-06T11:06:58.888,8965,0,2,50,0,0,0,0,0,0,0x03
2026-09-06T11:06:58.953,8966,0,2,51,0,0,0,0,0,0,0x03
2026-09-06T11:06:59.018,8967,0,2,51,0,0,0,0,0,0,0x03
2026-09-06T11:06:59.083,8968,0,2,50,0,0,0,0,0,0,0x03
2026-09-06T11:06:59.148,8969,0,2,52,0,0,0,0,0,0,0x03
2026-09-06T11:06:59.212,8970,0,2,52,0,0,0,0,0,0,0x03
2026-09-06T11:06:59.277,8971,0,2,50,0,0,0,0,0,0,0x03
2026-09-06T11:06:59.358,8972,0,2,50,0,0,0,0,0,0,0x03
2026-09-06T11:06:59.423,8973,0,2,54,0,0,0,0,0,0,0x03
2026-09-06T11:06:59.488,8974,0,2,52,0,0,0,0,0,0,0x03
2026-09-06T11:06:59.553,8975,0,2,50,0,0,0,0,0,0,0x03
2026-09-06T11:06:59.618,8976,0,2,51,0,0,0,0,0,0,0x03
2026-09-06T11:06:59.682,8977,0,2,50,0,0,0,0,0,0,0x03
2026-09-06T11:06:59.747,8978,0,2,50,0,0,0,0,0,0,0x03
2026-09-06T11:06:59.812,8979,0,2,53,0,0,0,0,0,0,0x03
2026-09-06T11:06:59.893,8980,0,2,51,0,0,0,0,0,0,0x03
2026-09-06T11:06:59.958,8981,0,2,50,0,0,0,0,0,0,0x03
2026-09-06T11:07:00.023,8982,0,2,52,0,0,0,0,0,0,0x03
2026-09-06T11:07:00.088,8983,0,2,51,0,0,0,0,0,0,0x03
2026-09-06T11:07:00.152,8984,0,2,52,0,0,0,0,0,0,0x03
2026-09-06T11:07:00.218,8985,0,2,51,0,0,0,0,0,0,0x03
2026-09-06T11:07:00.282,8986,0,2,51,0,0,0,0,0,0,0x03
2026-09-06T11:07:00.363,8987,0,2,51,0,0,0,0,0,0,0x03
2026-09-06T11:07:00.428,8988,0,2,51,0,0,0,0,0,0,0x03
2026-09-06T11:07:00.492,8989,0,2,50,0,0,0,0,0,0,0x03
2026-09-06T11:07:00.558,8990,0,2,50,0,0,0,0,0,0,0x03
2026-09-06T11:07:00.622,8991,0,2,51,0,0,0,0,0,0,0x03
2026-09-06T11:07:00.687,8992,0,2,51,0,0,0,0,0,0,0x03
2026-09-06T11:07:00.752,8993,0,2,52,0,0,0,0,0,0,0x03
2026-09-06T11:07:00.816,8994,0,2,50,0,0,0,0,0,0,0x03
2026-09-06T11:07:00.897,8995,0,2,53,0,0,0,0,0,0,0x03
2026-09-06T11:07:00.962,8996,0,2,51,0,0,0,0,0,0,0x03
2026-09-06T11:07:01.027,8997,0,2,51,0,0,0,0,0,0,0x03
2026-09-06T11:07:01.091,8998,0,2,50,0,0,0,0,0,0,0x03
2026-09-06T11:07:01.156,8999,0,2,50,0,0,0,0,0,0,0x03
2026-09-06T11:07:01.221,9000,0,2,51,0,0,0,0,0,0,0x03
2026-09-06T11:07:01.302,9001,0,2,52,0,0,0,0,0,0,0x03
2026-09-06T11:07:01.367,9002,0,2,51,0,0,0,0,0,0,0x03
2026-09-06T11:07:01.431,9003,0,2,50,0,0,0,0,0,0,0x03
2026-09-06T11:07:01.496,9004,0,2,54,0,0,0,0,0,0,0x03
2026-09-06T11:07:01.561,9005,0,2,51,0,0,0,0,0,0,0x03
2026-09-06T11:07:01.626,9006,0,2,51,0,0,0,0,0,0,0x03
2026-09-06T11:07:01.691,9007,0,2,51,0,0,0,0,0,0,0x03
2026-09-06T11:07:01.756,9008,0,2,51,0,0,0,0,0,0,0x03
2026-09-06T11:07:01.821,9009,0,2,50,0,0,0,0,0,0,0x03
2026-09-06T11:07:01.902,9010,0,2,51,0,0,0,0,0,0,0x03
2026-09-06T11:07:01.967,9011,0,2,50,0,0,0,0,0,0,0x03
2026-09-06T11:07:02.031,9012,0,2,51,0,0,0,0,0,0,0x03
2026-09-06T11:07:02.096,9013,0,2,51,0,0,0,0,0,0,0x03
2026-09-06T11:07:02.161,9014,0,2,51,0,0,0,0,0,0,0x03
2026-09-06T11:07:02.226,9015,0,2,51,0,0,0,0,0,0,0x03
2026-09-06T11:07:02.306,9016,0,2,51,0,0,0,0,0,0,0x03
2026-09-06T11:07:02.355,9017,0,2,51,0,0,0,0,0,0,0x03
2026-09-06T11:07:02.436,9018,0,2,52,0,0,0,0,0,0,0x03
2026-09-06T11:07:02.500,9019,0,2,51,0,0,0,0,0,0,0x03
2026-09-06T11:07:02.565,9020,0,2,55,0,0,0,0,0,0,0x03
2026-09-06T11:07:02.630,9021,0,2,50,0,0,0,0,0,0,0x03
2026-09-06T11:07:02.695,9022,0,2,52,0,0,0,0,0,0,0x03
2026-09-06T11:07:02.759,9023,0,2,51,0,0,0,0,0,0,0x03
2026-09-06T11:07:02.840,9024,0,2,53,0,0,0,0,0,0,0x03
2026-09-06T11:07:02.905,9025,0,2,50,0,0,0,0,0,0,0x03
2026-09-06T11:07:02.969,9026,0,2,52,0,0,0,0,0,0,0x03
2026-09-06T11:07:03.034,9027,0,2,50,0,0,0,0,0,0,0x03
2026-09-06T11:07:03.099,9028,0,2,51,0,0,0,0,0,0,0x03
2026-09-06T11:07:03.164,9029,0,2,50,0,0,0,0,0,0,0x03
2026-09-06T11:07:03.228,9030,0,2,51,0,0,0,0,0,0,0x03
2026-09-06T11:07:03.309,9031,0,2,50,0,0,0,0,0,0,0x03
2026-09-06T11:07:03.374,9032,0,2,51,0,0,0,0,0,0,0x03
2026-09-06T11:07:03.439,9033,0,2,55,0,0,0,0,0,0,0x03
2026-09-06T11:07:03.503,9034,0,2,50,0,0,0,0,0,0,0x03
2026-09-06T11:07:03.568,9035,0,2,51,0,0,0,0,0,0,0x03
2026-09-06T11:07:03.633,9036,0,2,51,0,0,0,0,0,0,0x03
2026-09-06T11:07:03.697,9037,0,2,55,0,0,0,0,0,0,0x03
2026-09-06T11:07:03.779,9038,0,2,51,0,0,0,0,0,0,0x03
2026-09-06T11:07:03.843,9039,0,2,50,0,0,0,0,0,0,0x03
2026-09-06T11:07:03.908,9040,0,2,52,0,0,0,0,0,0,0x03
2026-09-06T11:07:03.972,9041,0,2,51,0,0,0,0,0,0,0x03
2026-09-06T11:07:04.037,9042,0,2,50,0,0,0,0,0,0,0x03
2026-09-06T11:07:04.102,9043,0,2,51,0,0,0,0,0,0,0x03
2026-09-06T11:07:04.167,9044,0,2,50,0,0,0,0,0,0,0x03
2026-09-06T11:07:04.232,9045,0,2,52,0,0,0,0,0,0,0x03
2026-09-06T11:07:04.312,9046,0,2,50,0,0,0,0,0,0,0x03
2026-09-06T11:07:04.378,9047,0,2,51,0,0,0,0,0,0,0x03
2026-09-06T11:07:04.442,9048,0,2,51,0,0,0,0,0,0,0x03
2026-09-06T11:07:04.507,9049,0,2,50,0,0,0,0,0,0,0x03
2026-09-06T11:07:04.571,9050,0,2,51,0,0,0,0,0,0,0x03
2026-09-06T11:07:04.636,9051,0,2,51,0,0,0,0,0,0,0x03
2026-09-06T11:07:04.701,9052,0,2,51,0,0,0,0,0,0,0x03
2026-09-06T11:07:04.781,9053,0,2,50,0,0,0,0,0,0,0x03
2026-09-06T11:07:04.846,9054,0,2,50,0,0,0,0,0,0,0x03
2026-09-06T11:07:04.911,9055,0,2,51,0,0,0,0,0,0,0x03
2026-09-06T11:07:04.975,9056,0,2,55,0,0,0,0,0,0,0x03
2026-09-06T11:07:05.040,9057,0,2,50,0,0,0,0,0,0,0x03
2026-09-06T11:07:05.105,9058,0,2,51,0,0,0,0,0,0,0x03
2026-09-06T11:07:05.170,9059,0,2,51,0,0,0,0,0,0,0x03
2026-09-06T11:07:05.234,9060,0,2,55,0,0,0,0,0,0,0x03
2026-09-06T11:07:05.315,9061,0,2,52,0,0,0,0,0,0,0x03
2026-09-06T11:07:05.380,9062,0,2,50,0,0,0,0,0,0,0x03
2026-09-06T11:07:05.445,9063,0,2,50,0,0,0,0,0,0,0x03
2026-09-06T11:07:05.509,9064,0,2,51,0,0,0,0,0,0,0x03
2026-09-06T11:07:05.574,9065,0,2,51,0,0,0,0,0,0,0x03
2026-09-06T11:07:05.654,9066,0,2,52,0,0,0,0,0,0,0x03
2026-09-06T11:07:05.703,9067,0,2,50,0,0,0,0,0,0,0x03
2026-09-06T11:07:05.783,9068,0,2,50,0,0,0,0,0,0,0x03
2026-09-06T11:07:05.848,9069,0,2,50,0,0,0,0,0,0,0x03
2026-09-06T11:07:05.912,9070,0,2,51,0,0,0,0,0,0,0x03
2026-09-06T11:07:05.977,9071,0,2,50,0,0,0,0,0,0,0x03
2026-09-06T11:07:06.042,9072,0,2,50,0,0,0,0,0,0,0x03
2026-09-06T11:07:06.106,9073,0,2,52,0,0,0,0,0,0,0x03
2026-09-06T11:07:06.187,9074,0,2,50,0,0,0,0,0,0,0x03
2026-09-06T11:07:06.251,9075,0,2,50,0,0,0,0,0,0,0x03
2026-09-06T11:07:06.316,9076,0,2,51,0,0,0,0,0,0,0x03
2026-09-06T11:07:06.380,9077,0,2,50,0,0,0,0,0,0,0x03
2026-09-06T11:07:06.445,9078,0,2,50,0,0,0,0,0,0,0x03
2026-09-06T11:07:06.510,9079,0,2,50,0,0,0,0,0,0,0x03
2026-09-06T11:07:06.590,9080,0,2,51,0,0,0,0,0,0,0x03
2026-09-06T11:07:06.655,9081,0,2,51,0,0,0,0,0,0,0x03
2026-09-06T11:07:06.720,9082,0,2,51,0,0,0,0,0,0,0x03
2026-09-06T11:07:06.785,9083,0,2,52,0,0,0,0,0,0,0x03
2026-09-06T11:07:06.850,9084,0,2,50,0,0,0,0,0,0,0x03
2026-09-06T11:07:06.914,9085,0,2,52,0,0,0,0,0,0,0x03
2026-09-06T11:07:06.979,9086,0,2,51,0,0,0,0,0,0,0x03
2026-09-06T11:07:07.044,9087,0,2,50,0,0,0,0,0,0,0x03
2026-09-06T11:07:07.124,9088,0,2,52,0,0,0,0,0,0,0x03
2026-09-06T11:07:07.189,9089,0,2,51,0,0,0,0,0,0,0x03
2026-09-06T11:07:07.254,9090,0,2,51,0,0,0,0,0,0,0x03
2026-09-06T11:07:07.318,9091,0,2,54,0,0,0,0,0,0,0x03
2026-09-06T11:07:07.383,9092,0,2,52,0,0,0,0,0,0,0x03
2026-09-06T11:07:07.448,9093,0,2,52,0,0,0,0,0,0,0x03
2026-09-06T11:07:07.513,9094,0,2,51,0,0,0,0,0,0,0x03
2026-09-06T11:07:07.593,9095,0,2,53,0,0,0,0,0,0,0x03
2026-09-06T11:07:07.658,9096,0,2,50,0,0,0,0,0,0,0x03
2026-09-06T11:07:07.723,9097,0,2,52,0,0,0,0,0,0,0x03
2026-09-06T11:07:07.788,9098,0,2,51,0,0,0,0,0,0,0x03
2026-09-06T11:07:07.853,9099,0,2,50,0,0,0,0,0,0,0x03
2026-09-06T11:07:07.918,9100,0,2,50,0,0,0,0,0,0,0x03
2026-09-06T11:07:07.982,9101,0,2,52,0,0,0,0,0,0,0x03
2026-09-06T11:07:08.047,9102,0,2,52,0,0,0,0,0,0,0x03
2026-09-06T11:07:08.128,9103,0,2,50,0,0,0,0,0,0,0x03
2026-09-06T11:07:08.193,9104,0,2,52,0,0,0,0,0,0,0x03
2026-09-06T11:07:08.257,9105,0,2,51,0,0,0,0,0,0,0x03
2026-09-06T11:07:08.322,9106,0,2,51,0,0,0,0,0,0,0x03
2026-09-06T11:07:08.387,9107,0,2,52,0,0,0,0,0,0,0x03
2026-09-06T11:07:08.452,9108,0,2,51,0,0,0,0,0,0,0x03
2026-09-06T11:07:08.517,9109,0,2,52,0,0,0,0,0,0,0x03
2026-09-06T11:07:08.597,9110,0,2,51,0,0,0,0,0,0,0x03
2026-09-06T11:07:08.662,9111,0,2,50,0,0,0,0,0,0,0x03
2026-09-06T11:07:08.726,9112,0,2,51,0,0,0,0,0,0,0x03
2026-09-06T11:07:08.792,9113,0,2,51,0,0,0,0,0,0,0x03
2026-09-06T11:07:08.856,9114,0,2,51,0,0,0,0,0,0,0x03
2026-09-06T11:07:08.921,9115,0,2,50,0,0,0,0,0,0,0x03
2026-09-06T11:07:09.001,9116,0,2,50,0,0,0,0,0,0,0x03
2026-09-06T11:07:09.066,9117,0,2,50,0,0,0,0,0,0,0x03
2026-09-06T11:07:09.131,9118,0,2,51,0,0,0,0,0,0,0x03
2026-09-06T11:07:09.196,9119,0,2,50,0,0,0,0,0,0,0x03
2026-09-06T11:07:09.260,9120,0,2,50,0,0,0,0,0,0,0x03
2026-09-06T11:07:09.325,9121,0,2,52,0,0,0,0,0,0,0x03
2026-09-06T11:07:09.390,9122,0,2,51,0,0,0,0,0,0,0x03
2026-09-06T11:07:09.455,9123,0,2,50,0,0,0,0,0,0,0x03
2026-09-06T11:07:09.536,9124,0,2,51,0,0,0,0,0,0,0x03
2026-09-06T11:07:09.601,9125,0,2,50,0,0,0,0,0,0,0x03
2026-09-06T11:07:09.666,9126,0,2,52,0,0,0,0,0,0,0x03
2026-09-06T11:07:09.731,9127,0,2,50,0,0,0,0,0,0,0x03
2026-09-06T11:07:09.796,9128,0,2,52,0,0,0,0,0,0,0x03
2026-09-06T11:07:09.860,9129,0,2,50,0,0,0,0,0,0,0x03
2026-09-06T11:07:09.925,9130,0,2,51,0,0,0,0,0,0,0x03
2026-09-06T11:07:09.990,9131,0,2,50,0,0,0,0,0,0,0x03
2026-09-06T11:07:10.055,9132,0,2,51,0,0,0,0,0,0,0x03
2026-09-06T11:07:10.136,9133,0,2,52,0,0,0,0,0,0,0x03
2026-09-06T11:07:10.201,9134,0,2,51,0,0,0,0,0,0,0x03
2026-09-06T11:07:10.266,9135,0,2,50,0,0,0,0,0,0,0x03
2026-09-06T11:07:10.331,9136,0,2,51,0,0,0,0,0,0,0x03
2026-09-06T11:07:10.395,9137,0,2,51,0,0,0,0,0,0,0x03
2026-09-06T11:07:10.461,9138,0,2,50,0,0,0,0,0,0,0x03
2026-09-06T11:07:10.542,9139,0,2,50,0,0,0,0,0,0,0x03
2026-09-06T11:07:10.590,9140,0,2,51,0,0,0,0,0,0,0x03
2026-09-06T11:07:10.672,9141,0,2,51,0,0,0,0,0,0,0x03
2026-09-06T11:07:10.737,9142,0,2,50,0,0,0,0,0,0,0x03
2026-09-06T11:07:10.801,9143,0,2,51,0,0,0,0,0,0,0x03
2026-09-06T11:07:10.867,9144,0,2,52,0,0,0,0,0,0,0x03
2026-09-06T11:07:10.931,9145,0,2,50,0,0,0,0,0,0,0x03
2026-09-06T11:07:10.996,9146,0,2,51,0,0,0,0,0,0,0x03
2026-09-06T11:07:11.077,9147,0,2,51,0,0,0,0,0,0,0x03
2026-09-06T11:07:11.126,9148,0,2,51,0,0,0,0,0,0,0x03
2026-09-06T11:07:11.336,9149,0,2,51,0,0,0,0,0,0,0x03
2026-09-06T11:07:11.401,9150,0,2,50,0,0,0,0,0,0,0x03
2026-09-06T11:07:11.466,9151,0,2,51,0,0,0,0,0,0,0x03
2026-09-06T11:07:11.530,9152,0,2,51,0,0,0,0,0,0,0x03
2026-09-06T11:07:11.611,9155,0,2,52,0,0,0,0,0,0,0x03
2026-09-06T11:07:11.676,9156,0,2,50,0,0,0,0,0,0,0x03
2026-09-06T11:07:11.741,9157,0,2,52,0,0,0,0,0,0,0x03
2026-09-06T11:07:11.805,9158,0,2,53,0,0,0,0,0,0,0x03
2026-09-06T11:07:11.870,9159,0,2,52,0,0,0,0,0,0,0x03
2026-09-06T11:07:11.935,9160,0,2,52,0,0,0,0,0,0,0x03
2026-09-06T11:07:12.000,9161,0,2,52,0,0,0,0,0,0,0x03
2026-09-06T11:07:12.081,9162,0,2,52,0,0,0,0,0,0,0x03
2026-09-06T11:07:12.130,9163,0,2,52,0,0,0,0,0,0,0x03
2026-09-06T11:07:12.210,9164,0,2,50,0,0,0,0,0,0,0x03
2026-09-06T11:07:12.275,9165,0,2,50,0,0,0,0,0,0,0x03
2026-09-06T11:07:12.340,9166,0,2,50,0,0,0,0,0,0,0x03
2026-09-06T11:07:12.405,9167,0,2,50,0,0,0,0,0,0,0x03
2026-09-06T11:07:12.470,9168,0,2,51,0,0,0,0,0,0,0x03
2026-09-06T11:07:12.534,9169,0,2,50,0,0,0,0,0,0,0x03
2026-09-06T11:07:12.615,9170,0,2,50,0,0,0,0,0,0,0x03
2026-09-06T11:07:12.680,9171,0,2,50,0,0,0,0,0,0,0x03
2026-09-06T11:07:12.745,9172,0,2,50,0,0,0,0,0,0,0x03
2026-09-06T11:07:12.810,9173,0,2,51,0,0,0,0,0,0,0x03
2026-09-06T11:07:12.874,9174,0,2,54,0,0,0,0,0,0,0x03
2026-09-06T11:07:12.939,9175,0,2,52,0,0,0,0,0,0,0x03
2026-09-06T11:07:13.004,9176,0,2,52,0,0,0,0,0,0,0x03
2026-09-06T11:07:13.085,9177,0,2,50,0,0,0,0,0,0,0x03
2026-09-06T11:07:13.150,9178,0,2,50,0,0,0,0,0,0,0x03
2026-09-06T11:07:13.214,9179,0,2,50,0,0,0,0,0,0,0x03
2026-09-06T11:07:13.279,9180,0,2,50,0,0,0,0,0,0,0x03
2026-09-06T11:07:13.344,9181,0,2,51,0,0,0,0,0,0,0x03
2026-09-06T11:07:13.408,9182,0,2,51,0,0,0,0,0,0,0x03
2026-09-06T11:07:13.473,9183,0,2,50,0,0,0,0,0,0,0x03
2026-09-06T11:07:13.538,9184,0,2,50,0,0,0,0,0,0,0x03
2026-09-06T11:07:13.619,9185,0,2,50,0,0,0,0,0,0,0x03
2026-09-06T11:07:13.684,9186,0,2,52,0,0,0,0,0,0,0x03
2026-09-06T11:07:13.749,9187,0,2,51,0,0,0,0,0,0,0x03
2026-09-06T11:07:13.813,9188,0,2,52,0,0,0,0,0,0,0x03
2026-09-06T11:07:13.878,9189,0,2,51,0,0,0,0,0,0,0x03
2026-09-06T11:07:13.943,9190,0,2,55,0,0,0,0,0,0,0x03
2026-09-06T11:07:14.008,9191,0,2,50,0,0,0,0,0,0,0x03
2026-09-06T11:07:14.089,9192,0,2,51,0,0,0,0,0,0,0x03
2026-09-06T11:07:14.154,9193,0,2,52,0,0,0,0,0,0,0x03
2026-09-06T11:07:14.219,9194,0,2,51,0,0,0,0,0,0,0x03
2026-09-06T11:07:14.284,9195,0,2,51,0,0,0,0,0,0,0x03
2026-09-06T11:07:14.349,9196,0,2,51,0,0,0,0,0,0,0x03
2026-09-06T11:07:14.413,9197,0,2,50,0,0,0,0,0,0,0x03
2026-09-06T11:07:14.478,9198,0,2,50,0,0,0,0,0,0,0x03
2026-09-06T11:07:14.543,9199,0,2,50,0,0,0,0,0,0,0x03
2026-09-06T11:07:14.624,9200,0,2,54,0,0,0,0,0,0,0x03
2026-09-06T11:07:14.689,9201,0,2,50,0,0,0,0,0,0,0x03
2026-09-06T11:07:14.754,9202,0,2,51,0,0,0,0,0,0,0x03
2026-09-06T11:07:14.818,9203,0,2,50,0,0,0,0,0,0,0x03
2026-09-06T11:07:14.883,9204,0,2,51,0,0,0,0,0,0,0x03
2026-09-06T11:07:14.948,9205,0,2,51,0,0,0,0,0,0,0x03
2026-09-06T11:07:15.012,9206,0,2,52,0,0,0,0,0,0,0x03
2026-09-06T11:07:15.077,9207,0,2,50,0,0,0,0,0,0,0x03
2026-09-06T11:07:15.158,9208,0,2,52,0,0,0,0,0,0,0x03
2026-09-06T11:07:15.223,9209,0,2,50,0,0,0,0,0,0,0x03
2026-09-06T11:07:15.288,9210,0,2,51,0,0,0,0,0,0,0x03
2026-09-06T11:07:15.353,9211,0,2,50,0,0,0,0,0,0,0x03
2026-09-06T11:07:15.417,9212,0,2,52,0,0,0,0,0,0,0x03
2026-09-06T11:07:15.482,9213,0,2,50,0,0,0,0,0,0,0x03
2026-09-06T11:07:15.547,9214,0,2,51,0,0,0,0,0,0,0x03
2026-09-06T11:07:15.628,9215,0,2,52,0,0,0,0,0,0,0x03
2026-09-06T11:07:15.693,9216,0,2,53,0,0,0,0,0,0,0x03
2026-09-06T11:07:15.757,9217,0,2,52,0,0,0,0,0,0,0x03
2026-09-06T11:07:15.822,9218,0,2,51,0,0,0,0,0,0,0x03
2026-09-06T11:07:15.887,9219,0,2,54,0,0,0,0,0,0,0x03
2026-09-06T11:07:15.951,9220,0,2,50,0,0,0,0,0,0,0x03
2026-09-06T11:07:16.016,9221,0,2,50,0,0,0,0,0,0,0x03
2026-09-06T11:07:16.081,9222,0,2,50,0,0,0,0,0,0,0x03
2026-09-06T11:07:16.162,9223,0,2,51,0,0,0,0,0,0,0x03
2026-09-06T11:07:16.226,9224,0,2,50,0,0,0,0,0,0,0x03
2026-09-06T11:07:16.291,9225,0,2,53,0,0,0,0,0,0,0x03
2026-09-06T11:07:16.356,9226,0,2,50,0,0,0,0,0,0,0x03
2026-09-06T11:07:16.420,9227,0,2,51,0,0,0,0,0,0,0x03
2026-09-06T11:07:16.485,9228,0,2,50,0,0,0,0,0,0,0x03
2026-09-06T11:07:16.550,9229,0,2,50,0,0,0,0,0,0,0x03
2026-09-06T11:07:16.630,9230,0,2,51,0,0,0,0,0,0,0x03
2026-09-06T11:07:16.695,9231,0,2,52,0,0,0,0,0,0,0x03
2026-09-06T11:07:16.760,9232,0,2,50,0,0,0,0,0,0,0x03
2026-09-06T11:07:16.825,9233,0,2,50,0,0,0,0,0,0,0x03
2026-09-06T11:07:16.889,9234,0,2,52,0,0,0,0,0,0,0x03
2026-09-06T11:07:16.954,9235,0,2,55,0,0,0,0,0,0,0x03
2026-09-06T11:07:17.019,9236,0,2,51,0,0,0,0,0,0,0x03
2026-09-06T11:07:17.100,9237,0,2,50,0,0,0,0,0,0,0x03
2026-09-06T11:07:17.164,9238,0,2,51,0,0,0,0,0,0,0x03
2026-09-06T11:07:17.229,9239,0,2,50,0,0,0,0,0,0,0x03
2026-09-06T11:07:17.294,9240,0,2,50,0,0,0,0,0,0,0x03
2026-09-06T11:07:17.359,9241,0,2,51,0,0,0,0,0,0,0x03
2026-09-06T11:07:17.424,9242,0,2,51,0,0,0,0,0,0,0x03
2026-09-06T11:07:17.505,9243,0,2,51,0,0,0,0,0,0,0x03
2026-09-06T11:07:17.553,9244,0,2,50,0,0,0,0,0,0,0x03
2026-09-06T11:07:17.634,9245,0,2,50,0,0,0,0,0,0,0x03
2026-09-06T11:07:17.699,9246,0,2,51,0,0,0,0,0,0,0x03
2026-09-06T11:07:17.764,9247,0,2,50,0,0,0,0,0,0,0x03
2026-09-06T11:07:17.829,9248,0,2,51,0,0,0,0,0,0,0x03
2026-09-06T11:07:17.893,9249,0,2,51,0,0,0,0,0,0,0x03
2026-09-06T11:07:17.958,9250,0,2,52,0,0,0,0,0,0,0x03
2026-09-06T11:07:18.039,9251,0,2,50,0,0,0,0,0,0,0x03
2026-09-06T11:07:18.104,9252,0,2,50,0,0,0,0,0,0,0x03
2026-09-06T11:07:18.169,9253,0,2,50,0,0,0,0,0,0,0x03
2026-09-06T11:07:18.234,9254,0,2,52,0,0,0,0,0,0,0x03
2026-09-06T11:07:18.299,9255,0,2,52,0,0,0,0,0,0,0x03
2026-09-06T11:07:18.363,9256,0,2,50,0,0,0,0,0,0,0x03
2026-09-06T11:07:18.428,9257,0,2,50,0,0,0,0,0,0,0x03
2026-09-06T11:07:18.493,9258,0,2,51,0,0,0,0,0,0,0x03
2026-09-06T11:07:18.558,9259,0,2,50,0,0,0,0,0,0,0x03
2026-09-06T11:07:18.639,9260,0,2,51,0,0,0,0,0,0,0x03
2026-09-06T11:07:18.704,9261,0,2,51,0,0,0,0,0,0,0x03
2026-09-06T11:07:18.769,9262,0,2,51,0,0,0,0,0,0,0x03
2026-09-06T11:07:18.834,9263,0,2,54,0,0,0,0,0,0,0x03
2026-09-06T11:07:18.899,9264,0,2,51,0,0,0,0,0,0,0x03
2026-09-06T11:07:18.964,9265,0,2,50,0,0,0,0,0,0,0x03
2026-09-06T11:07:19.029,9266,0,2,50,0,0,0,0,0,0,0x03
2026-09-06T11:07:19.094,9267,0,2,50,0,0,0,0,0,0,0x03
2026-09-06T11:07:19.175,9268,0,2,52,0,0,0,0,0,0,0x03
2026-09-06T11:07:19.240,9269,0,2,52,0,0,0,0,0,0,0x03
2026-09-06T11:07:19.305,9270,0,2,50,0,0,0,0,0,0,0x03
2026-09-06T11:07:19.370,9271,0,2,51,0,0,0,0,0,0,0x03
2026-09-06T11:07:19.435,9272,0,2,51,0,0,0,0,0,0,0x03
2026-09-06T11:07:19.500,9273,0,2,52,0,0,0,0,0,0,0x03
2026-09-06T11:07:19.565,9274,0,2,52,0,0,0,0,0,0,0x03
2026-09-06T11:07:19.630,9275,0,2,51,0,0,0,0,0,0,0x03
2026-09-06T11:07:19.711,9276,0,2,52,0,0,0,0,0,0,0x03
2026-09-06T11:07:19.776,9277,0,2,50,0,0,0,0,0,0,0x03
2026-09-06T11:07:19.841,9278,0,2,52,0,0,0,0,0,0,0x03
2026-09-06T11:07:19.906,9279,0,2,50,0,0,0,0,0,0,0x03
2026-09-06T11:07:19.971,9280,0,2,52,0,0,0,0,0,0,0x03
2026-09-06T11:07:20.035,9281,0,2,50,0,0,0,0,0,0,0x03
2026-09-06T11:07:20.100,9282,0,2,50,0,0,0,0,0,0,0x03
2026-09-06T11:07:20.165,9283,0,2,51,0,0,0,0,0,0,0x03
2026-09-06T11:07:20.247,9284,0,2,51,0,0,0,0,0,0,0x03
2026-09-06T11:07:20.311,9285,0,2,52,0,0,0,0,0,0,0x03
2026-09-06T11:07:20.376,9286,0,2,52,0,0,0,0,0,0,0x03
2026-09-06T11:07:20.441,9287,0,2,50,0,0,0,0,0,0,0x03
2026-09-06T11:07:20.506,9288,0,2,52,0,0,0,0,0,0,0x03
2026-09-06T11:07:20.571,9289,0,2,51,0,0,0,0,0,0,0x03
2026-09-06T11:07:20.636,9290,0,2,52,0,0,0,0,0,0,0x03
2026-09-06T11:07:20.701,9291,0,2,51,0,0,0,0,0,0,0x03
2026-09-06T11:07:20.781,9292,0,2,50,0,0,0,0,0,0,0x03
2026-09-06T11:07:20.846,9293,0,2,51,0,0,0,0,0,0,0x03
2026-09-06T11:07:20.911,9294,0,2,50,0,0,0,0,0,0,0x03
2026-09-06T11:07:20.976,9295,0,2,54,0,0,0,0,0,0,0x03
2026-09-06T11:07:21.041,9296,0,2,50,0,0,0,0,0,0,0x03
2026-09-06T11:07:21.106,9297,0,2,50,0,0,0,0,0,0,0x03
2026-09-06T11:07:21.171,9298,0,2,51,0,0,0,0,0,0,0x03
2026-09-06T11:07:21.252,9299,0,2,51,0,0,0,0,0,0,0x03
2026-09-06T11:07:21.316,9300,0,2,51,0,0,0,0,0,0,0x03
2026-09-06T11:07:21.381,9301,0,2,53,0,0,0,0,0,0,0x03
2026-09-06T11:07:21.446,9302,0,2,52,0,0,0,0,0,0,0x03
2026-09-06T11:07:21.511,9303,0,2,50,0,0,0,0,0,0,0x03
2026-09-06T11:07:21.576,9304,0,2,50,0,0,0,0,0,0,0x03
2026-09-06T11:07:21.640,9305,0,2,53,0,0,0,0,0,0,0x03
2026-09-06T11:07:21.705,9306,0,2,51,0,0,0,0,0,0,0x03
2026-09-06T11:07:21.786,9307,0,2,51,0,0,0,0,0,0,0x03
2026-09-06T11:07:21.851,9308,0,2,52,0,0,0,0,0,0,0x03
2026-09-06T11:07:21.916,9309,0,2,50,0,0,0,0,0,0,0x03
2026-09-06T11:07:21.981,9310,0,2,52,0,0,0,0,0,0,0x03
2026-09-06T11:07:22.045,9311,0,2,51,0,0,0,0,0,0,0x03
2026-09-06T11:07:22.110,9312,0,2,52,0,0,0,0,0,0,0x03
2026-09-06T11:07:22.174,9313,0,2,51,0,0,0,0,0,0,0x03
2026-09-06T11:07:22.255,9314,0,2,51,0,0,0,0,0,0,0x03
2026-09-06T11:07:22.320,9315,0,2,50,0,0,0,0,0,0,0x03
2026-09-06T11:07:22.384,9316,0,2,51,0,0,0,0,0,0,0x03
2026-09-06T11:07:22.449,9317,0,2,51,0,0,0,0,0,0,0x03
2026-09-06T11:07:22.513,9318,0,2,53,0,0,0,0,0,0,0x03
2026-09-06T11:07:22.578,9319,0,2,50,0,0,0,0,0,0,0x03
2026-09-06T11:07:22.659,9320,0,2,50,0,0,0,0,0,0,0x03
2026-09-06T11:07:22.723,9321,0,2,51,0,0,0,0,0,0,0x03
2026-09-06T11:07:22.788,9322,0,2,50,0,0,0,0,0,0,0x03
2026-09-06T11:07:22.852,9323,0,2,51,0,0,0,0,0,0,0x03
2026-09-06T11:07:22.917,9324,0,2,51,0,0,0,0,0,0,0x03
2026-09-06T11:07:22.982,9325,0,2,50,0,0,0,0,0,0,0x03
2026-09-06T11:07:23.046,9326,0,2,50,0,0,0,0,0,0,0x03
2026-09-06T11:07:23.127,9327,0,2,52,0,0,0,0,0,0,0x03
2026-09-06T11:07:23.192,9328,0,2,50,0,0,0,0,0,0,0x03
2026-09-06T11:07:23.256,9329,0,2,50,0,0,0,0,0,0,0x03
2026-09-06T11:07:23.321,9330,0,2,54,0,0,0,0,0,0,0x03
2026-09-06T11:07:23.386,9331,0,2,50,0,0,0,0,0,0,0x03
2026-09-06T11:07:23.450,9332,0,2,50,0,0,0,0,0,0,0x03
2026-09-06T11:07:23.515,9333,0,2,51,0,0,0,0,0,0,0x03
2026-09-06T11:07:23.596,9334,0,2,55,0,0,0,0,0,0,0x03
2026-09-06T11:07:23.660,9335,0,2,50,0,0,0,0,0,0,0x03
2026-09-06T11:07:23.725,9336,0,2,50,0,0,0,0,0,0,0x03
2026-09-06T11:07:23.789,9337,0,2,52,0,0,0,0,0,0,0x03
2026-09-06T11:07:23.854,9338,0,2,51,0,0,0,0,0,0,0x03
2026-09-06T11:07:23.918,9339,0,2,51,0,0,0,0,0,0,0x03
2026-09-06T11:07:23.983,9340,0,2,52,0,0,0,0,0,0,0x03
2026-09-06T11:07:24.064,9341,0,2,50,0,0,0,0,0,0,0x03
2026-09-06T11:07:24.128,9342,0,2,50,0,0,0,0,0,0,0x03
2026-09-06T11:07:24.193,9343,0,2,55,0,0,0,0,0,0,0x03
2026-09-06T11:07:24.257,9344,0,2,51,0,0,0,0,0,0,0x03
2026-09-06T11:07:24.322,9345,0,2,50,0,0,0,0,0,0,0x03
2026-09-06T11:07:24.387,9346,0,2,52,0,0,0,0,0,0,0x03
2026-09-06T11:07:24.467,9347,0,2,54,0,0,0,0,0,0,0x03
2026-09-06T11:07:24.516,9348,0,2,50,0,0,0,0,0,0,0x03
2026-09-06T11:07:24.597,9349,0,2,50,0,0,0,0,0,0,0x03
2026-09-06T11:07:24.661,9350,0,2,52,0,0,0,0,0,0,0x03
2026-09-06T11:07:24.726,9351,0,2,51,0,0,0,0,0,0,0x03
2026-09-06T11:07:24.791,9352,0,2,52,0,0,0,0,0,0,0x03
2026-09-06T11:07:24.855,9353,0,2,51,0,0,0,0,0,0,0x03
2026-09-06T11:07:24.936,9354,0,2,51,0,0,0,0,0,0,0x03
2026-09-06T11:07:25.001,9355,0,2,51,0,0,0,0,0,0,0x03
2026-09-06T11:07:25.065,9356,0,2,50,0,0,0,0,0,0,0x03
2026-09-06T11:07:25.130,9357,0,2,50,0,0,0,0,0,0,0x03
2026-09-06T11:07:25.194,9358,0,2,50,0,0,0,0,0,0,0x03
2026-09-06T11:07:25.259,9359,0,2,50,0,0,0,0,0,0,0x03
2026-09-06T11:07:25.324,9360,0,2,51,0,0,0,0,0,0,0x03
2026-09-06T11:07:25.388,9361,0,2,50,0,0,0,0,0,0,0x03
2026-09-06T11:07:25.469,9362,0,2,50,0,0,0,0,0,0,0x03
2026-09-06T11:07:25.534,9363,0,2,52,0,0,0,0,0,0,0x03
2026-09-06T11:07:25.599,9364,0,2,52,0,0,0,0,0,0,0x03
2026-09-06T11:07:25.664,9365,0,2,51,0,0,0,0,0,0,0x03
2026-09-06T11:07:25.728,9366,0,2,55,0,0,0,0,0,0,0x03
2026-09-06T11:07:25.793,9367,0,2,50,0,0,0,0,0,0,0x03
2026-09-06T11:07:25.858,9368,0,2,52,0,0,0,0,0,0,0x03
2026-09-06T11:07:25.939,9369,0,2,50,0,0,0,0,0,0,0x03
2026-09-06T11:07:26.003,9370,0,2,51,0,0,0,0,0,0,0x03
2026-09-06T11:07:26.068,9371,0,2,51,0,0,0,0,0,0,0x03
2026-09-06T11:07:26.133,9372,0,2,52,0,0,0,0,0,0,0x03
2026-09-06T11:07:26.198,9373,0,2,51,0,0,0,0,0,0,0x03
2026-09-06T11:07:26.263,9374,0,2,52,0,0,0,0,0,0,0x03
2026-09-06T11:07:26.328,9375,0,2,51,0,0,0,0,0,0,0x03
2026-09-06T11:07:26.392,9376,0,2,61,0,0,0,0,0,0,0x03
2026-09-06T11:07:26.474,9377,0,2,50,0,0,0,0,0,0,0x03
2026-09-06T11:07:26.538,9378,0,2,51,0,0,0,0,0,0,0x03
2026-09-06T11:07:26.603,9379,0,2,51,0,0,0,0,0,0,0x03
2026-09-06T11:07:26.668,9380,0,2,50,0,0,0,0,0,0,0x03
2026-09-06T11:07:26.733,9381,0,2,52,0,0,0,0,0,0,0x03
2026-09-06T11:07:26.798,9382,0,2,50,0,0,0,0,0,0,0x03
2026-09-06T11:07:26.863,9383,0,2,54,0,0,0,0,0,0,0x03
2026-09-06T11:07:26.928,9384,0,2,52,0,0,0,0,0,0,0x03
2026-09-06T11:07:27.009,9385,0,2,50,0,0,0,0,0,0,0x03
2026-09-06T11:07:27.074,9386,0,2,50,0,0,0,0,0,0,0x03
2026-09-06T11:07:27.139,9387,0,2,50,0,0,0,0,0,0,0x03
2026-09-06T11:07:27.204,9388,0,2,50,0,0,0,0,0,0,0x03
2026-09-06T11:07:27.269,9389,0,2,55,0,0,0,0,0,0,0x03
2026-09-06T11:07:27.333,9390,0,2,51,0,0,0,0,0,0,0x03
2026-09-06T11:07:27.398,9391,0,2,52,0,0,0,0,0,0,0x03
2026-09-06T11:07:27.479,9392,0,2,51,0,0,0,0,0,0,0x03
2026-09-06T11:07:27.544,9393,0,2,55,0,0,0,0,0,0,0x03
2026-09-06T11:07:27.608,9394,0,2,50,0,0,0,0,0,0,0x03
2026-09-06T11:07:27.673,9395,0,2,52,0,0,0,0,0,0,0x03
2026-09-06T11:07:27.738,9396,0,2,50,0,0,0,0,0,0,0x03
2026-09-06T11:07:27.803,9397,0,2,51,0,0,0,0,0,0,0x03
2026-09-06T11:07:27.868,9398,0,2,52,0,0,0,0,0,0,0x03
2026-09-06T11:07:27.933,9399,0,2,51,0,0,0,0,0,0,0x03
2026-09-06T11:07:28.014,9400,0,2,50,0,0,0,0,0,0,0x03
2026-09-06T11:07:28.079,9401,0,2,51,0,0,0,0,0,0,0x03
2026-09-06T11:07:28.144,9402,0,2,54,0,0,0,0,0,0,0x03
2026-09-06T11:07:28.209,9403,0,2,52,0,0,0,0,0,0,0x03
2026-09-06T11:07:28.273,9404,0,2,50,0,0,0,0,0,0,0x03
2026-09-06T11:07:28.338,9405,0,2,51,0,0,0,0,0,0,0x03
2026-09-06T11:07:28.403,9406,0,2,55,0,0,0,0,0,0,0x03
2026-09-06T11:07:28.468,9407,0,2,52,0,0,0,0,0,0,0x03
2026-09-06T11:07:28.549,9408,0,2,50,0,0,0,0,0,0,0x03
2026-09-06T11:07:28.614,9409,0,2,52,0,0,0,0,0,0,0x03
2026-09-06T11:07:28.679,9410,0,2,50,0,0,0,0,0,0,0x03
2026-09-06T11:07:28.744,9411,0,2,51,0,0,0,0,0,0,0x03
2026-09-06T11:07:28.809,9412,0,2,52,0,0,0,0,0,0,0x03
2026-09-06T11:07:28.874,9413,0,2,51,0,0,0,0,0,0,0x03
2026-09-06T11:07:28.938,9414,0,2,51,0,0,0,0,0,0,0x03
2026-09-06T11:07:29.019,9415,0,2,51,0,0,0,0,0,0,0x03
2026-09-06T11:07:29.084,9416,0,2,50,0,0,0,0,0,0,0x03
2026-09-06T11:07:29.149,9417,0,2,50,0,0,0,0,0,0,0x03
2026-09-06T11:07:29.213,9418,0,2,51,0,0,0,0,0,0,0x03
2026-09-06T11:07:29.278,9419,0,2,50,0,0,0,0,0,0,0x03
2026-09-06T11:07:29.343,9420,0,2,50,0,0,0,0,0,0,0x03
2026-09-06T11:07:29.408,9421,0,2,50,0,0,0,0,0,0,0x03
2026-09-06T11:07:29.473,9422,0,2,53,0,0,0,0,0,0,0x03
2026-09-06T11:07:29.554,9423,0,2,52,0,0,0,0,0,0,0x03
2026-09-06T11:07:29.619,9424,0,2,50,0,0,0,0,0,0,0x03
2026-09-06T11:07:29.683,9425,0,2,51,0,0,0,0,0,0,0x03
2026-09-06T11:07:29.748,9426,0,2,50,0,0,0,0,0,0,0x03
2026-09-06T11:07:29.813,9427,0,2,52,0,0,0,0,0,0,0x03
2026-09-06T11:07:29.878,9428,0,2,51,0,0,0,0,0,0,0x03
2026-09-06T11:07:29.943,9429,0,2,50,0,0,0,0,0,0,0x03
2026-09-06T11:07:30.008,9430,0,2,50,0,0,0,0,0,0,0x03
2026-09-06T11:07:30.089,9431,0,2,50,0,0,0,0,0,0,0x03
2026-09-06T11:07:30.154,9432,0,2,50,0,0,0,0,0,0,0x03
2026-09-06T11:07:30.219,9433,0,2,51,0,0,0,0,0,0,0x03
2026-09-06T11:07:30.284,9434,0,2,51,0,0,0,0,0,0,0x03
2026-09-06T11:07:30.349,9435,0,2,51,0,0,0,0,0,0,0x03
2026-09-06T11:07:30.413,9436,0,2,50,0,0,0,0,0,0,0x03
2026-09-06T11:07:30.478,9437,0,2,50,0,0,0,0,0,0,0x03
2026-09-06T11:07:30.559,9438,0,2,50,0,0,0,0,0,0,0x03
2026-09-06T11:07:30.623,9439,0,2,50,0,0,0,0,0,0,0x03
2026-09-06T11:07:30.688,9440,0,2,53,0,0,0,0,0,0,0x03
2026-09-06T11:07:30.753,9441,0,2,50,0,0,0,0,0,0,0x03
2026-09-06T11:07:30.817,9442,0,2,51,0,0,0,0,0,0,0x03
2026-09-06T11:07:30.882,9443,0,2,50,0,0,0,0,0,0,0x03
2026-09-06T11:07:30.947,9444,0,2,55,0,0,0,0,0,0,0x03
2026-09-06T11:07:31.012,9445,0,2,52,0,0,0,0,0,0,0x03
2026-09-06T11:07:31.093,9446,0,2,52,0,0,0,0,0,0,0x03
2026-09-06T11:07:31.157,9447,0,2,52,0,0,0,0,0,0,0x03
2026-09-06T11:07:31.222,9448,0,2,50,0,0,0,0,0,0,0x03
2026-09-06T11:07:31.287,9449,0,2,50,0,0,0,0,0,0,0x03
2026-09-06T11:07:31.352,9450,0,2,50,0,0,0,0,0,0,0x03
2026-09-06T11:07:31.416,9451,0,2,51,0,0,0,0,0,0,0x03
2026-09-06T11:07:31.481,9452,0,2,51,0,0,0,0,0,0,0x03
2026-09-06T11:07:31.562,9453,0,2,52,0,0,0,0,0,0,0x03
2026-09-06T11:07:31.627,9454,0,2,50,0,0,0,0,0,0,0x03
2026-09-06T11:07:31.692,9455,0,2,51,0,0,0,0,0,0,0x03
2026-09-06T11:07:31.757,9456,0,2,50,0,0,0,0,0,0,0x03
2026-09-06T11:07:31.821,9457,0,2,50,0,0,0,0,0,0,0x03
2026-09-06T11:07:31.886,9458,0,2,50,0,0,0,0,0,0,0x03
2026-09-06T11:07:31.951,9459,0,2,51,0,0,0,0,0,0,0x03
2026-09-06T11:07:32.016,9460,0,2,53,0,0,0,0,0,0,0x03
2026-09-06T11:07:32.097,9461,0,2,51,0,0,0,0,0,0,0x03
2026-09-06T11:07:32.162,9462,0,2,51,0,0,0,0,0,0,0x03
2026-09-06T11:07:32.227,9463,0,2,52,0,0,0,0,0,0,0x03
2026-09-06T11:07:32.292,9464,0,2,51,0,0,0,0,0,0,0x03
2026-09-06T11:07:32.356,9465,0,2,50,0,0,0,0,0,0,0x03
2026-09-06T11:07:32.421,9466,0,2,50,0,0,0,0,0,0,0x03
2026-09-06T11:07:32.486,9467,0,2,50,0,0,0,0,0,0,0x03
2026-09-06T11:07:32.567,9468,0,2,50,0,0,0,0,0,0,0x03
2026-09-06T11:07:32.633,9469,0,2,50,0,0,0,0,0,0,0x03
2026-09-06T11:07:32.697,9470,0,2,51,0,0,0,0,0,0,0x03
2026-09-06T11:07:32.762,9471,0,2,50,0,0,0,0,0,0,0x03
2026-09-06T11:07:32.827,9472,0,2,52,0,0,0,0,0,0,0x03
2026-09-06T11:07:32.892,9473,0,2,51,0,0,0,0,0,0,0x03
2026-09-06T11:07:32.957,9474,0,2,52,0,0,0,0,0,0,0x03
2026-09-06T11:07:33.022,9475,0,2,51,0,0,0,0,0,0,0x03
2026-09-06T11:07:33.103,9476,0,2,55,0,0,0,0,0,0,0x03
2026-09-06T11:07:33.168,9477,0,2,50,0,0,0,0,0,0,0x03
2026-09-06T11:07:33.233,9478,0,2,52,0,0,0,0,0,0,0x03
2026-09-06T11:07:33.297,9479,0,2,51,0,0,0,0,0,0,0x03
2026-09-06T11:07:33.362,9480,0,2,51,0,0,0,0,0,0,0x03
2026-09-06T11:07:33.427,9481,0,2,51,0,0,0,0,0,0,0x03
2026-09-06T11:07:33.492,9482,0,2,50,0,0,0,0,0,0,0x03
2026-09-06T11:07:33.557,9483,0,2,50,0,0,0,0,0,0,0x03
2026-09-06T11:07:33.637,9484,0,2,52,0,0,0,0,0,0,0x03
2026-09-06T11:07:33.702,9485,0,2,50,0,0,0,0,0,0,0x03
2026-09-06T11:07:33.767,9486,0,2,50,0,0,0,0,0,0,0x03
2026-09-06T11:07:33.831,9487,0,2,50,0,0,0,0,0,0,0x03
2026-09-06T11:07:33.896,9488,0,2,51,0,0,0,0,0,0,0x03
2026-09-06T11:07:33.961,9489,0,2,52,0,0,0,0,0,0,0x03
2026-09-06T11:07:34.026,9490,0,2,50,0,0,0,0,0,0,0x03
2026-09-06T11:07:34.107,9491,0,2,50,0,0,0,0,0,0,0x03
2026-09-06T11:07:34.172,9492,0,2,50,0,0,0,0,0,0,0x03
2026-09-06T11:07:34.236,9493,0,2,52,0,0,0,0,0,0,0x03
2026-09-06T11:07:34.301,9494,0,2,51,0,0,0,0,0,0,0x03
2026-09-06T11:07:34.366,9495,0,2,50,0,0,0,0,0,0,0x03
2026-09-06T11:07:34.431,9496,0,2,51,0,0,0,0,0,0,0x03
2026-09-06T11:07:34.496,9497,0,2,50,0,0,0,0,0,0,0x03
2026-09-06T11:07:34.560,9498,0,2,51,0,0,0,0,0,0,0x03
2026-09-06T11:07:34.642,9499,0,2,50,0,0,0,0,0,0,0x03
2026-09-06T11:07:34.706,9500,0,2,50,0,0,0,0,0,0,0x03
2026-09-06T11:07:34.771,9501,0,2,51,0,0,0,0,0,0,0x03
2026-09-06T11:07:34.836,9502,0,2,50,0,0,0,0,0,0,0x03
2026-09-06T11:07:34.901,9503,0,2,52,0,0,0,0,0,0,0x03
2026-09-06T11:07:34.966,9504,0,2,51,0,0,0,0,0,0,0x03
2026-09-06T11:07:35.047,9505,0,2,50,0,0,0,0,0,0,0x03
2026-09-06T11:07:35.096,9506,0,2,50,0,0,0,0,0,0,0x03
2026-09-06T11:07:35.177,9507,0,2,51,0,0,0,0,0,0,0x03
2026-09-06T11:07:35.242,9508,0,2,50,0,0,0,0,0,0,0x03
2026-09-06T11:07:35.307,9509,0,2,50,0,0,0,0,0,0,0x03
2026-09-06T11:07:35.372,9510,0,2,52,0,0,0,0,0,0,0x03
2026-09-06T11:07:35.436,9511,0,2,51,0,0,0,0,0,0,0x03
2026-09-06T11:07:35.501,9512,0,2,51,0,0,0,0,0,0,0x03
2026-09-06T11:07:35.566,9513,0,2,50,0,0,0,0,0,0,0x03
2026-09-06T11:07:35.647,9514,0,2,50,0,0,0,0,0,0,0x03
2026-09-06T11:07:35.906,9515,0,2,50,0,0,0,0,0,0,0x03
2026-09-06T11:07:35.972,9516,0,2,55,0,0,0,0,0,0,0x03
2026-09-06T11:07:36.037,9517,0,2,51,0,0,0,0,0,0,0x03
2026-09-06T11:07:36.102,9518,0,2,51,0,0,0,0,0,0,0x03
2026-09-06T11:07:36.183,9522,0,2,50,0,0,0,0,0,0,0x03
2026-09-06T11:07:36.248,9523,0,2,50,0,0,0,0,0,0,0x03
2026-09-06T11:07:36.313,9524,0,2,50,0,0,0,0,0,0,0x03
2026-09-06T11:07:36.378,9525,0,2,51,0,0,0,0,0,0,0x03
2026-09-06T11:07:36.442,9526,0,2,50,0,0,0,0,0,0,0x03
2026-09-06T11:07:36.507,9527,0,2,51,0,0,0,0,0,0,0x03
2026-09-06T11:07:36.572,9528,0,2,51,0,0,0,0,0,0,0x03
2026-09-06T11:07:36.637,9529,0,2,50,0,0,0,0,0,0,0x03
2026-09-06T11:07:36.718,9530,0,2,51,0,0,0,0,0,0,0x03
2026-09-06T11:07:36.782,9531,0,2,51,0,0,0,0,0,0,0x03
2026-09-06T11:07:36.847,9532,0,2,52,0,0,0,0,0,0,0x03
2026-09-06T11:07:36.912,9533,0,2,51,0,0,0,0,0,0,0x03
2026-09-06T11:07:36.977,9534,0,2,51,0,0,0,0,0,0,0x03
2026-09-06T11:07:37.041,9535,0,2,52,0,0,0,0,0,0,0x03
2026-09-06T11:07:37.106,9536,0,2,50,0,0,0,0,0,0,0x03
2026-09-06T11:07:37.171,9537,0,2,50,0,0,0,0,0,0,0x03
2026-09-06T11:07:37.252,9538,0,2,50,0,0,0,0,0,0,0x03
2026-09-06T11:07:37.318,9539,0,2,51,0,0,0,0,0,0,0x03
2026-09-06T11:07:37.383,9540,0,2,50,0,0,0,0,0,0,0x03
2026-09-06T11:07:37.447,9541,0,2,51,0,0,0,0,0,0,0x03
2026-09-06T11:07:37.512,9542,0,2,51,0,0,0,0,0,0,0x03
2026-09-06T11:07:37.577,9543,0,2,50,0,0,0,0,0,0,0x03
2026-09-06T11:07:37.642,9544,0,2,50,0,0,0,0,0,0,0x03
2026-09-06T11:07:37.723,9545,0,2,52,0,0,0,0,0,0,0x03
2026-09-06T11:07:37.788,9546,0,2,51,0,0,0,0,0,0,0x03
2026-09-06T11:07:37.853,9547,0,2,50,0,0,0,0,0,0,0x03
2026-09-06T11:07:37.918,9548,0,2,51,0,0,0,0,0,0,0x03
2026-09-06T11:07:37.983,9549,0,2,50,0,0,0,0,0,0,0x03
2026-09-06T11:07:38.048,9550,0,2,50,0,0,0,0,0,0,0x03
2026-09-06T11:07:38.113,9551,0,2,53,0,0,0,0,0,0,0x03
2026-09-06T11:07:38.178,9552,0,2,50,0,0,0,0,0,0,0x03
2026-09-06T11:07:38.244,9553,0,2,52,0,0,0,0,0,0,0x03
2026-09-06T11:07:38.325,9554,0,2,51,0,0,0,0,0,0,0x03
2026-09-06T11:07:38.390,9555,0,2,52,0,0,0,0,0,0,0x03
2026-09-06T11:07:38.455,9556,0,2,51,0,0,0,0,0,0,0x03
2026-09-06T11:07:38.520,9557,0,2,50,0,0,0,0,0,0,0x03
2026-09-06T11:07:38.585,9558,0,2,51,0,0,0,0,0,0,0x03
2026-09-06T11:07:38.650,9559,0,2,51,0,0,0,0,0,0,0x03
2026-09-06T11:07:38.714,9560,0,2,52,0,0,0,0,0,0,0x03
2026-09-06T11:07:38.779,9561,0,2,52,0,0,0,0,0,0,0x03
2026-09-06T11:07:38.860,9562,0,2,50,0,0,0,0,0,0,0x03
2026-09-06T11:07:38.925,9563,0,2,50,0,0,0,0,0,0,0x03
2026-09-06T11:07:38.990,9564,0,2,50,0,0,0,0,0,0,0x03
2026-09-06T11:07:39.055,9565,0,2,50,0,0,0,0,0,0,0x03
2026-09-06T11:07:39.119,9566,0,2,50,0,0,0,0,0,0,0x03
2026-09-06T11:07:39.184,9567,0,2,53,0,0,0,0,0,0,0x03
2026-09-06T11:07:39.249,9568,0,2,51,0,0,0,0,0,0,0x03
2026-09-06T11:07:39.330,9569,0,2,51,0,0,0,0,0,0,0x03
2026-09-06T11:07:39.395,9570,0,2,50,0,0,0,0,0,0,0x03
2026-09-06T11:07:39.460,9571,0,2,50,0,0,0,0,0,0,0x03
2026-09-06T11:07:39.525,9572,0,2,50,0,0,0,0,0,0,0x03
2026-09-06T11:07:39.590,9573,0,2,51,0,0,0,0,0,0,0x03
2026-09-06T11:07:39.655,9574,0,2,51,0,0,0,0,0,0,0x03
2026-09-06T11:07:39.720,9575,0,2,52,0,0,0,0,0,0,0x03
2026-09-06T11:07:39.785,9576,0,2,50,0,0,0,0,0,0,0x03
2026-09-06T11:07:39.866,9577,0,2,50,0,0,0,0,0,0,0x03
2026-09-06T11:07:39.931,9578,0,2,50,0,0,0,0,0,0,0x03
2026-09-06T11:07:39.996,9579,0,2,51,0,0,0,0,0,0,0x03
2026-09-06T11:07:40.061,9580,0,2,50,0,0,0,0,0,0,0x03
2026-09-06T11:07:40.125,9581,0,2,52,0,0,0,0,0,0,0x03
2026-09-06T11:07:40.191,9582,0,2,50,0,0,0,0,0,0,0x03
2026-09-06T11:07:40.255,9583,0,2,50,0,0,0,0,0,0,0x03
2026-09-06T11:07:40.320,9584,0,2,51,0,0,0,0,0,0,0x03
2026-09-06T11:07:40.401,9585,0,2,51,0,0,0,0,0,0,0x03
2026-09-06T11:07:40.466,9586,0,2,51,0,0,0,0,0,0,0x03
2026-09-06T11:07:40.531,9587,0,2,50,0,0,0,0,0,0,0x03
2026-09-06T11:07:40.596,9588,0,2,50,0,0,0,0,0,0,0x03
2026-09-06T11:07:40.660,9589,0,2,51,0,0,0,0,0,0,0x03
2026-09-06T11:07:40.725,9590,0,2,50,0,0,0,0,0,0,0x03
2026-09-06T11:07:40.790,9591,0,2,51,0,0,0,0,0,0,0x03
2026-09-06T11:07:40.854,9592,0,2,52,0,0,0,0,0,0,0x03
2026-09-06T11:07:40.936,9593,0,2,50,0,0,0,0,0,0,0x03
2026-09-06T11:07:41.000,9594,0,2,50,0,0,0,0,0,0,0x03
2026-09-06T11:07:41.065,9595,0,2,51,0,0,0,0,0,0,0x03
2026-09-06T11:07:41.130,9596,0,2,51,0,0,0,0,0,0,0x03
2026-09-06T11:07:41.195,9597,0,2,51,0,0,0,0,0,0,0x03
2026-09-06T11:07:41.260,9598,0,2,52,0,0,0,0,0,0,0x03
2026-09-06T11:07:41.324,9599,0,2,50,0,0,0,0,0,0,0x03
2026-09-06T11:07:41.405,9600,0,2,50,0,0,0,0,0,0,0x03
2026-09-06T11:07:41.470,9601,0,2,52,0,0,0,0,0,0,0x03
2026-09-06T11:07:41.535,9602,0,2,51,0,0,0,0,0,0,0x03
2026-09-06T11:07:41.600,9603,0,2,52,0,0,0,0,0,0,0x03
2026-09-06T11:07:41.665,9604,0,2,50,0,0,0,0,0,0,0x03
2026-09-06T11:07:41.730,9605,0,2,56,0,0,0,0,0,0,0x03
2026-09-06T11:07:41.795,9606,0,2,52,0,0,0,0,0,0,0x03
2026-09-06T11:07:41.860,9607,0,2,50,0,0,0,0,0,0,0x03
2026-09-06T11:07:41.941,9608,0,2,52,0,0,0,0,0,0,0x03
2026-09-06T11:07:42.006,9609,0,2,55,0,0,0,0,0,0,0x03
2026-09-06T11:07:42.071,9610,0,2,51,0,0,0,0,0,0,0x03
2026-09-06T11:07:42.136,9611,0,2,52,0,0,0,0,0,0,0x03
2026-09-06T11:07:42.201,9612,0,2,51,0,0,0,0,0,0,0x03
2026-09-06T11:07:42.266,9613,0,2,50,0,0,0,0,0,0,0x03
2026-09-06T11:07:42.331,9614,0,2,50,0,0,0,0,0,0,0x03
2026-09-06T11:07:42.396,9615,0,2,52,0,0,0,0,0,0,0x03
2026-09-06T11:07:42.477,9616,0,2,50,0,0,0,0,0,0,0x03
2026-09-06T11:07:42.526,9617,0,2,50,0,0,0,0,0,0,0x03
2026-09-06T11:07:42.607,9618,0,2,51,0,0,0,0,0,0,0x03
2026-09-06T11:07:42.672,9619,0,2,53,0,0,0,0,0,0,0x03
2026-09-06T11:07:42.736,9620,0,2,51,0,0,0,0,0,0,0x03
2026-09-06T11:07:42.802,9621,0,2,50,0,0,0,0,0,0,0x03
2026-09-06T11:07:42.866,9622,0,2,50,0,0,0,0,0,0,0x03
2026-09-06T11:07:42.932,9623,0,2,50,0,0,0,0,0,0,0x03
2026-09-06T11:07:43.013,9624,0,2,52,0,0,0,0,0,0,0x03
2026-09-06T11:07:43.078,9625,0,2,53,0,0,0,0,0,0,0x03
2026-09-06T11:07:43.143,9626,0,2,51,0,0,0,0,0,0,0x03
2026-09-06T11:07:43.208,9627,0,2,50,0,0,0,0,0,0,0x03
2026-09-06T11:07:43.273,9628,0,2,50,0,0,0,0,0,0,0x03
2026-09-06T11:07:43.338,9629,0,2,52,0,0,0,0,0,0,0x03
2026-09-06T11:07:43.403,9630,0,2,50,0,0,0,0,0,0,0x03
2026-09-06T11:07:43.468,9631,0,2,54,0,0,0,0,0,0,0x03
2026-09-06T11:07:43.532,9632,0,2,52,0,0,0,0,0,0,0x03
2026-09-06T11:07:43.613,9633,0,2,51,0,0,0,0,0,0,0x03
2026-09-06T11:07:43.678,9634,0,2,52,0,0,0,0,0,0,0x03
2026-09-06T11:07:43.743,9635,0,2,50,0,0,0,0,0,0,0x03
2026-09-06T11:07:43.808,9636,0,2,51,0,0,0,0,0,0,0x03
2026-09-06T11:07:43.874,9637,0,2,50,0,0,0,0,0,0,0x03
2026-09-06T11:07:43.938,9638,0,2,50,0,0,0,0,0,0,0x03
2026-09-06T11:07:44.003,9639,0,2,52,0,0,0,0,0,0,0x03
2026-09-06T11:07:44.068,9640,0,2,50,0,0,0,0,0,0,0x03
2026-09-06T11:07:44.149,9641,0,2,55,0,0,0,0,0,0,0x03
2026-09-06T11:07:44.214,9642,0,2,50,0,0,0,0,0,0,0x03
2026-09-06T11:07:44.279,9643,0,2,57,0,0,0,0,0,0,0x03
2026-09-06T11:07:44.343,9644,0,2,51,0,0,0,0,0,0,0x03
2026-09-06T11:07:44.408,9645,0,2,51,0,0,0,0,0,0,0x03
2026-09-06T11:07:44.473,9646,0,2,50,0,0,0,0,0,0,0x03
2026-09-06T11:07:44.538,9647,0,2,52,0,0,0,0,0,0,0x03
2026-09-06T11:07:44.602,9648,0,2,55,0,0,0,0,0,0,0x03
2026-09-06T11:07:44.683,9649,0,2,50,0,0,0,0,0,0,0x03
2026-09-06T11:07:44.748,9650,0,2,52,0,0,0,0,0,0,0x03
2026-09-06T11:07:44.813,9651,0,2,50,0,0,0,0,0,0,0x03
2026-09-06T11:07:44.878,9652,0,2,50,0,0,0,0,0,0,0x03
2026-09-06T11:07:44.943,9653,0,2,50,0,0,0,0,0,0,0x03
2026-09-06T11:07:45.007,9654,0,2,52,0,0,0,0,0,0,0x03
2026-09-06T11:07:45.088,9655,0,2,50,0,0,0,0,0,0,0x03
2026-09-06T11:07:45.153,9656,0,2,51,0,0,0,0,0,0,0x03
2026-09-06T11:07:45.218,9657,0,2,50,0,0,0,0,0,0,0x03
2026-09-06T11:07:45.282,9658,0,2,50,0,0,0,0,0,0,0x03
2026-09-06T11:07:45.347,9659,0,2,50,0,0,0,0,0,0,0x03
2026-09-06T11:07:45.412,9660,0,2,54,0,0,0,0,0,0,0x03
2026-09-06T11:07:45.477,9661,0,2,50,0,0,0,0,0,0,0x03
2026-09-06T11:07:45.557,9662,0,2,50,0,0,0,0,0,0,0x03
2026-09-06T11:07:45.606,9663,0,2,51,0,0,0,0,0,0,0x03
2026-09-06T11:07:45.687,9664,0,2,51,0,0,0,0,0,0,0x03
2026-09-06T11:07:45.752,9665,0,2,50,0,0,0,0,0,0,0x03
2026-09-06T11:07:45.817,9666,0,2,53,0,0,0,0,0,0,0x03
2026-09-06T11:07:45.882,9667,0,2,50,0,0,0,0,0,0,0x03
2026-09-06T11:07:45.947,9668,0,2,50,0,0,0,0,0,0,0x03
2026-09-06T11:07:46.012,9669,0,2,50,0,0,0,0,0,0,0x03
2026-09-06T11:07:46.093,9670,0,2,51,0,0,0,0,0,0,0x03
2026-09-06T11:07:46.142,9671,0,2,50,0,0,0,0,0,0,0x03
2026-09-06T11:07:46.287,9672,0,2,55,0,0,0,0,0,0,0x03
2026-09-06T11:07:46.352,9673,0,2,55,0,0,0,0,0,0,0x03
2026-09-06T11:07:46.417,9674,0,2,50,0,0,0,0,0,0,0x03
2026-09-06T11:07:46.482,9675,0,2,55,0,0,0,0,0,0,0x03
2026-09-06T11:07:46.547,9677,0,2,51,0,0,0,0,0,0,0x03
2026-09-06T11:07:46.627,9678,0,2,50,0,0,0,0,0,0,0x03
2026-09-06T11:07:46.692,9679,0,2,51,0,0,0,0,0,0,0x03
2026-09-06T11:07:46.758,9680,0,2,52,0,0,0,0,0,0,0x03
2026-09-06T11:07:46.823,9681,0,2,50,0,0,0,0,0,0,0x03
2026-09-06T11:07:46.888,9682,0,2,52,0,0,0,0,0,0,0x03
2026-09-06T11:07:46.952,9683,0,2,50,0,0,0,0,0,0,0x03
2026-09-06T11:07:47.082,9684,0,2,50,0,0,0,0,0,0,0x03
2026-09-06T11:07:47.147,9685,0,2,51,0,0,0,0,0,0,0x03
2026-09-06T11:07:47.228,9686,0,2,50,0,0,0,0,0,0,0x03
2026-09-06T11:07:47.293,9687,0,2,52,0,0,0,0,0,0,0x03
2026-09-06T11:07:47.358,9689,0,2,51,0,0,0,0,0,0,0x03
2026-09-06T11:07:47.423,9690,0,2,50,0,0,0,0,0,0,0x03
2026-09-06T11:07:47.487,9691,0,2,52,0,0,0,0,0,0,0x03
2026-09-06T11:07:47.552,9692,0,2,53,0,0,0,0,0,0,0x03
2026-09-06T11:07:47.633,9693,0,2,51,0,0,0,0,0,0,0x03
2026-09-06T11:07:47.827,9694,0,2,51,0,0,0,0,0,0,0x03
2026-09-06T11:07:47.891,9695,0,2,51,0,0,0,0,0,0,0x03
2026-09-06T11:07:47.956,9696,0,2,52,0,0,0,0,0,0,0x03
2026-09-06T11:07:48.021,9697,0,2,50,0,0,0,0,0,0,0x03
2026-09-06T11:07:48.086,9700,0,2,51,0,0,0,0,0,0,0x03
2026-09-06T11:07:48.167,9701,0,2,52,0,0,0,0,0,0,0x03
2026-09-06T11:07:48.231,9702,0,2,53,0,0,0,0,0,0,0x03
2026-09-06T11:07:48.296,9703,0,2,51,0,0,0,0,0,0,0x03
2026-09-06T11:07:48.361,9704,0,2,50,0,0,0,0,0,0,0x03
2026-09-06T11:07:48.426,9705,0,2,51,0,0,0,0,0,0,0x03
2026-09-06T11:07:48.490,9706,0,2,51,0,0,0,0,0,0,0x03
2026-09-06T11:07:48.555,9707,0,2,51,0,0,0,0,0,0,0x03
2026-09-06T11:07:48.636,9708,0,2,51,0,0,0,0,0,0,0x03
2026-09-06T11:07:48.700,9709,0,2,51,0,0,0,0,0,0,0x03
2026-09-06T11:07:48.765,9710,0,2,52,0,0,0,0,0,0,0x03
2026-09-06T11:07:48.830,9711,0,2,53,0,0,0,0,0,0,0x03
2026-09-06T11:07:48.895,9712,0,2,52,0,0,0,0,0,0,0x03
2026-09-06T11:07:48.960,9713,0,2,50,0,0,0,0,0,0,0x03
2026-09-06T11:07:49.025,9714,0,2,50,0,0,0,0,0,0,0x03
2026-09-06T11:07:49.089,9715,0,2,51,0,0,0,0,0,0,0x03
2026-09-06T11:07:49.170,9716,0,2,50,0,0,0,0,0,0,0x03
2026-09-06T11:07:49.235,9717,0,2,51,0,0,0,0,0,0,0x03
2026-09-06T11:07:49.300,9718,0,2,51,0,0,0,0,0,0,0x03
2026-09-06T11:07:49.365,9719,0,2,51,0,0,0,0,0,0,0x03
2026-09-06T11:07:49.430,9720,0,2,51,0,0,0,0,0,0,0x03
2026-09-06T11:07:49.495,9721,0,2,51,0,0,0,0,0,0,0x03
2026-09-06T11:07:49.559,9722,0,2,50,0,0,0,0,0,0,0x03
2026-09-06T11:07:49.640,9723,0,2,50,0,0,0,0,0,0,0x03
2026-09-06T11:07:49.705,9724,0,2,50,0,0,0,0,0,0,0x03
2026-09-06T11:07:49.770,9725,0,2,51,0,0,0,0,0,0,0x03
2026-09-06T11:07:49.834,9726,0,2,50,0,0,0,0,0,0,0x03
2026-09-06T11:07:49.899,9727,0,2,50,0,0,0,0,0,0,0x03
2026-09-06T11:07:49.964,9728,0,2,50,0,0,0,0,0,0,0x03
2026-09-06T11:07:50.029,9729,0,2,51,0,0,0,0,0,0,0x03
2026-09-06T11:07:50.094,9730,0,2,53,0,0,0,0,0,0,0x03
2026-09-06T11:07:50.175,9731,0,2,51,0,0,0,0,0,0,0x03
2026-09-06T11:07:50.240,9732,0,2,50,0,0,0,0,0,0,0x03
2026-09-06T11:07:50.305,9733,0,2,51,0,0,0,0,0,0,0x03
2026-09-06T11:07:50.370,9734,0,2,51,0,0,0,0,0,0,0x03
2026-09-06T11:07:50.435,9735,0,2,50,0,0,0,0,0,0,0x03
2026-09-06T11:07:50.499,9736,0,2,52,0,0,0,0,0,0,0x03
2026-09-06T11:07:50.564,9737,0,2,50,0,0,0,0,0,0,0x03
2026-09-06T11:07:50.629,9738,0,2,50,0,0,0,0,0,0,0x03
2026-09-06T11:07:50.710,9739,0,2,51,0,0,0,0,0,0,0x03
2026-09-06T11:07:50.775,9740,0,2,55,0,0,0,0,0,0,0x03
2026-09-06T11:07:50.840,9741,0,2,52,0,0,0,0,0,0,0x03
2026-09-06T11:07:50.905,9742,0,2,51,0,0,0,0,0,0,0x03
2026-09-06T11:07:50.970,9743,0,2,51,0,0,0,0,0,0,0x03
2026-09-06T11:07:51.035,9744,0,2,50,0,0,0,0,0,0,0x03
2026-09-06T11:07:51.099,9745,0,2,51,0,0,0,0,0,0,0x03
2026-09-06T11:07:51.180,9746,0,2,51,0,0,0,0,0,0,0x03
2026-09-06T11:07:51.246,9747,0,2,50,0,0,0,0,0,0,0x03
2026-09-06T11:07:51.310,9748,0,2,50,0,0,0,0,0,0,0x03
2026-09-06T11:07:51.375,9749,0,2,51,0,0,0,0,0,0,0x03
2026-09-06T11:07:51.440,9750,0,2,50,0,0,0,0,0,0,0x03
2026-09-06T11:07:51.505,9751,0,2,50,0,0,0,0,0,0,0x03
2026-09-06T11:07:51.569,9752,0,2,51,0,0,0,0,0,0,0x03
2026-09-06T11:07:51.634,9753,0,2,50,0,0,0,0,0,0,0x03
2026-09-06T11:07:51.715,9754,0,2,50,0,0,0,0,0,0,0x03
2026-09-06T11:07:51.780,9755,0,2,51,0,0,0,0,0,0,0x03
2026-09-06T11:07:51.845,9756,0,2,52,0,0,0,0,0,0,0x03
2026-09-06T11:07:51.910,9757,0,2,52,0,0,0,0,0,0,0x03
2026-09-06T11:07:51.975,9758,0,2,51,0,0,0,0,0,0,0x03
2026-09-06T11:07:52.039,9759,0,2,51,0,0,0,0,0,0,0x03
2026-09-06T11:07:52.104,9760,0,2,51,0,0,0,0,0,0,0x03
2026-09-06T11:07:52.185,9761,0,2,51,0,0,0,0,0,0,0x03
2026-09-06T11:07:52.250,9762,0,2,52,0,0,0,0,0,0,0x03
2026-09-06T11:07:52.314,9763,0,2,51,0,0,0,0,0,0,0x03
2026-09-06T11:07:52.379,9764,0,2,50,0,0,0,0,0,0,0x03
2026-09-06T11:07:52.444,9765,0,2,50,0,0,0,0,0,0,0x03
2026-09-06T11:07:52.509,9766,0,2,50,0,0,0,0,0,0,0x03
2026-09-06T11:07:52.573,9767,0,2,51,0,0,0,0,0,0,0x03
2026-09-06T11:07:52.638,9768,0,2,51,0,0,0,0,0,0,0x03
2026-09-06T11:07:52.719,9769,0,2,50,0,0,0,0,0,0,0x03
2026-09-06T11:07:52.783,9770,0,2,52,0,0,0,0,0,0,0x03
2026-09-06T11:07:52.848,9771,0,2,50,0,0,0,0,0,0,0x03
2026-09-06T11:07:52.912,9772,0,2,50,0,0,0,0,0,0,0x03
2026-09-06T11:07:52.977,9773,0,2,52,0,0,0,0,0,0,0x03
2026-09-06T11:07:53.042,9774,0,2,51,0,0,0,0,0,0,0x03
2026-09-06T11:07:53.107,9775,0,2,55,0,0,0,0,0,0,0x03
2026-09-06T11:07:53.187,9776,0,2,50,0,0,0,0,0,0,0x03
2026-09-06T11:07:53.252,9777,0,2,51,0,0,0,0,0,0,0x03
2026-09-06T11:07:53.316,9778,0,2,52,0,0,0,0,0,0,0x03
2026-09-06T11:07:53.381,9779,0,2,50,0,0,0,0,0,0,0x03
2026-09-06T11:07:53.446,9780,0,2,50,0,0,0,0,0,0,0x03
2026-09-06T11:07:53.510,9781,0,2,51,0,0,0,0,0,0,0x03
2026-09-06T11:07:53.575,9782,0,2,51,0,0,0,0,0,0,0x03
2026-09-06T11:07:53.656,9783,0,2,51,0,0,0,0,0,0,0x03
2026-09-06T11:07:53.720,9784,0,2,50,0,0,0,0,0,0,0x03
2026-09-06T11:07:53.785,9785,0,2,51,0,0,0,0,0,0,0x03
2026-09-06T11:07:53.849,9786,0,2,50,0,0,0,0,0,0,0x03
2026-09-06T11:07:53.914,9787,0,2,52,0,0,0,0,0,0,0x03
2026-09-06T11:07:53.978,9788,0,2,52,0,0,0,0,0,0,0x03
2026-09-06T11:07:54.059,9789,0,2,50,0,0,0,0,0,0,0x03
2026-09-06T11:07:54.124,9790,0,2,51,0,0,0,0,0,0,0x03
2026-09-06T11:07:54.189,9791,0,2,51,0,0,0,0,0,0,0x03
2026-09-06T11:07:54.253,9792,0,2,50,0,0,0,0,0,0,0x03
2026-09-06T11:07:54.318,9793,0,2,50,0,0,0,0,0,0,0x03
2026-09-06T11:07:54.382,9794,0,2,53,0,0,0,0,0,0,0x03
2026-09-06T11:07:54.447,9795,0,2,50,0,0,0,0,0,0,0x03
2026-09-06T11:07:54.528,9796,0,2,51,0,0,0,0,0,0,0x03
2026-09-06T11:07:54.592,9797,0,2,51,0,0,0,0,0,0,0x03
2026-09-06T11:07:54.657,9798,0,2,51,0,0,0,0,0,0,0x03
2026-09-06T11:07:54.722,9799,0,2,51,0,0,0,0,0,0,0x03
2026-09-06T11:07:54.786,9800,0,2,51,0,0,0,0,0,0,0x03
2026-09-06T11:07:54.851,9801,0,2,50,0,0,0,0,0,0,0x03
2026-09-06T11:07:54.915,9802,0,2,50,0,0,0,0,0,0,0x03
2026-09-06T11:07:54.996,9803,0,2,50,0,0,0,0,0,0,0x03
2026-09-06T11:07:55.061,9804,0,2,52,0,0,0,0,0,0,0x03
2026-09-06T11:07:55.126,9805,0,2,50,0,0,0,0,0,0,0x03
2026-09-06T11:07:55.190,9806,0,2,51,0,0,0,0,0,0,0x03
2026-09-06T11:07:55.255,9807,0,2,50,0,0,0,0,0,0,0x03
2026-09-06T11:07:55.319,9808,0,2,50,0,0,0,0,0,0,0x03
2026-09-06T11:07:55.384,9809,0,2,51,0,0,0,0,0,0,0x03
2026-09-06T11:07:55.448,9810,0,2,53,0,0,0,0,0,0,0x03
2026-09-06T11:07:55.529,9811,0,2,50,0,0,0,0,0,0,0x03
2026-09-06T11:07:55.594,9812,0,2,50,0,0,0,0,0,0,0x03
2026-09-06T11:07:55.659,9813,0,2,51,0,0,0,0,0,0,0x03
2026-09-06T11:07:55.723,9814,0,2,50,0,0,0,0,0,0,0x03
2026-09-06T11:07:55.788,9815,0,2,51,0,0,0,0,0,0,0x03
2026-09-06T11:07:55.852,9816,0,2,50,0,0,0,0,0,0,0x03
2026-09-06T11:07:55.917,9817,0,2,51,0,0,0,0,0,0,0x03
2026-09-06T11:07:55.998,9818,0,2,51,0,0,0,0,0,0,0x03
2026-09-06T11:07:56.063,9819,0,2,50,0,0,0,0,0,0,0x03
2026-09-06T11:07:56.127,9820,0,2,51,0,0,0,0,0,0,0x03
2026-09-06T11:07:56.192,9821,0,2,51,0,0,0,0,0,0,0x03
2026-09-06T11:07:56.257,9822,0,2,51,0,0,0,0,0,0,0x03
2026-09-06T11:07:56.321,9823,0,2,50,0,0,0,0,0,0,0x03
2026-09-06T11:07:56.402,9824,0,2,50,0,0,0,0,0,0,0x03
2026-09-06T11:07:56.467,9825,0,2,51,0,0,0,0,0,0,0x03
2026-09-06T11:07:56.531,9826,0,2,50,0,0,0,0,0,0,0x03
2026-09-06T11:07:56.596,9827,0,2,52,0,0,0,0,0,0,0x03
2026-09-06T11:07:56.661,9828,0,2,51,0,0,0,0,0,0,0x03
2026-09-06T11:07:56.725,9829,0,2,51,0,0,0,0,0,0,0x03
2026-09-06T11:07:56.790,9830,0,2,51,0,0,0,0,0,0,0x03
2026-09-06T11:07:56.871,9831,0,2,51,0,0,0,0,0,0,0x03
2026-09-06T11:07:56.935,9832,0,2,54,0,0,0,0,0,0,0x03
2026-09-06T11:07:57.000,9833,0,2,52,0,0,0,0,0,0,0x03
2026-09-06T11:07:57.065,9834,0,2,50,0,0,0,0,0,0,0x03
2026-09-06T11:07:57.130,9835,0,2,50,0,0,0,0,0,0,0x03
2026-09-06T11:07:57.194,9836,0,2,50,0,0,0,0,0,0,0x03
2026-09-06T11:07:57.259,9837,0,2,52,0,0,0,0,0,0,0x03
2026-09-06T11:07:57.324,9838,0,2,52,0,0,0,0,0,0,0x03
2026-09-06T11:07:57.405,9839,0,2,51,0,0,0,0,0,0,0x03
2026-09-06T11:07:57.470,9840,0,2,51,0,0,0,0,0,0,0x03
2026-09-06T11:07:57.534,9841,0,2,53,0,0,0,0,0,0,0x03
2026-09-06T11:07:57.599,9842,0,2,50,0,0,0,0,0,0,0x03
2026-09-06T11:07:57.664,9843,0,2,51,0,0,0,0,0,0,0x03
2026-09-06T11:07:57.729,9844,0,2,50,0,0,0,0,0,0,0x03
2026-09-06T11:07:57.794,9845,0,2,50,0,0,0,0,0,0,0x03
2026-09-06T11:07:57.875,9846,0,2,50,0,0,0,0,0,0,0x03
2026-09-06T11:07:57.940,9847,0,2,50,0,0,0,0,0,0,0x03
2026-09-06T11:07:58.004,9848,0,2,51,0,0,0,0,0,0,0x03
2026-09-06T11:07:58.069,9849,0,2,52,0,0,0,0,0,0,0x03
2026-09-06T11:07:58.134,9850,0,2,51,0,0,0,0,0,0,0x03
2026-09-06T11:07:58.199,9851,0,2,50,0,0,0,0,0,0,0x03
2026-09-06T11:07:58.263,9852,0,2,52,0,0,0,0,0,0,0x03
2026-09-06T11:07:58.328,9853,0,2,51,0,0,0,0,0,0,0x03
2026-09-06T11:07:58.409,9854,0,2,50,0,0,0,0,0,0,0x03
2026-09-06T11:07:58.473,9855,0,2,51,0,0,0,0,0,0,0x03
2026-09-06T11:07:58.538,9856,0,2,51,0,0,0,0,0,0,0x03
2026-09-06T11:07:58.603,9857,0,2,51,0,0,0,0,0,0,0x03
2026-09-06T11:07:58.667,9858,0,2,52,0,0,0,0,0,0,0x03
2026-09-06T11:07:58.732,9859,0,2,50,0,0,0,0,0,0,0x03
2026-09-06T11:07:58.797,9860,0,2,50,0,0,0,0,0,0,0x03
2026-09-06T11:07:58.878,9861,0,2,56,0,0,0,0,0,0,0x03
2026-09-06T11:07:58.943,9862,0,2,51,0,0,0,0,0,0,0x03
2026-09-06T11:07:59.007,9863,0,2,50,0,0,0,0,0,0,0x03
2026-09-06T11:07:59.073,9864,0,2,51,0,0,0,0,0,0,0x03
2026-09-06T11:07:59.137,9865,0,2,51,0,0,0,0,0,0,0x03
2026-09-06T11:07:59.202,9866,0,2,51,0,0,0,0,0,0,0x03
2026-09-06T11:07:59.267,9867,0,2,50,0,0,0,0,0,0,0x03
2026-09-06T11:07:59.348,9868,0,2,52,0,0,0,0,0,0,0x03
2026-09-06T11:07:59.413,9869,0,2,50,0,0,0,0,0,0,0x03
2026-09-06T11:07:59.478,9870,0,2,50,0,0,0,0,0,0,0x03
2026-09-06T11:07:59.543,9871,0,2,50,0,0,0,0,0,0,0x03
2026-09-06T11:07:59.608,9872,0,2,51,0,0,0,0,0,0,0x03
2026-09-06T11:07:59.673,9873,0,2,51,0,0,0,0,0,0,0x03
2026-09-06T11:07:59.737,9874,0,2,52,0,0,0,0,0,0,0x03
2026-09-06T11:07:59.803,9875,0,2,51,0,0,0,0,0,0,0x03
2026-09-06T11:07:59.883,9876,0,2,52,0,0,0,0,0,0,0x03
2026-09-06T11:07:59.948,9877,0,2,51,0,0,0,0,0,0,0x03
2026-09-06T11:08:00.013,9878,0,2,52,0,0,0,0,0,0,0x03
2026-09-06T11:08:00.077,9879,0,2,51,0,0,0,0,0,0,0x03
2026-09-06T11:08:00.142,9880,0,2,52,0,0,0,0,0,0,0x03
2026-09-06T11:08:00.207,9881,0,2,51,0,0,0,0,0,0,0x03
2026-09-06T11:08:00.273,9882,0,2,51,0,0,0,0,0,0,0x03
2026-09-06T11:08:00.338,9883,0,2,50,0,0,0,0,0,0,0x03
2026-09-06T11:08:00.419,9884,0,2,51,0,0,0,0,0,0,0x03
2026-09-06T11:08:00.483,9885,0,2,52,0,0,0,0,0,0,0x03
2026-09-06T11:08:00.548,9886,0,2,50,0,0,0,0,0,0,0x03
2026-09-06T11:08:00.613,9887,0,2,51,0,0,0,0,0,0,0x03
2026-09-06T11:08:00.678,9888,0,2,51,0,0,0,0,0,0,0x03
2026-09-06T11:08:00.743,9889,0,2,51,0,0,0,0,0,0,0x03
2026-09-06T11:08:00.807,9890,0,2,50,0,0,0,0,0,0,0x03
2026-09-06T11:08:00.872,9891,0,2,50,0,0,0,0,0,0,0x03
2026-09-06T11:08:00.953,9892,0,2,51,0,0,0,0,0,0,0x03
2026-09-06T11:08:01.017,9893,0,2,51,0,0,0,0,0,0,0x03
2026-09-06T11:08:01.082,9894,0,2,51,0,0,0,0,0,0,0x03
2026-09-06T11:08:01.147,9895,0,2,50,0,0,0,0,0,0,0x03
2026-09-06T11:08:01.212,9896,0,2,50,0,0,0,0,0,0,0x03
2026-09-06T11:08:01.277,9897,0,2,51,0,0,0,0,0,0,0x03
2026-09-06T11:08:01.341,9898,0,2,51,0,0,0,0,0,0,0x03
2026-09-06T11:08:01.422,9899,0,2,51,0,0,0,0,0,0,0x03
2026-09-06T11:08:01.487,9900,0,2,51,0,0,0,0,0,0,0x03
2026-09-06T11:08:01.552,9901,0,2,51,0,0,0,0,0,0,0x03
2026-09-06T11:08:01.617,9902,0,2,55,0,0,0,0,0,0,0x03
2026-09-06T11:08:01.682,9903,0,2,50,0,0,0,0,0,0,0x03
2026-09-06T11:08:01.747,9904,0,2,50,0,0,0,0,0,0,0x03
2026-09-06T11:08:01.827,9905,0,2,52,0,0,0,0,0,0,0x03
2026-09-06T11:08:01.876,9906,0,2,50,0,0,0,0,0,0,0x03
2026-09-06T11:08:01.957,9907,0,2,50,0,0,0,0,0,0,0x03
2026-09-06T11:08:02.022,9908,0,2,52,0,0,0,0,0,0,0x03
2026-09-06T11:08:02.087,9909,0,2,50,0,0,0,0,0,0,0x03
2026-09-06T11:08:02.151,9910,0,2,51,0,0,0,0,0,0,0x03
2026-09-06T11:08:02.216,9911,0,2,51,0,0,0,0,0,0,0x03
2026-09-06T11:08:02.281,9912,0,2,55,0,0,0,0,0,0,0x03
2026-09-06T11:08:02.346,9913,0,2,52,0,0,0,0,0,0,0x03
2026-09-06T11:08:02.427,9914,0,2,51,0,0,0,0,0,0,0x03
2026-09-06T11:08:02.492,9915,0,2,50,0,0,0,0,0,0,0x03
2026-09-06T11:08:02.556,9916,0,2,52,0,0,0,0,0,0,0x03
2026-09-06T11:08:02.621,9917,0,2,50,0,0,0,0,0,0,0x03
2026-09-06T11:08:02.686,9918,0,2,51,0,0,0,0,0,0,0x03
2026-09-06T11:08:02.750,9919,0,2,50,0,0,0,0,0,0,0x03
2026-09-06T11:08:02.831,9920,0,2,52,0,0,0,0,0,0,0x03
2026-09-06T11:08:02.880,9921,0,2,50,0,0,0,0,0,0,0x03
2026-09-06T11:08:02.961,9922,0,2,51,0,0,0,0,0,0,0x03
2026-09-06T11:08:03.026,9923,0,2,51,0,0,0,0,0,0,0x03
2026-09-06T11:08:03.090,9924,0,2,51,0,0,0,0,0,0,0x03
2026-09-06T11:08:03.155,9925,0,2,50,0,0,0,0,0,0,0x03
2026-09-06T11:08:03.220,9926,0,2,51,0,0,0,0,0,0,0x03
2026-09-06T11:08:03.284,9927,0,2,50,0,0,0,0,0,0,0x03
2026-09-06T11:08:03.365,9928,0,2,52,0,0,0,0,0,0,0x03
2026-09-06T11:08:03.430,9929,0,2,50,0,0,0,0,0,0,0x03
2026-09-06T11:08:03.495,9930,0,2,51,0,0,0,0,0,0,0x03
2026-09-06T11:08:03.560,9931,0,2,50,0,0,0,0,0,0,0x03
2026-09-06T11:08:03.624,9932,0,2,52,0,0,0,0,0,0,0x03
2026-09-06T11:08:03.689,9933,0,2,50,0,0,0,0,0,0,0x03
2026-09-06T11:08:03.753,9934,0,2,52,0,0,0,0,0,0,0x03
2026-09-06T11:08:03.834,9935,0,2,51,0,0,0,0,0,0,0x03
2026-09-06T11:08:03.899,9936,0,2,51,0,0,0,0,0,0,0x03
2026-09-06T11:08:03.964,9937,0,2,50,0,0,0,0,0,0,0x03
2026-09-06T11:08:04.029,9938,0,2,52,0,0,0,0,0,0,0x03
2026-09-06T11:08:04.094,9939,0,2,52,0,0,0,0,0,0,0x03
2026-09-06T11:08:04.159,9940,0,2,51,0,0,0,0,0,0,0x03
2026-09-06T11:08:04.224,9941,0,2,50,0,0,0,0,0,0,0x03
2026-09-06T11:08:04.289,9942,0,2,51,0,0,0,0,0,0,0x03
2026-09-06T11:08:04.370,9943,0,2,50,0,0,0,0,0,0,0x03
2026-09-06T11:08:04.435,9944,0,2,53,0,0,0,0,0,0,0x03
2026-09-06T11:08:04.499,9945,0,2,50,0,0,0,0,0,0,0x03
2026-09-06T11:08:04.564,9946,0,2,50,0,0,0,0,0,0,0x03
2026-09-06T11:08:04.629,9947,0,2,51,0,0,0,0,0,0,0x03
2026-09-06T11:08:04.695,9948,0,2,51,0,0,0,0,0,0,0x03
2026-09-06T11:08:04.760,9949,0,2,52,0,0,0,0,0,0,0x03
2026-09-06T11:08:04.825,9950,0,2,50,0,0,0,0,0,0,0x03
2026-09-06T11:08:04.905,9951,0,2,52,0,0,0,0,0,0,0x03
2026-09-06T11:08:04.970,9952,0,2,51,0,0,0,0,0,0,0x03
2026-09-06T11:08:05.035,9953,0,2,53,0,0,0,0,0,0,0x03
2026-09-06T11:08:05.099,9954,0,2,50,0,0,0,0,0,0,0x03
2026-09-06T11:08:05.164,9955,0,2,50,0,0,0,0,0,0,0x03
2026-09-06T11:08:05.229,9956,0,2,51,0,0,0,0,0,0,0x03
2026-09-06T11:08:05.294,9957,0,2,50,0,0,0,0,0,0,0x03
2026-09-06T11:08:05.375,9958,0,2,52,0,0,0,0,0,0,0x03
2026-09-06T11:08:05.424,9959,0,2,50,0,0,0,0,0,0,0x03
2026-09-06T11:08:05.505,9960,0,2,52,0,0,0,0,0,0,0x03
2026-09-06T11:08:05.570,9961,0,2,51,0,0,0,0,0,0,0x03
2026-09-06T11:08:05.634,9962,0,2,51,0,0,0,0,0,0,0x03
2026-09-06T11:08:05.699,9963,0,2,54,0,0,0,0,0,0,0x03
2026-09-06T11:08:05.764,9964,0,2,50,0,0,0,0,0,0,0x03
2026-09-06T11:08:05.829,9965,0,2,52,0,0,0,0,0,0,0x03
2026-09-06T11:08:05.910,9966,0,2,51,0,0,0,0,0,0,0x03
2026-09-06T11:08:05.975,9967,0,2,55,0,0,0,0,0,0,0x03
2026-09-06T11:08:06.039,9968,0,2,52,0,0,0,0,0,0,0x03
2026-09-06T11:08:06.104,9969,0,2,50,0,0,0,0,0,0,0x03
2026-09-06T11:08:06.169,9970,0,2,52,0,0,0,0,0,0,0x03
2026-09-06T11:08:06.233,9971,0,2,51,0,0,0,0,0,0,0x03
2026-09-06T11:08:06.298,9972,0,2,51,0,0,0,0,0,0,0x03
2026-09-06T11:08:06.363,9973,0,2,50,0,0,0,0,0,0,0x03
2026-09-06T11:08:06.445,9974,0,2,51,0,0,0,0,0,0,0x03
2026-09-06T11:08:06.509,9975,0,2,50,0,0,0,0,0,0,0x03
2026-09-06T11:08:06.574,9976,0,2,54,0,0,0,0,0,0,0x03
2026-09-06T11:08:06.639,9977,0,2,52,0,0,0,0,0,0,0x03
2026-09-06T11:08:06.704,9978,0,2,50,0,0,0,0,0,0,0x03
2026-09-06T11:08:06.769,9979,0,2,52,0,0,0,0,0,0,0x03
2026-09-06T11:08:06.834,9980,0,2,53,0,0,0,0,0,0,0x03
2026-09-06T11:08:06.914,9981,0,2,52,0,0,0,0,0,0,0x03
2026-09-06T11:08:06.963,9982,0,2,52,0,0,0,0,0,0,0x03
2026-09-06T11:08:07.044,9983,0,2,51,0,0,0,0,0,0,0x03
2026-09-06T11:08:07.110,9984,0,2,53,0,0,0,0,0,0,0x03
2026-09-06T11:08:07.174,9985,0,2,52,0,0,0,0,0,0,0x03
2026-09-06T11:08:07.240,9986,0,2,50,0,0,0,0,0,0,0x03
2026-09-06T11:08:07.305,9987,0,2,51,0,0,0,0,0,0,0x03
2026-09-06T11:08:07.370,9988,0,2,51,0,0,0,0,0,0,0x03
2026-09-06T11:08:07.451,9989,0,2,50,0,0,0,0,0,0,0x03
2026-09-06T11:08:07.500,9990,0,2,52,0,0,0,0,0,0,0x03
2026-09-06T11:08:07.581,9991,0,2,51,0,0,0,0,0,0,0x03
2026-09-06T11:08:07.646,9992,0,2,52,0,0,0,0,0,0,0x03
2026-09-06T11:08:07.711,9993,0,2,51,0,0,0,0,0,0,0x03
2026-09-06T11:08:07.776,9994,0,2,51,0,0,0,0,0,0,0x03
2026-09-06T11:08:07.842,9995,0,2,50,0,0,0,0,0,0,0x03
2026-09-06T11:08:07.907,9996,0,2,51,0,0,0,0,0,0,0x03
2026-09-06T11:08:07.973,9997,0,2,52,0,0,0,0,0,0,0x03
2026-09-06T11:08:08.038,9998,0,2,51,0,0,0,0,0,0,0x03
2026-09-06T11:08:08.118,9999,0,2,50,0,0,0,0,0,0,0x03
2026-09-06T11:08:08.184,10000,0,2,55,0,0,0,0,0,0,0x03
2026-09-06T11:08:08.249,10001,0,2,51,0,0,0,0,0,0,0x03
2026-09-06T11:08:08.314,10002,0,2,50,0,0,0,0,0,0,0x03
2026-09-06T11:08:08.379,10003,0,2,51,0,0,0,0,0,0,0x03
2026-09-06T11:08:08.444,10004,0,2,52,0,0,0,0,0,0,0x03
2026-09-06T11:08:08.509,10005,0,2,51,0,0,0,0,0,0,0x03
2026-09-06T11:08:08.573,10006,0,2,50,0,0,0,0,0,0,0x03
2026-09-06T11:08:08.654,10007,0,2,50,0,0,0,0,0,0,0x03
2026-09-06T11:08:08.719,10008,0,2,51,0,0,0,0,0,0,0x03
2026-09-06T11:08:08.784,10009,0,2,51,0,0,0,0,0,0,0x03
2026-09-06T11:08:08.849,10010,0,2,50,0,0,0,0,0,0,0x03
2026-09-06T11:08:08.914,10011,0,2,52,0,0,0,0,0,0,0x03
2026-09-06T11:08:08.979,10012,0,2,50,0,0,0,0,0,0,0x03
2026-09-06T11:08:09.044,10013,0,2,50,0,0,0,0,0,0,0x03
2026-09-06T11:08:09.109,10014,0,2,50,0,0,0,0,0,0,0x03
2026-09-06T11:08:09.190,10015,0,2,50,0,0,0,0,0,0,0x03
2026-09-06T11:08:09.255,10016,0,2,51,0,0,0,0,0,0,0x03
2026-09-06T11:08:09.319,10017,0,2,52,0,0,0,0,0,0,0x03
2026-09-06T11:08:09.384,10018,0,2,50,0,0,0,0,0,0,0x03
2026-09-06T11:08:09.449,10019,0,2,50,0,0,0,0,0,0,0x03
2026-09-06T11:08:09.514,10020,0,2,52,0,0,0,0,0,0,0x03
2026-09-06T11:08:09.579,10021,0,2,50,0,0,0,0,0,0,0x03
2026-09-06T11:08:09.644,10022,0,2,50,0,0,0,0,0,0,0x03
2026-09-06T11:08:09.725,10023,0,2,50,0,0,0,0,0,0,0x03
2026-09-06T11:08:09.790,10024,0,2,51,0,0,0,0,0,0,0x03
2026-09-06T11:08:09.855,10025,0,2,50,0,0,0,0,0,0,0x03
2026-09-06T11:08:09.920,10026,0,2,51,0,0,0,0,0,0,0x03
2026-09-06T11:08:09.984,10027,0,2,51,0,0,0,0,0,0,0x03
2026-09-06T11:08:10.049,10028,0,2,52,0,0,0,0,0,0,0x03
2026-09-06T11:08:10.114,10029,0,2,50,0,0,0,0,0,0,0x03
2026-09-06T11:08:10.194,10030,0,2,50,0,0,0,0,0,0,0x03
2026-09-06T11:08:10.259,10031,0,2,51,0,0,0,0,0,0,0x03
2026-09-06T11:08:10.324,10032,0,2,51,0,0,0,0,0,0,0x03
2026-09-06T11:08:10.388,10033,0,2,51,0,0,0,0,0,0,0x03
2026-09-06T11:08:10.453,10034,0,2,52,0,0,0,0,0,0,0x03
2026-09-06T11:08:10.518,10035,0,2,51,0,0,0,0,0,0,0x03
2026-09-06T11:08:10.582,10036,0,2,51,0,0,0,0,0,0,0x03
2026-09-06T11:08:10.647,10037,0,2,50,0,0,0,0,0,0,0x03
2026-09-06T11:08:10.728,10038,0,2,53,0,0,0,0,0,0,0x03
2026-09-06T11:08:10.792,10039,0,2,50,0,0,0,0,0,0,0x03
2026-09-06T11:08:10.857,10040,0,2,51,0,0,0,0,0,0,0x03
2026-09-06T11:08:10.921,10041,0,2,51,0,0,0,0,0,0,0x03
2026-09-06T11:08:10.986,10042,0,2,50,0,0,0,0,0,0,0x03
2026-09-06T11:08:11.051,10043,0,2,50,0,0,0,0,0,0,0x03
2026-09-06T11:08:11.115,10044,0,2,50,0,0,0,0,0,0,0x03
2026-09-06T11:08:11.196,10045,0,2,51,0,0,0,0,0,0,0x03
2026-09-06T11:08:11.261,10046,0,2,50,0,0,0,0,0,0,0x03
2026-09-06T11:08:11.326,10047,0,2,55,0,0,0,0,0,0,0x03
2026-09-06T11:08:11.391,10048,0,2,52,0,0,0,0,0,0,0x03
2026-09-06T11:08:11.456,10049,0,2,50,0,0,0,0,0,0,0x03
2026-09-06T11:08:11.520,10050,0,2,51,0,0,0,0,0,0,0x03
2026-09-06T11:08:11.601,10051,0,2,52,0,0,0,0,0,0,0x03
2026-09-06T11:08:11.666,10052,0,2,51,0,0,0,0,0,0,0x03
2026-09-06T11:08:11.731,10053,0,2,51,0,0,0,0,0,0,0x03
2026-09-06T11:08:11.796,10054,0,2,51,0,0,0,0,0,0,0x03
2026-09-06T11:08:11.861,10055,0,2,52,0,0,0,0,0,0,0x03
2026-09-06T11:08:11.925,10056,0,2,50,0,0,0,0,0,0,0x03
2026-09-06T11:08:11.990,10057,0,2,52,0,0,0,0,0,0,0x03
2026-09-06T11:08:12.055,10058,0,2,52,0,0,0,0,0,0,0x03
2026-09-06T11:08:12.120,10059,0,2,51,0,0,0,0,0,0,0x03
2026-09-06T11:08:12.201,10060,0,2,50,0,0,0,0,0,0,0x03
2026-09-06T11:08:12.265,10061,0,2,51,0,0,0,0,0,0,0x03
2026-09-06T11:08:12.330,10062,0,2,50,0,0,0,0,0,0,0x03
2026-09-06T11:08:12.395,10063,0,2,52,0,0,0,0,0,0,0x03
2026-09-06T11:08:12.459,10064,0,2,51,0,0,0,0,0,0,0x03
2026-09-06T11:08:12.524,10065,0,2,51,0,0,0,0,0,0,0x03
2026-09-06T11:08:12.605,10066,0,2,51,0,0,0,0,0,0,0x03
2026-09-06T11:08:12.670,10067,0,2,51,0,0,0,0,0,0,0x03
2026-09-06T11:08:12.735,10068,0,2,51,0,0,0,0,0,0,0x03
2026-09-06T11:08:12.799,10069,0,2,51,0,0,0,0,0,0,0x03
2026-09-06T11:08:12.864,10070,0,2,50,0,0,0,0,0,0,0x03
2026-09-06T11:08:12.929,10071,0,2,50,0,0,0,0,0,0,0x03
2026-09-06T11:08:12.994,10072,0,2,51,0,0,0,0,0,0,0x03
2026-09-06T11:08:13.059,10073,0,2,51,0,0,0,0,0,0,0x03
2026-09-06T11:08:13.139,10074,0,2,51,0,0,0,0,0,0,0x03
2026-09-06T11:08:13.205,10075,0,2,50,0,0,0,0,0,0,0x03
2026-09-06T11:08:13.269,10076,0,2,50,0,0,0,0,0,0,0x03
2026-09-06T11:08:13.334,10077,0,2,50,0,0,0,0,0,0,0x03
2026-09-06T11:08:13.399,10078,0,2,50,0,0,0,0,0,0,0x03
2026-09-06T11:08:13.464,10079,0,2,53,0,0,0,0,0,0,0x03
2026-09-06T11:08:13.528,10080,0,2,51,0,0,0,0,0,0,0x03
2026-09-06T11:08:13.610,10081,0,2,50,0,0,0,0,0,0,0x03
2026-09-06T11:08:13.659,10082,0,2,51,0,0,0,0,0,0,0x03
2026-09-06T11:08:13.740,10083,0,2,51,0,0,0,0,0,0,0x03
2026-09-06T11:08:13.805,10084,0,2,50,0,0,0,0,0,0,0x03
2026-09-06T11:08:13.870,10085,0,2,51,0,0,0,0,0,0,0x03
2026-09-06T11:08:13.935,10086,0,2,52,0,0,0,0,0,0,0x03
2026-09-06T11:08:14.000,10087,0,2,52,0,0,0,0,0,0,0x03
2026-09-06T11:08:14.065,10088,0,2,51,0,0,0,0,0,0,0x03
2026-09-06T11:08:14.146,10089,0,2,51,0,0,0,0,0,0,0x03
2026-09-06T11:08:14.195,10090,0,2,51,0,0,0,0,0,0,0x03
2026-09-06T11:08:14.276,10091,0,2,50,0,0,0,0,0,0,0x03
2026-09-06T11:08:14.341,10092,0,2,51,0,0,0,0,0,0,0x03
2026-09-06T11:08:14.406,10093,0,2,50,0,0,0,0,0,0,0x03
2026-09-06T11:08:14.471,10094,0,2,51,0,0,0,0,0,0,0x03
2026-09-06T11:08:14.536,10095,0,2,51,0,0,0,0,0,0,0x03
2026-09-06T11:08:14.601,10096,0,2,50,0,0,0,0,0,0,0x03
2026-09-06T11:08:14.681,10097,0,2,50,0,0,0,0,0,0,0x03
2026-09-06T11:08:14.746,10098,0,2,52,0,0,0,0,0,0,0x03
2026-09-06T11:08:14.811,10099,0,2,50,0,0,0,0,0,0,0x03
2026-09-06T11:08:14.876,10100,0,2,50,0,0,0,0,0,0,0x03
2026-09-06T11:08:14.941,10101,0,2,53,0,0,0,0,0,0,0x03
2026-09-06T11:08:15.006,10102,0,2,50,0,0,0,0,0,0,0x03
2026-09-06T11:08:15.071,10103,0,2,50,0,0,0,0,0,0,0x03
2026-09-06T11:08:15.136,10104,0,2,52,0,0,0,0,0,0,0x03
2026-09-06T11:08:15.217,10105,0,2,50,0,0,0,0,0,0,0x03
2026-09-06T11:08:15.281,10106,0,2,50,0,0,0,0,0,0,0x03
2026-09-06T11:08:15.346,10107,0,2,50,0,0,0,0,0,0,0x03
2026-09-06T11:08:15.411,10108,0,2,50,0,0,0,0,0,0,0x03
2026-09-06T11:08:15.476,10109,0,2,51,0,0,0,0,0,0,0x03
2026-09-06T11:08:15.540,10110,0,2,51,0,0,0,0,0,0,0x03
2026-09-06T11:08:15.605,10111,0,2,52,0,0,0,0,0,0,0x03
2026-09-06T11:08:15.670,10112,0,2,52,0,0,0,0,0,0,0x03
2026-09-06T11:08:15.735,10113,0,2,51,0,0,0,0,0,0,0x03
2026-09-06T11:08:15.817,10114,0,2,50,0,0,0,0,0,0,0x03
2026-09-06T11:08:15.882,10115,0,2,51,0,0,0,0,0,0,0x03
2026-09-06T11:08:15.947,10116,0,2,52,0,0,0,0,0,0,0x03
2026-09-06T11:08:16.012,10117,0,2,54,0,0,0,0,0,0,0x03
2026-09-06T11:08:16.077,10118,0,2,52,0,0,0,0,0,0,0x03
2026-09-06T11:08:16.142,10119,0,2,50,0,0,0,0,0,0,0x03
2026-09-06T11:08:16.207,10120,0,2,51,0,0,0,0,0,0,0x03
2026-09-06T11:08:16.272,10121,0,2,51,0,0,0,0,0,0,0x03
2026-09-06T11:08:16.353,10122,0,2,51,0,0,0,0,0,0,0x03
2026-09-06T11:08:16.417,10123,0,2,51,0,0,0,0,0,0,0x03
2026-09-06T11:08:16.482,10124,0,2,51,0,0,0,0,0,0,0x03
2026-09-06T11:08:16.547,10125,0,2,52,0,0,0,0,0,0,0x03
2026-09-06T11:08:16.611,10126,0,2,52,0,0,0,0,0,0,0x03
2026-09-06T11:08:16.676,10127,0,2,52,0,0,0,0,0,0,0x03
2026-09-06T11:08:16.757,10128,0,2,51,0,0,0,0,0,0,0x03
2026-09-06T11:08:16.806,10129,0,2,51,0,0,0,0,0,0,0x03
2026-09-06T11:08:16.887,10130,0,2,54,0,0,0,0,0,0,0x03
2026-09-06T11:08:16.952,10131,0,2,50,0,0,0,0,0,0,0x03
2026-09-06T11:08:17.017,10132,0,2,52,0,0,0,0,0,0,0x03
2026-09-06T11:08:17.082,10133,0,2,51,0,0,0,0,0,0,0x03
2026-09-06T11:08:17.147,10134,0,2,51,0,0,0,0,0,0,0x03
2026-09-06T11:08:17.211,10135,0,2,52,0,0,0,0,0,0,0x03
2026-09-06T11:08:17.277,10136,0,2,52,0,0,0,0,0,0,0x03
2026-09-06T11:08:17.358,10137,0,2,50,0,0,0,0,0,0,0x03
2026-09-06T11:08:17.423,10138,0,2,50,0,0,0,0,0,0,0x03
2026-09-06T11:08:17.488,10139,0,2,50,0,0,0,0,0,0,0x03
2026-09-06T11:08:17.553,10140,0,2,52,0,0,0,0,0,0,0x03
2026-09-06T11:08:17.618,10141,0,2,51,0,0,0,0,0,0,0x03
2026-09-06T11:08:17.683,10142,0,2,50,0,0,0,0,0,0,0x03
2026-09-06T11:08:17.748,10143,0,2,50,0,0,0,0,0,0,0x03
2026-09-06T11:08:17.813,10144,0,2,50,0,0,0,0,0,0,0x03
2026-09-06T11:08:17.878,10145,0,2,50,0,0,0,0,0,0,0x03
2026-09-06T11:08:17.959,10146,0,2,51,0,0,0,0,0,0,0x03
2026-09-06T11:08:18.024,10147,0,2,51,0,0,0,0,0,0,0x03
2026-09-06T11:08:18.089,10148,0,2,50,0,0,0,0,0,0,0x03
2026-09-06T11:08:18.154,10149,0,2,50,0,0,0,0,0,0,0x03
2026-09-06T11:08:18.219,10150,0,2,52,0,0,0,0,0,0,0x03
2026-09-06T11:08:18.284,10151,0,2,51,0,0,0,0,0,0,0x03
2026-09-06T11:08:18.349,10152,0,2,50,0,0,0,0,0,0,0x03
2026-09-06T11:08:18.414,10153,0,2,51,0,0,0,0,0,0,0x03
2026-09-06T11:08:18.496,10154,0,2,50,0,0,0,0,0,0,0x03
2026-09-06T11:08:18.561,10155,0,2,50,0,0,0,0,0,0,0x03
2026-09-06T11:08:18.626,10156,0,2,50,0,0,0,0,0,0,0x03
2026-09-06T11:08:18.691,10157,0,2,52,0,0,0,0,0,0,0x03
2026-09-06T11:08:18.756,10158,0,2,52,0,0,0,0,0,0,0x03
2026-09-06T11:08:18.822,10159,0,2,50,0,0,0,0,0,0,0x03
2026-09-06T11:08:18.887,10160,0,2,51,0,0,0,0,0,0,0x03
2026-09-06T11:08:18.952,10161,0,2,50,0,0,0,0,0,0,0x03
2026-09-06T11:08:19.033,10162,0,2,52,0,0,0,0,0,0,0x03
2026-09-06T11:08:19.098,10163,0,2,50,0,0,0,0,0,0,0x03
2026-09-06T11:08:19.163,10164,0,2,52,0,0,0,0,0,0,0x03
2026-09-06T11:08:19.227,10165,0,2,51,0,0,0,0,0,0,0x03
2026-09-06T11:08:19.292,10166,0,2,52,0,0,0,0,0,0,0x03
2026-09-06T11:08:19.357,10167,0,2,50,0,0,0,0,0,0,0x03
2026-09-06T11:08:19.421,10168,0,2,51,0,0,0,0,0,0,0x03
2026-09-06T11:08:19.486,10169,0,2,50,0,0,0,0,0,0,0x03
2026-09-06T11:08:19.567,10170,0,2,52,0,0,0,0,0,0,0x03
2026-09-06T11:08:19.631,10171,0,2,50,0,0,0,0,0,0,0x03
2026-09-06T11:08:19.696,10172,0,2,51,0,0,0,0,0,0,0x03
2026-09-06T11:08:19.760,10173,0,2,51,0,0,0,0,0,0,0x03
2026-09-06T11:08:19.825,10174,0,2,50,0,0,0,0,0,0,0x03
2026-09-06T11:08:19.889,10175,0,2,51,0,0,0,0,0,0,0x03
2026-09-06T11:08:19.954,10176,0,2,50,0,0,0,0,0,0,0x03
2026-09-06T11:08:20.035,10177,0,2,51,0,0,0,0,0,0,0x03
2026-09-06T11:08:20.099,10178,0,2,51,0,0,0,0,0,0,0x03
2026-09-06T11:08:20.164,10179,0,2,50,0,0,0,0,0,0,0x03
2026-09-06T11:08:20.229,10180,0,2,52,0,0,0,0,0,0,0x03
2026-09-06T11:08:20.294,10181,0,2,54,0,0,0,0,0,0,0x03
2026-09-06T11:08:20.359,10182,0,2,51,0,0,0,0,0,0,0x03
2026-09-06T11:08:20.423,10183,0,2,52,0,0,0,0,0,0,0x03
2026-09-06T11:08:20.505,10184,0,2,50,0,0,0,0,0,0,0x03
2026-09-06T11:08:20.570,10185,0,2,51,0,0,0,0,0,0,0x03
2026-09-06T11:08:20.635,10186,0,2,52,0,0,0,0,0,0,0x03
2026-09-06T11:08:20.699,10187,0,2,51,0,0,0,0,0,0,0x03
2026-09-06T11:08:20.764,10188,0,2,52,0,0,0,0,0,0,0x03
2026-09-06T11:08:20.829,10189,0,2,52,0,0,0,0,0,0,0x03
2026-09-06T11:08:20.894,10190,0,2,52,0,0,0,0,0,0,0x03
2026-09-06T11:08:20.959,10191,0,2,51,0,0,0,0,0,0,0x03
2026-09-06T11:08:21.040,10192,0,2,50,0,0,0,0,0,0,0x03
2026-09-06T11:08:21.105,10193,0,2,51,0,0,0,0,0,0,0x03
2026-09-06T11:08:21.169,10194,0,2,53,0,0,0,0,0,0,0x03
2026-09-06T11:08:21.234,10195,0,2,50,0,0,0,0,0,0,0x03
2026-09-06T11:08:21.299,10196,0,2,50,0,0,0,0,0,0,0x03
2026-09-06T11:08:21.363,10197,0,2,52,0,0,0,0,0,0,0x03
2026-09-06T11:08:21.428,10198,0,2,51,0,0,0,0,0,0,0x03
2026-09-06T11:08:21.509,10199,0,2,52,0,0,0,0,0,0,0x03
2026-09-06T11:08:21.574,10200,0,2,50,0,0,0,0,0,0,0x03
2026-09-06T11:08:21.638,10201,0,2,51,0,0,0,0,0,0,0x03
2026-09-06T11:08:21.703,10202,0,2,52,0,0,0,0,0,0,0x03
2026-09-06T11:08:21.768,10203,0,2,50,0,0,0,0,0,0,0x03
2026-09-06T11:08:21.833,10204,0,2,53,0,0,0,0,0,0,0x03
2026-09-06T11:08:21.913,10205,0,2,50,0,0,0,0,0,0,0x03
2026-09-06T11:08:21.962,10206,0,2,50,0,0,0,0,0,0,0x03
2026-09-06T11:08:22.043,10207,0,2,51,0,0,0,0,0,0,0x03
2026-09-06T11:08:22.108,10208,0,2,51,0,0,0,0,0,0,0x03
2026-09-06T11:08:22.173,10209,0,2,50,0,0,0,0,0,0,0x03
2026-09-06T11:08:22.238,10210,0,2,52,0,0,0,0,0,0,0x03
2026-09-06T11:08:22.303,10211,0,2,50,0,0,0,0,0,0,0x03
2026-09-06T11:08:22.367,10212,0,2,50,0,0,0,0,0,0,0x03
2026-09-06T11:08:22.432,10213,0,2,51,0,0,0,0,0,0,0x03
2026-09-06T11:08:22.513,10214,0,2,50,0,0,0,0,0,0,0x03
2026-09-06T11:08:22.578,10215,0,2,50,0,0,0,0,0,0,0x03
2026-09-06T11:08:22.643,10216,0,2,54,0,0,0,0,0,0,0x03
2026-09-06T11:08:22.708,10217,0,2,51,0,0,0,0,0,0,0x03
2026-09-06T11:08:22.773,10218,0,2,50,0,0,0,0,0,0,0x03
2026-09-06T11:08:22.838,10219,0,2,51,0,0,0,0,0,0,0x03
2026-09-06T11:08:22.903,10220,0,2,50,0,0,0,0,0,0,0x03
2026-09-06T11:08:22.967,10221,0,2,51,0,0,0,0,0,0,0x03
2026-09-06T11:08:23.049,10222,0,2,52,0,0,0,0,0,0,0x03
2026-09-06T11:08:23.114,10223,0,2,51,0,0,0,0,0,0,0x03
2026-09-06T11:08:23.179,10224,0,2,50,0,0,0,0,0,0,0x03
2026-09-06T11:08:23.244,10225,0,2,52,0,0,0,0,0,0,0x03
2026-09-06T11:08:23.309,10226,0,2,55,0,0,0,0,0,0,0x03
2026-09-06T11:08:23.375,10227,0,2,50,0,0,0,0,0,0,0x03
2026-09-06T11:08:23.440,10228,0,2,55,0,0,0,0,0,0,0x03
2026-09-06T11:08:23.505,10229,0,2,50,0,0,0,0,0,0,0x03
2026-09-06T11:08:23.570,10230,0,2,50,0,0,0,0,0,0,0x03
2026-09-06T11:08:23.651,10231,0,2,50,0,0,0,0,0,0,0x03
2026-09-06T11:08:23.716,10232,0,2,50,0,0,0,0,0,0,0x03
2026-09-06T11:08:23.781,10233,0,2,51,0,0,0,0,0,0,0x03
2026-09-06T11:08:23.846,10234,0,2,50,0,0,0,0,0,0,0x03
2026-09-06T11:08:23.911,10235,0,2,50,0,0,0,0,0,0,0x03
2026-09-06T11:08:23.976,10236,0,2,50,0,0,0,0,0,0,0x03
2026-09-06T11:08:24.041,10237,0,2,50,0,0,0,0,0,0,0x03
2026-09-06T11:08:24.106,10238,0,2,51,0,0,0,0,0,0,0x03
2026-09-06T11:08:24.188,10239,0,2,54,0,0,0,0,0,0,0x03
2026-09-06T11:08:24.237,10240,0,2,52,0,0,0,0,0,0,0x03
2026-09-06T11:08:24.318,10241,0,2,50,0,0,0,0,0,0,0x03
2026-09-06T11:08:24.384,10242,0,2,50,0,0,0,0,0,0,0x03
2026-09-06T11:08:24.449,10243,0,2,50,0,0,0,0,0,0,0x03
2026-09-06T11:08:24.514,10244,0,2,51,0,0,0,0,0,0,0x03
2026-09-06T11:08:24.579,10245,0,2,53,0,0,0,0,0,0,0x03
2026-09-06T11:08:24.643,10246,0,2,50,0,0,0,0,0,0,0x03
2026-09-06T11:08:24.724,10247,0,2,50,0,0,0,0,0,0,0x03
2026-09-06T11:08:24.789,10248,0,2,50,0,0,0,0,0,0,0x03
2026-09-06T11:08:24.853,10249,0,2,51,0,0,0,0,0,0,0x03
2026-09-06T11:08:24.918,10250,0,2,50,0,0,0,0,0,0,0x03
2026-09-06T11:08:24.983,10251,0,2,53,0,0,0,0,0,0,0x03
2026-09-06T11:08:25.048,10252,0,2,50,0,0,0,0,0,0,0x03
2026-09-06T11:08:25.113,10253,0,2,50,0,0,0,0,0,0,0x03
2026-09-06T11:08:25.178,10254,0,2,50,0,0,0,0,0,0,0x03
2026-09-06T11:08:25.259,10255,0,2,50,0,0,0,0,0,0,0x03
2026-09-06T11:08:25.323,10256,0,2,50,0,0,0,0,0,0,0x03
2026-09-06T11:08:25.388,10257,0,2,55,0,0,0,0,0,0,0x03
2026-09-06T11:08:25.453,10258,0,2,50,0,0,0,0,0,0,0x03
2026-09-06T11:08:25.518,10259,0,2,51,0,0,0,0,0,0,0x03
2026-09-06T11:08:25.582,10260,0,2,51,0,0,0,0,0,0,0x03
2026-09-06T11:08:25.647,10261,0,2,50,0,0,0,0,0,0,0x03
2026-09-06T11:08:25.727,10262,0,2,51,0,0,0,0,0,0,0x03
2026-09-06T11:08:25.792,10263,0,2,52,0,0,0,0,0,0,0x03
2026-09-06T11:08:25.857,10264,0,2,51,0,0,0,0,0,0,0x03
2026-09-06T11:08:25.922,10265,0,2,50,0,0,0,0,0,0,0x03
2026-09-06T11:08:25.987,10266,0,2,50,0,0,0,0,0,0,0x03
2026-09-06T11:08:26.052,10267,0,2,51,0,0,0,0,0,0,0x03
2026-09-06T11:08:26.117,10268,0,2,51,0,0,0,0,0,0,0x03
2026-09-06T11:08:26.182,10269,0,2,50,0,0,0,0,0,0,0x03
2026-09-06T11:08:26.263,10270,0,2,52,0,0,0,0,0,0,0x03
2026-09-06T11:08:26.328,10271,0,2,51,0,0,0,0,0,0,0x03
2026-09-06T11:08:26.393,10272,0,2,52,0,0,0,0,0,0,0x03
2026-09-06T11:08:26.458,10273,0,2,53,0,0,0,0,0,0,0x03
2026-09-06T11:08:26.523,10274,0,2,52,0,0,0,0,0,0,0x03
2026-09-06T11:08:26.588,10275,0,2,52,0,0,0,0,0,0,0x03
2026-09-06T11:08:26.653,10276,0,2,51,0,0,0,0,0,0,0x03
2026-09-06T11:08:26.718,10277,0,2,53,0,0,0,0,0,0,0x03
2026-09-06T11:08:26.799,10278,0,2,51,0,0,0,0,0,0,0x03
2026-09-06T11:08:26.864,10279,0,2,52,0,0,0,0,0,0,0x03
2026-09-06T11:08:26.929,10280,0,2,52,0,0,0,0,0,0,0x03
2026-09-06T11:08:26.994,10281,0,2,52,0,0,0,0,0,0,0x03
2026-09-06T11:08:27.059,10282,0,2,50,0,0,0,0,0,0,0x03
2026-09-06T11:08:27.124,10283,0,2,51,0,0,0,0,0,0,0x03
2026-09-06T11:08:27.189,10284,0,2,51,0,0,0,0,0,0,0x03
2026-09-06T11:08:27.254,10285,0,2,51,0,0,0,0,0,0,0x03
2026-09-06T11:08:27.319,10286,0,2,50,0,0,0,0,0,0,0x03
2026-09-06T11:08:27.401,10287,0,2,53,0,0,0,0,0,0,0x03
2026-09-06T11:08:27.465,10288,0,2,50,0,0,0,0,0,0,0x03
2026-09-06T11:08:27.530,10289,0,2,51,0,0,0,0,0,0,0x03
2026-09-06T11:08:27.594,10290,0,2,51,0,0,0,0,0,0,0x03
2026-09-06T11:08:27.659,10291,0,2,50,0,0,0,0,0,0,0x03
2026-09-06T11:08:27.724,10292,0,2,50,0,0,0,0,0,0,0x03
2026-09-06T11:08:27.789,10293,0,2,55,0,0,0,0,0,0,0x03
2026-09-06T11:08:27.854,10294,0,2,51,0,0,0,0,0,0,0x03
2026-09-06T11:08:27.935,10295,0,2,51,0,0,0,0,0,0,0x03
2026-09-06T11:08:28.000,10296,0,2,50,0,0,0,0,0,0,0x03
2026-09-06T11:08:28.065,10297,0,2,50,0,0,0,0,0,0,0x03
2026-09-06T11:08:28.130,10298,0,2,50,0,0,0,0,0,0,0x03
2026-09-06T11:08:28.194,10299,0,2,51,0,0,0,0,0,0,0x03
2026-09-06T11:08:28.259,10300,0,2,50,0,0,0,0,0,0,0x03
2026-09-06T11:08:28.340,10301,0,2,50,0,0,0,0,0,0,0x03
2026-09-06T11:08:28.405,10302,0,2,51,0,0,0,0,0,0,0x03
2026-09-06T11:08:28.469,10303,0,2,50,0,0,0,0,0,0,0x03
2026-09-06T11:08:28.534,10304,0,2,52,0,0,0,0,0,0,0x03
2026-09-06T11:08:28.599,10305,0,2,51,0,0,0,0,0,0,0x03
2026-09-06T11:08:28.664,10306,0,2,50,0,0,0,0,0,0,0x03
2026-09-06T11:08:28.729,10307,0,2,52,0,0,0,0,0,0,0x03
2026-09-06T11:08:28.794,10308,0,2,50,0,0,0,0,0,0,0x03
2026-09-06T11:08:28.859,10309,0,2,54,0,0,0,0,0,0,0x03
2026-09-06T11:08:28.940,10310,0,2,52,0,0,0,0,0,0,0x03
2026-09-06T11:08:29.005,10311,0,2,51,0,0,0,0,0,0,0x03
2026-09-06T11:08:29.070,10312,0,2,52,0,0,0,0,0,0,0x03
2026-09-06T11:08:29.135,10313,0,2,50,0,0,0,0,0,0,0x03
2026-09-06T11:08:29.199,10314,0,2,50,0,0,0,0,0,0,0x03
2026-09-06T11:08:29.264,10315,0,2,50,0,0,0,0,0,0,0x03
2026-09-06T11:08:29.329,10316,0,2,52,0,0,0,0,0,0,0x03
2026-09-06T11:08:29.394,10317,0,2,51,0,0,0,0,0,0,0x03
2026-09-06T11:08:29.475,10318,0,2,51,0,0,0,0,0,0,0x03
2026-09-06T11:08:29.539,10319,0,2,55,0,0,0,0,0,0,0x03
2026-09-06T11:08:29.604,10320,0,2,50,0,0,0,0,0,0,0x03
2026-09-06T11:08:29.669,10321,0,2,50,0,0,0,0,0,0,0x03
2026-09-06T11:08:29.734,10322,0,2,51,0,0,0,0,0,0,0x03
2026-09-06T11:08:29.799,10323,0,2,50,0,0,0,0,0,0,0x03
2026-09-06T11:08:29.880,10324,0,2,52,0,0,0,0,0,0,0x03
2026-09-06T11:08:29.929,10325,0,2,50,0,0,0,0,0,0,0x03
2026-09-06T11:08:30.010,10326,0,2,51,0,0,0,0,0,0,0x03
2026-09-06T11:08:30.074,10327,0,2,50,0,0,0,0,0,0,0x03
2026-09-06T11:08:30.139,10328,0,2,50,0,0,0,0,0,0,0x03
2026-09-06T11:08:30.204,10329,0,2,51,0,0,0,0,0,0,0x03
2026-09-06T11:08:30.269,10330,0,2,50,0,0,0,0,0,0,0x03
2026-09-06T11:08:30.333,10331,0,2,51,0,0,0,0,0,0,0x03
2026-09-06T11:08:30.398,10332,0,2,51,0,0,0,0,0,0,0x03
2026-09-06T11:08:30.479,10333,0,2,50,0,0,0,0,0,0,0x03
2026-09-06T11:08:30.544,10334,0,2,52,0,0,0,0,0,0,0x03
2026-09-06T11:08:30.609,10335,0,2,50,0,0,0,0,0,0,0x03
2026-09-06T11:08:30.673,10336,0,2,51,0,0,0,0,0,0,0x03
2026-09-06T11:08:30.738,10337,0,2,50,0,0,0,0,0,0,0x03
2026-09-06T11:08:30.803,10338,0,2,51,0,0,0,0,0,0,0x03
2026-09-06T11:08:30.884,10339,0,2,50,0,0,0,0,0,0,0x03
2026-09-06T11:08:30.933,10340,0,2,50,0,0,0,0,0,0,0x03
2026-09-06T11:08:31.014,10341,0,2,51,0,0,0,0,0,0,0x03
2026-09-06T11:08:31.079,10342,0,2,50,0,0,0,0,0,0,0x03
2026-09-06T11:08:31.144,10343,0,2,51,0,0,0,0,0,0,0x03
2026-09-06T11:08:31.209,10344,0,2,51,0,0,0,0,0,0,0x03
2026-09-06T11:08:31.273,10345,0,2,50,0,0,0,0,0,0,0x03
2026-09-06T11:08:31.339,10346,0,2,51,0,0,0,0,0,0,0x03
2026-09-06T11:08:31.420,10347,0,2,50,0,0,0,0,0,0,0x03
2026-09-06T11:08:31.484,10348,0,2,50,0,0,0,0,0,0,0x03
2026-09-06T11:08:31.549,10349,0,2,53,0,0,0,0,0,0,0x03
2026-09-06T11:08:31.614,10350,0,2,51,0,0,0,0,0,0,0x03
2026-09-06T11:08:31.679,10351,0,2,51,0,0,0,0,0,0,0x03
2026-09-06T11:08:31.744,10352,0,2,50,0,0,0,0,0,0,0x03
2026-09-06T11:08:31.809,10353,0,2,55,0,0,0,0,0,0,0x03
2026-09-06T11:08:31.874,10354,0,2,51,0,0,0,0,0,0,0x03
2026-09-06T11:08:31.955,10355,0,2,50,0,0,0,0,0,0,0x03
2026-09-06T11:08:32.020,10356,0,2,52,0,0,0,0,0,0,0x03
2026-09-06T11:08:32.084,10357,0,2,52,0,0,0,0,0,0,0x03
2026-09-06T11:08:32.150,10358,0,2,51,0,0,0,0,0,0,0x03
2026-09-06T11:08:32.214,10359,0,2,51,0,0,0,0,0,0,0x03
2026-09-06T11:08:32.279,10360,0,2,51,0,0,0,0,0,0,0x03
2026-09-06T11:08:32.344,10361,0,2,50,0,0,0,0,0,0,0x03
2026-09-06T11:08:32.409,10362,0,2,51,0,0,0,0,0,0,0x03
2026-09-06T11:08:32.474,10363,0,2,54,0,0,0,0,0,0,0x03
2026-09-06T11:08:32.555,10364,0,2,51,0,0,0,0,0,0,0x03
2026-09-06T11:08:32.620,10365,0,2,52,0,0,0,0,0,0,0x03
2026-09-06T11:08:32.685,10366,0,2,52,0,0,0,0,0,0,0x03
2026-09-06T11:08:32.750,10367,0,2,50,0,0,0,0,0,0,0x03
2026-09-06T11:08:32.815,10368,0,2,52,0,0,0,0,0,0,0x03
2026-09-06T11:08:32.879,10369,0,2,51,0,0,0,0,0,0,0x03
2026-09-06T11:08:32.944,10370,0,2,50,0,0,0,0,0,0,0x03
2026-09-06T11:08:33.008,10371,0,2,50,0,0,0,0,0,0,0x03
2026-09-06T11:08:33.089,10372,0,2,52,0,0,0,0,0,0,0x03
2026-09-06T11:08:33.154,10373,0,2,54,0,0,0,0,0,0,0x03
2026-09-06T11:08:33.219,10374,0,2,50,0,0,0,0,0,0,0x03
2026-09-06T11:08:33.283,10375,0,2,50,0,0,0,0,0,0,0x03
2026-09-06T11:08:33.347,10376,0,2,51,0,0,0,0,0,0,0x03
2026-09-06T11:08:33.412,10377,0,2,52,0,0,0,0,0,0,0x03
2026-09-06T11:08:33.493,10378,0,2,51,0,0,0,0,0,0,0x03
2026-09-06T11:08:33.558,10379,0,2,50,0,0,0,0,0,0,0x03
2026-09-06T11:08:33.623,10380,0,2,50,0,0,0,0,0,0,0x03
2026-09-06T11:08:33.688,10381,0,2,50,0,0,0,0,0,0,0x03
2026-09-06T11:08:33.752,10382,0,2,50,0,0,0,0,0,0,0x03
2026-09-06T11:08:33.817,10383,0,2,50,0,0,0,0,0,0,0x03
2026-09-06T11:08:33.881,10384,0,2,51,0,0,0,0,0,0,0x03
2026-09-06T11:08:33.962,10385,0,2,51,0,0,0,0,0,0,0x03
2026-09-06T11:08:34.027,10386,0,2,52,0,0,0,0,0,0,0x03
2026-09-06T11:08:34.092,10387,0,2,50,0,0,0,0,0,0,0x03
2026-09-06T11:08:34.157,10388,0,2,54,0,0,0,0,0,0,0x03
2026-09-06T11:08:34.222,10389,0,2,50,0,0,0,0,0,0,0x03
2026-09-06T11:08:34.287,10390,0,2,51,0,0,0,0,0,0,0x03
2026-09-06T11:08:34.352,10391,0,2,52,0,0,0,0,0,0,0x03
2026-09-06T11:08:34.417,10392,0,2,54,0,0,0,0,0,0,0x03
2026-09-06T11:08:34.497,10393,0,2,52,0,0,0,0,0,0,0x03
2026-09-06T11:08:34.562,10394,0,2,50,0,0,0,0,0,0,0x03
2026-09-06T11:08:34.627,10395,0,2,50,0,0,0,0,0,0,0x03
2026-09-06T11:08:34.692,10396,0,2,51,0,0,0,0,0,0,0x03
2026-09-06T11:08:34.757,10397,0,2,50,0,0,0,0,0,0,0x03
2026-09-06T11:08:34.823,10398,0,2,51,0,0,0,0,0,0,0x03
2026-09-06T11:08:34.887,10399,0,2,51,0,0,0,0,0,0,0x03
2026-09-06T11:08:34.968,10400,0,2,50,0,0,0,0,0,0,0x03
2026-09-06T11:08:35.033,10401,0,2,50,0,0,0,0,0,0,0x03
2026-09-06T11:08:35.098,10402,0,2,50,0,0,0,0,0,0,0x03
2026-09-06T11:08:35.163,10403,0,2,52,0,0,0,0,0,0,0x03
2026-09-06T11:08:35.227,10404,0,2,52,0,0,0,0,0,0,0x03
2026-09-06T11:08:35.292,10405,0,2,50,0,0,0,0,0,0,0x03
2026-09-06T11:08:35.357,10406,0,2,50,0,0,0,0,0,0,0x03
2026-09-06T11:08:35.422,10407,0,2,50,0,0,0,0,0,0,0x03
2026-09-06T11:08:35.503,10408,0,2,50,0,0,0,0,0,0,0x03
2026-09-06T11:08:35.568,10409,0,2,50,0,0,0,0,0,0,0x03
2026-09-06T11:08:35.633,10410,0,2,55,0,0,0,0,0,0,0x03
2026-09-06T11:08:35.698,10411,0,2,52,0,0,0,0,0,0,0x03
2026-09-06T11:08:35.762,10412,0,2,51,0,0,0,0,0,0,0x03
2026-09-06T11:08:35.827,10413,0,2,50,0,0,0,0,0,0,0x03
2026-09-06T11:08:35.892,10414,0,2,54,0,0,0,0,0,0,0x03
2026-09-06T11:08:35.957,10415,0,2,51,0,0,0,0,0,0,0x03
2026-09-06T11:08:36.038,10416,0,2,50,0,0,0,0,0,0,0x03
2026-09-06T11:08:36.103,10417,0,2,51,0,0,0,0,0,0,0x03
2026-09-06T11:08:36.168,10418,0,2,50,0,0,0,0,0,0,0x03
2026-09-06T11:08:36.233,10419,0,2,50,0,0,0,0,0,0,0x03
2026-09-06T11:08:36.298,10420,0,2,55,0,0,0,0,0,0,0x03
2026-09-06T11:08:36.363,10421,0,2,50,0,0,0,0,0,0,0x03
2026-09-06T11:08:36.427,10422,0,2,50,0,0,0,0,0,0,0x03
2026-09-06T11:08:36.492,10423,0,2,51,0,0,0,0,0,0,0x03
2026-09-06T11:08:36.574,10424,0,2,50,0,0,0,0,0,0,0x03
2026-09-06T11:08:36.638,10425,0,2,50,0,0,0,0,0,0,0x03
2026-09-06T11:08:36.703,10426,0,2,51,0,0,0,0,0,0,0x03
2026-09-06T11:08:36.768,10427,0,2,51,0,0,0,0,0,0,0x03
2026-09-06T11:08:36.833,10428,0,2,50,0,0,0,0,0,0,0x03
2026-09-06T11:08:36.898,10429,0,2,51,0,0,0,0,0,0,0x03
2026-09-06T11:08:36.963,10430,0,2,50,0,0,0,0,0,0,0x03
2026-09-06T11:08:37.043,10431,0,2,50,0,0,0,0,0,0,0x03
2026-09-06T11:08:37.092,10432,0,2,50,0,0,0,0,0,0,0x03
2026-09-06T11:08:37.173,10433,0,2,50,0,0,0,0,0,0,0x03
2026-09-06T11:08:37.238,10434,0,2,51,0,0,0,0,0,0,0x03
2026-09-06T11:08:37.304,10435,0,2,51,0,0,0,0,0,0,0x03
2026-09-06T11:08:37.368,10436,0,2,51,0,0,0,0,0,0,0x03
2026-09-06T11:08:37.433,10437,0,2,51,0,0,0,0,0,0,0x03
2026-09-06T11:08:37.498,10438,0,2,51,0,0,0,0,0,0,0x03
2026-09-06T11:08:37.579,10439,0,2,52,0,0,0,0,0,0,0x03
2026-09-06T11:08:37.628,10440,0,2,50,0,0,0,0,0,0,0x03
2026-09-06T11:08:37.708,10441,0,2,51,0,0,0,0,0,0,0x03
2026-09-06T11:08:37.773,10442,0,2,51,0,0,0,0,0,0,0x03
2026-09-06T11:08:37.838,10443,0,2,50,0,0,0,0,0,0,0x03
2026-09-06T11:08:37.903,10444,0,2,51,0,0,0,0,0,0,0x03
2026-09-06T11:08:37.968,10445,0,2,50,0,0,0,0,0,0,0x03
2026-09-06T11:08:38.033,10446,0,2,50,0,0,0,0,0,0,0x03
2026-09-06T11:08:38.113,10447,0,2,50,0,0,0,0,0,0,0x03
2026-09-06T11:08:38.178,10448,0,2,50,0,0,0,0,0,0,0x03
2026-09-06T11:08:38.243,10449,0,2,51,0,0,0,0,0,0,0x03
2026-09-06T11:08:38.308,10450,0,2,51,0,0,0,0,0,0,0x03
2026-09-06T11:08:38.373,10451,0,2,51,0,0,0,0,0,0,0x03
2026-09-06T11:08:38.438,10452,0,2,50,0,0,0,0,0,0,0x03
2026-09-06T11:08:38.503,10453,0,2,52,0,0,0,0,0,0,0x03
2026-09-06T11:08:38.569,10454,0,2,51,0,0,0,0,0,0,0x03
2026-09-06T11:08:38.650,10455,0,2,51,0,0,0,0,0,0,0x03
2026-09-06T11:08:38.715,10456,0,2,52,0,0,0,0,0,0,0x03
2026-09-06T11:08:38.779,10457,0,2,52,0,0,0,0,0,0,0x03
2026-09-06T11:08:38.845,10458,0,2,51,0,0,0,0,0,0,0x03
2026-09-06T11:08:38.910,10459,0,2,50,0,0,0,0,0,0,0x03
2026-09-06T11:08:38.975,10460,0,2,52,0,0,0,0,0,0,0x03
2026-09-06T11:08:39.040,10461,0,2,53,0,0,0,0,0,0,0x03
2026-09-06T11:08:39.105,10462,0,2,51,0,0,0,0,0,0,0x03
2026-09-06T11:08:39.170,10463,0,2,50,0,0,0,0,0,0,0x03
2026-09-06T11:08:39.251,10464,0,2,50,0,0,0,0,0,0,0x03
2026-09-06T11:08:39.316,10465,0,2,50,0,0,0,0,0,0,0x03
2026-09-06T11:08:39.380,10466,0,2,50,0,0,0,0,0,0,0x03
2026-09-06T11:08:39.445,10467,0,2,52,0,0,0,0,0,0,0x03
2026-09-06T11:08:39.511,10468,0,2,50,0,0,0,0,0,0,0x03
2026-09-06T11:08:39.576,10469,0,2,51,0,0,0,0,0,0,0x03
2026-09-06T11:08:39.641,10470,0,2,51,0,0,0,0,0,0,0x03
2026-09-06T11:08:39.706,10471,0,2,51,0,0,0,0,0,0,0x03
2026-09-06T11:08:39.787,10472,0,2,50,0,0,0,0,0,0,0x03
2026-09-06T11:08:39.852,10473,0,2,50,0,0,0,0,0,0,0x03
2026-09-06T11:08:39.918,10474,0,2,50,0,0,0,0,0,0,0x03
2026-09-06T11:08:39.983,10475,0,2,50,0,0,0,0,0,0,0x03
2026-09-06T11:08:40.048,10476,0,2,51,0,0,0,0,0,0,0x03
2026-09-06T11:08:40.113,10477,0,2,51,0,0,0,0,0,0,0x03
2026-09-06T11:08:40.178,10478,0,2,50,0,0,0,0,0,0,0x03
2026-09-06T11:08:40.243,10479,0,2,52,0,0,0,0,0,0,0x03
2026-09-06T11:08:40.308,10480,0,2,52,0,0,0,0,0,0,0x03
2026-09-06T11:08:40.389,10481,0,2,50,0,0,0,0,0,0,0x03
2026-09-06T11:08:40.454,10482,0,2,51,0,0,0,0,0,0,0x03
2026-09-06T11:08:40.519,10483,0,2,51,0,0,0,0,0,0,0x03
2026-09-06T11:08:40.584,10484,0,2,50,0,0,0,0,0,0,0x03
2026-09-06T11:08:40.649,10485,0,2,50,0,0,0,0,0,0,0x03
2026-09-06T11:08:40.713,10486,0,2,50,0,0,0,0,0,0,0x03
2026-09-06T11:08:40.778,10487,0,2,52,0,0,0,0,0,0,0x03
2026-09-06T11:08:40.859,10488,0,2,52,0,0,0,0,0,0,0x03
2026-09-06T11:08:40.924,10489,0,2,50,0,0,0,0,0,0,0x03
2026-09-06T11:08:41.054,10490,0,2,51,0,0,0,0,0,0,0x03
2026-09-06T11:08:41.119,10491,0,2,51,0,0,0,0,0,0,0x03
2026-09-06T11:08:41.184,10492,0,2,50,0,0,0,0,0,0,0x03
2026-09-06T11:08:41.249,10493,0,2,50,0,0,0,0,0,0,0x03
2026-09-06T11:08:41.314,10495,0,2,50,0,0,0,0,0,0,0x03
2026-09-06T11:08:41.395,10496,0,2,54,0,0,0,0,0,0,0x03
2026-09-06T11:08:41.459,10497,0,2,52,0,0,0,0,0,0,0x03
2026-09-06T11:08:41.589,10498,0,2,51,0,0,0,0,0,0,0x03
2026-09-06T11:08:41.654,10499,0,2,50,0,0,0,0,0,0,0x03
2026-09-06T11:08:41.719,10500,0,2,52,0,0,0,0,0,0,0x03
2026-09-06T11:08:41.784,10501,0,2,50,0,0,0,0,0,0,0x03
2026-09-06T11:08:41.849,10503,0,2,51,0,0,0,0,0,0,0x03
2026-09-06T11:08:41.929,10504,0,2,50,0,0,0,0,0,0,0x03
2026-09-06T11:08:41.994,10505,0,2,50,0,0,0,0,0,0,0x03
2026-09-06T11:08:42.059,10506,0,2,50,0,0,0,0,0,0,0x03
2026-09-06T11:08:42.124,10507,0,2,51,0,0,0,0,0,0,0x03
2026-09-06T11:08:42.189,10508,0,2,52,0,0,0,0,0,0,0x03
2026-09-06T11:08:42.254,10509,0,2,52,0,0,0,0,0,0,0x03
2026-09-06T11:08:42.319,10510,0,2,52,0,0,0,0,0,0,0x03
2026-09-06T11:08:42.400,10511,0,2,51,0,0,0,0,0,0,0x03
2026-09-06T11:08:42.465,10512,0,2,50,0,0,0,0,0,0,0x03
2026-09-06T11:08:42.530,10513,0,2,51,0,0,0,0,0,0,0x03
2026-09-06T11:08:42.595,10514,0,2,50,0,0,0,0,0,0,0x03
2026-09-06T11:08:42.660,10515,0,2,50,0,0,0,0,0,0,0x03
2026-09-06T11:08:42.725,10516,0,2,52,0,0,0,0,0,0,0x03
2026-09-06T11:08:42.790,10517,0,2,50,0,0,0,0,0,0,0x03
2026-09-06T11:08:42.855,10518,0,2,52,0,0,0,0,0,0,0x03
2026-09-06T11:08:42.920,10519,0,2,50,0,0,0,0,0,0,0x03
2026-09-06T11:08:43.002,10520,0,2,50,0,0,0,0,0,0,0x03
2026-09-06T11:08:43.066,10521,0,2,50,0,0,0,0,0,0,0x03
2026-09-06T11:08:43.131,10522,0,2,52,0,0,0,0,0,0,0x03
2026-09-06T11:08:43.196,10523,0,2,50,0,0,0,0,0,0,0x03
2026-09-06T11:08:43.261,10524,0,2,55,0,0,0,0,0,0,0x03
2026-09-06T11:08:43.326,10525,0,2,52,0,0,0,0,0,0,0x03
2026-09-06T11:08:43.390,10526,0,2,50,0,0,0,0,0,0,0x03
2026-09-06T11:08:43.455,10527,0,2,50,0,0,0,0,0,0,0x03
2026-09-06T11:08:43.536,10528,0,2,50,0,0,0,0,0,0,0x03
2026-09-06T11:08:43.602,10529,0,2,50,0,0,0,0,0,0,0x03
2026-09-06T11:08:43.667,10530,0,2,52,0,0,0,0,0,0,0x03
2026-09-06T11:08:43.732,10531,0,2,50,0,0,0,0,0,0,0x03
2026-09-06T11:08:43.797,10532,0,2,50,0,0,0,0,0,0,0x03
2026-09-06T11:08:43.862,10533,0,2,50,0,0,0,0,0,0,0x03
2026-09-06T11:08:43.927,10534,0,2,50,0,0,0,0,0,0,0x03
2026-09-06T11:08:43.992,10535,0,2,52,0,0,0,0,0,0,0x03
2026-09-06T11:08:44.057,10536,0,2,50,0,0,0,0,0,0,0x03
2026-09-06T11:08:44.138,10537,0,2,52,0,0,0,0,0,0,0x03
2026-09-06T11:08:44.203,10538,0,2,51,0,0,0,0,0,0,0x03
2026-09-06T11:08:44.268,10539,0,2,50,0,0,0,0,0,0,0x03
2026-09-06T11:08:44.333,10540,0,2,50,0,0,0,0,0,0,0x03
2026-09-06T11:08:44.397,10541,0,2,51,0,0,0,0,0,0,0x03
2026-09-06T11:08:44.462,10542,0,2,50,0,0,0,0,0,0,0x03
2026-09-06T11:08:44.527,10543,0,2,51,0,0,0,0,0,0,0x03
2026-09-06T11:08:44.592,10544,0,2,50,0,0,0,0,0,0,0x03
2026-09-06T11:08:44.674,10545,0,2,50,0,0,0,0,0,0,0x03
2026-09-06T11:08:44.739,10546,0,2,50,0,0,0,0,0,0,0x03
2026-09-06T11:08:44.804,10547,0,2,50,0,0,0,0,0,0,0x03
2026-09-06T11:08:44.869,10548,0,2,50,0,0,0,0,0,0,0x03
2026-09-06T11:08:44.934,10549,0,2,54,0,0,0,0,0,0,0x03
2026-09-06T11:08:44.999,10550,0,2,52,0,0,0,0,0,0,0x03
2026-09-06T11:08:45.064,10551,0,2,50,0,0,0,0,0,0,0x03
2026-09-06T11:08:45.129,10552,0,2,51,0,0,0,0,0,0,0x03
2026-09-06T11:08:45.210,10553,0,2,50,0,0,0,0,0,0,0x03
2026-09-06T11:08:45.275,10554,0,2,50,0,0,0,0,0,0,0x03
2026-09-06T11:08:45.340,10555,0,2,51,0,0,0,0,0,0,0x03
2026-09-06T11:08:45.405,10556,0,2,52,0,0,0,0,0,0,0x03
2026-09-06T11:08:45.470,10557,0,2,50,0,0,0,0,0,0,0x03
2026-09-06T11:08:45.535,10558,0,2,50,0,0,0,0,0,0,0x03
2026-09-06T11:08:45.600,10559,0,2,51,0,0,0,0,0,0,0x03
2026-09-06T11:08:45.665,10560,0,2,51,0,0,0,0,0,0,0x03
2026-09-06T11:08:45.746,10561,0,2,51,0,0,0,0,0,0,0x03
2026-09-06T11:08:45.811,10562,0,2,52,0,0,0,0,0,0,0x03
2026-09-06T11:08:45.876,10563,0,2,51,0,0,0,0,0,0,0x03
2026-09-06T11:08:45.941,10564,0,2,52,0,0,0,0,0,0,0x03
2026-09-06T11:08:46.005,10565,0,2,53,0,0,0,0,0,0,0x03
2026-09-06T11:08:46.071,10566,0,2,52,0,0,0,0,0,0,0x03
2026-09-06T11:08:46.136,10567,0,2,52,0,0,0,0,0,0,0x03
2026-09-06T11:08:46.200,10568,0,2,50,0,0,0,0,0,0,0x03
2026-09-06T11:08:46.281,10569,0,2,53,0,0,0,0,0,0,0x03
2026-09-06T11:08:46.346,10570,0,2,51,0,0,0,0,0,0,0x03
2026-09-06T11:08:46.410,10571,0,2,51,0,0,0,0,0,0,0x03
2026-09-06T11:08:46.475,10572,0,2,51,0,0,0,0,0,0,0x03
2026-09-06T11:08:46.540,10573,0,2,50,0,0,0,0,0,0,0x03
2026-09-06T11:08:46.605,10574,0,2,50,0,0,0,0,0,0,0x03
2026-09-06T11:08:46.670,10575,0,2,51,0,0,0,0,0,0,0x03
2026-09-06T11:08:46.751,10576,0,2,50,0,0,0,0,0,0,0x03
2026-09-06T11:08:46.816,10577,0,2,51,0,0,0,0,0,0,0x03
2026-09-06T11:08:46.881,10578,0,2,51,0,0,0,0,0,0,0x03
2026-09-06T11:08:46.945,10579,0,2,51,0,0,0,0,0,0,0x03
2026-09-06T11:08:47.010,10580,0,2,50,0,0,0,0,0,0,0x03
2026-09-06T11:08:47.075,10581,0,2,53,0,0,0,0,0,0,0x03
2026-09-06T11:08:47.140,10582,0,2,50,0,0,0,0,0,0,0x03
2026-09-06T11:08:47.205,10583,0,2,50,0,0,0,0,0,0,0x03
2026-09-06T11:08:47.286,10584,0,2,52,0,0,0,0,0,0,0x03
2026-09-06T11:08:47.351,10585,0,2,50,0,0,0,0,0,0,0x03
2026-09-06T11:08:47.416,10586,0,2,50,0,0,0,0,0,0,0x03
2026-09-06T11:08:47.480,10587,0,2,52,0,0,0,0,0,0,0x03
2026-09-06T11:08:47.545,10588,0,2,50,0,0,0,0,0,0,0x03
2026-09-06T11:08:47.610,10589,0,2,50,0,0,0,0,0,0,0x03
2026-09-06T11:08:47.675,10590,0,2,51,0,0,0,0,0,0,0x03
2026-09-06T11:08:47.740,10591,0,2,50,0,0,0,0,0,0,0x03
2026-09-06T11:08:47.821,10592,0,2,52,0,0,0,0,0,0,0x03
2026-09-06T11:08:47.886,10593,0,2,50,0,0,0,0,0,0,0x03
2026-09-06T11:08:47.951,10594,0,2,52,0,0,0,0,0,0,0x03
2026-09-06T11:08:48.016,10595,0,2,50,0,0,0,0,0,0,0x03
2026-09-06T11:08:48.080,10596,0,2,50,0,0,0,0,0,0,0x03
2026-09-06T11:08:48.145,10597,0,2,50,0,0,0,0,0,0,0x03
2026-09-06T11:08:48.210,10598,0,2,52,0,0,0,0,0,0,0x03
2026-09-06T11:08:48.275,10599,0,2,50,0,0,0,0,0,0,0x03
2026-09-06T11:08:48.356,10600,0,2,51,0,0,0,0,0,0,0x03
2026-09-06T11:08:48.421,10601,0,2,50,0,0,0,0,0,0,0x03
2026-09-06T11:08:48.486,10602,0,2,51,0,0,0,0,0,0,0x03
2026-09-06T11:08:48.551,10603,0,2,55,0,0,0,0,0,0,0x03
2026-09-06T11:08:48.616,10604,0,2,50,0,0,0,0,0,0,0x03
2026-09-06T11:08:48.680,10605,0,2,50,0,0,0,0,0,0,0x03
2026-09-06T11:08:48.745,10606,0,2,50,0,0,0,0,0,0,0x03
2026-09-06T11:08:48.827,10607,0,2,50,0,0,0,0,0,0,0x03
2026-09-06T11:08:48.891,10608,0,2,52,0,0,0,0,0,0,0x03
2026-09-06T11:08:48.956,10609,0,2,55,0,0,0,0,0,0,0x03
2026-09-06T11:08:49.021,10610,0,2,50,0,0,0,0,0,0,0x03
2026-09-06T11:08:49.086,10611,0,2,50,0,0,0,0,0,0,0x03
2026-09-06T11:08:49.151,10612,0,2,52,0,0,0,0,0,0,0x03
2026-09-06T11:08:49.216,10613,0,2,51,0,0,0,0,0,0,0x03
2026-09-06T11:08:49.281,10614,0,2,51,0,0,0,0,0,0,0x03
2026-09-06T11:08:49.362,10615,0,2,50,0,0,0,0,0,0,0x03
2026-09-06T11:08:49.427,10616,0,2,52,0,0,0,0,0,0,0x03
2026-09-06T11:08:49.492,10617,0,2,51,0,0,0,0,0,0,0x03
2026-09-06T11:08:49.557,10618,0,2,51,0,0,0,0,0,0,0x03
2026-09-06T11:08:49.622,10619,0,2,50,0,0,0,0,0,0,0x03
2026-09-06T11:08:49.687,10620,0,2,51,0,0,0,0,0,0,0x03
2026-09-06T11:08:49.752,10621,0,2,51,0,0,0,0,0,0,0x03
2026-09-06T11:08:49.817,10622,0,2,50,0,0,0,0,0,0,0x03
2026-09-06T11:08:49.898,10623,0,2,50,0,0,0,0,0,0,0x03
2026-09-06T11:08:49.963,10624,0,2,51,0,0,0,0,0,0,0x03
2026-09-06T11:08:50.028,10625,0,2,54,0,0,0,0,0,0,0x03
2026-09-06T11:08:50.093,10626,0,2,50,0,0,0,0,0,0,0x03
2026-09-06T11:08:50.158,10627,0,2,50,0,0,0,0,0,0,0x03
2026-09-06T11:08:50.223,10628,0,2,52,0,0,0,0,0,0,0x03
2026-09-06T11:08:50.288,10629,0,2,51,0,0,0,0,0,0,0x03
2026-09-06T11:08:50.352,10630,0,2,52,0,0,0,0,0,0,0x03
2026-09-06T11:08:50.434,10631,0,2,50,0,0,0,0,0,0,0x03
2026-09-06T11:08:50.499,10632,0,2,50,0,0,0,0,0,0,0x03
2026-09-06T11:08:50.564,10633,0,2,52,0,0,0,0,0,0,0x03
2026-09-06T11:08:50.629,10634,0,2,51,0,0,0,0,0,0,0x03
2026-09-06T11:08:50.693,10635,0,2,52,0,0,0,0,0,0,0x03
2026-09-06T11:08:50.758,10636,0,2,50,0,0,0,0,0,0,0x03
2026-09-06T11:08:50.823,10637,0,2,50,0,0,0,0,0,0,0x03
2026-09-06T11:08:50.888,10638,0,2,52,0,0,0,0,0,0,0x03
2026-09-06T11:08:50.969,10639,0,2,51,0,0,0,0,0,0,0x03
2026-09-06T11:08:51.035,10640,0,2,51,0,0,0,0,0,0,0x03
2026-09-06T11:08:51.099,10641,0,2,52,0,0,0,0,0,0,0x03
2026-09-06T11:08:51.164,10642,0,2,51,0,0,0,0,0,0,0x03
2026-09-06T11:08:51.229,10643,0,2,50,0,0,0,0,0,0,0x03
2026-09-06T11:08:51.294,10644,0,2,51,0,0,0,0,0,0,0x03
2026-09-06T11:08:51.359,10645,0,2,51,0,0,0,0,0,0,0x03
2026-09-06T11:08:51.423,10646,0,2,52,0,0,0,0,0,0,0x03
2026-09-06T11:08:51.504,10647,0,2,51,0,0,0,0,0,0,0x03
2026-09-06T11:08:51.569,10648,0,2,50,0,0,0,0,0,0,0x03
2026-09-06T11:08:51.634,10649,0,2,51,0,0,0,0,0,0,0x03
2026-09-06T11:08:51.699,10650,0,2,51,0,0,0,0,0,0,0x03
2026-09-06T11:08:51.764,10651,0,2,50,0,0,0,0,0,0,0x03
2026-09-06T11:08:51.829,10652,0,2,52,0,0,0,0,0,0,0x03
2026-09-06T11:08:51.894,10653,0,2,51,0,0,0,0,0,0,0x03
2026-09-06T11:08:51.960,10654,0,2,50,0,0,0,0,0,0,0x03
2026-09-06T11:08:52.041,10655,0,2,51,0,0,0,0,0,0,0x03
2026-09-06T11:08:52.105,10656,0,2,50,0,0,0,0,0,0,0x03
2026-09-06T11:08:52.170,10657,0,2,50,0,0,0,0,0,0,0x03
2026-09-06T11:08:52.235,10658,0,2,50,0,0,0,0,0,0,0x03
2026-09-06T11:08:52.300,10659,0,2,50,0,0,0,0,0,0,0x03
2026-09-06T11:08:52.365,10660,0,2,50,0,0,0,0,0,0,0x03
2026-09-06T11:08:52.429,10661,0,2,50,0,0,0,0,0,0,0x03
2026-09-06T11:08:52.494,10662,0,2,50,0,0,0,0,0,0,0x03
2026-09-06T11:08:52.559,10663,0,2,51,0,0,0,0,0,0,0x03
2026-09-06T11:08:52.639,10664,0,2,54,0,0,0,0,0,0,0x03
2026-09-06T11:08:52.704,10665,0,2,50,0,0,0,0,0,0,0x03
2026-09-06T11:08:52.769,10666,0,2,50,0,0,0,0,0,0,0x03
2026-09-06T11:08:52.833,10667,0,2,50,0,0,0,0,0,0,0x03
2026-09-06T11:08:52.898,10668,0,2,51,0,0,0,0,0,0,0x03
2026-09-06T11:08:52.962,10669,0,2,50,0,0,0,0,0,0,0x03
2026-09-06T11:08:53.043,10670,0,2,53,0,0,0,0,0,0,0x03
2026-09-06T11:08:53.108,10671,0,2,51,0,0,0,0,0,0,0x03
2026-09-06T11:08:53.172,10672,0,2,51,0,0,0,0,0,0,0x03
2026-09-06T11:08:53.237,10673,0,2,50,0,0,0,0,0,0,0x03
2026-09-06T11:08:53.301,10674,0,2,51,0,0,0,0,0,0,0x03
2026-09-06T11:08:53.366,10675,0,2,50,0,0,0,0,0,0,0x03
2026-09-06T11:08:53.430,10676,0,2,50,0,0,0,0,0,0,0x03
2026-09-06T11:08:53.511,10677,0,2,50,0,0,0,0,0,0,0x03
2026-09-06T11:08:53.576,10678,0,2,50,0,0,0,0,0,0,0x03
2026-09-06T11:08:53.640,10679,0,2,51,0,0,0,0,0,0,0x03
2026-09-06T11:08:53.705,10680,0,2,50,0,0,0,0,0,0,0x03
2026-09-06T11:08:53.770,10681,0,2,50,0,0,0,0,0,0,0x03
2026-09-06T11:08:53.835,10682,0,2,50,0,0,0,0,0,0,0x03
2026-09-06T11:08:53.900,10683,0,2,50,0,0,0,0,0,0,0x03
2026-09-06T11:08:53.981,10684,0,2,52,0,0,0,0,0,0,0x03
2026-09-06T11:08:54.045,10685,0,2,51,0,0,0,0,0,0,0x03
2026-09-06T11:08:54.111,10686,0,2,51,0,0,0,0,0,0,0x03
2026-09-06T11:08:54.175,10687,0,2,51,0,0,0,0,0,0,0x03
2026-09-06T11:08:54.240,10688,0,2,51,0,0,0,0,0,0,0x03
2026-09-06T11:08:54.305,10689,0,2,50,0,0,0,0,0,0,0x03
2026-09-06T11:08:54.370,10690,0,2,51,0,0,0,0,0,0,0x03
2026-09-06T11:08:54.435,10691,0,2,50,0,0,0,0,0,0,0x03
2026-09-06T11:08:54.516,10692,0,2,52,0,0,0,0,0,0,0x03
2026-09-06T11:08:54.581,10693,0,2,50,0,0,0,0,0,0,0x03
2026-09-06T11:08:54.645,10694,0,2,50,0,0,0,0,0,0,0x03
2026-09-06T11:08:54.710,10695,0,2,51,0,0,0,0,0,0,0x03
2026-09-06T11:08:54.775,10696,0,2,51,0,0,0,0,0,0,0x03
2026-09-06T11:08:54.840,10697,0,2,51,0,0,0,0,0,0,0x03
2026-09-06T11:08:54.905,10698,0,2,52,0,0,0,0,0,0,0x03
2026-09-06T11:08:54.986,10699,0,2,51,0,0,0,0,0,0,0x03
2026-09-06T11:08:55.051,10700,0,2,51,0,0,0,0,0,0,0x03
2026-09-06T11:08:55.116,10701,0,2,51,0,0,0,0,0,0,0x03
2026-09-06T11:08:55.181,10702,0,2,51,0,0,0,0,0,0,0x03
2026-09-06T11:08:55.246,10703,0,2,50,0,0,0,0,0,0,0x03
2026-09-06T11:08:55.311,10704,0,2,51,0,0,0,0,0,0,0x03
2026-09-06T11:08:55.376,10705,0,2,51,0,0,0,0,0,0,0x03
2026-09-06T11:08:55.441,10706,0,2,50,0,0,0,0,0,0,0x03
2026-09-06T11:08:55.522,10707,0,2,52,0,0,0,0,0,0,0x03
2026-09-06T11:08:55.587,10708,0,2,53,0,0,0,0,0,0,0x03
2026-09-06T11:08:55.652,10709,0,2,52,0,0,0,0,0,0,0x03
2026-09-06T11:08:55.717,10710,0,2,52,0,0,0,0,0,0,0x03
2026-09-06T11:08:55.782,10711,0,2,50,0,0,0,0,0,0,0x03
2026-09-06T11:08:55.847,10712,0,2,50,0,0,0,0,0,0,0x03
2026-09-06T11:08:55.912,10713,0,2,50,0,0,0,0,0,0,0x03
2026-09-06T11:08:55.977,10714,0,2,51,0,0,0,0,0,0,0x03
2026-09-06T11:08:56.058,10715,0,2,51,0,0,0,0,0,0,0x03
2026-09-06T11:08:56.123,10716,0,2,50,0,0,0,0,0,0,0x03
2026-09-06T11:08:56.187,10717,0,2,51,0,0,0,0,0,0,0x03
2026-09-06T11:08:56.252,10718,0,2,51,0,0,0,0,0,0,0x03
2026-09-06T11:08:56.317,10719,0,2,50,0,0,0,0,0,0,0x03
2026-09-06T11:08:56.382,10720,0,2,51,0,0,0,0,0,0,0x03
2026-09-06T11:08:56.447,10721,0,2,51,0,0,0,0,0,0,0x03
2026-09-06T11:08:56.512,10722,0,2,50,0,0,0,0,0,0,0x03
2026-09-06T11:08:56.593,10723,0,2,52,0,0,0,0,0,0,0x03
2026-09-06T11:08:56.658,10724,0,2,50,0,0,0,0,0,0,0x03
2026-09-06T11:08:56.723,10725,0,2,51,0,0,0,0,0,0,0x03
2026-09-06T11:08:56.787,10726,0,2,50,0,0,0,0,0,0,0x03
2026-09-06T11:08:56.852,10727,0,2,51,0,0,0,0,0,0,0x03
2026-09-06T11:08:56.917,10728,0,2,50,0,0,0,0,0,0,0x03
2026-09-06T11:08:56.982,10729,0,2,50,0,0,0,0,0,0,0x03
2026-09-06T11:08:57.047,10730,0,2,53,0,0,0,0,0,0,0x03
2026-09-06T11:08:57.128,10731,0,2,51,0,0,0,0,0,0,0x03
2026-09-06T11:08:57.194,10732,0,2,50,0,0,0,0,0,0,0x03
2026-09-06T11:08:57.258,10733,0,2,50,0,0,0,0,0,0,0x03
2026-09-06T11:08:57.323,10734,0,2,50,0,0,0,0,0,0,0x03
2026-09-06T11:08:57.388,10735,0,2,50,0,0,0,0,0,0,0x03
2026-09-06T11:08:57.453,10736,0,2,54,0,0,0,0,0,0,0x03
2026-09-06T11:08:57.519,10737,0,2,52,0,0,0,0,0,0,0x03
2026-09-06T11:08:57.583,10738,0,2,52,0,0,0,0,0,0,0x03
2026-09-06T11:08:57.665,10739,0,2,50,0,0,0,0,0,0,0x03
2026-09-06T11:08:57.729,10740,0,2,50,0,0,0,0,0,0,0x03
2026-09-06T11:08:57.794,10741,0,2,50,0,0,0,0,0,0,0x03
2026-09-06T11:08:57.859,10742,0,2,50,0,0,0,0,0,0,0x03
2026-09-06T11:08:57.924,10743,0,2,50,0,0,0,0,0,0,0x03
2026-09-06T11:08:57.989,10744,0,2,51,0,0,0,0,0,0,0x03
2026-09-06T11:08:58.054,10745,0,2,52,0,0,0,0,0,0,0x03
2026-09-06T11:08:58.119,10746,0,2,51,0,0,0,0,0,0,0x03
2026-09-06T11:08:58.200,10747,0,2,50,0,0,0,0,0,0,0x03
2026-09-06T11:08:58.265,10748,0,2,51,0,0,0,0,0,0,0x03
2026-09-06T11:08:58.330,10749,0,2,51,0,0,0,0,0,0,0x03
2026-09-06T11:08:58.395,10750,0,2,52,0,0,0,0,0,0,0x03
2026-09-06T11:08:58.460,10751,0,2,52,0,0,0,0,0,0,0x03
2026-09-06T11:08:58.525,10752,0,2,54,0,0,0,0,0,0,0x03
2026-09-06T11:08:58.590,10753,0,2,50,0,0,0,0,0,0,0x03
2026-09-06T11:08:58.655,10754,0,2,50,0,0,0,0,0,0,0x03
2026-09-06T11:08:58.736,10755,0,2,50,0,0,0,0,0,0,0x03
2026-09-06T11:08:58.801,10756,0,2,50,0,0,0,0,0,0,0x03
2026-09-06T11:08:58.866,10757,0,2,51,0,0,0,0,0,0,0x03
2026-09-06T11:08:58.932,10758,0,2,53,0,0,0,0,0,0,0x03
2026-09-06T11:08:58.997,10759,0,2,59,0,0,0,0,0,0,0x03
2026-09-06T11:08:59.062,10760,0,2,52,0,0,0,0,0,0,0x03
2026-09-06T11:08:59.126,10761,0,2,51,0,0,0,0,0,0,0x03
2026-09-06T11:08:59.192,10762,0,2,50,0,0,0,0,0,0,0x03
2026-09-06T11:08:59.257,10763,0,2,51,0,0,0,0,0,0,0x03
2026-09-06T11:08:59.322,10764,0,2,50,0,0,0,0,0,0,0x03
2026-09-06T11:08:59.403,10765,0,2,51,0,0,0,0,0,0,0x03
2026-09-06T11:08:59.468,10766,0,2,54,0,0,0,0,0,0,0x03
2026-09-06T11:08:59.533,10767,0,2,51,0,0,0,0,0,0,0x03
2026-09-06T11:08:59.598,10768,0,2,50,0,0,0,0,0,0,0x03
2026-09-06T11:08:59.663,10769,0,2,51,0,0,0,0,0,0,0x03
2026-09-06T11:08:59.727,10770,0,2,50,0,0,0,0,0,0,0x03
2026-09-06T11:08:59.792,10771,0,2,51,0,0,0,0,0,0,0x03
2026-09-06T11:08:59.873,10772,0,2,52,0,0,0,0,0,0,0x03
2026-09-06T11:08:59.938,10773,0,2,51,0,0,0,0,0,0,0x03
2026-09-06T11:09:00.003,10774,0,2,50,0,0,0,0,0,0,0x03
2026-09-06T11:09:00.068,10775,0,2,51,0,0,0,0,0,0,0x03
2026-09-06T11:09:00.133,10776,0,2,51,0,0,0,0,0,0,0x03
2026-09-06T11:09:00.198,10777,0,2,50,0,0,0,0,0,0,0x03
2026-09-06T11:09:00.263,10778,0,2,50,0,0,0,0,0,0,0x03
2026-09-06T11:09:00.327,10779,0,2,51,0,0,0,0,0,0,0x03
2026-09-06T11:09:00.409,10780,0,2,50,0,0,0,0,0,0,0x03
2026-09-06T11:09:00.474,10781,0,2,51,0,0,0,0,0,0,0x03
2026-09-06T11:09:00.538,10782,0,2,51,0,0,0,0,0,0,0x03
2026-09-06T11:09:00.603,10783,0,2,50,0,0,0,0,0,0,0x03
2026-09-06T11:09:00.668,10784,0,2,52,0,0,0,0,0,0,0x03
2026-09-06T11:09:00.733,10785,0,2,50,0,0,0,0,0,0,0x03
2026-09-06T11:09:00.798,10786,0,2,51,0,0,0,0,0,0,0x03
2026-09-06T11:09:00.863,10787,0,2,51,0,0,0,0,0,0,0x03
2026-09-06T11:09:00.944,10788,0,2,52,0,0,0,0,0,0,0x03
2026-09-06T11:09:01.009,10789,0,2,50,0,0,0,0,0,0,0x03
2026-09-06T11:09:01.074,10790,0,2,52,0,0,0,0,0,0,0x03
2026-09-06T11:09:01.138,10791,0,2,51,0,0,0,0,0,0,0x03
2026-09-06T11:09:01.204,10792,0,2,50,0,0,0,0,0,0,0x03
2026-09-06T11:09:01.268,10793,0,2,50,0,0,0,0,0,0,0x03
2026-09-06T11:09:01.334,10794,0,2,52,0,0,0,0,0,0,0x03
2026-09-06T11:09:01.399,10795,0,2,52,0,0,0,0,0,0,0x03
2026-09-06T11:09:01.480,10796,0,2,51,0,0,0,0,0,0,0x03
2026-09-06T11:09:01.545,10797,0,2,51,0,0,0,0,0,0,0x03
2026-09-06T11:09:01.610,10798,0,2,50,0,0,0,0,0,0,0x03
2026-09-06T11:09:01.676,10799,0,2,51,0,0,0,0,0,0,0x03
2026-09-06T11:09:01.741,10800,0,2,51,0,0,0,0,0,0,0x03
2026-09-06T11:09:01.806,10801,0,2,52,0,0,0,0,0,0,0x03
2026-09-06T11:09:01.871,10802,0,2,50,0,0,0,0,0,0,0x03
2026-09-06T11:09:01.937,10803,0,2,50,0,0,0,0,0,0,0x03
2026-09-06T11:09:02.002,10804,0,2,51,0,0,0,0,0,0,0x03
2026-09-06T11:09:02.083,10805,0,2,51,0,0,0,0,0,0,0x03
2026-09-06T11:09:02.148,10806,0,2,52,0,0,0,0,0,0,0x03
2026-09-06T11:09:02.212,10807,0,2,50,0,0,0,0,0,0,0x03
2026-09-06T11:09:02.277,10808,0,2,50,0,0,0,0,0,0,0x03
2026-09-06T11:09:02.342,10809,0,2,51,0,0,0,0,0,0,0x03
2026-09-06T11:09:02.407,10810,0,2,50,0,0,0,0,0,0,0x03
2026-09-06T11:09:02.471,10811,0,2,50,0,0,0,0,0,0,0x03
2026-09-06T11:09:02.552,10812,0,2,52,0,0,0,0,0,0,0x03
2026-09-06T11:09:02.617,10813,0,2,51,0,0,0,0,0,0,0x03
2026-09-06T11:09:02.682,10814,0,2,51,0,0,0,0,0,0,0x03
2026-09-06T11:09:02.747,10815,0,2,51,0,0,0,0,0,0,0x03
2026-09-06T11:09:02.812,10816,0,2,50,0,0,0,0,0,0,0x03
2026-09-06T11:09:02.877,10817,0,2,52,0,0,0,0,0,0,0x03
2026-09-06T11:09:02.942,10818,0,2,50,0,0,0,0,0,0,0x03
2026-09-06T11:09:03.006,10819,0,2,51,0,0,0,0,0,0,0x03
2026-09-06T11:09:03.087,10820,0,2,51,0,0,0,0,0,0,0x03
2026-09-06T11:09:03.152,10821,0,2,51,0,0,0,0,0,0,0x03
2026-09-06T11:09:03.217,10822,0,2,50,0,0,0,0,0,0,0x03
2026-09-06T11:09:03.282,10823,0,2,52,0,0,0,0,0,0,0x03
2026-09-06T11:09:03.347,10824,0,2,50,0,0,0,0,0,0,0x03
2026-09-06T11:09:03.412,10825,0,2,50,0,0,0,0,0,0,0x03
2026-09-06T11:09:03.476,10826,0,2,50,0,0,0,0,0,0,0x03
2026-09-06T11:09:03.541,10827,0,2,52,0,0,0,0,0,0,0x03
2026-09-06T11:09:03.623,10828,0,2,50,0,0,0,0,0,0,0x03
2026-09-06T11:09:03.688,10829,0,2,51,0,0,0,0,0,0,0x03
2026-09-06T11:09:03.753,10830,0,2,51,0,0,0,0,0,0,0x03
2026-09-06T11:09:03.818,10831,0,2,52,0,0,0,0,0,0,0x03
2026-09-06T11:09:03.883,10832,0,2,50,0,0,0,0,0,0,0x03
2026-09-06T11:09:03.949,10833,0,2,50,0,0,0,0,0,0,0x03
2026-09-06T11:09:04.014,10834,0,2,50,0,0,0,0,0,0,0x03
2026-09-06T11:09:04.079,10835,0,2,51,0,0,0,0,0,0,0x03
2026-09-06T11:09:04.143,10836,0,2,51,0,0,0,0,0,0,0x03
2026-09-06T11:09:04.224,10837,0,2,51,0,0,0,0,0,0,0x03
2026-09-06T11:09:04.289,10838,0,2,51,0,0,0,0,0,0,0x03
2026-09-06T11:09:04.354,10839,0,2,51,0,0,0,0,0,0,0x03
2026-09-06T11:09:04.419,10840,0,2,52,0,0,0,0,0,0,0x03
2026-09-06T11:09:04.484,10841,0,2,55,0,0,0,0,0,0,0x03
2026-09-06T11:09:04.549,10842,0,2,51,0,0,0,0,0,0,0x03
2026-09-06T11:09:04.614,10843,0,2,51,0,0,0,0,0,0,0x03
2026-09-06T11:09:04.679,10844,0,2,51,0,0,0,0,0,0,0x03
2026-09-06T11:09:04.760,10845,0,2,50,0,0,0,0,0,0,0x03
2026-09-06T11:09:04.825,10846,0,2,52,0,0,0,0,0,0,0x03
2026-09-06T11:09:04.890,10847,0,2,51,0,0,0,0,0,0,0x03
2026-09-06T11:09:04.955,10848,0,2,52,0,0,0,0,0,0,0x03
2026-09-06T11:09:05.020,10849,0,2,50,0,0,0,0,0,0,0x03
2026-09-06T11:09:05.084,10850,0,2,52,0,0,0,0,0,0,0x03
2026-09-06T11:09:05.149,10851,0,2,51,0,0,0,0,0,0,0x03
2026-09-06T11:09:05.215,10852,0,2,51,0,0,0,0,0,0,0x03
2026-09-06T11:09:05.296,10853,0,2,51,0,0,0,0,0,0,0x03
2026-09-06T11:09:05.361,10854,0,2,50,0,0,0,0,0,0,0x03
2026-09-06T11:09:05.425,10855,0,2,50,0,0,0,0,0,0,0x03
2026-09-06T11:09:05.490,10856,0,2,50,0,0,0,0,0,0,0x03
2026-09-06T11:09:05.555,10857,0,2,50,0,0,0,0,0,0,0x03
2026-09-06T11:09:05.620,10858,0,2,51,0,0,0,0,0,0,0x03
2026-09-06T11:09:05.685,10859,0,2,51,0,0,0,0,0,0,0x03
2026-09-06T11:09:05.750,10860,0,2,50,0,0,0,0,0,0,0x03
2026-09-06T11:09:05.831,10861,0,2,50,0,0,0,0,0,0,0x03
2026-09-06T11:09:05.895,10862,0,2,50,0,0,0,0,0,0,0x03
2026-09-06T11:09:05.960,10863,0,2,55,0,0,0,0,0,0,0x03
2026-09-06T11:09:06.025,10864,0,2,51,0,0,0,0,0,0,0x03
2026-09-06T11:09:06.090,10865,0,2,50,0,0,0,0,0,0,0x03
2026-09-06T11:09:06.155,10866,0,2,56,0,0,0,0,0,0,0x03
2026-09-06T11:09:06.220,10867,0,2,53,0,0,0,0,0,0,0x03
2026-09-06T11:09:06.301,10868,0,2,52,0,0,0,0,0,0,0x03
2026-09-06T11:09:06.365,10869,0,2,50,0,0,0,0,0,0,0x03
2026-09-06T11:09:06.430,10870,0,2,52,0,0,0,0,0,0,0x03
2026-09-06T11:09:06.495,10871,0,2,51,0,0,0,0,0,0,0x03
2026-09-06T11:09:06.560,10872,0,2,50,0,0,0,0,0,0,0x03
2026-09-06T11:09:06.625,10873,0,2,50,0,0,0,0,0,0,0x03
2026-09-06T11:09:06.690,10874,0,2,50,0,0,0,0,0,0,0x03
2026-09-06T11:09:06.755,10875,0,2,52,0,0,0,0,0,0,0x03
2026-09-06T11:09:06.836,10876,0,2,52,0,0,0,0,0,0,0x03
2026-09-06T11:09:06.901,10877,0,2,52,0,0,0,0,0,0,0x03
2026-09-06T11:09:06.966,10878,0,2,50,0,0,0,0,0,0,0x03
2026-09-06T11:09:07.031,10879,0,2,52,0,0,0,0,0,0,0x03
2026-09-06T11:09:07.096,10880,0,2,50,0,0,0,0,0,0,0x03
2026-09-06T11:09:07.160,10881,0,2,51,0,0,0,0,0,0,0x03
2026-09-06T11:09:07.225,10882,0,2,50,0,0,0,0,0,0,0x03
2026-09-06T11:09:07.290,10883,0,2,51,0,0,0,0,0,0,0x03
2026-09-06T11:09:07.371,10884,0,2,52,0,0,0,0,0,0,0x03
2026-09-06T11:09:07.436,10885,0,2,52,0,0,0,0,0,0,0x03
2026-09-06T11:09:07.501,10886,0,2,51,0,0,0,0,0,0,0x03
2026-09-06T11:09:07.566,10887,0,2,50,0,0,0,0,0,0,0x03
2026-09-06T11:09:07.631,10888,0,2,51,0,0,0,0,0,0,0x03
2026-09-06T11:09:07.696,10889,0,2,52,0,0,0,0,0,0,0x03
2026-09-06T11:09:07.761,10890,0,2,51,0,0,0,0,0,0,0x03
2026-09-06T11:09:07.825,10891,0,2,52,0,0,0,0,0,0,0x03
2026-09-06T11:09:07.907,10892,0,2,50,0,0,0,0,0,0,0x03
2026-09-06T11:09:07.971,10893,0,2,50,0,0,0,0,0,0,0x03
2026-09-06T11:09:08.036,10894,0,2,51,0,0,0,0,0,0,0x03
2026-09-06T11:09:08.101,10895,0,2,50,0,0,0,0,0,0,0x03
2026-09-06T11:09:08.165,10896,0,2,50,0,0,0,0,0,0,0x03
2026-09-06T11:09:08.230,10897,0,2,51,0,0,0,0,0,0,0x03
2026-09-06T11:09:08.295,10898,0,2,52,0,0,0,0,0,0,0x03
2026-09-06T11:09:08.376,10899,0,2,52,0,0,0,0,0,0,0x03
2026-09-06T11:09:08.441,10900,0,2,51,0,0,0,0,0,0,0x03
2026-09-06T11:09:08.506,10901,0,2,52,0,0,0,0,0,0,0x03
2026-09-06T11:09:08.571,10902,0,2,53,0,0,0,0,0,0,0x03
2026-09-06T11:09:08.636,10903,0,2,51,0,0,0,0,0,0,0x03
2026-09-06T11:09:08.701,10904,0,2,52,0,0,0,0,0,0,0x03
2026-09-06T11:09:08.766,10905,0,2,52,0,0,0,0,0,0,0x03
2026-09-06T11:09:08.831,10906,0,2,50,0,0,0,0,0,0,0x03
2026-09-06T11:09:08.911,10907,0,2,51,0,0,0,0,0,0,0x03
2026-09-06T11:09:08.976,10908,0,2,51,0,0,0,0,0,0,0x03
2026-09-06T11:09:09.041,10909,0,2,51,0,0,0,0,0,0,0x03
2026-09-06T11:09:09.106,10910,0,2,52,0,0,0,0,0,0,0x03
2026-09-06T11:09:09.170,10911,0,2,50,0,0,0,0,0,0,0x03
2026-09-06T11:09:09.235,10912,0,2,52,0,0,0,0,0,0,0x03
2026-09-06T11:09:09.300,10913,0,2,51,0,0,0,0,0,0,0x03
2026-09-06T11:09:09.365,10914,0,2,50,0,0,0,0,0,0,0x03
2026-09-06T11:09:09.446,10915,0,2,52,0,0,0,0,0,0,0x03
2026-09-06T11:09:09.510,10916,0,2,51,0,0,0,0,0,0,0x03
2026-09-06T11:09:09.575,10917,0,2,50,0,0,0,0,0,0,0x03
2026-09-06T11:09:09.640,10918,0,2,50,0,0,0,0,0,0,0x03
2026-09-06T11:09:09.705,10919,0,2,50,0,0,0,0,0,0,0x03
2026-09-06T11:09:09.770,10920,0,2,51,0,0,0,0,0,0,0x03
2026-09-06T11:09:09.835,10921,0,2,51,0,0,0,0,0,0,0x03
2026-09-06T11:09:09.916,10922,0,2,53,0,0,0,0,0,0,0x03
2026-09-06T11:09:09.981,10923,0,2,51,0,0,0,0,0,0,0x03
2026-09-06T11:09:10.046,10924,0,2,50,0,0,0,0,0,0,0x03
2026-09-06T11:09:10.111,10925,0,2,50,0,0,0,0,0,0,0x03
2026-09-06T11:09:10.175,10926,0,2,50,0,0,0,0,0,0,0x03
2026-09-06T11:09:10.240,10927,0,2,50,0,0,0,0,0,0,0x03
2026-09-06T11:09:10.305,10928,0,2,55,0,0,0,0,0,0,0x03
2026-09-06T11:09:10.370,10929,0,2,52,0,0,0,0,0,0,0x03
2026-09-06T11:09:10.451,10930,0,2,50,0,0,0,0,0,0,0x03
2026-09-06T11:09:10.516,10931,0,2,52,0,0,0,0,0,0,0x03
2026-09-06T11:09:10.581,10932,0,2,51,0,0,0,0,0,0,0x03
2026-09-06T11:09:10.646,10933,0,2,51,0,0,0,0,0,0,0x03
2026-09-06T11:09:10.711,10934,0,2,50,0,0,0,0,0,0,0x03
2026-09-06T11:09:10.776,10935,0,2,52,0,0,0,0,0,0,0x03
2026-09-06T11:09:10.840,10936,0,2,50,0,0,0,0,0,0,0x03
2026-09-06T11:09:10.905,10937,0,2,50,0,0,0,0,0,0,0x03
2026-09-06T11:09:10.986,10938,0,2,52,0,0,0,0,0,0,0x03
2026-09-06T11:09:11.050,10939,0,2,50,0,0,0,0,0,0,0x03
2026-09-06T11:09:11.115,10940,0,2,50,0,0,0,0,0,0,0x03
2026-09-06T11:09:11.180,10941,0,2,55,0,0,0,0,0,0,0x03
2026-09-06T11:09:11.245,10942,0,2,50,0,0,0,0,0,0,0x03
2026-09-06T11:09:11.310,10943,0,2,51,0,0,0,0,0,0,0x03
2026-09-06T11:09:11.375,10944,0,2,50,0,0,0,0,0,0,0x03
2026-09-06T11:09:11.456,10945,0,2,51,0,0,0,0,0,0,0x03
2026-09-06T11:09:11.520,10946,0,2,51,0,0,0,0,0,0,0x03
2026-09-06T11:09:11.585,10947,0,2,52,0,0,0,0,0,0,0x03
2026-09-06T11:09:11.650,10948,0,2,52,0,0,0,0,0,0,0x03
2026-09-06T11:09:11.715,10949,0,2,50,0,0,0,0,0,0,0x03
2026-09-06T11:09:11.779,10950,0,2,51,0,0,0,0,0,0,0x03
2026-09-06T11:09:11.860,10951,0,2,50,0,0,0,0,0,0,0x03
2026-09-06T11:09:11.909,10952,0,2,50,0,0,0,0,0,0,0x03
2026-09-06T11:09:11.990,10953,0,2,50,0,0,0,0,0,0,0x03
2026-09-06T11:09:12.055,10954,0,2,51,0,0,0,0,0,0,0x03
2026-09-06T11:09:12.119,10955,0,2,52,0,0,0,0,0,0,0x03
2026-09-06T11:09:12.184,10956,0,2,50,0,0,0,0,0,0,0x03
2026-09-06T11:09:12.249,10957,0,2,55,0,0,0,0,0,0,0x03
2026-09-06T11:09:12.314,10958,0,2,52,0,0,0,0,0,0,0x03
2026-09-06T11:09:12.379,10959,0,2,50,0,0,0,0,0,0,0x03
2026-09-06T11:09:12.444,10960,0,2,51,0,0,0,0,0,0,0x03
2026-09-06T11:09:12.525,10961,0,2,50,0,0,0,0,0,0,0x03
2026-09-06T11:09:12.590,10962,0,2,51,0,0,0,0,0,0,0x03
2026-09-06T11:09:12.655,10963,0,2,52,0,0,0,0,0,0,0x03
2026-09-06T11:09:12.720,10964,0,2,51,0,0,0,0,0,0,0x03
2026-09-06T11:09:12.785,10965,0,2,51,0,0,0,0,0,0,0x03
2026-09-06T11:09:12.850,10966,0,2,50,0,0,0,0,0,0,0x03
2026-09-06T11:09:12.914,10967,0,2,55,0,0,0,0,0,0,0x03
2026-09-06T11:09:12.996,10968,0,2,51,0,0,0,0,0,0,0x03
2026-09-06T11:09:13.061,10969,0,2,50,0,0,0,0,0,0,0x03
2026-09-06T11:09:13.126,10970,0,2,50,0,0,0,0,0,0,0x03
2026-09-06T11:09:13.190,10971,0,2,51,0,0,0,0,0,0,0x03
2026-09-06T11:09:13.255,10972,0,2,52,0,0,0,0,0,0,0x03
2026-09-06T11:09:13.321,10973,0,2,51,0,0,0,0,0,0,0x03
2026-09-06T11:09:13.386,10974,0,2,50,0,0,0,0,0,0,0x03
2026-09-06T11:09:13.450,10975,0,2,50,0,0,0,0,0,0,0x03
2026-09-06T11:09:13.531,10976,0,2,52,0,0,0,0,0,0,0x03
2026-09-06T11:09:13.595,10977,0,2,51,0,0,0,0,0,0,0x03
2026-09-06T11:09:13.660,10978,0,2,50,0,0,0,0,0,0,0x03
2026-09-06T11:09:13.726,10979,0,2,51,0,0,0,0,0,0,0x03
2026-09-06T11:09:13.790,10980,0,2,50,0,0,0,0,0,0,0x03
2026-09-06T11:09:13.855,10981,0,2,50,0,0,0,0,0,0,0x03
2026-09-06T11:09:13.920,10982,0,2,50,0,0,0,0,0,0,0x03
2026-09-06T11:09:13.985,10983,0,2,51,0,0,0,0,0,0,0x03
2026-09-06T11:09:14.066,10984,0,2,50,0,0,0,0,0,0,0x03
2026-09-06T11:09:14.131,10985,0,2,51,0,0,0,0,0,0,0x03
2026-09-06T11:09:14.196,10986,0,2,50,0,0,0,0,0,0,0x03
2026-09-06T11:09:14.261,10987,0,2,50,0,0,0,0,0,0,0x03
2026-09-06T11:09:14.326,10988,0,2,52,0,0,0,0,0,0,0x03
2026-09-06T11:09:14.391,10989,0,2,50,0,0,0,0,0,0,0x03
2026-09-06T11:09:14.456,10990,0,2,51,0,0,0,0,0,0,0x03
2026-09-06T11:09:14.521,10991,0,2,51,0,0,0,0,0,0,0x03
2026-09-06T11:09:14.602,10992,0,2,52,0,0,0,0,0,0,0x03
2026-09-06T11:09:14.667,10993,0,2,51,0,0,0,0,0,0,0x03
2026-09-06T11:09:14.732,10994,0,2,51,0,0,0,0,0,0,0x03
2026-09-06T11:09:14.797,10995,0,2,51,0,0,0,0,0,0,0x03
2026-09-06T11:09:14.862,10996,0,2,51,0,0,0,0,0,0,0x03
2026-09-06T11:09:14.927,10997,0,2,52,0,0,0,0,0,0,0x03
2026-09-06T11:09:14.992,10998,0,2,50,0,0,0,0,0,0,0x03
2026-09-06T11:09:15.057,10999,0,2,51,0,0,0,0,0,0,0x03
2026-09-06T11:09:15.138,11000,0,2,51,0,0,0,0,0,0,0x03
2026-09-06T11:09:15.203,11001,0,2,51,0,0,0,0,0,0,0x03
2026-09-06T11:09:15.268,11002,0,2,50,0,0,0,0,0,0,0x03
2026-09-06T11:09:15.333,11003,0,2,51,0,0,0,0,0,0,0x03
2026-09-06T11:09:15.398,11004,0,2,50,0,0,0,0,0,0,0x03
2026-09-06T11:09:15.462,11005,0,2,52,0,0,0,0,0,0,0x03
2026-09-06T11:09:15.527,11006,0,2,50,0,0,0,0,0,0,0x03
2026-09-06T11:09:15.608,11007,0,2,50,0,0,0,0,0,0,0x03
2026-09-06T11:09:15.673,11008,0,2,51,0,0,0,0,0,0,0x03
2026-09-06T11:09:15.737,11009,0,2,50,0,0,0,0,0,0,0x03
2026-09-06T11:09:15.802,11010,0,2,50,0,0,0,0,0,0,0x03
2026-09-06T11:09:15.867,11011,0,2,52,0,0,0,0,0,0,0x03
2026-09-06T11:09:15.932,11012,0,2,51,0,0,0,0,0,0,0x03
2026-09-06T11:09:15.996,11013,0,2,50,0,0,0,0,0,0,0x03
2026-09-06T11:09:16.061,11014,0,2,50,0,0,0,0,0,0,0x03
2026-09-06T11:09:16.143,11015,0,2,50,0,0,0,0,0,0,0x03
2026-09-06T11:09:16.208,11016,0,2,50,0,0,0,0,0,0,0x03
2026-09-06T11:09:16.273,11017,0,2,50,0,0,0,0,0,0,0x03
2026-09-06T11:09:16.338,11018,0,2,50,0,0,0,0,0,0,0x03
2026-09-06T11:09:16.404,11019,0,2,52,0,0,0,0,0,0,0x03
2026-09-06T11:09:16.469,11020,0,2,54,0,0,0,0,0,0,0x03
2026-09-06T11:09:16.533,11021,0,2,50,0,0,0,0,0,0,0x03
2026-09-06T11:09:16.599,11022,0,2,50,0,0,0,0,0,0,0x03
2026-09-06T11:09:16.680,11023,0,2,51,0,0,0,0,0,0,0x03
2026-09-06T11:09:16.745,11024,0,2,51,0,0,0,0,0,0,0x03
2026-09-06T11:09:16.810,11025,0,2,57,0,0,0,0,0,0,0x03
2026-09-06T11:09:16.875,11026,0,2,51,0,0,0,0,0,0,0x03
2026-09-06T11:09:16.939,11027,0,2,51,0,0,0,0,0,0,0x03
2026-09-06T11:09:17.004,11028,0,2,51,0,0,0,0,0,0,0x03
2026-09-06T11:09:17.069,11029,0,2,50,0,0,0,0,0,0,0x03
2026-09-06T11:09:17.134,11030,0,2,51,0,0,0,0,0,0,0x03
2026-09-06T11:09:17.215,11031,0,2,51,0,0,0,0,0,0,0x03
2026-09-06T11:09:17.280,11032,0,2,51,0,0,0,0,0,0,0x03
2026-09-06T11:09:17.344,11033,0,2,51,0,0,0,0,0,0,0x03
2026-09-06T11:09:17.409,11034,0,2,50,0,0,0,0,0,0,0x03
2026-09-06T11:09:17.474,11035,0,2,50,0,0,0,0,0,0,0x03
2026-09-06T11:09:17.538,11036,0,2,51,0,0,0,0,0,0,0x03
2026-09-06T11:09:17.603,11037,0,2,52,0,0,0,0,0,0,0x03
2026-09-06T11:09:17.749,11038,0,2,51,0,0,0,0,0,0,0x03
2026-09-06T11:09:17.814,11039,0,2,50,0,0,0,0,0,0,0x03
2026-09-06T11:09:17.879,11040,0,2,51,0,0,0,0,0,0,0x03
2026-09-06T11:09:17.944,11041,0,2,51,0,0,0,0,0,0,0x03
2026-09-06T11:09:18.009,11043,0,2,52,0,0,0,0,0,0,0x03
2026-09-06T11:09:18.074,11044,0,2,51,0,0,0,0,0,0,0x03
2026-09-06T11:09:18.139,11045,0,2,52,0,0,0,0,0,0,0x03
2026-09-06T11:09:18.204,11046,0,2,52,0,0,0,0,0,0,0x03
2026-09-06T11:09:18.285,11047,0,2,51,0,0,0,0,0,0,0x03
2026-09-06T11:09:18.350,11048,0,2,51,0,0,0,0,0,0,0x03
2026-09-06T11:09:18.415,11049,0,2,52,0,0,0,0,0,0,0x03
2026-09-06T11:09:18.480,11050,0,2,52,0,0,0,0,0,0,0x03
2026-09-06T11:09:18.544,11051,0,2,50,0,0,0,0,0,0,0x03
2026-09-06T11:09:18.609,11052,0,2,50,0,0,0,0,0,0,0x03
2026-09-06T11:09:18.674,11053,0,2,50,0,0,0,0,0,0,0x03
2026-09-06T11:09:18.755,11054,0,2,51,0,0,0,0,0,0,0x03
2026-09-06T11:09:18.820,11055,0,2,50,0,0,0,0,0,0,0x03
2026-09-06T11:09:18.885,11056,0,2,51,0,0,0,0,0,0,0x03
2026-09-06T11:09:18.950,11057,0,2,50,0,0,0,0,0,0,0x03
2026-09-06T11:09:19.015,11058,0,2,50,0,0,0,0,0,0,0x03
2026-09-06T11:09:19.079,11059,0,2,50,0,0,0,0,0,0,0x03
2026-09-06T11:09:19.144,11060,0,2,51,0,0,0,0,0,0,0x03
2026-09-06T11:09:19.209,11061,0,2,50,0,0,0,0,0,0,0x03
2026-09-06T11:09:19.290,11062,0,2,53,0,0,0,0,0,0,0x03
2026-09-06T11:09:19.355,11063,0,2,50,0,0,0,0,0,0,0x03
2026-09-06T11:09:19.420,11064,0,2,52,0,0,0,0,0,0,0x03
2026-09-06T11:09:19.485,11065,0,2,52,0,0,0,0,0,0,0x03
2026-09-06T11:09:19.550,11066,0,2,50,0,0,0,0,0,0,0x03
2026-09-06T11:09:19.615,11067,0,2,50,0,0,0,0,0,0,0x03
2026-09-06T11:09:19.680,11068,0,2,51,0,0,0,0,0,0,0x03
2026-09-06T11:09:19.745,11069,0,2,51,0,0,0,0,0,0,0x03
2026-09-06T11:09:19.825,11070,0,2,51,0,0,0,0,0,0,0x03
2026-09-06T11:09:19.890,11071,0,2,52,0,0,0,0,0,0,0x03
2026-09-06T11:09:19.955,11072,0,2,51,0,0,0,0,0,0,0x03
2026-09-06T11:09:20.020,11073,0,2,51,0,0,0,0,0,0,0x03
2026-09-06T11:09:20.150,11074,0,2,50,0,0,0,0,0,0,0x03
2026-09-06T11:09:20.214,11075,0,2,51,0,0,0,0,0,0,0x03
2026-09-06T11:09:20.295,11076,0,2,50,0,0,0,0,0,0,0x03
2026-09-06T11:09:20.360,11077,0,2,51,0,0,0,0,0,0,0x03
2026-09-06T11:09:20.425,11079,0,2,50,0,0,0,0,0,0,0x03
2026-09-06T11:09:20.489,11080,0,2,52,0,0,0,0,0,0,0x03
2026-09-06T11:09:20.554,11081,0,2,50,0,0,0,0,0,0,0x03
2026-09-06T11:09:20.619,11082,0,2,50,0,0,0,0,0,0,0x03
2026-09-06T11:09:20.684,11083,0,2,51,0,0,0,0,0,0,0x03
2026-09-06T11:09:20.749,11084,0,2,51,0,0,0,0,0,0,0x03
2026-09-06T11:09:20.830,11085,0,2,50,0,0,0,0,0,0,0x03
2026-09-06T11:09:20.895,11086,0,2,51,0,0,0,0,0,0,0x03
2026-09-06T11:09:20.960,11087,0,2,50,0,0,0,0,0,0,0x03
2026-09-06T11:09:21.025,11088,0,2,50,0,0,0,0,0,0,0x03
2026-09-06T11:09:21.090,11089,0,2,52,0,0,0,0,0,0,0x03
2026-09-06T11:09:21.155,11090,0,2,51,0,0,0,0,0,0,0x03
2026-09-06T11:09:21.220,11091,0,2,50,0,0,0,0,0,0,0x03
2026-09-06T11:09:21.284,11092,0,2,51,0,0,0,0,0,0,0x03
2026-09-06T11:09:21.366,11093,0,2,51,0,0,0,0,0,0,0x03
2026-09-06T11:09:21.430,11094,0,2,50,0,0,0,0,0,0,0x03
2026-09-06T11:09:21.495,11095,0,2,51,0,0,0,0,0,0,0x03
2026-09-06T11:09:21.559,11096,0,2,51,0,0,0,0,0,0,0x03
2026-09-06T11:09:21.624,11097,0,2,52,0,0,0,0,0,0,0x03
2026-09-06T11:09:21.689,11098,0,2,50,0,0,0,0,0,0,0x03
2026-09-06T11:09:21.754,11099,0,2,51,0,0,0,0,0,0,0x03
2026-09-06T11:09:21.835,11100,0,2,50,0,0,0,0,0,0,0x03
2026-09-06T11:09:21.900,11101,0,2,52,0,0,0,0,0,0,0x03
2026-09-06T11:09:21.965,11102,0,2,52,0,0,0,0,0,0,0x03
2026-09-06T11:09:22.030,11103,0,2,51,0,0,0,0,0,0,0x03
2026-09-06T11:09:22.095,11104,0,2,52,0,0,0,0,0,0,0x03
2026-09-06T11:09:22.159,11105,0,2,51,0,0,0,0,0,0,0x03
2026-09-06T11:09:22.224,11106,0,2,50,0,0,0,0,0,0,0x03
2026-09-06T11:09:22.289,11107,0,2,51,0,0,0,0,0,0,0x03
2026-09-06T11:09:22.370,11108,0,2,51,0,0,0,0,0,0,0x03
2026-09-06T11:09:22.419,11109,0,2,50,0,0,0,0,0,0,0x03
2026-09-06T11:09:22.500,11110,0,2,50,0,0,0,0,0,0,0x03
2026-09-06T11:09:22.565,11111,0,2,50,0,0,0,0,0,0,0x03
2026-09-06T11:09:22.630,11112,0,2,52,0,0,0,0,0,0,0x03
2026-09-06T11:09:22.695,11113,0,2,50,0,0,0,0,0,0,0x03
2026-09-06T11:09:22.760,11114,0,2,51,0,0,0,0,0,0,0x03
2026-09-06T11:09:22.825,11115,0,2,50,0,0,0,0,0,0,0x03
2026-09-06T11:09:22.906,11116,0,2,51,0,0,0,0,0,0,0x03
2026-09-06T11:09:22.970,11117,0,2,50,0,0,0,0,0,0,0x03
2026-09-06T11:09:23.035,11118,0,2,52,0,0,0,0,0,0,0x03
2026-09-06T11:09:23.100,11119,0,2,50,0,0,0,0,0,0,0x03
2026-09-06T11:09:23.165,11120,0,2,50,0,0,0,0,0,0,0x03
2026-09-06T11:09:23.230,11121,0,2,52,0,0,0,0,0,0,0x03
2026-09-06T11:09:23.295,11122,0,2,51,0,0,0,0,0,0,0x03
2026-09-06T11:09:23.360,11123,0,2,52,0,0,0,0,0,0,0x03
2026-09-06T11:09:23.441,11124,0,2,51,0,0,0,0,0,0,0x03
2026-09-06T11:09:23.506,11125,0,2,50,0,0,0,0,0,0,0x03
2026-09-06T11:09:23.570,11126,0,2,50,0,0,0,0,0,0,0x03
2026-09-06T11:09:23.635,11127,0,2,50,0,0,0,0,0,0,0x03
2026-09-06T11:09:23.700,11128,0,2,51,0,0,0,0,0,0,0x03
2026-09-06T11:09:23.765,11129,0,2,50,0,0,0,0,0,0,0x03
2026-09-06T11:09:23.830,11130,0,2,50,0,0,0,0,0,0,0x03
2026-09-06T11:09:23.911,11131,0,2,51,0,0,0,0,0,0,0x03
2026-09-06T11:09:23.959,11132,0,2,51,0,0,0,0,0,0,0x03
2026-09-06T11:09:24.041,11133,0,2,50,0,0,0,0,0,0,0x03
2026-09-06T11:09:24.105,11134,0,2,50,0,0,0,0,0,0,0x03
2026-09-06T11:09:24.170,11135,0,2,52,0,0,0,0,0,0,0x03
2026-09-06T11:09:24.235,11136,0,2,50,0,0,0,0,0,0,0x03
2026-09-06T11:09:24.300,11137,0,2,51,0,0,0,0,0,0,0x03
2026-09-06T11:09:24.365,11138,0,2,51,0,0,0,0,0,0,0x03
2026-09-06T11:09:24.511,11139,0,2,50,0,0,0,0,0,0,0x03
2026-09-06T11:09:24.576,11140,0,2,50,0,0,0,0,0,0,0x03
2026-09-06T11:09:24.641,11141,0,2,51,0,0,0,0,0,0,0x03
2026-09-06T11:09:24.706,11142,0,2,50,0,0,0,0,0,0,0x03
2026-09-06T11:09:24.771,11144,0,2,50,0,0,0,0,0,0,0x03
2026-09-06T11:09:24.836,11145,0,2,50,0,0,0,0,0,0,0x03
2026-09-06T11:09:24.900,11146,0,2,51,0,0,0,0,0,0,0x03
2026-09-06T11:09:24.982,11147,0,2,50,0,0,0,0,0,0,0x03
2026-09-06T11:09:25.047,11148,0,2,50,0,0,0,0,0,0,0x03
2026-09-06T11:09:25.111,11149,0,2,52,0,0,0,0,0,0,0x03
2026-09-06T11:09:25.176,11150,0,2,51,0,0,0,0,0,0,0x03
2026-09-06T11:09:25.241,11151,0,2,52,0,0,0,0,0,0,0x03
2026-09-06T11:09:25.306,11152,0,2,50,0,0,0,0,0,0,0x03
2026-09-06T11:09:25.370,11153,0,2,52,0,0,0,0,0,0,0x03
2026-09-06T11:09:25.436,11154,0,2,51,0,0,0,0,0,0,0x03
2026-09-06T11:09:25.517,11155,0,2,52,0,0,0,0,0,0,0x03
2026-09-06T11:09:25.582,11156,0,2,52,0,0,0,0,0,0,0x03
2026-09-06T11:09:25.647,11157,0,2,51,0,0,0,0,0,0,0x03
2026-09-06T11:09:25.712,11158,0,2,52,0,0,0,0,0,0,0x03
2026-09-06T11:09:25.778,11159,0,2,50,0,0,0,0,0,0,0x03
2026-09-06T11:09:25.842,11160,0,2,52,0,0,0,0,0,0,0x03
2026-09-06T11:09:25.907,11161,0,2,50,0,0,0,0,0,0,0x03
2026-09-06T11:09:25.973,11162,0,2,50,0,0,0,0,0,0,0x03
2026-09-06T11:09:26.038,11163,0,2,52,0,0,0,0,0,0,0x03
2026-09-06T11:09:26.103,11164,0,2,50,0,0,0,0,0,0,0x03
2026-09-06T11:09:26.185,11165,0,2,52,0,0,0,0,0,0,0x03
2026-09-06T11:09:26.250,11166,0,2,50,0,0,0,0,0,0,0x03
2026-09-06T11:09:26.315,11167,0,2,50,0,0,0,0,0,0,0x03
2026-09-06T11:09:26.379,11168,0,2,50,0,0,0,0,0,0,0x03
2026-09-06T11:09:26.444,11169,0,2,52,0,0,0,0,0,0,0x03
2026-09-06T11:09:26.509,11170,0,2,51,0,0,0,0,0,0,0x03
2026-09-06T11:09:26.574,11171,0,2,51,0,0,0,0,0,0,0x03
2026-09-06T11:09:26.655,11172,0,2,51,0,0,0,0,0,0,0x03
2026-09-06T11:09:26.720,11173,0,2,53,0,0,0,0,0,0,0x03
2026-09-06T11:09:26.785,11174,0,2,51,0,0,0,0,0,0,0x03
2026-09-06T11:09:26.849,11175,0,2,52,0,0,0,0,0,0,0x03
2026-09-06T11:09:26.914,11176,0,2,50,0,0,0,0,0,0,0x03
2026-09-06T11:09:26.979,11177,0,2,51,0,0,0,0,0,0,0x03
2026-09-06T11:09:27.044,11178,0,2,51,0,0,0,0,0,0,0x03
2026-09-06T11:09:27.110,11179,0,2,50,0,0,0,0,0,0,0x03
2026-09-06T11:09:27.175,11180,0,2,51,0,0,0,0,0,0,0x03
2026-09-06T11:09:27.256,11181,0,2,51,0,0,0,0,0,0,0x03
2026-09-06T11:09:27.321,11182,0,2,50,0,0,0,0,0,0,0x03
2026-09-06T11:09:27.387,11183,0,2,52,0,0,0,0,0,0,0x03
2026-09-06T11:09:27.452,11184,0,2,51,0,0,0,0,0,0,0x03
2026-09-06T11:09:27.517,11185,0,2,50,0,0,0,0,0,0,0x03
2026-09-06T11:09:27.582,11186,0,2,51,0,0,0,0,0,0,0x03
2026-09-06T11:09:27.647,11187,0,2,50,0,0,0,0,0,0,0x03
2026-09-06T11:09:27.712,11188,0,2,50,0,0,0,0,0,0,0x03
2026-09-06T11:09:27.793,11189,0,2,54,0,0,0,0,0,0,0x03
2026-09-06T11:09:27.858,11190,0,2,50,0,0,0,0,0,0,0x03
2026-09-06T11:09:27.922,11191,0,2,50,0,0,0,0,0,0,0x03
2026-09-06T11:09:27.987,11192,0,2,51,0,0,0,0,0,0,0x03
2026-09-06T11:09:28.051,11193,0,2,51,0,0,0,0,0,0,0x03
2026-09-06T11:09:28.116,11194,0,2,50,0,0,0,0,0,0,0x03
2026-09-06T11:09:28.181,11195,0,2,52,0,0,0,0,0,0,0x03
2026-09-06T11:09:28.262,11196,0,2,52,0,0,0,0,0,0,0x03
2026-09-06T11:09:28.327,11197,0,2,50,0,0,0,0,0,0,0x03
2026-09-06T11:09:28.392,11198,0,2,50,0,0,0,0,0,0,0x03
2026-09-06T11:09:28.457,11199,0,2,50,0,0,0,0,0,0,0x03
2026-09-06T11:09:28.522,11200,0,2,50,0,0,0,0,0,0,0x03
2026-09-06T11:09:28.586,11201,0,2,51,0,0,0,0,0,0,0x03
2026-09-06T11:09:28.651,11202,0,2,52,0,0,0,0,0,0,0x03
2026-09-06T11:09:28.716,11203,0,2,51,0,0,0,0,0,0,0x03
2026-09-06T11:09:28.797,11204,0,2,51,0,0,0,0,0,0,0x03
2026-09-06T11:09:28.862,11205,0,2,55,0,0,0,0,0,0,0x03
2026-09-06T11:09:28.927,11206,0,2,50,0,0,0,0,0,0,0x03
2026-09-06T11:09:28.992,11207,0,2,52,0,0,0,0,0,0,0x03
2026-09-06T11:09:29.057,11208,0,2,50,0,0,0,0,0,0,0x03
2026-09-06T11:09:29.122,11209,0,2,51,0,0,0,0,0,0,0x03
2026-09-06T11:09:29.187,11210,0,2,50,0,0,0,0,0,0,0x03
2026-09-06T11:09:29.251,11211,0,2,52,0,0,0,0,0,0,0x03
2026-09-06T11:09:29.333,11212,0,2,52,0,0,0,0,0,0,0x03
2026-09-06T11:09:29.397,11213,0,2,51,0,0,0,0,0,0,0x03
2026-09-06T11:09:29.461,11214,0,2,50,0,0,0,0,0,0,0x03
2026-09-06T11:09:29.526,11215,0,2,50,0,0,0,0,0,0,0x03
2026-09-06T11:09:29.591,11216,0,2,52,0,0,0,0,0,0,0x03
2026-09-06T11:09:29.656,11217,0,2,50,0,0,0,0,0,0,0x03
2026-09-06T11:09:29.721,11218,0,2,50,0,0,0,0,0,0,0x03
2026-09-06T11:09:29.802,11219,0,2,51,0,0,0,0,0,0,0x03
2026-09-06T11:09:29.867,11220,0,2,52,0,0,0,0,0,0,0x03
2026-09-06T11:09:29.932,11221,0,2,50,0,0,0,0,0,0,0x03
2026-09-06T11:09:29.997,11222,0,2,52,0,0,0,0,0,0,0x03
2026-09-06T11:09:30.062,11223,0,2,50,0,0,0,0,0,0,0x03
2026-09-06T11:09:30.127,11224,0,2,52,0,0,0,0,0,0,0x03
2026-09-06T11:09:30.193,11225,0,2,51,0,0,0,0,0,0,0x03
2026-09-06T11:09:30.257,11226,0,2,50,0,0,0,0,0,0,0x03
2026-09-06T11:09:30.338,11227,0,2,51,0,0,0,0,0,0,0x03
2026-09-06T11:09:30.403,11228,0,2,51,0,0,0,0,0,0,0x03
2026-09-06T11:09:30.468,11229,0,2,50,0,0,0,0,0,0,0x03
2026-09-06T11:09:30.533,11230,0,2,52,0,0,0,0,0,0,0x03
2026-09-06T11:09:30.598,11231,0,2,51,0,0,0,0,0,0,0x03
2026-09-06T11:09:30.663,11232,0,2,51,0,0,0,0,0,0,0x03
2026-09-06T11:09:30.728,11233,0,2,51,0,0,0,0,0,0,0x03
2026-09-06T11:09:30.793,11234,0,2,50,0,0,0,0,0,0,0x03
2026-09-06T11:09:30.874,11235,0,2,51,0,0,0,0,0,0,0x03
2026-09-06T11:09:30.922,11236,0,2,50,0,0,0,0,0,0,0x03
2026-09-06T11:09:31.003,11237,0,2,51,0,0,0,0,0,0,0x03
2026-09-06T11:09:31.068,11238,0,2,50,0,0,0,0,0,0,0x03
2026-09-06T11:09:31.133,11239,0,2,50,0,0,0,0,0,0,0x03
2026-09-06T11:09:31.198,11240,0,2,50,0,0,0,0,0,0,0x03
2026-09-06T11:09:31.263,11241,0,2,50,0,0,0,0,0,0,0x03
2026-09-06T11:09:31.328,11242,0,2,50,0,0,0,0,0,0,0x03
2026-09-06T11:09:31.409,11243,0,2,55,0,0,0,0,0,0,0x03
2026-09-06T11:09:31.473,11244,0,2,50,0,0,0,0,0,0,0x03
2026-09-06T11:09:31.538,11245,0,2,50,0,0,0,0,0,0,0x03
2026-09-06T11:09:31.603,11246,0,2,51,0,0,0,0,0,0,0x03
2026-09-06T11:09:31.668,11247,0,2,50,0,0,0,0,0,0,0x03
2026-09-06T11:09:31.733,11248,0,2,52,0,0,0,0,0,0,0x03
2026-09-06T11:09:31.798,11249,0,2,51,0,0,0,0,0,0,0x03
2026-09-06T11:09:31.862,11250,0,2,50,0,0,0,0,0,0,0x03
2026-09-06T11:09:31.943,11251,0,2,50,0,0,0,0,0,0,0x03
2026-09-06T11:09:32.008,11252,0,2,50,0,0,0,0,0,0,0x03
2026-09-06T11:09:32.073,11253,0,2,50,0,0,0,0,0,0,0x03
2026-09-06T11:09:32.138,11254,0,2,50,0,0,0,0,0,0,0x03
2026-09-06T11:09:32.203,11255,0,2,52,0,0,0,0,0,0,0x03
2026-09-06T11:09:32.268,11256,0,2,52,0,0,0,0,0,0,0x03
2026-09-06T11:09:32.333,11257,0,2,50,0,0,0,0,0,0,0x03
2026-09-06T11:09:32.414,11258,0,2,52,0,0,0,0,0,0,0x03
2026-09-06T11:09:32.462,11259,0,2,54,0,0,0,0,0,0,0x03
2026-09-06T11:09:32.544,11260,0,2,52,0,0,0,0,0,0,0x03
2026-09-06T11:09:32.608,11261,0,2,51,0,0,0,0,0,0,0x03
2026-09-06T11:09:32.673,11262,0,2,50,0,0,0,0,0,0,0x03
2026-09-06T11:09:32.738,11263,0,2,50,0,0,0,0,0,0,0x03
2026-09-06T11:09:32.803,11264,0,2,50,0,0,0,0,0,0,0x03
2026-09-06T11:09:32.868,11265,0,2,50,0,0,0,0,0,0,0x03
2026-09-06T11:09:32.948,11266,0,2,50,0,0,0,0,0,0,0x03
2026-09-06T11:09:33.013,11267,0,2,50,0,0,0,0,0,0,0x03
2026-09-06T11:09:33.078,11268,0,2,51,0,0,0,0,0,0,0x03
2026-09-06T11:09:33.143,11269,0,2,50,0,0,0,0,0,0,0x03
2026-09-06T11:09:33.208,11270,0,2,50,0,0,0,0,0,0,0x03
2026-09-06T11:09:33.273,11271,0,2,54,0,0,0,0,0,0,0x03
2026-09-06T11:09:33.337,11272,0,2,52,0,0,0,0,0,0,0x03
2026-09-06T11:09:33.418,11273,0,2,50,0,0,0,0,0,0,0x03
2026-09-06T11:09:33.483,11274,0,2,50,0,0,0,0,0,0,0x03
2026-09-06T11:09:33.548,11275,0,2,50,0,0,0,0,0,0,0x03
2026-09-06T11:09:33.613,11276,0,2,52,0,0,0,0,0,0,0x03
2026-09-06T11:09:33.677,11277,0,2,51,0,0,0,0,0,0,0x03
2026-09-06T11:09:33.742,11278,0,2,51,0,0,0,0,0,0,0x03
2026-09-06T11:09:33.807,11279,0,2,51,0,0,0,0,0,0,0x03
2026-09-06T11:09:33.872,11280,0,2,50,0,0,0,0,0,0,0x03
2026-09-06T11:09:33.952,11281,0,2,52,0,0,0,0,0,0,0x03
2026-09-06T11:09:34.017,11282,0,2,52,0,0,0,0,0,0,0x03
2026-09-06T11:09:34.081,11283,0,2,50,0,0,0,0,0,0,0x03
2026-09-06T11:09:34.146,11284,0,2,50,0,0,0,0,0,0,0x03
2026-09-06T11:09:34.211,11285,0,2,50,0,0,0,0,0,0,0x03
2026-09-06T11:09:34.276,11286,0,2,52,0,0,0,0,0,0,0x03
2026-09-06T11:09:34.341,11287,0,2,52,0,0,0,0,0,0,0x03
2026-09-06T11:09:34.422,11288,0,2,50,0,0,0,0,0,0,0x03
2026-09-06T11:09:34.486,11289,0,2,50,0,0,0,0,0,0,0x03
2026-09-06T11:09:34.551,11290,0,2,50,0,0,0,0,0,0,0x03
2026-09-06T11:09:34.616,11291,0,2,52,0,0,0,0,0,0,0x03
2026-09-06T11:09:34.680,11292,0,2,51,0,0,0,0,0,0,0x03
2026-09-06T11:09:34.745,11293,0,2,51,0,0,0,0,0,0,0x03
2026-09-06T11:09:34.810,11294,0,2,50,0,0,0,0,0,0,0x03
2026-09-06T11:09:34.875,11295,0,2,51,0,0,0,0,0,0,0x03
2026-09-06T11:09:34.955,11296,0,2,51,0,0,0,0,0,0,0x03
2026-09-06T11:09:35.020,11297,0,2,51,0,0,0,0,0,0,0x03
2026-09-06T11:09:35.086,11298,0,2,50,0,0,0,0,0,0,0x03
2026-09-06T11:09:35.151,11299,0,2,51,0,0,0,0,0,0,0x03
2026-09-06T11:09:35.215,11300,0,2,50,0,0,0,0,0,0,0x03
2026-09-06T11:09:35.280,11301,0,2,51,0,0,0,0,0,0,0x03
2026-09-06T11:09:35.345,11302,0,2,52,0,0,0,0,0,0,0x03
2026-09-06T11:09:35.491,11303,0,2,51,0,0,0,0,0,0,0x03
2026-09-06T11:09:35.556,11304,0,2,50,0,0,0,0,0,0,0x03
2026-09-06T11:09:35.621,11305,0,2,50,0,0,0,0,0,0,0x03
2026-09-06T11:09:35.686,11306,0,2,50,0,0,0,0,0,0,0x03
2026-09-06T11:09:35.751,11308,0,2,51,0,0,0,0,0,0,0x03
2026-09-06T11:09:35.815,11309,0,2,51,0,0,0,0,0,0,0x03
2026-09-06T11:09:35.880,11310,0,2,50,0,0,0,0,0,0,0x03
2026-09-06T11:09:35.961,11311,0,2,51,0,0,0,0,0,0,0x03
2026-09-06T11:09:36.025,11312,0,2,51,0,0,0,0,0,0,0x03
2026-09-06T11:09:36.090,11313,0,2,50,0,0,0,0,0,0,0x03
2026-09-06T11:09:36.155,11314,0,2,50,0,0,0,0,0,0,0x03
2026-09-06T11:09:36.219,11315,0,2,53,0,0,0,0,0,0,0x03
2026-09-06T11:09:36.284,11316,0,2,50,0,0,0,0,0,0,0x03
2026-09-06T11:09:36.349,11317,0,2,52,0,0,0,0,0,0,0x03
2026-09-06T11:09:36.430,11318,0,2,51,0,0,0,0,0,0,0x03
2026-09-06T11:09:36.494,11319,0,2,56,0,0,0,0,0,0,0x03
2026-09-06T11:09:36.559,11320,0,2,50,0,0,0,0,0,0,0x03
2026-09-06T11:09:36.624,11321,0,2,51,0,0,0,0,0,0,0x03
2026-09-06T11:09:36.689,11322,0,2,50,0,0,0,0,0,0,0x03
2026-09-06T11:09:36.754,11323,0,2,50,0,0,0,0,0,0,0x03
2026-09-06T11:09:36.819,11324,0,2,52,0,0,0,0,0,0,0x03
2026-09-06T11:09:36.884,11325,0,2,51,0,0,0,0,0,0,0x03
2026-09-06T11:09:36.965,11326,0,2,50,0,0,0,0,0,0,0x03
2026-09-06T11:09:37.030,11327,0,2,50,0,0,0,0,0,0,0x03
2026-09-06T11:09:37.095,11328,0,2,51,0,0,0,0,0,0,0x03
2026-09-06T11:09:37.161,11329,0,2,50,0,0,0,0,0,0,0x03
2026-09-06T11:09:37.226,11330,0,2,50,0,0,0,0,0,0,0x03
2026-09-06T11:09:37.291,11331,0,2,52,0,0,0,0,0,0,0x03
2026-09-06T11:09:37.356,11332,0,2,51,0,0,0,0,0,0,0x03
2026-09-06T11:09:37.421,11333,0,2,51,0,0,0,0,0,0,0x03
2026-09-06T11:09:37.486,11334,0,2,51,0,0,0,0,0,0,0x03
2026-09-06T11:09:37.567,11335,0,2,54,0,0,0,0,0,0,0x03
2026-09-06T11:09:37.632,11336,0,2,50,0,0,0,0,0,0,0x03
2026-09-06T11:09:37.697,11337,0,2,51,0,0,0,0,0,0,0x03
2026-09-06T11:09:37.762,11338,0,2,50,0,0,0,0,0,0,0x03
2026-09-06T11:09:37.827,11339,0,2,51,0,0,0,0,0,0,0x03
2026-09-06T11:09:37.892,11340,0,2,51,0,0,0,0,0,0,0x03
2026-09-06T11:09:37.958,11341,0,2,50,0,0,0,0,0,0,0x03
2026-09-06T11:09:38.023,11342,0,2,51,0,0,0,0,0,0,0x03
2026-09-06T11:09:38.363,11343,0,2,51,0,0,0,0,0,0,0x03
2026-09-06T11:09:38.428,11344,0,2,50,0,0,0,0,0,0,0x03
2026-09-06T11:09:38.493,11345,0,2,51,0,0,0,0,0,0,0x03
2026-09-06T11:09:38.769,11346,0,2,52,0,0,0,0,0,0,0x03
2026-09-06T11:09:38.833,11351,0,2,50,0,0,0,0,0,0,0x03
2026-09-06T11:09:38.898,11352,0,2,51,0,0,0,0,0,0,0x03
2026-09-06T11:09:39.174,11353,0,2,51,0,0,0,0,0,0,0x03
2026-09-06T11:09:39.239,11357,0,2,50,0,0,0,0,0,0,0x03
2026-09-06T11:09:39.304,11358,0,2,51,0,0,0,0,0,0,0x03
2026-09-06T11:09:39.434,11359,0,2,50,0,0,0,0,0,0,0x03
2026-09-06T11:09:39.498,11363,0,2,52,0,0,0,0,0,0,0x03
2026-09-06T11:09:39.563,11364,0,2,50,0,0,0,0,0,0,0x03
2026-09-06T11:09:39.644,11365,0,2,50,0,0,0,0,0,0,0x03
2026-09-06T11:09:39.709,11367,0,2,50,0,0,0,0,0,0,0x03
2026-09-06T11:09:40.032,11368,0,2,51,0,0,0,0,0,0,0x03
2026-09-06T11:09:40.373,11369,0,2,50,0,0,0,0,0,0,0x03
2026-09-06T11:09:40.567,11370,0,2,50,0,0,0,0,0,0,0x03
2026-09-06T11:09:40.648,11371,0,2,51,0,0,0,0,0,0,0x03
2026-09-06T11:09:40.713,11376,0,2,50,0,0,0,0,0,0,0x03
2026-09-06T11:09:40.778,11381,0,2,50,0,0,0,0,0,0,0x03
2026-09-06T11:09:40.843,11384,0,2,51,0,0,0,0,0,0,0x03
2026-09-06T11:09:40.908,11385,0,2,50,0,0,0,0,0,0,0x03
2026-09-06T11:09:40.973,11386,0,2,51,0,0,0,0,0,0,0x03
2026-09-06T11:09:41.038,11387,0,2,50,0,0,0,0,0,0,0x03
2026-09-06T11:09:41.102,11388,0,2,50,0,0,0,0,0,0,0x03
2026-09-06T11:09:41.184,11389,0,2,50,0,0,0,0,0,0,0x03
2026-09-06T11:09:41.248,11390,0,2,51,0,0,0,0,0,0,0x03
2026-09-06T11:09:41.313,11391,0,2,52,0,0,0,0,0,0,0x03
2026-09-06T11:09:41.378,11392,0,2,51,0,0,0,0,0,0,0x03
2026-09-06T11:09:41.442,11393,0,2,51,0,0,0,0,0,0,0x03
2026-09-06T11:09:41.507,11394,0,2,51,0,0,0,0,0,0,0x03
2026-09-06T11:09:41.572,11395,0,2,52,0,0,0,0,0,0,0x03
2026-09-06T11:09:41.652,11396,0,2,52,0,0,0,0,0,0,0x03
2026-09-06T11:09:41.718,11397,0,2,50,0,0,0,0,0,0,0x03
2026-09-06T11:09:41.782,11398,0,2,51,0,0,0,0,0,0,0x03
2026-09-06T11:09:41.847,11399,0,2,50,0,0,0,0,0,0,0x03
2026-09-06T11:09:41.912,11400,0,2,51,0,0,0,0,0,0,0x03
2026-09-06T11:09:41.976,11401,0,2,51,0,0,0,0,0,0,0x03
2026-09-06T11:09:42.041,11402,0,2,53,0,0,0,0,0,0,0x03
2026-09-06T11:09:42.106,11403,0,2,51,0,0,0,0,0,0,0x03
2026-09-06T11:09:42.187,11404,0,2,51,0,0,0,0,0,0,0x03
2026-09-06T11:09:42.252,11405,0,2,50,0,0,0,0,0,0,0x03
2026-09-06T11:09:42.317,11406,0,2,51,0,0,0,0,0,0,0x03
2026-09-06T11:09:42.381,11407,0,2,50,0,0,0,0,0,0,0x03
2026-09-06T11:09:42.446,11408,0,2,50,0,0,0,0,0,0,0x03
2026-09-06T11:09:42.511,11409,0,2,50,0,0,0,0,0,0,0x03
2026-09-06T11:09:42.576,11410,0,2,50,0,0,0,0,0,0,0x03
2026-09-06T11:09:42.641,11411,0,2,50,0,0,0,0,0,0,0x03
2026-09-06T11:09:42.722,11412,0,2,51,0,0,0,0,0,0,0x03
2026-09-06T11:09:42.787,11413,0,2,52,0,0,0,0,0,0,0x03
2026-09-06T11:09:42.852,11414,0,2,51,0,0,0,0,0,0,0x03
2026-09-06T11:09:42.917,11415,0,2,51,0,0,0,0,0,0,0x03
2026-09-06T11:09:42.982,11416,0,2,51,0,0,0,0,0,0,0x03
2026-09-06T11:09:43.047,11417,0,2,51,0,0,0,0,0,0,0x03
2026-09-06T11:09:43.112,11418,0,2,52,0,0,0,0,0,0,0x03
2026-09-06T11:09:43.177,11419,0,2,51,0,0,0,0,0,0,0x03
2026-09-06T11:09:43.257,11420,0,2,50,0,0,0,0,0,0,0x03
2026-09-06T11:09:43.322,11421,0,2,50,0,0,0,0,0,0,0x03
2026-09-06T11:09:43.387,11422,0,2,51,0,0,0,0,0,0,0x03
2026-09-06T11:09:43.452,11423,0,2,50,0,0,0,0,0,0,0x03
2026-09-06T11:09:43.516,11424,0,2,51,0,0,0,0,0,0,0x03
2026-09-06T11:09:43.581,11425,0,2,51,0,0,0,0,0,0,0x03
2026-09-06T11:09:43.646,11426,0,2,50,0,0,0,0,0,0,0x03
2026-09-06T11:09:43.727,11427,0,2,52,0,0,0,0,0,0,0x03
2026-09-06T11:09:43.792,11428,0,2,51,0,0,0,0,0,0,0x03
2026-09-06T11:09:43.856,11429,0,2,50,0,0,0,0,0,0,0x03
2026-09-06T11:09:43.921,11430,0,2,51,0,0,0,0,0,0,0x03
2026-09-06T11:09:43.986,11431,0,2,50,0,0,0,0,0,0,0x03
2026-09-06T11:09:44.051,11432,0,2,52,0,0,0,0,0,0,0x03
2026-09-06T11:09:44.115,11433,0,2,50,0,0,0,0,0,0,0x03
2026-09-06T11:09:44.196,11434,0,2,50,0,0,0,0,0,0,0x03
2026-09-06T11:09:44.261,11435,0,2,51,0,0,0,0,0,0,0x03
2026-09-06T11:09:44.326,11436,0,2,50,0,0,0,0,0,0,0x03
2026-09-06T11:09:44.391,11437,0,2,50,0,0,0,0,0,0,0x03
2026-09-06T11:09:44.456,11438,0,2,50,0,0,0,0,0,0,0x03
2026-09-06T11:09:44.521,11439,0,2,51,0,0,0,0,0,0,0x03
2026-09-06T11:09:44.586,11440,0,2,51,0,0,0,0,0,0,0x03
2026-09-06T11:09:44.650,11441,0,2,50,0,0,0,0,0,0,0x03
2026-09-06T11:09:44.732,11442,0,2,50,0,0,0,0,0,0,0x03
2026-09-06T11:09:44.797,11443,0,2,52,0,0,0,0,0,0,0x03
2026-09-06T11:09:44.861,11444,0,2,52,0,0,0,0,0,0,0x03
2026-09-06T11:09:44.926,11445,0,2,51,0,0,0,0,0,0,0x03
2026-09-06T11:09:44.991,11446,0,2,50,0,0,0,0,0,0,0x03
2026-09-06T11:09:45.056,11447,0,2,50,0,0,0,0,0,0,0x03
2026-09-06T11:09:45.121,11448,0,2,52,0,0,0,0,0,0,0x03
2026-09-06T11:09:45.186,11449,0,2,50,0,0,0,0,0,0,0x03
2026-09-06T11:09:45.267,11450,0,2,52,0,0,0,0,0,0,0x03
2026-09-06T11:09:45.333,11451,0,2,50,0,0,0,0,0,0,0x03
2026-09-06T11:09:45.397,11452,0,2,51,0,0,0,0,0,0,0x03
2026-09-06T11:09:45.462,11453,0,2,50,0,0,0,0,0,0,0x03
2026-09-06T11:09:45.527,11454,0,2,50,0,0,0,0,0,0,0x03
2026-09-06T11:09:45.592,11455,0,2,59,0,0,0,0,0,0,0x03
2026-09-06T11:09:45.657,11456,0,2,51,0,0,0,0,0,0,0x03
2026-09-06T11:09:45.722,11457,0,2,51,0,0,0,0,0,0,0x03
2026-09-06T11:09:45.803,11458,0,2,51,0,0,0,0,0,0,0x03
2026-09-06T11:09:45.868,11459,0,2,50,0,0,0,0,0,0,0x03
2026-09-06T11:09:45.933,11460,0,2,51,0,0,0,0,0,0,0x03
2026-09-06T11:09:45.998,11461,0,2,52,0,0,0,0,0,0,0x03
2026-09-06T11:09:46.063,11462,0,2,55,0,0,0,0,0,0,0x03
2026-09-06T11:09:46.128,11463,0,2,52,0,0,0,0,0,0,0x03
2026-09-06T11:09:46.193,11464,0,2,51,0,0,0,0,0,0,0x03
2026-09-06T11:09:46.258,11465,0,2,51,0,0,0,0,0,0,0x03
2026-09-06T11:09:46.339,11466,0,2,50,0,0,0,0,0,0,0x03
2026-09-06T11:09:46.404,11467,0,2,52,0,0,0,0,0,0,0x03
2026-09-06T11:09:46.469,11468,0,2,50,0,0,0,0,0,0,0x03
2026-09-06T11:09:46.534,11469,0,2,51,0,0,0,0,0,0,0x03
2026-09-06T11:09:46.599,11470,0,2,50,0,0,0,0,0,0,0x03
2026-09-06T11:09:46.664,11471,0,2,50,0,0,0,0,0,0,0x03
2026-09-06T11:09:46.730,11472,0,2,53,0,0,0,0,0,0,0x03
2026-09-06T11:09:46.794,11473,0,2,51,0,0,0,0,0,0,0x03
2026-09-06T11:09:46.876,11474,0,2,50,0,0,0,0,0,0,0x03
2026-09-06T11:09:46.925,11475,0,2,50,0,0,0,0,0,0,0x03
2026-09-06T11:09:47.005,11476,0,2,50,0,0,0,0,0,0,0x03
2026-09-06T11:09:47.070,11477,0,2,51,0,0,0,0,0,0,0x03
2026-09-06T11:09:47.134,11478,0,2,54,0,0,0,0,0,0,0x03
2026-09-06T11:09:47.199,11479,0,2,50,0,0,0,0,0,0,0x03
2026-09-06T11:09:47.264,11480,0,2,52,0,0,0,0,0,0,0x03
2026-09-06T11:09:47.329,11481,0,2,51,0,0,0,0,0,0,0x03
2026-09-06T11:09:47.394,11482,0,2,50,0,0,0,0,0,0,0x03
2026-09-06T11:09:47.475,11483,0,2,50,0,0,0,0,0,0,0x03
2026-09-06T11:09:47.540,11484,0,2,51,0,0,0,0,0,0,0x03
2026-09-06T11:09:47.605,11485,0,2,52,0,0,0,0,0,0,0x03
2026-09-06T11:09:47.669,11486,0,2,50,0,0,0,0,0,0,0x03
2026-09-06T11:09:47.734,11487,0,2,51,0,0,0,0,0,0,0x03
2026-09-06T11:09:47.799,11488,0,2,50,0,0,0,0,0,0,0x03
2026-09-06T11:09:47.880,11489,0,2,50,0,0,0,0,0,0,0x03
2026-09-06T11:09:47.929,11490,0,2,52,0,0,0,0,0,0,0x03
2026-09-06T11:09:48.010,11491,0,2,52,0,0,0,0,0,0,0x03
2026-09-06T11:09:48.075,11492,0,2,51,0,0,0,0,0,0,0x03
2026-09-06T11:09:48.139,11493,0,2,51,0,0,0,0,0,0,0x03
2026-09-06T11:09:48.205,11494,0,2,54,0,0,0,0,0,0,0x03
2026-09-06T11:09:48.269,11495,0,2,50,0,0,0,0,0,0,0x03
2026-09-06T11:09:48.334,11496,0,2,50,0,0,0,0,0,0,0x03
2026-09-06T11:09:48.415,11497,0,2,52,0,0,0,0,0,0,0x03
2026-09-06T11:09:48.480,11498,0,2,51,0,0,0,0,0,0,0x03
2026-09-06T11:09:48.545,11499,0,2,50,0,0,0,0,0,0,0x03
2026-09-06T11:09:48.609,11500,0,2,53,0,0,0,0,0,0,0x03
2026-09-06T11:09:48.674,11501,0,2,50,0,0,0,0,0,0,0x03
2026-09-06T11:09:48.739,11502,0,2,50,0,0,0,0,0,0,0x03
2026-09-06T11:09:48.804,11503,0,2,50,0,0,0,0,0,0,0x03
2026-09-06T11:09:48.885,11504,0,2,51,0,0,0,0,0,0,0x03
2026-09-06T11:09:48.949,11505,0,2,50,0,0,0,0,0,0,0x03
2026-09-06T11:09:49.014,11506,0,2,50,0,0,0,0,0,0,0x03
2026-09-06T11:09:49.079,11507,0,2,51,0,0,0,0,0,0,0x03
2026-09-06T11:09:49.143,11508,0,2,56,0,0,0,0,0,0,0x03
2026-09-06T11:09:49.208,11509,0,2,51,0,0,0,0,0,0,0x03
2026-09-06T11:09:49.273,11510,0,2,52,0,0,0,0,0,0,0x03
2026-09-06T11:09:49.419,11511,0,2,51,0,0,0,0,0,0,0x03
2026-09-06T11:09:49.484,11512,0,2,52,0,0,0,0,0,0,0x03
2026-09-06T11:09:49.549,11513,0,2,52,0,0,0,0,0,0,0x03
2026-09-06T11:09:49.808,11514,0,2,51,0,0,0,0,0,0,0x03
2026-09-06T11:09:49.873,11516,0,2,50,0,0,0,0,0,0,0x03
2026-09-06T11:09:49.954,11517,0,2,52,0,0,0,0,0,0,0x03
2026-09-06T11:09:50.149,11518,0,2,52,0,0,0,0,0,0,0x03
2026-09-06T11:09:50.214,11522,0,2,51,0,0,0,0,0,0,0x03
2026-09-06T11:09:50.278,11523,0,2,51,0,0,0,0,0,0,0x03
2026-09-06T11:09:50.343,11524,0,2,52,0,0,0,0,0,0,0x03
2026-09-06T11:09:50.424,11527,0,2,51,0,0,0,0,0,0,0x03
2026-09-06T11:09:50.489,11528,0,2,50,0,0,0,0,0,0,0x03
2026-09-06T11:09:50.554,11529,0,2,54,0,0,0,0,0,0,0x03
2026-09-06T11:09:50.619,11530,0,2,52,0,0,0,0,0,0,0x03
2026-09-06T11:09:50.684,11531,0,2,51,0,0,0,0,0,0,0x03
2026-09-06T11:09:50.749,11532,0,2,50,0,0,0,0,0,0,0x03
2026-09-06T11:09:50.814,11533,0,2,50,0,0,0,0,0,0,0x03
2026-09-06T11:09:50.879,11534,0,2,50,0,0,0,0,0,0,0x03
2026-09-06T11:09:50.960,11535,0,2,51,0,0,0,0,0,0,0x03
2026-09-06T11:09:51.009,11536,0,2,51,0,0,0,0,0,0,0x03
2026-09-06T11:09:51.090,11537,0,2,50,0,0,0,0,0,0,0x03
2026-09-06T11:09:51.155,11538,0,2,51,0,0,0,0,0,0,0x03
2026-09-06T11:09:51.220,11539,0,2,54,0,0,0,0,0,0,0x03
2026-09-06T11:09:51.284,11540,0,2,52,0,0,0,0,0,0,0x03
2026-09-06T11:09:51.349,11541,0,2,50,0,0,0,0,0,0,0x03
2026-09-06T11:09:51.414,11542,0,2,52,0,0,0,0,0,0,0x03
2026-09-06T11:09:51.495,11543,0,2,51,0,0,0,0,0,0,0x03
2026-09-06T11:09:51.560,11544,0,2,52,0,0,0,0,0,0,0x03
2026-09-06T11:09:51.625,11545,0,2,50,0,0,0,0,0,0,0x03
2026-09-06T11:09:51.691,11546,0,2,51,0,0,0,0,0,0,0x03
2026-09-06T11:09:51.756,11547,0,2,52,0,0,0,0,0,0,0x03
2026-09-06T11:09:51.821,11548,0,2,51,0,0,0,0,0,0,0x03
2026-09-06T11:09:51.886,11549,0,2,53,0,0,0,0,0,0,0x03
2026-09-06T11:09:51.950,11550,0,2,50,0,0,0,0,0,0,0x03
2026-09-06T11:09:52.031,11551,0,2,51,0,0,0,0,0,0,0x03
2026-09-06T11:09:52.096,11552,0,2,50,0,0,0,0,0,0,0x03
2026-09-06T11:09:52.161,11553,0,2,50,0,0,0,0,0,0,0x03
2026-09-06T11:09:52.225,11554,0,2,50,0,0,0,0,0,0,0x03
2026-09-06T11:09:52.290,11555,0,2,52,0,0,0,0,0,0,0x03
2026-09-06T11:09:52.355,11556,0,2,52,0,0,0,0,0,0,0x03
2026-09-06T11:09:52.419,11557,0,2,51,0,0,0,0,0,0,0x03
2026-09-06T11:09:52.500,11558,0,2,50,0,0,0,0,0,0,0x03
2026-09-06T11:09:52.548,11559,0,2,50,0,0,0,0,0,0,0x03
2026-09-06T11:09:52.629,11560,0,2,52,0,0,0,0,0,0,0x03
2026-09-06T11:09:52.694,11561,0,2,52,0,0,0,0,0,0,0x03
2026-09-06T11:09:52.759,11562,0,2,50,0,0,0,0,0,0,0x03
2026-09-06T11:09:52.823,11563,0,2,52,0,0,0,0,0,0,0x03
2026-09-06T11:09:52.888,11564,0,2,52,0,0,0,0,0,0,0x03
2026-09-06T11:09:52.953,11565,0,2,51,0,0,0,0,0,0,0x03
2026-09-06T11:09:53.033,11566,0,2,52,0,0,0,0,0,0,0x03
2026-09-06T11:09:53.098,11567,0,2,50,0,0,0,0,0,0,0x03
2026-09-06T11:09:53.163,11568,0,2,51,0,0,0,0,0,0,0x03
2026-09-06T11:09:53.227,11569,0,2,52,0,0,0,0,0,0,0x03
2026-09-06T11:09:53.292,11570,0,2,51,0,0,0,0,0,0,0x03
2026-09-06T11:09:53.357,11571,0,2,52,0,0,0,0,0,0,0x03
2026-09-06T11:09:53.421,11572,0,2,50,0,0,0,0,0,0,0x03
2026-09-06T11:09:53.503,11573,0,2,50,0,0,0,0,0,0,0x03
2026-09-06T11:09:53.567,11574,0,2,51,0,0,0,0,0,0,0x03
2026-09-06T11:09:53.632,11575,0,2,51,0,0,0,0,0,0,0x03
2026-09-06T11:09:53.697,11576,0,2,51,0,0,0,0,0,0,0x03
2026-09-06T11:09:53.762,11577,0,2,50,0,0,0,0,0,0,0x03
2026-09-06T11:09:53.827,11578,0,2,51,0,0,0,0,0,0,0x03
2026-09-06T11:09:53.892,11579,0,2,51,0,0,0,0,0,0,0x03
2026-09-06T11:09:53.957,11580,0,2,50,0,0,0,0,0,0,0x03
2026-09-06T11:09:54.038,11581,0,2,53,0,0,0,0,0,0,0x03
2026-09-06T11:09:54.103,11582,0,2,51,0,0,0,0,0,0,0x03
2026-09-06T11:09:54.168,11583,0,2,50,0,0,0,0,0,0,0x03
2026-09-06T11:09:54.233,11584,0,2,51,0,0,0,0,0,0,0x03
2026-09-06T11:09:54.298,11585,0,2,51,0,0,0,0,0,0,0x03
2026-09-06T11:09:54.363,11586,0,2,51,0,0,0,0,0,0,0x03
2026-09-06T11:09:54.428,11587,0,2,52,0,0,0,0,0,0,0x03
2026-09-06T11:09:54.492,11588,0,2,52,0,0,0,0,0,0,0x03
2026-09-06T11:09:54.573,11589,0,2,51,0,0,0,0,0,0,0x03
2026-09-06T11:09:54.638,11590,0,2,50,0,0,0,0,0,0,0x03
2026-09-06T11:09:54.703,11591,0,2,50,0,0,0,0,0,0,0x03
2026-09-06T11:09:54.768,11592,0,2,50,0,0,0,0,0,0,0x03
2026-09-06T11:09:54.833,11593,0,2,53,0,0,0,0,0,0,0x03
2026-09-06T11:09:54.898,11594,0,2,50,0,0,0,0,0,0,0x03
2026-09-06T11:09:54.963,11595,0,2,50,0,0,0,0,0,0,0x03
2026-09-06T11:09:55.028,11596,0,2,50,0,0,0,0,0,0,0x03
2026-09-06T11:09:55.109,11597,0,2,50,0,0,0,0,0,0,0x03
2026-09-06T11:09:55.174,11598,0,2,50,0,0,0,0,0,0,0x03
2026-09-06T11:09:55.239,11599,0,2,55,0,0,0,0,0,0,0x03
2026-09-06T11:09:55.303,11600,0,2,52,0,0,0,0,0,0,0x03
2026-09-06T11:09:55.369,11601,0,2,50,0,0,0,0,0,0,0x03
2026-09-06T11:09:55.433,11602,0,2,50,0,0,0,0,0,0,0x03
2026-09-06T11:09:55.498,11603,0,2,53,0,0,0,0,0,0,0x03
2026-09-06T11:09:55.579,11604,0,2,50,0,0,0,0,0,0,0x03
2026-09-06T11:09:55.643,11605,0,2,51,0,0,0,0,0,0,0x03
2026-09-06T11:09:55.968,11606,0,2,52,0,0,0,0,0,0,0x03
2026-09-06T11:09:56.033,11607,0,2,50,0,0,0,0,0,0,0x03
2026-09-06T11:09:56.114,11608,0,2,50,0,0,0,0,0,0,0x03
2026-09-06T11:09:56.179,11609,0,2,54,0,0,0,0,0,0,0x03
2026-09-06T11:09:56.244,11614,0,2,51,0,0,0,0,0,0,0x03
2026-09-06T11:09:56.309,11615,0,2,52,0,0,0,0,0,0,0x03
2026-09-06T11:09:56.373,11616,0,2,52,0,0,0,0,0,0,0x03
2026-09-06T11:09:56.438,11617,0,2,52,0,0,0,0,0,0,0x03
2026-09-06T11:09:56.503,11618,0,2,50,0,0,0,0,0,0,0x03
2026-09-06T11:09:56.568,11619,0,2,50,0,0,0,0,0,0,0x03
2026-09-06T11:09:56.649,11620,0,2,51,0,0,0,0,0,0,0x03
2026-09-06T11:09:56.713,11621,0,2,50,0,0,0,0,0,0,0x03
2026-09-06T11:09:56.778,11622,0,2,55,0,0,0,0,0,0,0x03
2026-09-06T11:09:56.843,11623,0,2,52,0,0,0,0,0,0,0x03
2026-09-06T11:09:56.908,11624,0,2,50,0,0,0,0,0,0,0x03
2026-09-06T11:09:56.973,11625,0,2,50,0,0,0,0,0,0,0x03
2026-09-06T11:09:57.037,11626,0,2,51,0,0,0,0,0,0,0x03
2026-09-06T11:09:57.118,11627,0,2,51,0,0,0,0,0,0,0x03
2026-09-06T11:09:57.183,11628,0,2,51,0,0,0,0,0,0,0x03
2026-09-06T11:09:57.248,11629,0,2,50,0,0,0,0,0,0,0x03
2026-09-06T11:09:57.313,11630,0,2,51,0,0,0,0,0,0,0x03
2026-09-06T11:09:57.377,11631,0,2,52,0,0,0,0,0,0,0x03
2026-09-06T11:09:57.442,11632,0,2,54,0,0,0,0,0,0,0x03
2026-09-06T11:09:57.507,11633,0,2,50,0,0,0,0,0,0,0x03
2026-09-06T11:09:57.572,11634,0,2,52,0,0,0,0,0,0,0x03
2026-09-06T11:09:57.653,11635,0,2,51,0,0,0,0,0,0,0x03
2026-09-06T11:09:57.717,11636,0,2,50,0,0,0,0,0,0,0x03
2026-09-06T11:09:57.782,11637,0,2,51,0,0,0,0,0,0,0x03
2026-09-06T11:09:57.847,11638,0,2,51,0,0,0,0,0,0,0x03
2026-09-06T11:09:57.912,11639,0,2,51,0,0,0,0,0,0,0x03
2026-09-06T11:09:57.976,11640,0,2,50,0,0,0,0,0,0,0x03
2026-09-06T11:09:58.041,11641,0,2,50,0,0,0,0,0,0,0x03
2026-09-06T11:09:58.123,11642,0,2,50,0,0,0,0,0,0,0x03
2026-09-06T11:09:58.188,11643,0,2,52,0,0,0,0,0,0,0x03
2026-09-06T11:09:58.253,11644,0,2,52,0,0,0,0,0,0,0x03
2026-09-06T11:09:58.317,11645,0,2,51,0,0,0,0,0,0,0x03
2026-09-06T11:09:58.383,11646,0,2,50,0,0,0,0,0,0,0x03
2026-09-06T11:09:58.448,11647,0,2,52,0,0,0,0,0,0,0x03
2026-09-06T11:09:58.513,11648,0,2,52,0,0,0,0,0,0,0x03
2026-09-06T11:09:58.577,11649,0,2,52,0,0,0,0,0,0,0x03
2026-09-06T11:09:58.658,11650,0,2,51,0,0,0,0,0,0,0x03
2026-09-06T11:09:58.723,11651,0,2,50,0,0,0,0,0,0,0x03
2026-09-06T11:09:58.789,11652,0,2,50,0,0,0,0,0,0,0x03
2026-09-06T11:09:58.854,11653,0,2,51,0,0,0,0,0,0,0x03
2026-09-06T11:09:58.919,11654,0,2,50,0,0,0,0,0,0,0x03
2026-09-06T11:09:58.984,11655,0,2,51,0,0,0,0,0,0,0x03
2026-09-06T11:09:59.049,11656,0,2,50,0,0,0,0,0,0,0x03
2026-09-06T11:09:59.113,11657,0,2,50,0,0,0,0,0,0,0x03
2026-09-06T11:09:59.195,11658,0,2,50,0,0,0,0,0,0,0x03
2026-09-06T11:09:59.244,11659,0,2,52,0,0,0,0,0,0,0x03
2026-09-06T11:09:59.325,11660,0,2,50,0,0,0,0,0,0,0x03
2026-09-06T11:09:59.390,11661,0,2,50,0,0,0,0,0,0,0x03
2026-09-06T11:09:59.454,11662,0,2,51,0,0,0,0,0,0,0x03
2026-09-06T11:09:59.519,11663,0,2,51,0,0,0,0,0,0,0x03
2026-09-06T11:09:59.584,11664,0,2,53,0,0,0,0,0,0,0x03
2026-09-06T11:09:59.730,11665,0,2,50,0,0,0,0,0,0,0x03
2026-09-06T11:09:59.795,11666,0,2,51,0,0,0,0,0,0,0x03
2026-09-06T11:09:59.860,11667,0,2,52,0,0,0,0,0,0,0x03
2026-09-06T11:09:59.925,11668,0,2,52,0,0,0,0,0,0,0x03
2026-09-06T11:09:59.990,11670,0,2,50,0,0,0,0,0,0,0x03
2026-09-06T11:10:00.055,11671,0,2,52,0,0,0,0,0,0,0x03
2026-09-06T11:10:00.119,11672,0,2,50,0,0,0,0,0,0,0x03
2026-09-06T11:10:00.184,11673,0,2,51,0,0,0,0,0,0,0x03
2026-09-06T11:10:00.265,11674,0,2,55,0,0,0,0,0,0,0x03
2026-09-06T11:10:00.331,11675,0,2,51,0,0,0,0,0,0,0x03
2026-09-06T11:10:00.395,11676,0,2,50,0,0,0,0,0,0,0x03
2026-09-06T11:10:00.460,11677,0,2,51,0,0,0,0,0,0,0x03
2026-09-06T11:10:00.525,11678,0,2,51,0,0,0,0,0,0,0x03
2026-09-06T11:10:00.590,11679,0,2,52,0,0,0,0,0,0,0x03
2026-09-06T11:10:00.655,11680,0,2,52,0,0,0,0,0,0,0x03
2026-09-06T11:10:00.720,11681,0,2,50,0,0,0,0,0,0,0x03
2026-09-06T11:10:00.785,11682,0,2,50,0,0,0,0,0,0,0x03
2026-09-06T11:10:00.866,11683,0,2,51,0,0,0,0,0,0,0x03
2026-09-06T11:10:00.931,11684,0,2,50,0,0,0,0,0,0,0x03
2026-09-06T11:10:00.996,11685,0,2,50,0,0,0,0,0,0,0x03
2026-09-06T11:10:01.060,11686,0,2,53,0,0,0,0,0,0,0x03
2026-09-06T11:10:01.125,11687,0,2,50,0,0,0,0,0,0,0x03
2026-09-06T11:10:01.190,11688,0,2,51,0,0,0,0,0,0,0x03
2026-09-06T11:10:01.271,11689,0,2,52,0,0,0,0,0,0,0x03
2026-09-06T11:10:01.320,11690,0,2,55,0,0,0,0,0,0,0x03
2026-09-06T11:10:01.401,11691,0,2,51,0,0,0,0,0,0,0x03
2026-09-06T11:10:01.466,11692,0,2,50,0,0,0,0,0,0,0x03
2026-09-06T11:10:01.531,11693,0,2,51,0,0,0,0,0,0,0x03
2026-09-06T11:10:01.596,11694,0,2,50,0,0,0,0,0,0,0x03
2026-09-06T11:10:01.661,11695,0,2,51,0,0,0,0,0,0,0x03
2026-09-06T11:10:01.725,11696,0,2,50,0,0,0,0,0,0,0x03
2026-09-06T11:10:01.806,11697,0,2,52,0,0,0,0,0,0,0x03
2026-09-06T11:10:01.855,11698,0,2,50,0,0,0,0,0,0,0x03
2026-09-06T11:10:01.936,11699,0,2,51,0,0,0,0,0,0,0x03
2026-09-06T11:10:02.002,11700,0,2,55,0,0,0,0,0,0,0x03
2026-09-06T11:10:02.066,11701,0,2,50,0,0,0,0,0,0,0x03
2026-09-06T11:10:02.131,11702,0,2,50,0,0,0,0,0,0,0x03
2026-09-06T11:10:02.196,11703,0,2,51,0,0,0,0,0,0,0x03
2026-09-06T11:10:02.261,11704,0,2,52,0,0,0,0,0,0,0x03
2026-09-06T11:10:02.342,11705,0,2,52,0,0,0,0,0,0,0x03
2026-09-06T11:10:02.406,11706,0,2,51,0,0,0,0,0,0,0x03
2026-09-06T11:10:02.471,11707,0,2,50,0,0,0,0,0,0,0x03
2026-09-06T11:10:02.536,11708,0,2,51,0,0,0,0,0,0,0x03
2026-09-06T11:10:02.601,11709,0,2,50,0,0,0,0,0,0,0x03
2026-09-06T11:10:02.666,11710,0,2,50,0,0,0,0,0,0,0x03
2026-09-06T11:10:02.731,11711,0,2,52,0,0,0,0,0,0,0x03
2026-09-06T11:10:02.795,11712,0,2,50,0,0,0,0,0,0,0x03
2026-09-06T11:10:02.860,11713,0,2,50,0,0,0,0,0,0,0x03
2026-09-06T11:10:02.941,11714,0,2,51,0,0,0,0,0,0,0x03
2026-09-06T11:10:03.006,11715,0,2,50,0,0,0,0,0,0,0x03
2026-09-06T11:10:03.071,11716,0,2,52,0,0,0,0,0,0,0x03
2026-09-06T11:10:03.135,11717,0,2,52,0,0,0,0,0,0,0x03
2026-09-06T11:10:03.200,11718,0,2,51,0,0,0,0,0,0,0x03
2026-09-06T11:10:03.265,11719,0,2,51,0,0,0,0,0,0,0x03
2026-09-06T11:10:03.346,11720,0,2,52,0,0,0,0,0,0,0x03
2026-09-06T11:10:03.395,11721,0,2,50,0,0,0,0,0,0,0x03
2026-09-06T11:10:03.476,11722,0,2,51,0,0,0,0,0,0,0x03
2026-09-06T11:10:03.540,11723,0,2,51,0,0,0,0,0,0,0x03
2026-09-06T11:10:03.605,11724,0,2,51,0,0,0,0,0,0,0x03
2026-09-06T11:10:03.670,11725,0,2,50,0,0,0,0,0,0,0x03
2026-09-06T11:10:03.735,11726,0,2,51,0,0,0,0,0,0,0x03
2026-09-06T11:10:03.800,11727,0,2,51,0,0,0,0,0,0,0x03
2026-09-06T11:10:03.881,11728,0,2,51,0,0,0,0,0,0,0x03
2026-09-06T11:10:03.946,11729,0,2,50,0,0,0,0,0,0,0x03
2026-09-06T11:10:04.011,11730,0,2,50,0,0,0,0,0,0,0x03
2026-09-06T11:10:04.076,11731,0,2,54,0,0,0,0,0,0,0x03
2026-09-06T11:10:04.141,11732,0,2,51,0,0,0,0,0,0,0x03
2026-09-06T11:10:04.205,11733,0,2,50,0,0,0,0,0,0,0x03
2026-09-06T11:10:04.270,11734,0,2,52,0,0,0,0,0,0,0x03
2026-09-06T11:10:04.336,11735,0,2,51,0,0,0,0,0,0,0x03
2026-09-06T11:10:04.401,11736,0,2,52,0,0,0,0,0,0,0x03
2026-09-06T11:10:04.482,11737,0,2,51,0,0,0,0,0,0,0x03
2026-09-06T11:10:04.547,11738,0,2,51,0,0,0,0,0,0,0x03
2026-09-06T11:10:04.612,11739,0,2,52,0,0,0,0,0,0,0x03
2026-09-06T11:10:04.677,11740,0,2,51,0,0,0,0,0,0,0x03
2026-09-06T11:10:04.742,11741,0,2,55,0,0,0,0,0,0,0x03
2026-09-06T11:10:04.807,11742,0,2,50,0,0,0,0,0,0,0x03
2026-09-06T11:10:04.872,11743,0,2,50,0,0,0,0,0,0,0x03
2026-09-06T11:10:04.937,11744,0,2,50,0,0,0,0,0,0,0x03
2026-09-06T11:10:05.018,11745,0,2,50,0,0,0,0,0,0,0x03
2026-09-06T11:10:05.083,11746,0,2,50,0,0,0,0,0,0,0x03
2026-09-06T11:10:05.148,11747,0,2,53,0,0,0,0,0,0,0x03
2026-09-06T11:10:05.213,11748,0,2,51,0,0,0,0,0,0,0x03
2026-09-06T11:10:05.278,11749,0,2,52,0,0,0,0,0,0,0x03
2026-09-06T11:10:05.343,11750,0,2,52,0,0,0,0,0,0,0x03
2026-09-06T11:10:05.408,11751,0,2,55,0,0,0,0,0,0,0x03
2026-09-06T11:10:05.472,11752,0,2,52,0,0,0,0,0,0,0x03
2026-09-06T11:10:05.553,11753,0,2,50,0,0,0,0,0,0,0x03
2026-09-06T11:10:05.618,11754,0,2,51,0,0,0,0,0,0,0x03
2026-09-06T11:10:05.683,11755,0,2,51,0,0,0,0,0,0,0x03
2026-09-06T11:10:05.747,11756,0,2,52,0,0,0,0,0,0,0x03
2026-09-06T11:10:05.812,11757,0,2,50,0,0,0,0,0,0,0x03
2026-09-06T11:10:05.877,11758,0,2,50,0,0,0,0,0,0,0x03
2026-09-06T11:10:05.941,11759,0,2,52,0,0,0,0,0,0,0x03
2026-09-06T11:10:06.022,11760,0,2,51,0,0,0,0,0,0,0x03
2026-09-06T11:10:06.087,11761,0,2,52,0,0,0,0,0,0,0x03
2026-09-06T11:10:06.152,11762,0,2,51,0,0,0,0,0,0,0x03
2026-09-06T11:10:06.217,11763,0,2,52,0,0,0,0,0,0,0x03
2026-09-06T11:10:06.282,11764,0,2,55,0,0,0,0,0,0,0x03
2026-09-06T11:10:06.347,11765,0,2,51,0,0,0,0,0,0,0x03
2026-09-06T11:10:06.412,11766,0,2,52,0,0,0,0,0,0,0x03
2026-09-06T11:10:06.476,11767,0,2,50,0,0,0,0,0,0,0x03
2026-09-06T11:10:06.557,11768,0,2,50,0,0,0,0,0,0,0x03
2026-09-06T11:10:06.622,11769,0,2,51,0,0,0,0,0,0,0x03
2026-09-06T11:10:06.687,11770,0,2,50,0,0,0,0,0,0,0x03
2026-09-06T11:10:06.752,11771,0,2,51,0,0,0,0,0,0,0x03
2026-09-06T11:10:06.817,11772,0,2,50,0,0,0,0,0,0,0x03
2026-09-06T11:10:06.882,11773,0,2,50,0,0,0,0,0,0,0x03
2026-09-06T11:10:06.947,11774,0,2,52,0,0,0,0,0,0,0x03
2026-09-06T11:10:07.012,11775,0,2,51,0,0,0,0,0,0,0x03
2026-09-06T11:10:07.093,11776,0,2,51,0,0,0,0,0,0,0x03
2026-09-06T11:10:07.158,11777,0,2,50,0,0,0,0,0,0,0x03
2026-09-06T11:10:07.223,11778,0,2,51,0,0,0,0,0,0,0x03
2026-09-06T11:10:07.287,11779,0,2,51,0,0,0,0,0,0,0x03
2026-09-06T11:10:07.352,11780,0,2,51,0,0,0,0,0,0,0x03
2026-09-06T11:10:07.417,11781,0,2,50,0,0,0,0,0,0,0x03
2026-09-06T11:10:07.482,11782,0,2,51,0,0,0,0,0,0,0x03
2026-09-06T11:10:07.546,11783,0,2,52,0,0,0,0,0,0,0x03
2026-09-06T11:10:07.627,11784,0,2,52,0,0,0,0,0,0,0x03
2026-09-06T11:10:07.692,11785,0,2,51,0,0,0,0,0,0,0x03
2026-09-06T11:10:07.756,11786,0,2,53,0,0,0,0,0,0,0x03
2026-09-06T11:10:07.821,11787,0,2,51,0,0,0,0,0,0,0x03
2026-09-06T11:10:07.886,11788,0,2,50,0,0,0,0,0,0,0x03
2026-09-06T11:10:07.966,11789,0,2,51,0,0,0,0,0,0,0x03
2026-09-06T11:10:08.031,11790,0,2,55,0,0,0,0,0,0,0x03
2026-09-06T11:10:08.095,11791,0,2,50,0,0,0,0,0,0,0x03
2026-09-06T11:10:08.160,11792,0,2,51,0,0,0,0,0,0,0x03
2026-09-06T11:10:08.225,11793,0,2,50,0,0,0,0,0,0,0x03
2026-09-06T11:10:08.289,11794,0,2,51,0,0,0,0,0,0,0x03
2026-09-06T11:10:08.354,11795,0,2,50,0,0,0,0,0,0,0x03
2026-09-06T11:10:08.418,11796,0,2,50,0,0,0,0,0,0,0x03
2026-09-06T11:10:08.499,11797,0,2,50,0,0,0,0,0,0,0x03
2026-09-06T11:10:08.564,11798,0,2,50,0,0,0,0,0,0,0x03
2026-09-06T11:10:08.628,11799,0,2,50,0,0,0,0,0,0,0x03
2026-09-06T11:10:08.693,11800,0,2,50,0,0,0,0,0,0,0x03
2026-09-06T11:10:08.758,11801,0,2,50,0,0,0,0,0,0,0x03
2026-09-06T11:10:08.822,11802,0,2,51,0,0,0,0,0,0,0x03
2026-09-06T11:10:08.887,11803,0,2,52,0,0,0,0,0,0,0x03
2026-09-06T11:10:08.968,11804,0,2,52,0,0,0,0,0,0,0x03
2026-09-06T11:10:09.032,11805,0,2,51,0,0,0,0,0,0,0x03
2026-09-06T11:10:09.097,11806,0,2,51,0,0,0,0,0,0,0x03
2026-09-06T11:10:09.162,11807,0,2,50,0,0,0,0,0,0,0x03
2026-09-06T11:10:09.227,11808,0,2,51,0,0,0,0,0,0,0x03
2026-09-06T11:10:09.291,11809,0,2,50,0,0,0,0,0,0,0x03
2026-09-06T11:10:09.356,11810,0,2,51,0,0,0,0,0,0,0x03
2026-09-06T11:10:09.436,11811,0,2,50,0,0,0,0,0,0,0x03
2026-09-06T11:10:09.501,11812,0,2,52,0,0,0,0,0,0,0x03
2026-09-06T11:10:09.566,11813,0,2,51,0,0,0,0,0,0,0x03
2026-09-06T11:10:09.630,11814,0,2,52,0,0,0,0,0,0,0x03
2026-09-06T11:10:09.695,11815,0,2,53,0,0,0,0,0,0,0x03
2026-09-06T11:10:09.760,11816,0,2,52,0,0,0,0,0,0,0x03
2026-09-06T11:10:09.824,11817,0,2,51,0,0,0,0,0,0,0x03
2026-09-06T11:10:09.905,11818,0,2,51,0,0,0,0,0,0,0x03
2026-09-06T11:10:09.970,11819,0,2,54,0,0,0,0,0,0,0x03
2026-09-06T11:10:10.034,11820,0,2,50,0,0,0,0,0,0,0x03
2026-09-06T11:10:10.099,11821,0,2,52,0,0,0,0,0,0,0x03
2026-09-06T11:10:10.163,11822,0,2,50,0,0,0,0,0,0,0x03
2026-09-06T11:10:10.228,11823,0,2,50,0,0,0,0,0,0,0x03
2026-09-06T11:10:10.309,11824,0,2,51,0,0,0,0,0,0,0x03
2026-09-06T11:10:10.373,11825,0,2,51,0,0,0,0,0,0,0x03
2026-09-06T11:10:10.438,11826,0,2,50,0,0,0,0,0,0,0x03
2026-09-06T11:10:10.502,11827,0,2,50,0,0,0,0,0,0,0x03
2026-09-06T11:10:10.567,11828,0,2,53,0,0,0,0,0,0,0x03
2026-09-06T11:10:10.631,11829,0,2,51,0,0,0,0,0,0,0x03
2026-09-06T11:10:10.696,11830,0,2,51,0,0,0,0,0,0,0x03
2026-09-06T11:10:10.777,11831,0,2,51,0,0,0,0,0,0,0x03
2026-09-06T11:10:10.842,11832,0,2,50,0,0,0,0,0,0,0x03
2026-09-06T11:10:10.906,11833,0,2,50,0,0,0,0,0,0,0x03
2026-09-06T11:10:10.971,11834,0,2,53,0,0,0,0,0,0,0x03
2026-09-06T11:10:11.036,11835,0,2,50,0,0,0,0,0,0,0x03
2026-09-06T11:10:11.100,11836,0,2,50,0,0,0,0,0,0,0x03
2026-09-06T11:10:11.165,11837,0,2,52,0,0,0,0,0,0,0x03
2026-09-06T11:10:11.246,11838,0,2,54,0,0,0,0,0,0,0x03
2026-09-06T11:10:11.310,11839,0,2,52,0,0,0,0,0,0,0x03
2026-09-06T11:10:11.375,11840,0,2,51,0,0,0,0,0,0,0x03
2026-09-06T11:10:11.439,11841,0,2,51,0,0,0,0,0,0,0x03
2026-09-06T11:10:11.456,11842,0,2,51,0,0,0,0,0,0,0x03
2026-09-06T11:10:11.472,11843,0,2,51,0,0,0,0,0,0,0x03
2026-09-06T11:10:11.477,11844,0,2,51,0,0,0,0,0,0,0x03
