timestamp,sequence,team,robot_id,interval_ms,left_target_eps,left_measured_eps,left_duty,right_target_eps,right_measured_eps,right_duty,flags
2026-09-06T20:47:37.420,429,0,2,52,-921,-96,12876,-1520,-96,20289,0x07
2026-09-06T20:47:37.420,428,0,1,50,0,0,0,0,0,0,0x03
2026-09-06T20:47:37.505,431,0,2,50,-921,-340,11840,-1520,-820,17212,0x07
2026-09-06T20:47:37.505,430,0,1,52,0,0,0,0,0,0,0x03
2026-09-06T20:47:37.570,433,0,2,50,-921,-340,11840,-1520,-820,17212,0x07
2026-09-06T20:47:37.570,432,0,1,50,0,0,0,0,0,0,0x03
2026-09-06T20:47:37.634,435,0,2,51,0,0,0,0,0,0,0x03
2026-09-06T20:47:37.634,434,0,1,50,0,0,0,0,0,0,0x03
2026-09-06T20:47:37.699,1,0,2,51,0,0,0,0,0,0,0x03
2026-09-06T20:47:37.699,0,0,1,51,0,0,0,0,0,0,0x03
2026-09-06T20:47:37.764,3,0,2,55,0,0,0,0,0,0,0x03
2026-09-06T20:47:37.764,2,0,1,52,0,0,0,0,0,0,0x03
2026-09-06T20:47:37.829,5,0,2,51,0,0,0,0,0,0,0x03
2026-09-06T20:47:37.829,4,0,1,50,0,0,0,0,0,0,0x03
2026-09-06T20:47:37.894,7,0,2,50,0,0,0,0,0,0,0x03
2026-09-06T20:47:37.894,6,0,1,52,0,0,0,0,0,0,0x03
2026-09-06T20:47:37.975,9,0,2,50,0,0,0,0,0,0,0x03
2026-09-06T20:47:37.975,8,0,1,50,0,0,0,0,0,0,0x03
2026-09-06T20:47:38.040,11,0,2,50,0,0,0,0,0,0,0x03
2026-09-06T20:47:38.040,10,0,1,50,0,0,0,0,0,0,0x03
2026-09-06T20:47:38.105,13,0,2,50,0,0,0,0,0,0,0x03
2026-09-06T20:47:38.105,12,0,1,50,0,0,0,0,0,0,0x03
2026-09-06T20:47:38.170,15,0,2,54,0,0,0,0,0,0,0x03
2026-09-06T20:47:38.170,14,0,1,50,0,0,0,0,0,0,0x03
2026-09-06T20:47:38.235,17,0,2,52,0,0,0,0,0,0,0x03
2026-09-06T20:47:38.235,16,0,1,50,0,0,0,0,0,0,0x03
2026-09-06T20:47:38.300,19,0,2,50,0,0,0,0,0,0,0x03
2026-09-06T20:47:38.300,18,0,1,51,0,0,0,0,0,0,0x03
2026-09-06T20:47:38.366,21,0,2,50,0,0,0,0,0,0,0x03
2026-09-06T20:47:38.366,20,0,1,51,0,0,0,0,0,0,0x03
2026-09-06T20:47:38.430,23,0,2,52,0,0,0,0,0,0,0x03
2026-09-06T20:47:38.430,22,0,1,51,0,0,0,0,0,0,0x03
2026-09-06T20:47:38.512,25,0,2,51,0,0,0,0,0,0,0x03
2026-09-06T20:47:38.512,24,0,1,51,0,0,0,0,0,0,0x03
2026-09-06T20:47:38.577,27,0,2,52,0,0,0,0,0,0,0x03
2026-09-06T20:47:38.577,26,0,1,50,0,0,0,0,0,0,0x03
2026-09-06T20:47:38.642,29,0,2,54,0,0,0,0,0,0,0x03
2026-09-06T20:47:38.642,28,0,1,50,0,0,0,0,0,0,0x03
2026-09-06T20:47:38.707,31,0,2,51,0,0,0,0,0,0,0x03
2026-09-06T20:47:38.707,30,0,1,50,0,0,0,0,0,0,0x03
2026-09-06T20:47:38.772,33,0,2,52,0,0,0,0,0,0,0x03
2026-09-06T20:47:38.772,32,0,1,53,0,0,0,0,0,0,0x03
2026-09-06T20:47:38.837,35,0,2,50,0,0,0,0,0,0,0x03
2026-09-06T20:47:38.837,34,0,1,50,0,0,0,0,0,0,0x03
2026-09-06T20:47:38.902,37,0,2,51,0,0,0,0,0,0,0x03
2026-09-06T20:47:38.902,36,0,1,50,0,0,0,0,0,0,0x03
2026-09-06T20:47:38.967,39,0,2,51,0,0,0,0,0,0,0x03
2026-09-06T20:47:38.967,38,0,1,51,0,0,0,0,0,0,0x03
2026-09-06T20:47:39.032,41,0,2,52,0,0,0,0,0,0,0x03
2026-09-06T20:47:39.032,40,0,1,51,0,0,0,0,0,0,0x03
2026-09-06T20:47:39.113,43,0,2,50,0,0,0,0,0,0,0x03
2026-09-06T20:47:39.113,42,0,1,51,0,0,0,0,0,0,0x03
2026-09-06T20:47:39.178,45,0,2,52,0,0,0,0,0,0,0x03
2026-09-06T20:47:39.178,44,0,1,51,0,0,0,0,0,0,0x03
2026-09-06T20:47:39.244,47,0,2,51,0,0,0,0,0,0,0x03
2026-09-06T20:47:39.244,46,0,1,51,0,0,0,0,0,0,0x03
2026-09-06T20:47:39.309,49,0,2,50,0,0,0,0,0,0,0x03
2026-09-06T20:47:39.309,48,0,1,51,0,0,0,0,0,0,0x03
2026-09-06T20:47:39.374,51,0,2,50,0,0,0,0,0,0,0x03
2026-09-06T20:47:39.374,50,0,1,52,0,0,0,0,0,0,0x03
2026-09-06T20:47:39.439,53,0,2,51,0,0,0,0,0,0,0x03
2026-09-06T20:47:39.439,52,0,1,50,0,0,0,0,0,0,0x03
2026-09-06T20:47:39.504,55,0,2,51,0,0,0,0,0,0,0x03
2026-09-06T20:47:39.504,54,0,1,50,0,0,0,0,0,0,0x03
2026-09-06T20:47:39.569,57,0,2,51,0,0,0,0,0,0,0x03
2026-09-06T20:47:39.570,56,0,1,50,0,0,0,0,0,0,0x03
2026-09-06T20:47:39.634,59,0,2,51,0,0,0,0,0,0,0x03
2026-09-06T20:47:39.634,58,0,1,50,0,0,0,0,0,0,0x03
2026-09-06T20:47:39.714,61,0,2,52,0,0,0,0,0,0,0x03
2026-09-06T20:47:39.715,60,0,1,51,0,0,0,0,0,0,0x03
2026-09-06T20:47:39.779,63,0,2,51,0,0,0,0,0,0,0x03
2026-09-06T20:47:39.779,62,0,1,51,0,0,0,0,0,0,0x03
2026-09-06T20:47:39.844,65,0,2,50,0,0,0,0,0,0,0x03
2026-09-06T20:47:39.844,64,0,1,52,0,0,0,0,0,0,0x03
2026-09-06T20:47:39.910,67,0,2,51,0,0,0,0,0,0,0x03
2026-09-06T20:47:39.910,66,0,1,52,0,0,0,0,0,0,0x03
2026-09-06T20:47:39.975,69,0,2,51,0,0,0,0,0,0,0x03
2026-09-06T20:47:39.975,68,0,1,51,0,0,0,0,0,0,0x03
2026-09-06T20:47:40.040,71,0,2,50,0,0,0,0,0,0,0x03
2026-09-06T20:47:40.040,70,0,1,52,0,0,0,0,0,0,0x03
2026-09-06T20:47:40.121,73,0,2,50,0,0,0,0,0,0,0x03
2026-09-06T20:47:40.121,72,0,1,51,0,0,0,0,0,0,0x03
2026-09-06T20:47:40.170,75,0,2,51,0,0,0,0,0,0,0x03
2026-09-06T20:47:40.170,74,0,1,50,0,0,0,0,0,0,0x03
2026-09-06T20:47:40.252,77,0,2,51,0,0,0,0,0,0,0x03
2026-09-06T20:47:40.252,76,0,1,51,0,0,0,0,0,0,0x03
2026-09-06T20:47:40.317,79,0,2,50,0,0,27723,0,0,30238,0x07
2026-09-06T20:47:40.317,78,0,1,52,0,0,0,0,0,0,0x03
2026-09-06T20:47:40.382,81,0,2,50,3317,720,38759,3500,780,40000,0x07
2026-09-06T20:47:40.382,80,0,1,51,0,0,0,0,0,0,0x03
2026-09-06T20:47:40.448,83,0,2,51,3343,1020,37804,3500,1745,37696,0x07
2026-09-06T20:47:40.448,82,0,1,52,0,0,0,0,0,0,0x03
2026-09-06T20:47:40.513,85,0,2,56,3343,1464,35909,3500,2643,33881,0x07
2026-09-06T20:47:40.513,84,0,1,50,0,0,0,0,0,0,0x03
2026-09-06T20:47:40.578,87,0,2,51,3343,1863,34216,3500,2745,33446,0x07
2026-09-06T20:47:40.578,86,0,1,51,0,0,0,0,0,0,0x03
2026-09-06T20:47:40.643,89,0,2,51,3299,2137,32527,3500,2765,33363,0x07
2026-09-06T20:47:40.643,88,0,1,50,0,0,0,0,0,0,0x03
2026-09-06T20:47:40.708,91,0,2,51,3174,2275,30452,3500,2314,35280,0x07
2026-09-06T20:47:40.708,90,0,1,54,0,0,0,0,0,0,0x03
2026-09-06T20:47:40.773,93,0,2,51,2803,2412,25457,3318,2745,31202,0x07
2026-09-06T20:47:40.773,92,0,1,50,0,0,0,0,0,0,0x03
2026-09-06T20:47:40.855,95,0,2,50,1878,2460,14226,2655,2480,24159,0x07
2026-09-06T20:47:40.855,94,0,1,52,0,0,0,0,0,0,0x03
2026-09-06T20:47:40.920,97,0,2,50,830,2100,3278,1700,2100,13986,0x07
2026-09-06T20:47:40.920,96,0,1,50,0,0,0,0,0,0,0x03
2026-09-06T20:47:40.986,99,0,2,55,-848,-73,12099,-1454,-91,19491,0x07
2026-09-06T20:47:40.986,98,0,1,50,0,0,0,0,0,0,0x03
2026-09-06T20:47:41.050,101,0,2,50,-848,-280,11218,-1454,-820,16393,0x07
2026-09-06T20:47:41.050,100,0,1,52,0,0,0,0,0,0,0x03
2026-09-06T20:47:41.115,103,0,2,51,-1991,-59,25775,-2228,-471,27427,0x07
2026-09-06T20:47:41.115,102,0,1,51,0,0,0,0,0,0,0x03
2026-09-06T20:47:41.181,105,0,2,51,-2279,-706,26457,-2619,-784,30920,0x07
2026-09-06T20:47:41.181,104,0,1,50,0,0,0,0,0,0,0x03
2026-09-06T20:47:41.246,107,0,2,52,-2347,-1019,25937,-2745,-865,32129,0x07
2026-09-06T20:47:41.246,106,0,1,50,0,0,0,0,0,0,0x03
2026-09-06T20:47:41.311,109,0,2,50,-2224,-1060,24297,-2698,-1180,30210,0x07
2026-09-06T20:47:41.311,108,0,1,50,0,0,0,0,0,0,0x03
2026-09-06T20:47:41.377,111,0,2,52,-1914,-1404,19142,-2416,-1596,24962,0x07
2026-09-06T20:47:41.377,110,0,1,51,0,0,0,0,0,0,0x03
2026-09-06T20:47:41.442,113,0,2,50,-1914,-1700,17883,-2416,-1760,24265,0x07
2026-09-06T20:47:41.442,112,0,1,52,0,0,0,0,0,0,0x03
2026-09-06T20:47:41.523,115,0,2,51,-1818,-1588,17213,-2342,-1804,23164,0x07
2026-09-06T20:47:41.523,114,0,1,50,0,0,0,0,0,0,0x03
2026-09-06T20:47:41.589,117,0,2,52,-1802,-1654,16745,-2310,-2000,21943,0x07
2026-09-06T20:47:41.589,116,0,1,52,0,0,0,0,0,0,0x03
2026-09-06T20:47:41.653,119,0,2,57,-1650,-1579,15259,-2170,-1965,20356,0x07
2026-09-06T20:47:41.653,118,0,1,50,0,0,0,0,0,0,0x03
2026-09-06T20:47:41.719,121,0,2,50,-1650,-1600,15169,-2170,-2080,19867,0x07
2026-09-06T20:47:41.719,120,0,1,50,0,0,0,0,0,0,0x03
2026-09-06T20:47:41.784,123,0,2,51,-1697,-1549,15941,-2201,-1922,20929,0x07
2026-09-06T20:47:41.784,122,0,1,50,0,0,0,0,0,0,0x03
2026-09-06T20:47:41.849,125,0,2,50,-1762,-1560,16669,-2253,-2060,20985,0x07
2026-09-06T20:47:41.849,124,0,1,50,0,0,0,0,0,0,0x03
2026-09-06T20:47:41.914,127,0,2,50,-1907,-1560,18398,-2361,-1900,22998,0x07
2026-09-06T20:47:41.914,126,0,1,51,0,0,0,0,0,0,0x03
2026-09-06T20:47:41.979,129,0,2,51,-2232,-1725,21564,-2596,-2078,25136,0x07
2026-09-06T20:47:41.979,128,0,1,52,0,0,0,0,0,0,0x03
2026-09-06T20:47:42.061,131,0,2,53,-2729,-1774,27280,-3002,-2189,29669,0x07
2026-09-06T20:47:42.061,130,0,1,51,0,0,0,0,0,0,0x03
2026-09-06T20:47:42.126,133,0,2,51,-2729,-2059,26068,-3002,-2373,28888,0x07
2026-09-06T20:47:42.126,132,0,1,51,0,0,0,0,0,0,0x03
2026-09-06T20:47:42.191,135,0,2,50,-3030,-2180,29138,-3217,-2400,31425,0x07
2026-09-06T20:47:42.191,134,0,1,51,0,0,0,0,0,0,0x03
2026-09-06T20:47:42.256,137,0,2,52,-3105,-2635,28098,-3331,-2596,31989,0x07
2026-09-06T20:47:42.256,136,0,1,51,0,0,0,0,0,0,0x03
2026-09-06T20:47:42.321,139,0,2,51,-3210,-2549,29720,-3396,-2745,32169,0x07
2026-09-06T20:47:42.321,138,0,1,50,0,0,0,0,0,0,0x03
2026-09-06T20:47:42.386,141,0,2,50,-3271,-2760,29546,-3443,-2840,32335,0x07
2026-09-06T20:47:42.386,140,0,1,62,0,0,0,0,0,0,0x03
2026-09-06T20:47:42.452,143,0,2,56,-3287,-2964,28864,-3494,-2875,32821,0x07
2026-09-06T20:47:42.452,142,0,1,51,0,0,0,0,0,0,0x03
2026-09-06T20:47:42.517,145,0,2,52,-3287,-2923,29039,-3494,-3212,31391,0x07
2026-09-06T20:47:42.518,144,0,1,51,0,0,0,0,0,0,0x03
2026-09-06T20:47:42.582,147,0,2,50,-2573,-3120,19697,-2795,-3180,22910,0x07
2026-09-06T20:47:42.582,146,0,1,50,0,0,0,0,0,0,0x03
2026-09-06T20:47:42.663,149,0,2,51,-1438,-2706,7941,-1766,-3039,10811,0x07
2026-09-06T20:47:42.663,148,0,1,50,0,0,0,0,0,0,0x03
2026-09-06T20:47:42.728,151,0,2,56,-3374,-2643,31269,-3445,-2714,32895,0x07
2026-09-06T20:47:42.728,150,0,1,52,0,0,0,0,0,0,0x03
2026-09-06T20:47:42.793,153,0,2,51,-3374,-2490,31918,-3445,-2902,32098,0x07
2026-09-06T20:47:42.793,152,0,1,51,0,0,0,0,0,0,0x03
2026-09-06T20:47:42.858,155,0,2,51,-3374,-2353,32502,-3412,-2471,33533,0x07
2026-09-06T20:47:42.858,154,0,1,50,0,0,0,0,0,0,0x03
2026-09-06T20:47:42.923,157,0,2,56,-3036,-2696,27011,-2662,-2732,23164,0x07
2026-09-06T20:47:42.923,156,0,1,50,0,0,0,0,0,0,0x03
2026-09-06T20:47:42.989,159,0,2,50,-3036,-2760,26741,-2662,-2720,23258,0x07
2026-09-06T20:47:42.989,158,0,1,50,0,0,0,0,0,0,0x03
2026-09-06T20:47:43.054,161,0,2,50,-2298,-2760,17951,-1636,-2640,10928,0x07
2026-09-06T20:47:43.054,160,0,1,50,0,0,0,0,0,0,0x03
2026-09-06T20:47:43.119,163,0,2,50,0,0,20245,0,0,18278,0x07
2026-09-06T20:47:43.119,162,0,1,52,0,0,0,0,0,0,0x03
2026-09-06T20:47:43.185,165,0,2,51,2341,235,29192,2016,1294,21346,0x07
2026-09-06T20:47:43.185,164,0,1,50,0,0,0,0,0,0,0x03
2026-09-06T20:47:43.250,167,0,2,51,2806,20,35651,2859,2353,27255,0x07
2026-09-06T20:47:43.250,166,0,1,52,0,0,0,0,0,0,0x03
2026-09-06T20:47:43.331,169,0,2,52,3015,58,37981,2955,2596,27401,0x07
2026-09-06T20:47:43.331,168,0,1,50,0,0,0,0,0,0,0x03
2026-09-06T20:47:43.396,171,0,2,51,2920,627,34426,2585,2333,23959,0x07
2026-09-06T20:47:43.396,170,0,1,50,0,0,0,0,0,0,0x03
2026-09-06T20:47:43.461,173,0,2,51,2920,1235,31842,2585,1608,27043,0x07
2026-09-06T20:47:43.461,172,0,1,51,0,0,0,0,0,0,0x03
2026-09-06T20:47:43.527,175,0,2,51,3009,1549,31574,2991,1059,34389,0x07
2026-09-06T20:47:43.527,174,0,1,52,0,0,0,0,0,0,0x03
2026-09-06T20:47:43.592,177,0,2,57,3272,2053,32565,3381,2263,34084,0x07
2026-09-06T20:47:43.592,176,0,1,51,0,0,0,0,0,0,0x03
2026-09-06T20:47:43.658,179,0,2,51,3272,2294,31538,3381,2137,34619,0x07
2026-09-06T20:47:43.658,178,0,1,52,0,0,0,0,0,0,0x03
2026-09-06T20:47:43.722,181,0,2,51,3057,2294,28978,3500,2686,33750,0x07
2026-09-06T20:47:43.722,180,0,1,51,0,0,0,0,0,0,0x03
2026-09-06T20:47:43.787,183,0,2,51,2861,2569,25473,3357,2275,33734,0x07
2026-09-06T20:47:43.787,182,0,1,51,0,0,0,0,0,0,0x03
2026-09-06T20:47:43.853,185,0,2,57,226,2333,0,420,2404,0,0x07
2026-09-06T20:47:43.853,184,0,1,52,0,0,0,0,0,0,0x03
2026-09-06T20:47:43.935,187,0,2,50,0,0,9902,0,0,9828,0x07
2026-09-06T20:47:43.935,186,0,1,50,0,0,0,0,0,0,0x03
2026-09-06T20:47:44.000,189,0,2,50,-991,-400,12412,-972,-140,13365,0x07
2026-09-06T20:47:44.000,188,0,1,52,0,0,0,0,0,0,0x03
2026-09-06T20:47:44.065,191,0,2,50,-2279,-140,28870,-2143,-160,27738,0x07
2026-09-06T20:47:44.065,190,0,1,51,0,0,0,0,0,0,0x03
2026-09-06T20:47:44.130,193,0,2,52,-3324,-577,39455,-3316,-1827,35126,0x07
2026-09-06T20:47:44.130,192,0,1,52,0,0,0,0,0,0,0x03
2026-09-06T20:47:44.195,195,0,2,50,-3328,-1200,36855,-3441,-1860,36536,0x07
2026-09-06T20:47:44.195,194,0,1,50,0,0,0,0,0,0,0x03
2026-09-06T20:47:44.260,197,0,2,53,-3342,-1717,34824,-3500,-2226,35705,0x07
2026-09-06T20:47:44.260,196,0,1,51,0,0,0,0,0,0,0x03
2026-09-06T20:47:44.326,199,0,2,51,-3342,-1961,33788,-3500,-2490,34584,0x07
2026-09-06T20:47:44.326,198,0,1,52,0,0,0,0,0,0,0x03
2026-09-06T20:47:44.390,201,0,2,50,-2912,-2400,26797,-3500,-2280,35477,0x07
2026-09-06T20:47:44.391,200,0,1,52,0,0,0,0,0,0,0x03
2026-09-06T20:47:44.472,203,0,2,50,-2548,-2340,22723,-3117,-1960,32114,0x07
2026-09-06T20:47:44.472,202,0,1,50,0,0,0,0,0,0,0x03
2026-09-06T20:47:44.520,205,0,2,50,-1660,-1980,13674,-2430,-2120,22943,0x07
2026-09-06T20:47:44.520,204,0,1,51,0,0,0,0,0,0,0x03
2026-09-06T20:47:44.602,207,0,2,50,-572,-1660,2070,-1462,-2180,10744,0x07
2026-09-06T20:47:44.602,206,0,1,53,0,0,0,0,0,0,0x03
2026-09-06T20:47:44.667,209,0,2,52,-421,-346,5856,-1313,-538,15881,0x07
2026-09-06T20:47:44.667,208,0,1,50,0,0,0,0,0,0,0x03
2026-09-06T20:47:44.732,211,0,2,52,0,0,0,0,0,0,0x03
2026-09-06T20:47:44.732,210,0,1,50,0,0,0,0,0,0,0x03
2026-09-06T20:47:44.797,213,0,2,50,0,0,0,0,0,0,0x03
2026-09-06T20:47:44.797,212,0,1,52,0,0,0,0,0,0,0x03
2026-09-06T20:47:44.863,215,0,2,52,0,0,0,0,0,0,0x03
2026-09-06T20:47:44.863,214,0,1,52,0,0,0,0,0,0,0x03
2026-09-06T20:47:44.928,217,0,2,50,0,0,0,0,0,0,0x03
2026-09-06T20:47:44.928,216,0,1,50,0,0,0,0,0,0,0x03
2026-09-06T20:47:44.993,219,0,2,52,0,0,0,0,0,0,0x03
2026-09-06T20:47:44.993,218,0,1,51,0,0,0,0,0,0,0x03
2026-09-06T20:47:45.059,221,0,2,50,0,0,0,0,0,0,0x03
2026-09-06T20:47:45.059,220,0,1,51,0,0,0,0,0,0,0x03
2026-09-06T20:47:45.124,223,0,2,52,0,0,0,0,0,0,0x03
2026-09-06T20:47:45.125,222,0,1,50,0,0,0,0,0,0,0x03
2026-09-06T20:47:45.206,225,0,2,50,0,0,0,0,0,0,0x03
2026-09-06T20:47:45.206,224,0,1,52,0,0,0,0,0,0,0x03
2026-09-06T20:47:45.272,227,0,2,51,0,0,0,0,0,0,0x03
2026-09-06T20:47:45.272,226,0,1,50,0,0,0,0,0,0,0x03
2026-09-06T20:47:45.336,229,0,2,52,0,0,0,0,0,0,0x03
2026-09-06T20:47:45.336,228,0,1,51,0,0,0,0,0,0,0x03
2026-09-06T20:47:45.401,231,0,2,50,0,0,0,0,0,0,0x03
2026-09-06T20:47:45.401,230,0,1,54,0,0,0,0,0,0,0x03
2026-09-06T20:47:45.466,233,0,2,52,0,0,0,0,0,0,0x03
2026-09-06T20:47:45.466,232,0,1,51,0,0,0,0,0,0,0x03
2026-09-06T20:47:45.532,235,0,2,50,0,0,0,0,0,0,0x03
2026-09-06T20:47:45.532,234,0,1,50,0,0,0,0,0,0,0x03
2026-09-06T20:47:45.597,237,0,2,51,0,0,0,0,0,0,0x03
2026-09-06T20:47:45.597,236,0,1,51,0,0,0,0,0,0,0x03
2026-09-06T20:47:45.662,239,0,2,52,0,0,0,0,0,0,0x03
2026-09-06T20:47:45.662,238,0,1,55,0,0,0,0,0,0,0x03
2026-09-06T20:47:45.742,241,0,2,52,0,0,0,0,0,0,0x03
2026-09-06T20:47:45.742,240,0,1,50,0,0,0,0,0,0,0x03
2026-09-06T20:47:45.808,243,0,2,53,0,0,0,0,0,0,0x03
2026-09-06T20:47:45.808,242,0,1,52,0,0,0,0,0,0,0x03
2026-09-06T20:47:45.873,245,0,2,50,0,0,0,0,0,0,0x03
2026-09-06T20:47:45.873,244,0,1,50,0,0,0,0,0,0,0x03
2026-09-06T20:47:45.938,247,0,2,50,0,0,0,0,0,0,0x03
2026-09-06T20:47:45.938,246,0,1,50,0,0,0,0,0,0,0x03
2026-09-06T20:47:46.003,249,0,2,51,0,0,0,0,0,0,0x03
2026-09-06T20:47:46.003,248,0,1,50,0,0,0,0,0,0,0x03
2026-09-06T20:47:46.068,251,0,2,50,0,0,0,0,0,0,0x03
2026-09-06T20:47:46.068,250,0,1,54,0,0,0,0,0,0,0x03
2026-09-06T20:47:46.133,253,0,2,51,0,0,0,0,0,0,0x03
2026-09-06T20:47:46.133,252,0,1,51,0,0,0,0,0,0,0x03
2026-09-06T20:47:46.198,255,0,2,53,0,0,0,0,0,0,0x03
2026-09-06T20:47:46.198,254,0,1,50,0,0,0,0,0,0,0x03
2026-09-06T20:47:46.279,257,0,2,51,0,0,0,0,0,0,0x03
2026-09-06T20:47:46.279,256,0,1,51,0,0,0,0,0,0,0x03
2026-09-06T20:47:46.329,259,0,2,50,0,0,0,0,0,0,0x03
2026-09-06T20:47:46.329,258,0,1,56,0,0,0,0,0,0,0x03
2026-09-06T20:47:46.409,261,0,2,50,0,0,0,0,0,0,0x03
2026-09-06T20:47:46.409,260,0,1,52,0,0,0,0,0,0,0x03
2026-09-06T20:47:46.475,263,0,2,51,0,0,0,0,0,0,0x03
2026-09-06T20:47:46.475,262,0,1,50,0,0,0,0,0,0,0x03
2026-09-06T20:47:46.539,265,0,2,50,0,0,0,0,0,0,0x03
2026-09-06T20:47:46.539,264,0,1,52,0,0,0,0,0,0,0x03
2026-09-06T20:47:46.604,267,0,2,52,0,0,0,0,0,0,0x03
2026-09-06T20:47:46.604,266,0,1,51,0,0,0,0,0,0,0x03
2026-09-06T20:47:46.668,269,0,2,51,0,0,0,0,0,0,0x03
2026-09-06T20:47:46.668,268,0,1,50,0,0,0,0,0,0,0x03
2026-09-06T20:47:46.733,271,0,2,50,0,0,0,0,0,0,0x03
2026-09-06T20:47:46.733,270,0,1,51,0,0,0,0,0,0,0x03
2026-09-06T20:47:46.814,273,0,2,52,0,0,0,0,0,0,0x03
2026-09-06T20:47:46.814,272,0,1,50,0,0,0,0,0,0,0x03
2026-09-06T20:47:46.879,275,0,2,51,0,0,0,0,0,0,0x03
2026-09-06T20:47:46.879,274,0,1,51,0,0,0,0,0,0,0x03
2026-09-06T20:47:46.944,277,0,2,51,0,0,0,0,0,0,0x03
2026-09-06T20:47:46.944,276,0,1,51,0,0,0,0,0,0,0x03
2026-09-06T20:47:47.009,279,0,2,51,0,0,0,0,0,0,0x03
2026-09-06T20:47:47.009,278,0,1,52,0,0,0,0,0,0,0x03
2026-09-06T20:47:47.074,281,0,2,52,0,0,0,0,0,0,0x03
2026-09-06T20:47:47.074,280,0,1,50,0,0,0,0,0,0,0x03
2026-09-06T20:47:47.139,283,0,2,51,0,0,0,0,0,0,0x03
2026-09-06T20:47:47.139,282,0,1,51,0,0,0,0,0,0,0x03
2026-09-06T20:47:47.204,285,0,2,52,0,0,0,0,0,0,0x03
2026-09-06T20:47:47.204,284,0,1,51,0,0,0,0,0,0,0x03
2026-09-06T20:47:47.269,287,0,2,50,0,0,0,0,0,0,0x03
2026-09-06T20:47:47.269,286,0,1,50,0,0,0,0,0,0,0x03
2026-09-06T20:47:47.350,289,0,2,51,0,0,0,0,0,0,0x03
2026-09-06T20:47:47.350,288,0,1,50,0,0,0,0,0,0,0x03
2026-09-06T20:47:47.415,291,0,2,50,0,0,0,0,0,0,0x03
2026-09-06T20:47:47.415,290,0,1,53,0,0,0,0,0,0,0x03
2026-09-06T20:47:47.480,293,0,2,52,0,0,0,0,0,0,0x03
2026-09-06T20:47:47.480,292,0,1,51,0,0,0,0,0,0,0x03
2026-09-06T20:47:47.545,295,0,2,51,0,0,0,0,0,0,0x03
2026-09-06T20:47:47.546,294,0,1,50,0,0,0,0,0,0,0x03
2026-09-06T20:47:47.610,297,0,2,52,0,0,0,0,0,0,0x03
2026-09-06T20:47:47.610,296,0,1,51,0,0,0,0,0,0,0x03
2026-09-06T20:47:47.675,299,0,2,52,0,0,0,0,0,0,0x03
2026-09-06T20:47:47.675,298,0,1,52,0,0,0,0,0,0,0x03
2026-09-06T20:47:47.740,301,0,2,51,0,0,0,0,0,0,0x03
2026-09-06T20:47:47.740,300,0,1,50,0,0,0,0,0,0,0x03
2026-09-06T20:47:47.804,303,0,2,52,0,0,0,0,0,0,0x03
2026-09-06T20:47:47.804,302,0,1,51,0,0,0,0,0,0,0x03
2026-09-06T20:47:47.869,305,0,2,51,0,0,0,0,0,0,0x03
2026-09-06T20:47:47.869,304,0,1,52,0,0,0,0,0,0,0x03
2026-09-06T20:47:47.951,307,0,2,56,0,0,0,0,0,0,0x03
2026-09-06T20:47:47.951,306,0,1,50,0,0,0,0,0,0,0x03
2026-09-06T20:47:48.015,309,0,2,50,0,0,0,0,0,0,0x03
2026-09-06T20:47:48.015,308,0,1,52,0,0,0,0,0,0,0x03
2026-09-06T20:47:48.080,311,0,2,51,0,0,0,0,0,0,0x03
2026-09-06T20:47:48.080,310,0,1,50,0,0,0,0,0,0,0x03
2026-09-06T20:47:48.145,313,0,2,50,0,0,0,0,0,0,0x03
2026-09-06T20:47:48.145,312,0,1,52,0,0,0,0,0,0,0x03
2026-09-06T20:47:48.211,315,0,2,50,0,0,0,0,0,0,0x03
2026-09-06T20:47:48.211,314,0,1,50,0,0,0,0,0,0,0x03
2026-09-06T20:47:48.276,317,0,2,51,0,0,0,0,0,0,0x03
2026-09-06T20:47:48.276,316,0,1,50,0,0,0,0,0,0,0x03
2026-09-06T20:47:48.341,319,0,2,53,0,0,0,0,0,0,0x03
2026-09-06T20:47:48.341,318,0,1,51,0,0,0,0,0,0,0x03
2026-09-06T20:47:48.601,321,0,2,52,0,0,0,0,0,0,0x03
2026-09-06T20:47:48.601,320,0,1,50,0,0,0,0,0,0,0x03
2026-09-06T20:47:48.746,323,0,2,51,0,0,0,0,0,0,0x03
2026-09-06T20:47:48.746,322,0,1,50,0,0,0,0,0,0,0x03
2026-09-06T20:47:48.811,325,0,2,52,0,0,0,0,0,0,0x03
2026-09-06T20:47:48.811,324,0,1,50,0,0,0,0,0,0,0x03
2026-09-06T20:47:48.877,327,0,2,50,0,0,0,0,0,0,0x03
2026-09-06T20:47:48.877,326,0,1,52,0,0,0,0,0,0,0x03
2026-09-06T20:47:48.942,329,0,2,52,0,0,0,0,0,0,0x03
2026-09-06T20:47:48.942,328,0,1,51,0,0,0,0,0,0,0x03
2026-09-06T20:47:49.087,331,0,2,52,0,0,0,0,0,0,0x03
2026-09-06T20:47:49.087,330,0,1,52,0,0,0,0,0,0,0x03
2026-09-06T20:47:49.152,333,0,2,50,0,0,0,0,0,0,0x03
2026-09-06T20:47:49.152,332,0,1,54,0,0,0,0,0,0,0x03
2026-09-06T20:47:49.217,335,0,2,50,0,0,0,0,0,0,0x03
2026-09-06T20:47:49.217,334,0,1,50,0,0,0,0,0,0,0x03
2026-09-06T20:47:49.282,337,0,2,52,0,0,0,0,0,0,0x03
2026-09-06T20:47:49.282,336,0,1,50,0,0,0,0,0,0,0x03
2026-09-06T20:47:49.346,339,0,2,52,0,0,0,0,0,0,0x03
2026-09-06T20:47:49.346,338,0,1,52,0,0,0,0,0,0,0x03
2026-09-06T20:47:49.411,341,0,2,55,0,0,0,0,0,0,0x03
2026-09-06T20:47:49.411,340,0,1,52,0,0,0,0,0,0,0x03
2026-09-06T20:47:49.476,343,0,2,52,0,0,0,0,0,0,0x03
2026-09-06T20:47:49.476,342,0,1,51,0,0,0,0,0,0,0x03
2026-09-06T20:47:49.557,345,0,2,50,0,0,0,0,0,0,0x03
2026-09-06T20:47:49.557,344,0,1,50,0,0,0,0,0,0,0x03
2026-09-06T20:47:49.622,347,0,2,50,0,0,0,0,0,0,0x03
2026-09-06T20:47:49.622,346,0,1,51,0,0,0,0,0,0,0x03
2026-09-06T20:47:49.687,349,0,2,50,0,0,0,0,0,0,0x03
2026-09-06T20:47:49.687,348,0,1,50,0,0,0,0,0,0,0x03
2026-09-06T20:47:49.752,351,0,2,50,0,0,0,0,0,0,0x03
2026-09-06T20:47:49.752,350,0,1,51,0,0,0,0,0,0,0x03
2026-09-06T20:47:49.817,353,0,2,52,0,0,0,0,0,0,0x03
2026-09-06T20:47:49.817,352,0,1,52,0,0,0,0,0,0,0x03
2026-09-06T20:47:49.882,355,0,2,51,0,0,0,0,0,0,0x03
2026-09-06T20:47:49.882,354,0,1,50,0,0,0,0,0,0,0x03
2026-09-06T20:47:49.947,357,0,2,51,0,0,0,0,0,0,0x03
2026-09-06T20:47:49.947,356,0,1,52,0,0,0,0,0,0,0x03
2026-09-06T20:47:50.028,359,0,2,50,0,0,0,0,0,0,0x03
2026-09-06T20:47:50.028,358,0,1,50,0,0,0,0,0,0,0x03
2026-09-06T20:47:50.093,361,0,2,51,0,0,0,0,0,0,0x03
2026-09-06T20:47:50.093,360,0,1,51,0,0,0,0,0,0,0x03
2026-09-06T20:47:50.158,363,0,2,51,0,0,0,0,0,0,0x03
2026-09-06T20:47:50.158,362,0,1,51,0,0,0,0,0,0,0x03
2026-09-06T20:47:50.223,365,0,2,50,0,0,0,0,0,0,0x03
2026-09-06T20:47:50.223,364,0,1,51,0,0,0,0,0,0,0x03
2026-09-06T20:47:50.288,367,0,2,50,0,0,0,0,0,0,0x03
2026-09-06T20:47:50.288,366,0,1,50,0,0,0,0,0,0,0x03
2026-09-06T20:47:50.353,369,0,2,51,0,0,0,0,0,0,0x03
2026-09-06T20:47:50.353,368,0,1,54,0,0,0,0,0,0,0x03
2026-09-06T20:47:50.418,371,0,2,51,0,0,0,0,0,0,0x03
2026-09-06T20:47:50.418,370,0,1,52,0,0,0,0,0,0,0x03
2026-09-06T20:47:50.483,373,0,2,55,0,0,0,0,0,0,0x03
2026-09-06T20:47:50.483,372,0,1,51,0,0,0,0,0,0,0x03
2026-09-06T20:47:50.548,375,0,2,50,0,0,0,0,0,0,0x03
2026-09-06T20:47:50.548,374,0,1,51,0,0,0,0,0,0,0x03
2026-09-06T20:47:50.630,377,0,2,50,0,0,0,0,0,0,0x03
2026-09-06T20:47:50.630,376,0,1,55,0,0,0,0,0,0,0x03
2026-09-06T20:47:50.695,379,0,2,50,0,0,0,0,0,0,0x03
2026-09-06T20:47:50.695,378,0,1,50,0,0,0,0,0,0,0x03
2026-09-06T20:47:50.760,381,0,2,52,0,0,0,0,0,0,0x03
2026-09-06T20:47:50.760,380,0,1,50,0,0,0,0,0,0,0x03
2026-09-06T20:47:50.825,383,0,2,50,0,0,0,0,0,0,0x03
2026-09-06T20:47:50.825,382,0,1,50,0,0,0,0,0,0,0x03
2026-09-06T20:47:50.890,385,0,2,54,0,0,0,0,0,0,0x03
2026-09-06T20:47:50.890,384,0,1,50,0,0,0,0,0,0,0x03
2026-09-06T20:47:50.955,387,0,2,51,0,0,0,0,0,0,0x03
2026-09-06T20:47:50.955,386,0,1,50,0,0,0,0,0,0,0x03
2026-09-06T20:47:51.020,389,0,2,50,0,0,0,0,0,0,0x03
2026-09-06T20:47:51.020,388,0,1,55,0,0,0,0,0,0,0x03
2026-09-06T20:47:51.086,391,0,2,52,0,0,0,0,0,0,0x03
2026-09-06T20:47:51.086,390,0,1,52,0,0,0,0,0,0,0x03
2026-09-06T20:47:51.167,393,0,2,52,0,0,0,0,0,0,0x03
2026-09-06T20:47:51.167,392,0,1,51,0,0,0,0,0,0,0x03
2026-09-06T20:47:51.216,395,0,2,51,0,0,0,0,0,0,0x03
2026-09-06T20:47:51.216,394,0,1,51,0,0,0,0,0,0,0x03
2026-09-06T20:47:51.297,397,0,2,52,0,0,0,0,0,0,0x03
2026-09-06T20:47:51.297,396,0,1,55,0,0,0,0,0,0,0x03
2026-09-06T20:47:51.362,399,0,2,51,0,0,0,0,0,0,0x03
2026-09-06T20:47:51.362,398,0,1,52,0,0,0,0,0,0,0x03
2026-09-06T20:47:51.427,401,0,2,50,0,0,0,0,0,0,0x03
2026-09-06T20:47:51.428,400,0,1,52,0,0,0,0,0,0,0x03
2026-09-06T20:47:51.493,403,0,2,52,0,0,0,0,0,0,0x03
2026-09-06T20:47:51.493,402,0,1,50,0,0,0,0,0,0,0x03
2026-09-06T20:47:51.558,405,0,2,56,0,0,0,0,0,0,0x03
2026-09-06T20:47:51.558,404,0,1,51,0,0,0,0,0,0,0x03
2026-09-06T20:47:51.623,407,0,2,50,0,0,0,0,0,0,0x03
2026-09-06T20:47:51.623,406,0,1,51,0,0,0,0,0,0,0x03
2026-09-06T20:47:51.688,409,0,2,50,0,0,0,0,0,0,0x03
2026-09-06T20:47:51.689,408,0,1,51,0,0,0,0,0,0,0x03
2026-09-06T20:47:51.753,411,0,2,51,0,0,0,0,0,0,0x03
2026-09-06T20:47:51.753,410,0,1,51,0,0,0,0,0,0,0x03
2026-09-06T20:47:51.834,413,0,2,52,0,0,0,0,0,0,0x03
2026-09-06T20:47:51.834,412,0,1,50,0,0,0,0,0,0,0x03
2026-09-06T20:47:51.899,415,0,2,52,0,0,0,0,0,0,0x03
2026-09-06T20:47:51.899,414,0,1,50,0,0,0,0,0,0,0x03
2026-09-06T20:47:51.964,417,0,2,50,0,0,0,0,0,0,0x03
2026-09-06T20:47:51.964,416,0,1,52,0,0,0,0,0,0,0x03
2026-09-06T20:47:52.029,419,0,2,50,0,0,0,0,0,0,0x03
2026-09-06T20:47:52.029,418,0,1,51,0,0,0,0,0,0,0x03
2026-09-06T20:47:52.094,421,0,2,51,0,0,0,0,0,0,0x03
2026-09-06T20:47:52.094,420,0,1,51,0,0,0,0,0,0,0x03
2026-09-06T20:47:52.159,423,0,2,52,0,0,0,0,0,0,0x03
2026-09-06T20:47:52.160,422,0,1,52,0,0,0,0,0,0,0x03
2026-09-06T20:47:52.225,425,0,2,56,0,0,0,0,0,0,0x03
2026-09-06T20:47:52.225,424,0,1,51,0,0,0,0,0,0,0x03
2026-09-06T20:47:52.289,427,0,2,50,0,0,0,0,0,0,0x03
2026-09-06T20:47:52.289,426,0,1,51,0,0,0,0,0,0,0x03
2026-09-06T20:47:52.371,429,0,2,50,0,0,0,0,0,0,0x03
2026-09-06T20:47:52.371,428,0,1,51,0,0,0,0,0,0,0x03
2026-09-06T20:47:52.436,431,0,2,50,0,0,0,0,0,0,0x03
2026-09-06T20:47:52.436,430,0,1,50,0,0,0,0,0,0,0x03
2026-09-06T20:47:52.502,433,0,2,51,0,0,0,0,0,0,0x03
2026-09-06T20:47:52.502,432,0,1,52,0,0,0,0,0,0,0x03
2026-09-06T20:47:52.567,435,0,2,51,0,0,0,0,0,0,0x03
2026-09-06T20:47:52.567,434,0,1,51,0,0,0,0,0,0,0x03
2026-09-06T20:47:52.632,437,0,2,53,0,0,0,0,0,0,0x03
2026-09-06T20:47:52.632,436,0,1,51,0,0,0,0,0,0,0x03
2026-09-06T20:47:52.698,439,0,2,51,0,0,0,0,0,0,0x03
2026-09-06T20:47:52.698,438,0,1,52,0,0,0,0,0,0,0x03
2026-09-06T20:47:52.763,441,0,2,51,0,0,0,0,0,0,0x03
2026-09-06T20:47:52.763,440,0,1,51,0,0,0,0,0,0,0x03
2026-09-06T20:47:52.829,443,0,2,52,0,0,0,0,0,0,0x03
2026-09-06T20:47:52.829,442,0,1,51,0,0,0,0,0,0,0x03
2026-09-06T20:47:52.894,445,0,2,50,0,0,0,0,0,0,0x03
2026-09-06T20:47:52.894,444,0,1,51,0,0,0,0,0,0,0x03
2026-09-06T20:47:52.975,447,0,2,52,0,0,0,0,0,0,0x03
2026-09-06T20:47:52.975,446,0,1,51,0,0,0,0,0,0,0x03
2026-09-06T20:47:53.024,449,0,2,50,0,0,0,0,0,0,0x03
2026-09-06T20:47:53.024,448,0,1,53,0,0,0,0,0,0,0x03
2026-09-06T20:47:53.105,451,0,2,51,0,0,0,0,0,0,0x03
2026-09-06T20:47:53.105,450,0,1,51,0,0,0,0,0,0,0x03
2026-09-06T20:47:53.170,453,0,2,51,0,0,0,0,0,0,0x03
2026-09-06T20:47:53.170,452,0,1,52,0,0,0,0,0,0,0x03
2026-09-06T20:47:53.235,455,0,2,51,0,0,0,0,0,0,0x03
2026-09-06T20:47:53.235,454,0,1,51,0,0,0,0,0,0,0x03
2026-09-06T20:47:53.300,457,0,2,51,0,0,0,0,0,0,0x03
2026-09-06T20:47:53.300,456,0,1,50,0,0,0,0,0,0,0x03
2026-09-06T20:47:53.365,459,0,2,52,0,0,0,0,0,0,0x03
2026-09-06T20:47:53.365,458,0,1,50,0,0,0,0,0,0,0x03
2026-09-06T20:47:53.430,461,0,2,52,0,0,0,0,0,0,0x03
2026-09-06T20:47:53.430,460,0,1,52,0,0,0,0,0,0,0x03
2026-09-06T20:47:53.511,463,0,2,50,0,0,0,0,0,0,0x03
2026-09-06T20:47:53.511,462,0,1,52,0,0,0,0,0,0,0x03
2026-09-06T20:47:53.560,465,0,2,51,0,0,0,0,0,0,0x03
2026-09-06T20:47:53.560,464,0,1,50,0,0,0,0,0,0,0x03
2026-09-06T20:47:53.641,467,0,2,52,0,0,0,0,0,0,0x03
2026-09-06T20:47:53.641,466,0,1,50,0,0,0,0,0,0,0x03
2026-09-06T20:47:53.707,469,0,2,52,0,0,0,0,0,0,0x03
2026-09-06T20:47:53.707,468,0,1,50,0,0,0,0,0,0,0x03
2026-09-06T20:47:53.772,471,0,2,52,0,0,0,0,0,0,0x03
2026-09-06T20:47:53.772,470,0,1,50,0,0,0,0,0,0,0x03
2026-09-06T20:47:53.837,473,0,2,50,0,0,0,0,0,0,0x03
2026-09-06T20:47:53.837,472,0,1,53,0,0,0,0,0,0,0x03
2026-09-06T20:47:53.902,475,0,2,50,0,0,0,0,0,0,0x03
2026-09-06T20:47:53.902,474,0,1,50,0,0,0,0,0,0,0x03
2026-09-06T20:47:53.966,477,0,2,52,0,0,0,0,0,0,0x03
2026-09-06T20:47:53.966,476,0,1,50,0,0,0,0,0,0,0x03
2026-09-06T20:47:54.047,479,0,2,51,0,0,0,0,0,0,0x03
2026-09-06T20:47:54.047,478,0,1,51,0,0,0,0,0,0,0x03
2026-09-06T20:47:54.096,481,0,2,51,0,0,0,0,0,0,0x03
2026-09-06T20:47:54.096,480,0,1,52,0,0,0,0,0,0,0x03
2026-09-06T20:47:54.177,483,0,2,50,0,0,0,0,0,0,0x03
2026-09-06T20:47:54.177,482,0,1,50,0,0,0,0,0,0,0x03
2026-09-06T20:47:54.242,485,0,2,51,0,0,0,0,0,0,0x03
2026-09-06T20:47:54.242,484,0,1,53,0,0,0,0,0,0,0x03
2026-09-06T20:47:54.307,487,0,2,52,0,0,0,0,0,0,0x03
2026-09-06T20:47:54.307,486,0,1,53,0,0,0,0,0,0,0x03
2026-09-06T20:47:54.372,489,0,2,51,0,0,0,0,0,0,0x03
2026-09-06T20:47:54.372,488,0,1,51,0,0,0,0,0,0,0x03
2026-09-06T20:47:54.437,491,0,2,52,0,0,0,0,0,0,0x03
2026-09-06T20:47:54.437,490,0,1,50,0,0,0,0,0,0,0x03
2026-09-06T20:47:54.502,493,0,2,51,0,0,0,0,0,0,0x03
2026-09-06T20:47:54.502,492,0,1,53,0,0,0,0,0,0,0x03
2026-09-06T20:47:54.566,495,0,2,51,0,0,0,0,0,0,0x03
2026-09-06T20:47:54.566,494,0,1,50,0,0,0,0,0,0,0x03
2026-09-06T20:47:54.647,497,0,2,50,0,0,0,0,0,0,0x03
2026-09-06T20:47:54.647,496,0,1,52,0,0,0,0,0,0,0x03
2026-09-06T20:47:54.712,499,0,2,50,0,0,0,0,0,0,0x03
2026-09-06T20:47:54.712,498,0,1,51,0,0,0,0,0,0,0x03
2026-09-06T20:47:54.778,501,0,2,52,0,0,0,0,0,0,0x03
2026-09-06T20:47:54.778,500,0,1,51,0,0,0,0,0,0,0x03
2026-09-06T20:47:54.843,503,0,2,52,0,0,0,0,0,0,0x03
2026-09-06T20:47:54.843,502,0,1,52,0,0,0,0,0,0,0x03
2026-09-06T20:47:54.908,505,0,2,50,0,0,0,0,0,0,0x03
2026-09-06T20:47:54.908,504,0,1,52,0,0,0,0,0,0,0x03
2026-09-06T20:47:54.973,507,0,2,50,0,0,0,0,0,0,0x03
2026-09-06T20:47:54.973,506,0,1,50,0,0,0,0,0,0,0x03
2026-09-06T20:47:55.038,509,0,2,51,0,0,0,0,0,0,0x03
2026-09-06T20:47:55.038,508,0,1,50,0,0,0,0,0,0,0x03
2026-09-06T20:47:55.104,511,0,2,50,0,0,0,0,0,0,0x03
2026-09-06T20:47:55.104,510,0,1,52,0,0,0,0,0,0,0x03
2026-09-06T20:47:55.169,513,0,2,50,0,0,0,0,0,0,0x03
2026-09-06T20:47:55.169,512,0,1,53,0,0,0,0,0,0,0x03
2026-09-06T20:47:55.250,515,0,2,50,0,0,0,0,0,0,0x03
2026-09-06T20:47:55.250,514,0,1,52,0,0,0,0,0,0,0x03
2026-09-06T20:47:55.314,517,0,2,52,0,0,0,0,0,0,0x03
2026-09-06T20:47:55.315,516,0,1,51,0,0,0,0,0,0,0x03
2026-09-06T20:47:55.380,519,0,2,51,0,0,0,0,0,0,0x03
2026-09-06T20:47:55.380,518,0,1,50,0,0,0,0,0,0,0x03
2026-09-06T20:47:55.445,521,0,2,51,0,0,0,0,0,0,0x03
2026-09-06T20:47:55.445,520,0,1,51,0,0,0,0,0,0,0x03
2026-09-06T20:47:55.575,523,0,2,51,0,0,0,0,0,0,0x03
2026-09-06T20:47:55.575,522,0,1,50,0,0,0,0,0,0,0x03
2026-09-06T20:47:55.640,525,0,2,51,0,0,0,0,0,0,0x03
2026-09-06T20:47:55.640,524,0,1,52,0,0,0,0,0,0,0x03
2026-09-06T20:47:55.705,527,0,2,50,0,0,0,0,0,0,0x03
2026-09-06T20:47:55.705,526,0,1,52,0,0,0,0,0,0,0x03
2026-09-06T20:47:55.785,529,0,2,50,0,0,0,0,0,0,0x03
2026-09-06T20:47:55.785,528,0,1,50,0,0,0,0,0,0,0x03
2026-09-06T20:47:55.850,531,0,2,50,0,0,0,0,0,0,0x03
2026-09-06T20:47:55.850,530,0,1,50,0,0,0,0,0,0,0x03
2026-09-06T20:47:55.915,533,0,2,51,0,0,0,0,0,0,0x03
2026-09-06T20:47:55.915,532,0,1,52,0,0,0,0,0,0,0x03
2026-09-06T20:47:55.980,535,0,2,51,0,0,0,0,0,0,0x03
2026-09-06T20:47:55.980,534,0,1,50,0,0,0,0,0,0,0x03
2026-09-06T20:47:56.045,537,0,2,51,0,0,0,0,0,0,0x03
2026-09-06T20:47:56.045,536,0,1,51,0,0,0,0,0,0,0x03
2026-09-06T20:47:56.110,539,0,2,51,0,0,0,0,0,0,0x03
2026-09-06T20:47:56.110,538,0,1,51,0,0,0,0,0,0,0x03
2026-09-06T20:47:56.174,541,0,2,52,0,0,0,0,0,0,0x03
2026-09-06T20:47:56.174,540,0,1,52,0,0,0,0,0,0,0x03
2026-09-06T20:47:56.255,543,0,2,50,0,0,0,0,0,0,0x03
2026-09-06T20:47:56.255,542,0,1,54,0,0,0,0,0,0,0x03
2026-09-06T20:47:56.321,545,0,2,55,0,0,0,0,0,0,0x03
2026-09-06T20:47:56.321,544,0,1,50,0,0,0,0,0,0,0x03
2026-09-06T20:47:56.386,547,0,2,50,0,0,0,0,0,0,0x03
2026-09-06T20:47:56.386,546,0,1,52,0,0,0,0,0,0,0x03
2026-09-06T20:47:56.451,549,0,2,51,0,0,0,0,0,0,0x03
2026-09-06T20:47:56.451,548,0,1,50,0,0,0,0,0,0,0x03
2026-09-06T20:47:56.516,551,0,2,51,0,0,0,0,0,0,0x03
2026-09-06T20:47:56.516,550,0,1,50,0,0,0,0,0,0,0x03
2026-09-06T20:47:56.581,553,0,2,51,0,0,0,0,0,0,0x03
2026-09-06T20:47:56.581,552,0,1,50,0,0,0,0,0,0,0x03
2026-09-06T20:47:56.646,555,0,2,51,0,0,0,0,0,0,0x03
2026-09-06T20:47:56.646,554,0,1,53,0,0,0,0,0,0,0x03
2026-09-06T20:47:56.711,557,0,2,54,0,0,0,0,0,0,0x03
2026-09-06T20:47:56.711,556,0,1,52,0,0,0,0,0,0,0x03
2026-09-06T20:47:56.792,559,0,2,52,0,0,0,0,0,0,0x03
2026-09-06T20:47:56.792,558,0,1,52,0,0,0,0,0,0,0x03
2026-09-06T20:47:56.857,561,0,2,52,0,0,0,0,0,0,0x03
2026-09-06T20:47:56.857,560,0,1,51,0,0,0,0,0,0,0x03
2026-09-06T20:47:56.922,563,0,2,51,0,0,0,0,0,0,0x03
2026-09-06T20:47:56.922,562,0,1,54,0,0,0,0,0,0,0x03
2026-09-06T20:47:56.987,565,0,2,52,0,0,0,0,0,0,0x03
2026-09-06T20:47:56.987,564,0,1,52,0,0,0,0,0,0,0x03
2026-09-06T20:47:57.051,567,0,2,50,0,0,0,0,0,0,0x03
2026-09-06T20:47:57.051,566,0,1,50,0,0,0,0,0,0,0x03
2026-09-06T20:47:57.116,569,0,2,50,0,0,0,0,0,0,0x03
2026-09-06T20:47:57.116,568,0,1,51,0,0,0,0,0,0,0x03
2026-09-06T20:47:57.181,571,0,2,55,0,0,0,0,0,0,0x03
2026-09-06T20:47:57.181,570,0,1,52,0,0,0,0,0,0,0x03
2026-09-06T20:47:57.246,573,0,2,50,0,0,0,0,0,0,0x03
2026-09-06T20:47:57.246,572,0,1,51,0,0,0,0,0,0,0x03
2026-09-06T20:47:57.327,575,0,2,50,0,0,0,0,0,0,0x03
2026-09-06T20:47:57.327,574,0,1,50,0,0,0,0,0,0,0x03
2026-09-06T20:47:57.392,577,0,2,51,0,0,0,0,0,0,0x03
2026-09-06T20:47:57.392,576,0,1,50,0,0,0,0,0,0,0x03
2026-09-06T20:47:57.457,579,0,2,51,0,0,0,0,0,0,0x03
2026-09-06T20:47:57.457,578,0,1,50,0,0,0,0,0,0,0x03
2026-09-06T20:47:57.522,581,0,2,50,0,0,0,0,0,0,0x03
2026-09-06T20:47:57.522,580,0,1,51,0,0,0,0,0,0,0x03
2026-09-06T20:47:57.586,583,0,2,53,0,0,0,0,0,0,0x03
2026-09-06T20:47:57.586,582,0,1,50,0,0,0,0,0,0,0x03
2026-09-06T20:47:57.652,585,0,2,51,0,0,0,0,0,0,0x03
2026-09-06T20:47:57.652,584,0,1,50,0,0,0,0,0,0,0x03
2026-09-06T20:47:57.717,587,0,2,52,0,0,0,0,0,0,0x03
2026-09-06T20:47:57.717,586,0,1,50,0,0,0,0,0,0,0x03
2026-09-06T20:47:57.782,589,0,2,50,0,0,0,0,0,0,0x03
2026-09-06T20:47:57.782,588,0,1,52,0,0,0,0,0,0,0x03
2026-09-06T20:47:57.863,591,0,2,51,0,0,0,0,0,0,0x03
2026-09-06T20:47:57.863,590,0,1,50,0,0,0,0,0,0,0x03
2026-09-06T20:47:57.928,593,0,2,52,0,0,0,0,0,0,0x03
2026-09-06T20:47:57.928,592,0,1,50,0,0,0,0,0,0,0x03
2026-09-06T20:47:57.993,595,0,2,50,0,0,0,0,0,0,0x03
2026-09-06T20:47:57.993,594,0,1,52,0,0,0,0,0,0,0x03
2026-09-06T20:47:58.123,597,0,2,50,0,0,0,0,0,0,0x03
2026-09-06T20:47:58.123,596,0,1,50,0,0,0,0,0,0,0x03
2026-09-06T20:47:58.187,599,0,2,51,0,0,0,0,0,0,0x03
2026-09-06T20:47:58.187,598,0,1,54,0,0,0,0,0,0,0x03
2026-09-06T20:47:58.252,601,0,2,52,0,0,0,0,0,0,0x03
2026-09-06T20:47:58.252,600,0,1,51,0,0,0,0,0,0,0x03
2026-09-06T20:47:58.317,603,0,2,51,0,0,0,0,0,0,0x03
2026-09-06T20:47:58.317,602,0,1,50,0,0,0,0,0,0,0x03
2026-09-06T20:47:58.398,605,0,2,51,0,0,0,0,0,0,0x03
2026-09-06T20:47:58.398,604,0,1,54,0,0,0,0,0,0,0x03
2026-09-06T20:47:58.463,607,0,2,51,0,0,0,0,0,0,0x03
2026-09-06T20:47:58.463,606,0,1,51,0,0,0,0,0,0,0x03
2026-09-06T20:47:58.527,609,0,2,51,0,0,0,0,0,0,0x03
2026-09-06T20:47:58.527,608,0,1,51,0,0,0,0,0,0,0x03
2026-09-06T20:47:58.593,611,0,2,50,0,0,0,0,0,0,0x03
2026-09-06T20:47:58.593,610,0,1,50,0,0,0,0,0,0,0x03
2026-09-06T20:47:58.657,613,0,2,51,0,0,0,0,0,0,0x03
2026-09-06T20:47:58.658,612,0,1,50,0,0,0,0,0,0,0x03
2026-09-06T20:47:58.723,615,0,2,51,0,0,0,0,0,0,0x03
2026-09-06T20:47:58.723,614,0,1,51,0,0,0,0,0,0,0x03
2026-09-06T20:47:58.788,617,0,2,50,0,0,0,0,0,0,0x03
2026-09-06T20:47:58.788,616,0,1,50,0,0,0,0,0,0,0x03
2026-09-06T20:47:58.853,619,0,2,51,0,0,0,0,0,0,0x03
2026-09-06T20:47:58.853,618,0,1,51,0,0,0,0,0,0,0x03
2026-09-06T20:47:58.934,621,0,2,51,0,0,0,0,0,0,0x03
2026-09-06T20:47:58.934,620,0,1,50,0,0,0,0,0,0,0x03
2026-09-06T20:47:58.999,623,0,2,51,0,0,0,0,0,0,0x03
2026-09-06T20:47:58.999,622,0,1,51,0,0,0,0,0,0,0x03
2026-09-06T20:47:59.064,625,0,2,51,0,0,0,0,0,0,0x03
2026-09-06T20:47:59.064,624,0,1,51,0,0,0,0,0,0,0x03
2026-09-06T20:47:59.129,627,0,2,52,0,0,0,0,0,0,0x03
2026-09-06T20:47:59.129,626,0,1,51,0,0,0,0,0,0,0x03
2026-09-06T20:47:59.193,629,0,2,51,0,0,0,0,0,0,0x03
2026-09-06T20:47:59.193,628,0,1,52,0,0,0,0,0,0,0x03
2026-09-06T20:47:59.258,631,0,2,50,0,0,0,0,0,0,0x03
2026-09-06T20:47:59.258,630,0,1,52,0,0,0,0,0,0,0x03
2026-09-06T20:47:59.323,633,0,2,50,0,0,0,0,0,0,0x03
2026-09-06T20:47:59.323,632,0,1,52,0,0,0,0,0,0,0x03
2026-09-06T20:47:59.388,635,0,2,52,0,0,0,0,0,0,0x03
2026-09-06T20:47:59.388,634,0,1,50,0,0,0,0,0,0,0x03
2026-09-06T20:47:59.453,637,0,2,50,0,0,0,0,0,0,0x03
2026-09-06T20:47:59.453,636,0,1,55,0,0,0,0,0,0,0x03
2026-09-06T20:47:59.534,639,0,2,52,0,0,0,0,0,0,0x03
2026-09-06T20:47:59.534,638,0,1,51,0,0,0,0,0,0,0x03
2026-09-06T20:47:59.599,641,0,2,50,0,0,0,0,0,0,0x03
2026-09-06T20:47:59.599,640,0,1,51,0,0,0,0,0,0,0x03
2026-09-06T20:47:59.664,643,0,2,50,0,0,0,0,0,0,0x03
2026-09-06T20:47:59.664,642,0,1,50,0,0,0,0,0,0,0x03
2026-09-06T20:47:59.729,645,0,2,51,0,0,0,0,0,0,0x03
2026-09-06T20:47:59.729,644,0,1,51,0,0,0,0,0,0,0x03
2026-09-06T20:47:59.794,647,0,2,51,0,0,0,0,0,0,0x03
2026-09-06T20:47:59.794,646,0,1,52,0,0,0,0,0,0,0x03
2026-09-06T20:47:59.859,649,0,2,52,0,0,0,0,0,0,0x03
2026-09-06T20:47:59.859,648,0,1,50,0,0,0,0,0,0,0x03
2026-09-06T20:47:59.940,651,0,2,51,0,0,0,0,0,0,0x03
2026-09-06T20:47:59.940,650,0,1,51,0,0,0,0,0,0,0x03
2026-09-06T20:47:59.989,653,0,2,50,0,0,0,0,0,0,0x03
2026-09-06T20:47:59.989,652,0,1,50,0,0,0,0,0,0,0x03
2026-09-06T20:48:00.070,655,0,2,50,0,0,0,0,0,0,0x03
2026-09-06T20:48:00.070,654,0,1,50,0,0,0,0,0,0,0x03
2026-09-06T20:48:00.134,657,0,2,50,0,0,0,0,0,0,0x03
2026-09-06T20:48:00.134,656,0,1,50,0,0,0,0,0,0,0x03
2026-09-06T20:48:00.199,659,0,2,55,0,0,0,0,0,0,0x03
2026-09-06T20:48:00.200,658,0,1,50,0,0,0,0,0,0,0x03
2026-09-06T20:48:00.265,661,0,2,50,0,0,0,0,0,0,0x03
2026-09-06T20:48:00.265,660,0,1,51,0,0,0,0,0,0,0x03
2026-09-06T20:48:00.330,663,0,2,54,0,0,0,0,0,0,0x03
2026-09-06T20:48:00.330,662,0,1,51,0,0,0,0,0,0,0x03
2026-09-06T20:48:00.395,665,0,2,51,0,0,0,0,0,0,0x03
2026-09-06T20:48:00.395,664,0,1,52,0,0,0,0,0,0,0x03
2026-09-06T20:48:00.476,667,0,2,51,0,0,0,0,0,0,0x03
2026-09-06T20:48:00.476,666,0,1,51,0,0,0,0,0,0,0x03
2026-09-06T20:48:00.525,669,0,2,51,0,0,0,0,0,0,0x03
2026-09-06T20:48:00.525,668,0,1,51,0,0,0,0,0,0,0x03
2026-09-06T20:48:00.606,671,0,2,50,0,0,0,0,0,0,0x03
2026-09-06T20:48:00.606,670,0,1,50,0,0,0,0,0,0,0x03
2026-09-06T20:48:00.671,673,0,2,52,0,0,0,0,0,0,0x03
2026-09-06T20:48:00.671,672,0,1,50,0,0,0,0,0,0,0x03
2026-09-06T20:48:00.736,675,0,2,51,0,0,0,0,0,0,0x03
2026-09-06T20:48:00.736,674,0,1,50,0,0,0,0,0,0,0x03
2026-09-06T20:48:00.801,677,0,2,53,0,0,0,0,0,0,0x03
2026-09-06T20:48:00.801,676,0,1,51,0,0,0,0,0,0,0x03
2026-09-06T20:48:00.866,679,0,2,51,0,0,0,0,0,0,0x03
2026-09-06T20:48:00.866,678,0,1,51,0,0,0,0,0,0,0x03
2026-09-06T20:48:00.930,681,0,2,51,0,0,0,0,0,0,0x03
2026-09-06T20:48:00.930,680,0,1,54,0,0,0,0,0,0,0x03
2026-09-06T20:48:00.996,683,0,2,50,0,0,0,0,0,0,0x03
2026-09-06T20:48:00.996,682,0,1,51,0,0,0,0,0,0,0x03
2026-09-06T20:48:01.061,685,0,2,50,0,0,0,0,0,0,0x03
2026-09-06T20:48:01.061,684,0,1,50,0,0,0,0,0,0,0x03
2026-09-06T20:48:01.142,687,0,2,51,0,0,0,0,0,0,0x03
2026-09-06T20:48:01.142,686,0,1,51,0,0,0,0,0,0,0x03
2026-09-06T20:48:01.207,689,0,2,51,0,0,0,0,0,0,0x03
2026-09-06T20:48:01.207,688,0,1,51,0,0,0,0,0,0,0x03
2026-09-06T20:48:01.273,691,0,2,50,0,0,0,0,0,0,0x03
2026-09-06T20:48:01.273,690,0,1,52,0,0,0,0,0,0,0x03
2026-09-06T20:48:01.337,693,0,2,51,0,0,0,0,0,0,0x03
2026-09-06T20:48:01.337,692,0,1,51,0,0,0,0,0,0,0x03
2026-09-06T20:48:01.402,695,0,2,51,0,0,0,0,0,0,0x03
2026-09-06T20:48:01.402,694,0,1,52,0,0,0,0,0,0,0x03
2026-09-06T20:48:01.467,697,0,2,51,0,0,0,0,0,0,0x03
2026-09-06T20:48:01.467,696,0,1,52,0,0,0,0,0,0,0x03
2026-09-06T20:48:01.532,699,0,2,51,0,0,0,0,0,0,0x03
2026-09-06T20:48:01.533,698,0,1,51,0,0,0,0,0,0,0x03
2026-09-06T20:48:01.598,701,0,2,51,0,0,0,0,0,0,0x03
2026-09-06T20:48:01.598,700,0,1,52,0,0,0,0,0,0,0x03
2026-09-06T20:48:01.679,703,0,2,51,0,0,0,0,0,0,0x03
2026-09-06T20:48:01.679,702,0,1,50,0,0,0,0,0,0,0x03
2026-09-06T20:48:01.745,705,0,2,52,0,0,0,0,0,0,0x03
2026-09-06T20:48:01.745,704,0,1,52,0,0,0,0,0,0,0x03
2026-09-06T20:48:01.810,707,0,2,52,0,0,0,0,0,0,0x03
2026-09-06T20:48:01.810,706,0,1,51,0,0,0,0,0,0,0x03
2026-09-06T20:48:01.875,709,0,2,55,0,0,0,0,0,0,0x03
2026-09-06T20:48:01.875,708,0,1,52,0,0,0,0,0,0,0x03
2026-09-06T20:48:01.940,711,0,2,52,0,0,0,0,0,0,0x03
2026-09-06T20:48:01.940,710,0,1,50,0,0,0,0,0,0,0x03
2026-09-06T20:48:02.006,713,0,2,52,0,0,0,0,0,0,0x03
2026-09-06T20:48:02.006,712,0,1,53,0,0,0,0,0,0,0x03
2026-09-06T20:48:02.071,715,0,2,51,0,0,0,0,0,0,0x03
2026-09-06T20:48:02.071,714,0,1,50,0,0,0,0,0,0,0x03
2026-09-06T20:48:02.136,717,0,2,55,0,0,0,0,0,0,0x03
2026-09-06T20:48:02.136,716,0,1,50,0,0,0,0,0,0,0x03
2026-09-06T20:48:02.201,719,0,2,50,0,0,0,0,0,0,0x03
2026-09-06T20:48:02.201,718,0,1,50,0,0,0,0,0,0,0x03
2026-09-06T20:48:02.282,721,0,2,50,0,0,0,0,0,0,0x03
2026-09-06T20:48:02.282,720,0,1,50,0,0,0,0,0,0,0x03
2026-09-06T20:48:02.347,723,0,2,52,0,0,0,0,0,0,0x03
2026-09-06T20:48:02.347,722,0,1,50,0,0,0,0,0,0,0x03
2026-09-06T20:48:02.412,725,0,2,55,0,0,0,0,0,0,0x03
2026-09-06T20:48:02.412,724,0,1,50,0,0,0,0,0,0,0x03
2026-09-06T20:48:02.477,727,0,2,50,0,0,0,0,0,0,0x03
2026-09-06T20:48:02.477,726,0,1,51,0,0,0,0,0,0,0x03
2026-09-06T20:48:02.541,729,0,2,51,0,0,0,0,0,0,0x03
2026-09-06T20:48:02.541,728,0,1,51,0,0,0,0,0,0,0x03
2026-09-06T20:48:02.607,731,0,2,51,0,0,0,0,0,0,0x03
2026-09-06T20:48:02.607,730,0,1,51,0,0,0,0,0,0,0x03
2026-09-06T20:48:02.672,733,0,2,51,0,0,0,0,0,0,0x03
2026-09-06T20:48:02.672,732,0,1,51,0,0,0,0,0,0,0x03
2026-09-06T20:48:02.737,735,0,2,50,0,0,0,0,0,0,0x03
2026-09-06T20:48:02.737,734,0,1,51,0,0,0,0,0,0,0x03
2026-09-06T20:48:02.802,737,0,2,50,0,0,0,0,0,0,0x03
2026-09-06T20:48:02.802,736,0,1,51,0,0,0,0,0,0,0x03
2026-09-06T20:48:02.883,739,0,2,51,0,0,0,0,0,0,0x03
2026-09-06T20:48:02.883,738,0,1,50,0,0,0,0,0,0,0x03
2026-09-06T20:48:02.949,741,0,2,51,0,0,0,0,0,0,0x03
2026-09-06T20:48:02.949,740,0,1,51,0,0,0,0,0,0,0x03
2026-09-06T20:48:03.014,743,0,2,51,0,0,0,0,0,0,0x03
2026-09-06T20:48:03.014,742,0,1,52,0,0,0,0,0,0,0x03
2026-09-06T20:48:03.079,745,0,2,51,0,0,0,0,0,0,0x03
2026-09-06T20:48:03.079,744,0,1,54,0,0,0,0,0,0,0x03
2026-09-06T20:48:03.144,747,0,2,50,0,0,0,0,0,0,0x03
2026-09-06T20:48:03.144,746,0,1,51,0,0,0,0,0,0,0x03
2026-09-06T20:48:03.209,749,0,2,53,0,0,0,0,0,0,0x03
2026-09-06T20:48:03.209,748,0,1,51,0,0,0,0,0,0,0x03
2026-09-06T20:48:03.274,751,0,2,50,0,0,0,0,0,0,0x03
2026-09-06T20:48:03.274,750,0,1,50,0,0,0,0,0,0,0x03
2026-09-06T20:48:03.339,753,0,2,50,0,0,0,0,0,0,0x03
2026-09-06T20:48:03.339,752,0,1,51,0,0,0,0,0,0,0x03
2026-09-06T20:48:03.404,755,0,2,51,0,0,0,0,0,0,0x03
2026-09-06T20:48:03.404,754,0,1,51,0,0,0,0,0,0,0x03
2026-09-06T20:48:03.485,757,0,2,50,0,0,0,0,0,0,0x03
2026-09-06T20:48:03.485,756,0,1,50,0,0,0,0,0,0,0x03
2026-09-06T20:48:03.549,759,0,2,50,0,0,0,0,0,0,0x03
2026-09-06T20:48:03.550,758,0,1,52,0,0,0,0,0,0,0x03
2026-09-06T20:48:03.615,761,0,2,51,0,0,0,0,0,0,0x03
2026-09-06T20:48:03.615,760,0,1,51,0,0,0,0,0,0,0x03
2026-09-06T20:48:03.680,763,0,2,51,0,0,0,0,0,0,0x03
2026-09-06T20:48:03.680,762,0,1,51,0,0,0,0,0,0,0x03
2026-09-06T20:48:03.745,765,0,2,51,0,0,0,0,0,0,0x03
2026-09-06T20:48:03.745,764,0,1,55,0,0,0,0,0,0,0x03
2026-09-06T20:48:03.810,767,0,2,51,0,0,0,0,0,0,0x03
2026-09-06T20:48:03.810,766,0,1,50,0,0,0,0,0,0,0x03
2026-09-06T20:48:03.876,769,0,2,52,0,0,0,0,0,0,0x03
2026-09-06T20:48:03.876,768,0,1,52,0,0,0,0,0,0,0x03
2026-09-06T20:48:03.941,771,0,2,52,0,0,0,0,0,0,0x03
2026-09-06T20:48:03.941,770,0,1,50,0,0,0,0,0,0,0x03
2026-09-06T20:48:04.021,773,0,2,51,0,0,0,0,0,0,0x03
2026-09-06T20:48:04.021,772,0,1,50,0,0,0,0,0,0,0x03
2026-09-06T20:48:04.086,775,0,2,50,0,0,0,0,0,0,0x03
2026-09-06T20:48:04.086,774,0,1,51,0,0,0,0,0,0,0x03
2026-09-06T20:48:04.152,777,0,2,52,0,0,0,0,0,0,0x03
2026-09-06T20:48:04.152,776,0,1,50,0,0,0,0,0,0,0x03
2026-09-06T20:48:04.217,779,0,2,52,0,0,0,0,0,0,0x03
2026-09-06T20:48:04.217,778,0,1,52,0,0,0,0,0,0,0x03
2026-09-06T20:48:04.282,781,0,2,54,0,0,0,0,0,0,0x03
2026-09-06T20:48:04.282,780,0,1,50,0,0,0,0,0,0,0x03
2026-09-06T20:48:04.347,783,0,2,50,0,0,0,0,0,0,0x03
2026-09-06T20:48:04.347,782,0,1,51,0,0,0,0,0,0,0x03
2026-09-06T20:48:04.412,785,0,2,51,0,0,0,0,0,0,0x03
2026-09-06T20:48:04.412,784,0,1,51,0,0,0,0,0,0,0x03
2026-09-06T20:48:04.477,787,0,2,51,0,0,0,0,0,0,0x03
2026-09-06T20:48:04.477,786,0,1,50,0,0,0,0,0,0,0x03
2026-09-06T20:48:04.559,789,0,2,56,0,0,0,0,0,0,0x03
2026-09-06T20:48:04.559,788,0,1,50,0,0,0,0,0,0,0x03
2026-09-06T20:48:04.608,791,0,2,52,0,0,0,0,0,0,0x03
2026-09-06T20:48:04.608,790,0,1,51,0,0,0,0,0,0,0x03
2026-09-06T20:48:04.689,793,0,2,51,0,0,0,0,0,0,0x03
2026-09-06T20:48:04.689,792,0,1,51,0,0,0,0,0,0,0x03
2026-09-06T20:48:04.755,795,0,2,50,0,0,0,0,0,0,0x03
2026-09-06T20:48:04.755,794,0,1,50,0,0,0,0,0,0,0x03
2026-09-06T20:48:04.820,797,0,2,55,0,0,0,0,0,0,0x03
2026-09-06T20:48:04.820,796,0,1,50,0,0,0,0,0,0,0x03
2026-09-06T20:48:04.885,799,0,2,50,0,0,0,0,0,0,0x03
2026-09-06T20:48:04.885,798,0,1,51,0,0,0,0,0,0,0x03
2026-09-06T20:48:04.951,801,0,2,51,0,0,0,0,0,0,0x03
2026-09-06T20:48:04.951,800,0,1,52,0,0,0,0,0,0,0x03
2026-09-06T20:48:05.015,803,0,2,52,0,0,0,0,0,0,0x03
2026-09-06T20:48:05.015,802,0,1,51,0,0,0,0,0,0,0x03
2026-09-06T20:48:05.080,805,0,2,52,0,0,0,0,0,0,0x03
2026-09-06T20:48:05.080,804,0,1,50,0,0,0,0,0,0,0x03
2026-09-06T20:48:05.145,807,0,2,50,0,0,0,0,0,0,0x03
2026-09-06T20:48:05.145,806,0,1,51,0,0,0,0,0,0,0x03
2026-09-06T20:48:05.227,809,0,2,50,0,0,0,0,0,0,0x03
2026-09-06T20:48:05.227,808,0,1,51,0,0,0,0,0,0,0x03
2026-09-06T20:48:05.292,811,0,2,50,0,0,0,0,0,0,0x03
2026-09-06T20:48:05.292,810,0,1,55,0,0,0,0,0,0,0x03
2026-09-06T20:48:05.357,813,0,2,50,0,0,0,0,0,0,0x03
2026-09-06T20:48:05.357,812,0,1,50,0,0,0,0,0,0,0x03
2026-09-06T20:48:05.422,815,0,2,51,0,0,0,0,0,0,0x03
2026-09-06T20:48:05.422,814,0,1,50,0,0,0,0,0,0,0x03
2026-09-06T20:48:05.487,817,0,2,50,0,0,0,0,0,0,0x03
2026-09-06T20:48:05.487,816,0,1,50,0,0,0,0,0,0,0x03
2026-09-06T20:48:05.552,819,0,2,50,0,0,0,0,0,0,0x03
2026-09-06T20:48:05.552,818,0,1,52,0,0,0,0,0,0,0x03
2026-09-06T20:48:05.618,821,0,2,54,0,0,0,0,0,0,0x03
2026-09-06T20:48:05.618,820,0,1,51,0,0,0,0,0,0,0x03
2026-09-06T20:48:05.683,823,0,2,50,0,0,0,0,0,0,0x03
2026-09-06T20:48:05.683,822,0,1,52,0,0,0,0,0,0,0x03
2026-09-06T20:48:05.763,825,0,2,52,0,0,0,0,0,0,0x03
2026-09-06T20:48:05.763,824,0,1,51,0,0,0,0,0,0,0x03
2026-09-06T20:48:05.828,827,0,2,52,0,0,0,0,0,0,0x03
2026-09-06T20:48:05.828,826,0,1,52,0,0,0,0,0,0,0x03
2026-09-06T20:48:05.894,829,0,2,54,0,0,0,0,0,0,0x03
2026-09-06T20:48:05.894,828,0,1,50,0,0,0,0,0,0,0x03
2026-09-06T20:48:05.959,831,0,2,51,0,0,0,0,0,0,0x03
2026-09-06T20:48:05.959,830,0,1,51,0,0,0,0,0,0,0x03
2026-09-06T20:48:06.024,833,0,2,51,0,0,0,0,0,0,0x03
2026-09-06T20:48:06.024,832,0,1,52,0,0,0,0,0,0,0x03
2026-09-06T20:48:06.089,835,0,2,50,0,0,0,0,0,0,0x03
2026-09-06T20:48:06.089,834,0,1,50,0,0,0,0,0,0,0x03
2026-09-06T20:48:06.154,837,0,2,51,0,0,0,0,0,0,0x03
2026-09-06T20:48:06.154,836,0,1,51,0,0,0,0,0,0,0x03
2026-09-06T20:48:06.219,839,0,2,50,0,0,0,0,0,0,0x03
2026-09-06T20:48:06.219,838,0,1,50,0,0,0,0,0,0,0x03
2026-09-06T20:48:06.284,841,0,2,52,0,0,0,0,0,0,0x03
2026-09-06T20:48:06.284,840,0,1,50,0,0,0,0,0,0,0x03
2026-09-06T20:48:06.366,843,0,2,51,0,0,0,0,0,0,0x03
2026-09-06T20:48:06.366,842,0,1,51,0,0,0,0,0,0,0x03
2026-09-06T20:48:06.431,845,0,2,50,0,0,0,0,0,0,0x03
2026-09-06T20:48:06.431,844,0,1,50,0,0,0,0,0,0,0x03
2026-09-06T20:48:06.496,847,0,2,52,0,0,0,0,0,0,0x03
2026-09-06T20:48:06.496,846,0,1,52,0,0,0,0,0,0,0x03
2026-09-06T20:48:06.561,849,0,2,50,0,0,0,0,0,0,0x03
2026-09-06T20:48:06.561,848,0,1,50,0,0,0,0,0,0,0x03
2026-09-06T20:48:06.626,851,0,2,52,0,0,0,0,0,0,0x03
2026-09-06T20:48:06.626,850,0,1,50,0,0,0,0,0,0,0x03
2026-09-06T20:48:06.690,853,0,2,52,0,0,0,0,0,0,0x03
2026-09-06T20:48:06.691,852,0,1,50,0,0,0,0,0,0,0x03
2026-09-06T20:48:06.756,855,0,2,51,0,0,0,0,0,0,0x03
2026-09-06T20:48:06.756,854,0,1,51,0,0,0,0,0,0,0x03
2026-09-06T20:48:06.821,857,0,2,51,0,0,0,0,0,0,0x03
2026-09-06T20:48:06.821,856,0,1,50,0,0,0,0,0,0,0x03
2026-09-06T20:48:06.903,859,0,2,50,0,0,0,0,0,0,0x03
2026-09-06T20:48:06.903,858,0,1,51,0,0,0,0,0,0,0x03
2026-09-06T20:48:06.967,861,0,2,51,0,0,0,0,0,0,0x03
2026-09-06T20:48:06.967,860,0,1,53,0,0,0,0,0,0,0x03
2026-09-06T20:48:07.031,863,0,2,52,0,0,0,0,0,0,0x03
2026-09-06T20:48:07.031,862,0,1,52,0,0,0,0,0,0,0x03
2026-09-06T20:48:07.097,865,0,2,52,0,0,0,0,0,0,0x03
2026-09-06T20:48:07.097,864,0,1,51,0,0,0,0,0,0,0x03
2026-09-06T20:48:07.162,867,0,2,50,0,0,0,0,0,0,0x03
2026-09-06T20:48:07.162,866,0,1,52,0,0,0,0,0,0,0x03
2026-09-06T20:48:07.227,869,0,2,50,0,0,0,0,0,0,0x03
2026-09-06T20:48:07.227,868,0,1,52,0,0,0,0,0,0,0x03
2026-09-06T20:48:07.292,871,0,2,50,0,0,0,0,0,0,0x03
2026-09-06T20:48:07.292,870,0,1,51,0,0,0,0,0,0,0x03
2026-09-06T20:48:07.357,873,0,2,51,0,0,0,0,0,0,0x03
2026-09-06T20:48:07.357,872,0,1,50,0,0,0,0,0,0,0x03
2026-09-06T20:48:07.438,875,0,2,51,0,0,0,0,0,0,0x03
2026-09-06T20:48:07.438,874,0,1,50,0,0,0,0,0,0,0x03
2026-09-06T20:48:07.503,877,0,2,51,0,0,0,0,0,0,0x03
2026-09-06T20:48:07.503,876,0,1,51,0,0,0,0,0,0,0x03
2026-09-06T20:48:07.568,879,0,2,52,0,0,0,0,0,0,0x03
2026-09-06T20:48:07.568,878,0,1,50,0,0,0,0,0,0,0x03
2026-09-06T20:48:07.633,881,0,2,51,0,0,0,0,0,0,0x03
2026-09-06T20:48:07.633,880,0,1,51,0,0,0,0,0,0,0x03
2026-09-06T20:48:07.698,883,0,2,51,0,0,0,0,0,0,0x03
2026-09-06T20:48:07.698,882,0,1,52,0,0,0,0,0,0,0x03
2026-09-06T20:48:07.763,885,0,2,50,0,0,0,0,0,0,0x03
2026-09-06T20:48:07.763,884,0,1,52,0,0,0,0,0,0,0x03
2026-09-06T20:48:07.829,887,0,2,51,0,0,0,0,0,0,0x03
2026-09-06T20:48:07.829,886,0,1,50,0,0,0,0,0,0,0x03
2026-09-06T20:48:07.894,889,0,2,52,0,0,0,0,0,0,0x03
2026-09-06T20:48:07.894,888,0,1,51,0,0,0,0,0,0,0x03
2026-09-06T20:48:07.959,891,0,2,50,0,0,0,0,0,0,0x03
2026-09-06T20:48:07.959,890,0,1,51,0,0,0,0,0,0,0x03
2026-09-06T20:48:08.024,893,0,2,51,0,0,0,0,0,0,0x03
2026-09-06T20:48:08.024,892,0,1,54,0,0,0,0,0,0,0x03
2026-09-06T20:48:08.105,895,0,2,50,0,0,0,0,0,0,0x03
2026-09-06T20:48:08.105,894,0,1,51,0,0,0,0,0,0,0x03
2026-09-06T20:48:08.170,897,0,2,50,0,0,0,0,0,0,0x03
2026-09-06T20:48:08.170,896,0,1,51,0,0,0,0,0,0,0x03
2026-09-06T20:48:08.236,899,0,2,55,0,0,0,0,0,0,0x03
2026-09-06T20:48:08.236,898,0,1,50,0,0,0,0,0,0,0x03
2026-09-06T20:48:08.301,901,0,2,50,0,0,0,0,0,0,0x03
2026-09-06T20:48:08.301,900,0,1,52,0,0,0,0,0,0,0x03
2026-09-06T20:48:08.367,903,0,2,51,0,0,0,0,0,0,0x03
2026-09-06T20:48:08.367,902,0,1,52,0,0,0,0,0,0,0x03
2026-09-06T20:48:08.431,905,0,2,50,0,0,0,0,0,0,0x03
2026-09-06T20:48:08.431,904,0,1,54,0,0,0,0,0,0,0x03
2026-09-06T20:48:08.496,907,0,2,52,0,0,0,0,0,0,0x03
2026-09-06T20:48:08.496,906,0,1,50,0,0,0,0,0,0,0x03
2026-09-06T20:48:08.561,909,0,2,52,0,0,0,0,0,0,0x03
2026-09-06T20:48:08.561,908,0,1,51,0,0,0,0,0,0,0x03
2026-09-06T20:48:08.642,911,0,2,51,0,0,0,0,0,0,0x03
2026-09-06T20:48:08.642,910,0,1,51,0,0,0,0,0,0,0x03
2026-09-06T20:48:08.707,913,0,2,52,0,0,0,0,0,0,0x03
2026-09-06T20:48:08.707,912,0,1,55,0,0,0,0,0,0,0x03
2026-09-06T20:48:08.773,915,0,2,51,0,0,0,0,0,0,0x03
2026-09-06T20:48:08.773,914,0,1,51,0,0,0,0,0,0,0x03
2026-09-06T20:48:08.838,917,0,2,53,0,0,0,0,0,0,0x03
2026-09-06T20:48:08.838,916,0,1,51,0,0,0,0,0,0,0x03
2026-09-06T20:48:08.903,919,0,2,50,0,0,0,0,0,0,0x03
2026-09-06T20:48:08.903,918,0,1,52,0,0,0,0,0,0,0x03
2026-09-06T20:48:08.968,921,0,2,50,0,0,0,0,0,0,0x03
2026-09-06T20:48:08.968,920,0,1,50,0,0,0,0,0,0,0x03
2026-09-06T20:48:09.033,923,0,2,52,0,0,0,0,0,0,0x03
2026-09-06T20:48:09.033,922,0,1,52,0,0,0,0,0,0,0x03
2026-09-06T20:48:09.098,925,0,2,50,0,0,0,0,0,0,0x03
2026-09-06T20:48:09.098,924,0,1,52,0,0,0,0,0,0,0x03
2026-09-06T20:48:09.179,927,0,2,52,0,0,0,0,0,0,0x03
2026-09-06T20:48:09.179,926,0,1,52,0,0,0,0,0,0,0x03
2026-09-06T20:48:09.244,929,0,2,51,0,0,0,0,0,0,0x03
2026-09-06T20:48:09.244,928,0,1,51,0,0,0,0,0,0,0x03
2026-09-06T20:48:09.309,931,0,2,51,0,0,0,0,0,0,0x03
2026-09-06T20:48:09.309,930,0,1,51,0,0,0,0,0,0,0x03
2026-09-06T20:48:09.374,933,0,2,51,0,0,0,0,0,0,0x03
2026-09-06T20:48:09.374,932,0,1,52,0,0,0,0,0,0,0x03
2026-09-06T20:48:09.439,935,0,2,50,0,0,0,0,0,0,0x03
2026-09-06T20:48:09.439,934,0,1,52,0,0,0,0,0,0,0x03
2026-09-06T20:48:09.504,937,0,2,50,0,0,0,0,0,0,0x03
2026-09-06T20:48:09.504,936,0,1,51,0,0,0,0,0,0,0x03
2026-09-06T20:48:09.569,939,0,2,50,0,0,0,0,0,0,0x03
2026-09-06T20:48:09.569,938,0,1,50,0,0,0,0,0,0,0x03
2026-09-06T20:48:09.634,941,0,2,51,0,0,0,0,0,0,0x03
2026-09-06T20:48:09.634,940,0,1,51,0,0,0,0,0,0,0x03
2026-09-06T20:48:09.715,943,0,2,50,0,0,0,0,0,0,0x03
2026-09-06T20:48:09.715,942,0,1,51,0,0,0,0,0,0,0x03
2026-09-06T20:48:09.764,945,0,2,50,0,0,0,0,0,0,0x03
2026-09-06T20:48:09.764,944,0,1,53,0,0,0,0,0,0,0x03
2026-09-06T20:48:09.845,947,0,2,52,0,0,0,0,0,0,0x03
2026-09-06T20:48:09.845,946,0,1,51,0,0,0,0,0,0,0x03
2026-09-06T20:48:09.910,949,0,2,54,0,0,0,0,0,0,0x03
2026-09-06T20:48:09.910,948,0,1,51,0,0,0,0,0,0,0x03
2026-09-06T20:48:09.976,951,0,2,51,0,0,0,0,0,0,0x03
2026-09-06T20:48:09.976,950,0,1,50,0,0,0,0,0,0,0x03
2026-09-06T20:48:10.041,953,0,2,51,0,0,0,0,0,0,0x03
2026-09-06T20:48:10.041,952,0,1,50,0,0,0,0,0,0,0x03
2026-09-06T20:48:10.106,955,0,2,50,0,0,0,0,0,0,0x03
2026-09-06T20:48:10.106,954,0,1,52,0,0,0,0,0,0,0x03
2026-09-06T20:48:10.171,957,0,2,51,0,0,0,0,0,0,0x03
2026-09-06T20:48:10.171,956,0,1,50,0,0,0,0,0,0,0x03
2026-09-06T20:48:10.236,959,0,2,50,0,0,0,0,0,0,0x03
2026-09-06T20:48:10.236,958,0,1,52,0,0,0,0,0,0,0x03
2026-09-06T20:48:10.301,961,0,2,50,0,0,0,0,0,0,0x03
2026-09-06T20:48:10.301,960,0,1,50,0,0,0,0,0,0,0x03
2026-09-06T20:48:10.383,963,0,2,53,0,0,0,0,0,0,0x03
2026-09-06T20:48:10.383,962,0,1,52,0,0,0,0,0,0,0x03
2026-09-06T20:48:10.448,965,0,2,50,0,0,0,0,0,0,0x03
2026-09-06T20:48:10.448,964,0,1,55,0,0,0,0,0,0,0x03
2026-09-06T20:48:10.512,967,0,2,50,0,0,0,0,0,0,0x03
2026-09-06T20:48:10.512,966,0,1,50,0,0,0,0,0,0,0x03
2026-09-06T20:48:10.577,969,0,2,50,0,0,0,0,0,0,0x03
2026-09-06T20:48:10.577,968,0,1,50,0,0,0,0,0,0,0x03
2026-09-06T20:48:10.642,971,0,2,52,0,0,0,0,0,0,0x03
2026-09-06T20:48:10.642,970,0,1,50,0,0,0,0,0,0,0x03
2026-09-06T20:48:10.708,973,0,2,50,0,0,0,0,0,0,0x03
2026-09-06T20:48:10.708,972,0,1,50,0,0,0,0,0,0,0x03
2026-09-06T20:48:10.773,975,0,2,53,0,0,0,0,0,0,0x03
2026-09-06T20:48:10.773,974,0,1,51,0,0,0,0,0,0,0x03
2026-09-06T20:48:10.838,977,0,2,51,0,0,0,0,0,0,0x03
2026-09-06T20:48:10.838,976,0,1,55,0,0,0,0,0,0,0x03
2026-09-06T20:48:10.920,979,0,2,51,0,0,0,0,0,0,0x03
2026-09-06T20:48:10.920,978,0,1,50,0,0,0,0,0,0,0x03
2026-09-06T20:48:10.985,981,0,2,51,0,0,0,0,0,0,0x03
2026-09-06T20:48:10.985,980,0,1,51,0,0,0,0,0,0,0x03
2026-09-06T20:48:11.050,983,0,2,52,0,0,0,0,0,0,0x03
2026-09-06T20:48:11.050,982,0,1,50,0,0,0,0,0,0,0x03
2026-09-06T20:48:11.115,985,0,2,50,0,0,0,0,0,0,0x03
2026-09-06T20:48:11.115,984,0,1,52,0,0,0,0,0,0,0x03
2026-09-06T20:48:11.180,987,0,2,51,0,0,0,0,0,0,0x03
2026-09-06T20:48:11.180,986,0,1,50,0,0,0,0,0,0,0x03
2026-09-06T20:48:11.245,989,0,2,51,0,0,0,0,0,0,0x03
2026-09-06T20:48:11.245,988,0,1,51,0,0,0,0,0,0,0x03
2026-09-06T20:48:11.311,991,0,2,51,0,0,0,0,0,0,0x03
2026-09-06T20:48:11.311,990,0,1,50,0,0,0,0,0,0,0x03
2026-09-06T20:48:11.376,993,0,2,51,0,0,0,0,0,0,0x03
2026-09-06T20:48:11.376,992,0,1,50,0,0,0,0,0,0,0x03
2026-09-06T20:48:11.442,995,0,2,51,0,0,0,0,0,0,0x03
2026-09-06T20:48:11.442,994,0,1,51,0,0,0,0,0,0,0x03
2026-09-06T20:48:11.523,997,0,2,51,0,0,0,0,0,0,0x03
2026-09-06T20:48:11.523,996,0,1,52,0,0,0,0,0,0,0x03
2026-09-06T20:48:11.588,999,0,2,51,0,0,0,0,0,0,0x03
2026-09-06T20:48:11.588,998,0,1,50,0,0,0,0,0,0,0x03
2026-09-06T20:48:11.652,1001,0,2,51,0,0,0,0,0,0,0x03
2026-09-06T20:48:11.652,1000,0,1,51,0,0,0,0,0,0,0x03
2026-09-06T20:48:11.717,1003,0,2,52,0,0,0,0,0,0,0x03
2026-09-06T20:48:11.718,1002,0,1,50,0,0,0,0,0,0,0x03
2026-09-06T20:48:11.782,1005,0,2,51,0,0,0,0,0,0,0x03
2026-09-06T20:48:11.782,1004,0,1,52,0,0,0,0,0,0,0x03
2026-09-06T20:48:11.847,1007,0,2,50,0,0,0,0,0,0,0x03
2026-09-06T20:48:11.847,1006,0,1,50,0,0,0,0,0,0,0x03
2026-09-06T20:48:11.912,1009,0,2,52,0,0,0,0,0,0,0x03
2026-09-06T20:48:11.912,1008,0,1,50,0,0,0,0,0,0,0x03
2026-09-06T20:48:11.977,1011,0,2,50,0,0,0,0,0,0,0x03
2026-09-06T20:48:11.977,1010,0,1,50,0,0,0,0,0,0,0x03
2026-09-06T20:48:12.058,1013,0,2,52,0,0,0,0,0,0,0x03
2026-09-06T20:48:12.058,1012,0,1,51,0,0,0,0,0,0,0x03
2026-09-06T20:48:12.123,1015,0,2,51,0,0,0,0,0,0,0x03
2026-09-06T20:48:12.123,1014,0,1,53,0,0,0,0,0,0,0x03
2026-09-06T20:48:12.188,1017,0,2,51,0,0,0,0,0,0,0x03
2026-09-06T20:48:12.188,1016,0,1,52,0,0,0,0,0,0,0x03
2026-09-06T20:48:12.253,1019,0,2,51,0,0,0,0,0,0,0x03
2026-09-06T20:48:12.253,1018,0,1,50,0,0,0,0,0,0,0x03
2026-09-06T20:48:12.318,1021,0,2,50,0,0,0,0,0,0,0x03
2026-09-06T20:48:12.318,1020,0,1,51,0,0,0,0,0,0,0x03
2026-09-06T20:48:12.383,1023,0,2,52,0,0,0,0,0,0,0x03
2026-09-06T20:48:12.383,1022,0,1,51,0,0,0,0,0,0,0x03
2026-09-06T20:48:12.448,1025,0,2,50,0,0,0,0,0,0,0x03
2026-09-06T20:48:12.448,1024,0,1,52,0,0,0,0,0,0,0x03
2026-09-06T20:48:12.513,1027,0,2,53,0,0,0,0,0,0,0x03
2026-09-06T20:48:12.513,1026,0,1,51,0,0,0,0,0,0,0x03
2026-09-06T20:48:12.595,1029,0,2,51,0,0,0,0,0,0,0x03
2026-09-06T20:48:12.595,1028,0,1,51,0,0,0,0,0,0,0x03
2026-09-06T20:48:12.659,1031,0,2,51,0,0,0,0,0,0,0x03
2026-09-06T20:48:12.659,1030,0,1,50,0,0,0,0,0,0,0x03
2026-09-06T20:48:12.725,1033,0,2,50,0,0,0,0,0,0,0x03
2026-09-06T20:48:12.725,1032,0,1,51,0,0,0,0,0,0,0x03
2026-09-06T20:48:12.789,1035,0,2,51,0,0,0,0,0,0,0x03
2026-09-06T20:48:12.789,1034,0,1,50,0,0,0,0,0,0,0x03
2026-09-06T20:48:12.854,1037,0,2,51,0,0,0,0,0,0,0x03
2026-09-06T20:48:12.854,1036,0,1,52,0,0,0,0,0,0,0x03
2026-09-06T20:48:12.919,1039,0,2,53,0,0,0,0,0,0,0x03
2026-09-06T20:48:12.919,1038,0,1,52,0,0,0,0,0,0,0x03
2026-09-06T20:48:12.984,1041,0,2,50,0,0,0,0,0,0,0x03
2026-09-06T20:48:12.984,1040,0,1,52,0,0,0,0,0,0,0x03
2026-09-06T20:48:13.049,1043,0,2,50,0,0,0,0,0,0,0x03
2026-09-06T20:48:13.049,1042,0,1,52,0,0,0,0,0,0,0x03
2026-09-06T20:48:13.114,1045,0,2,51,0,0,0,0,0,0,0x03
2026-09-06T20:48:13.114,1044,0,1,51,0,0,0,0,0,0,0x03
2026-09-06T20:48:13.195,1047,0,2,54,0,0,0,0,0,0,0x03
2026-09-06T20:48:13.195,1046,0,1,52,0,0,0,0,0,0,0x03
2026-09-06T20:48:13.260,1049,0,2,51,0,0,0,0,0,0,0x03
2026-09-06T20:48:13.260,1048,0,1,50,0,0,0,0,0,0,0x03
2026-09-06T20:48:13.325,1051,0,2,50,0,0,0,0,0,0,0x03
2026-09-06T20:48:13.325,1050,0,1,51,0,0,0,0,0,0,0x03
2026-09-06T20:48:13.390,1053,0,2,50,0,0,0,0,0,0,0x03
2026-09-06T20:48:13.390,1052,0,1,52,0,0,0,0,0,0,0x03
2026-09-06T20:48:13.455,1055,0,2,50,0,0,0,0,0,0,0x03
2026-09-06T20:48:13.455,1054,0,1,50,0,0,0,0,0,0,0x03
2026-09-06T20:48:13.520,1057,0,2,51,0,0,0,0,0,0,0x03
2026-09-06T20:48:13.520,1056,0,1,50,0,0,0,0,0,0,0x03
2026-09-06T20:48:13.585,1059,0,2,54,0,0,0,0,0,0,0x03
2026-09-06T20:48:13.585,1058,0,1,51,0,0,0,0,0,0,0x03
2026-09-06T20:48:13.650,1061,0,2,50,0,0,0,0,0,0,0x03
2026-09-06T20:48:13.650,1060,0,1,52,0,0,0,0,0,0,0x03
2026-09-06T20:48:13.731,1063,0,2,50,0,0,0,0,0,0,0x03
2026-09-06T20:48:13.731,1062,0,1,50,0,0,0,0,0,0,0x03
2026-09-06T20:48:13.795,1065,0,2,50,0,0,0,0,0,0,0x03
2026-09-06T20:48:13.795,1064,0,1,52,0,0,0,0,0,0,0x03
2026-09-06T20:48:13.860,1067,0,2,51,0,0,0,0,0,0,0x03
2026-09-06T20:48:13.860,1066,0,1,52,0,0,0,0,0,0,0x03
2026-09-06T20:48:13.926,1069,0,2,52,0,0,0,0,0,0,0x03
2026-09-06T20:48:13.926,1068,0,1,50,0,0,0,0,0,0,0x03
2026-09-06T20:48:13.991,1071,0,2,50,0,0,0,0,0,0,0x03
2026-09-06T20:48:13.991,1070,0,1,52,0,0,0,0,0,0,0x03
2026-09-06T20:48:14.056,1073,0,2,50,0,0,0,0,0,0,0x03
2026-09-06T20:48:14.056,1072,0,1,50,0,0,0,0,0,0,0x03
2026-09-06T20:48:14.121,1075,0,2,50,0,0,0,0,0,0,0x03
2026-09-06T20:48:14.121,1074,0,1,50,0,0,0,0,0,0,0x03
2026-09-06T20:48:14.186,1077,0,2,51,0,0,0,0,0,0,0x03
2026-09-06T20:48:14.186,1076,0,1,51,0,0,0,0,0,0,0x03
2026-09-06T20:48:14.267,1079,0,2,50,0,0,0,0,0,0,0x03
2026-09-06T20:48:14.267,1078,0,1,51,0,0,0,0,0,0,0x03
2026-09-06T20:48:14.332,1081,0,2,51,0,0,0,0,0,0,0x03
2026-09-06T20:48:14.333,1080,0,1,51,0,0,0,0,0,0,0x03
2026-09-06T20:48:14.397,1083,0,2,50,0,0,0,0,0,0,0x03
2026-09-06T20:48:14.397,1082,0,1,50,0,0,0,0,0,0,0x03
2026-09-06T20:48:14.463,1085,0,2,50,0,0,0,0,0,0,0x03
2026-09-06T20:48:14.463,1084,0,1,50,0,0,0,0,0,0,0x03
2026-09-06T20:48:14.528,1087,0,2,50,0,0,0,0,0,0,0x03
2026-09-06T20:48:14.528,1086,0,1,50,0,0,0,0,0,0,0x03
2026-09-06T20:48:14.593,1089,0,2,52,0,0,0,0,0,0,0x03
2026-09-06T20:48:14.593,1088,0,1,51,0,0,0,0,0,0,0x03
2026-09-06T20:48:14.658,1091,0,2,51,0,0,0,0,0,0,0x03
2026-09-06T20:48:14.658,1090,0,1,52,0,0,0,0,0,0,0x03
2026-09-06T20:48:14.723,1093,0,2,51,0,0,0,0,0,0,0x03
2026-09-06T20:48:14.723,1092,0,1,51,0,0,0,0,0,0,0x03
2026-09-06T20:48:14.788,1095,0,2,50,0,0,0,0,0,0,0x03
2026-09-06T20:48:14.788,1094,0,1,52,0,0,0,0,0,0,0x03
2026-09-06T20:48:14.869,1097,0,2,52,0,0,0,0,0,0,0x03
2026-09-06T20:48:14.869,1096,0,1,52,0,0,0,0,0,0,0x03
2026-09-06T20:48:14.934,1099,0,2,51,0,0,0,0,0,0,0x03
2026-09-06T20:48:14.934,1098,0,1,51,0,0,0,0,0,0,0x03
2026-09-06T20:48:14.999,1101,0,2,51,0,0,0,0,0,0,0x03
2026-09-06T20:48:14.999,1100,0,1,51,0,0,0,0,0,0,0x03
2026-09-06T20:48:15.064,1103,0,2,51,0,0,0,0,0,0,0x03
2026-09-06T20:48:15.064,1102,0,1,50,0,0,0,0,0,0,0x03
2026-09-06T20:48:15.129,1105,0,2,52,0,0,0,0,0,0,0x03
2026-09-06T20:48:15.129,1104,0,1,51,0,0,0,0,0,0,0x03
2026-09-06T20:48:15.195,1107,0,2,51,0,0,0,0,0,0,0x03
2026-09-06T20:48:15.195,1106,0,1,50,0,0,0,0,0,0,0x03
2026-09-06T20:48:15.260,1109,0,2,50,0,0,0,0,0,0,0x03
2026-09-06T20:48:15.260,1108,0,1,51,0,0,0,0,0,0,0x03
2026-09-06T20:48:15.324,1111,0,2,52,0,0,0,0,0,0,0x03
2026-09-06T20:48:15.324,1110,0,1,53,0,0,0,0,0,0,0x03
2026-09-06T20:48:15.406,1113,0,2,50,0,0,0,0,0,0,0x03
2026-09-06T20:48:15.406,1112,0,1,50,0,0,0,0,0,0,0x03
2026-09-06T20:48:15.471,1115,0,2,51,0,0,0,0,0,0,0x03
2026-09-06T20:48:15.471,1114,0,1,51,0,0,0,0,0,0,0x03
2026-09-06T20:48:15.536,1117,0,2,51,0,0,0,0,0,0,0x03
2026-09-06T20:48:15.536,1116,0,1,51,0,0,0,0,0,0,0x03
2026-09-06T20:48:15.601,1119,0,2,51,0,0,0,0,0,0,0x03
2026-09-06T20:48:15.602,1118,0,1,52,0,0,0,0,0,0,0x03
2026-09-06T20:48:15.667,1121,0,2,51,0,0,0,0,0,0,0x03
2026-09-06T20:48:15.667,1120,0,1,52,0,0,0,0,0,0,0x03
2026-09-06T20:48:15.731,1123,0,2,52,0,0,0,0,0,0,0x03
2026-09-06T20:48:15.731,1122,0,1,52,0,0,0,0,0,0,0x03
2026-09-06T20:48:15.795,1125,0,2,50,0,0,0,0,0,0,0x03
2026-09-06T20:48:15.795,1124,0,1,51,0,0,0,0,0,0,0x03
2026-09-06T20:48:15.860,1127,0,2,50,0,0,0,0,0,0,0x03
2026-09-06T20:48:15.860,1126,0,1,50,0,0,0,0,0,0,0x03
2026-09-06T20:48:15.941,1129,0,2,51,0,0,0,0,0,0,0x03
2026-09-06T20:48:15.942,1128,0,1,51,0,0,0,0,0,0,0x03
2026-09-06T20:48:16.006,1131,0,2,51,0,0,0,0,0,0,0x03
2026-09-06T20:48:16.006,1130,0,1,54,0,0,0,0,0,0,0x03
2026-09-06T20:48:16.070,1133,0,2,50,0,0,0,0,0,0,0x03
2026-09-06T20:48:16.070,1132,0,1,51,0,0,0,0,0,0,0x03
2026-09-06T20:48:16.135,1135,0,2,52,0,0,0,0,0,0,0x03
2026-09-06T20:48:16.135,1134,0,1,50,0,0,0,0,0,0,0x03
2026-09-06T20:48:16.200,1137,0,2,51,0,0,0,0,0,0,0x03
2026-09-06T20:48:16.200,1136,0,1,51,0,0,0,0,0,0,0x03
2026-09-06T20:48:16.265,1139,0,2,52,0,0,0,0,0,0,0x03
2026-09-06T20:48:16.265,1138,0,1,51,0,0,0,0,0,0,0x03
2026-09-06T20:48:16.330,1141,0,2,52,0,0,0,0,0,0,0x03
2026-09-06T20:48:16.330,1140,0,1,51,0,0,0,0,0,0,0x03
2026-09-06T20:48:16.411,1143,0,2,51,0,0,0,0,0,0,0x03
2026-09-06T20:48:16.411,1142,0,1,51,0,0,0,0,0,0,0x03
2026-09-06T20:48:16.460,1145,0,2,51,0,0,0,0,0,0,0x03
2026-09-06T20:48:16.460,1144,0,1,52,0,0,0,0,0,0,0x03
2026-09-06T20:48:16.542,1147,0,2,50,0,0,0,0,0,0,0x03
2026-09-06T20:48:16.542,1146,0,1,51,0,0,0,0,0,0,0x03
2026-09-06T20:48:16.607,1149,0,2,50,0,0,0,0,0,0,0x03
2026-09-06T20:48:16.607,1148,0,1,53,0,0,0,0,0,0,0x03
2026-09-06T20:48:16.671,1151,0,2,50,0,0,0,0,0,0,0x03
2026-09-06T20:48:16.671,1150,0,1,50,0,0,0,0,0,0,0x03
2026-09-06T20:48:16.736,1153,0,2,54,0,0,0,0,0,0,0x03
2026-09-06T20:48:16.736,1152,0,1,51,0,0,0,0,0,0,0x03
2026-09-06T20:48:16.801,1155,0,2,51,0,0,0,0,0,0,0x03
2026-09-06T20:48:16.801,1154,0,1,50,0,0,0,0,0,0,0x03
2026-09-06T20:48:16.866,1157,0,2,50,0,0,0,0,0,0,0x03
2026-09-06T20:48:16.866,1156,0,1,52,0,0,0,0,0,0,0x03
2026-09-06T20:48:16.932,1159,0,2,51,0,0,0,0,0,0,0x03
2026-09-06T20:48:16.932,1158,0,1,50,0,0,0,0,0,0,0x03
2026-09-06T20:48:16.996,1161,0,2,50,0,0,0,0,0,0,0x03
2026-09-06T20:48:16.996,1160,0,1,52,0,0,0,0,0,0,0x03
2026-09-06T20:48:17.078,1163,0,2,52,0,0,0,0,0,0,0x03
2026-09-06T20:48:17.078,1162,0,1,50,0,0,0,0,0,0,0x03
2026-09-06T20:48:17.143,1165,0,2,51,0,0,0,0,0,0,0x03
2026-09-06T20:48:17.143,1164,0,1,50,0,0,0,0,0,0,0x03
2026-09-06T20:48:17.208,1167,0,2,52,0,0,0,0,0,0,0x03
2026-09-06T20:48:17.208,1166,0,1,50,0,0,0,0,0,0,0x03
2026-09-06T20:48:17.274,1169,0,2,52,0,0,0,0,0,0,0x03
2026-09-06T20:48:17.274,1168,0,1,52,0,0,0,0,0,0,0x03
2026-09-06T20:48:17.339,1171,0,2,50,0,0,0,0,0,0,0x03
2026-09-06T20:48:17.339,1170,0,1,51,0,0,0,0,0,0,0x03
2026-09-06T20:48:17.404,1173,0,2,54,0,0,0,0,0,0,0x03
2026-09-06T20:48:17.404,1172,0,1,52,0,0,0,0,0,0,0x03
2026-09-06T20:48:17.469,1175,0,2,52,0,0,0,0,0,0,0x03
2026-09-06T20:48:17.469,1174,0,1,52,0,0,0,0,0,0,0x03
2026-09-06T20:48:17.534,1177,0,2,51,0,0,0,0,0,0,0x03
2026-09-06T20:48:17.534,1176,0,1,52,0,0,0,0,0,0,0x03
2026-09-06T20:48:17.615,1179,0,2,50,0,0,0,0,0,0,0x03
2026-09-06T20:48:17.615,1178,0,1,50,0,0,0,0,0,0,0x03
2026-09-06T20:48:17.745,1181,0,2,50,0,0,0,0,0,0,0x03
2026-09-06T20:48:17.745,1180,0,1,52,0,0,0,0,0,0,0x03
2026-09-06T20:48:17.810,1183,0,2,52,0,0,0,0,0,0,0x03
2026-09-06T20:48:17.810,1182,0,1,51,0,0,0,0,0,0,0x03
2026-09-06T20:48:17.875,1185,0,2,51,0,0,0,0,0,0,0x03
2026-09-06T20:48:17.876,1184,0,1,51,0,0,0,0,0,0,0x03
2026-09-06T20:48:17.941,1187,0,2,51,0,0,0,0,0,0,0x03
2026-09-06T20:48:17.941,1186,0,1,50,0,0,0,0,0,0,0x03
2026-09-06T20:48:18.006,1189,0,2,51,0,0,0,0,0,0,0x03
2026-09-06T20:48:18.006,1188,0,1,51,0,0,0,0,0,0,0x03
2026-09-06T20:48:18.072,1191,0,2,52,0,0,0,0,0,0,0x03
2026-09-06T20:48:18.072,1190,0,1,51,0,0,0,0,0,0,0x03
2026-09-06T20:48:18.137,1193,0,2,50,0,0,0,0,0,0,0x03
2026-09-06T20:48:18.138,1192,0,1,52,0,0,0,0,0,0,0x03
2026-09-06T20:48:18.219,1195,0,2,51,0,0,0,0,0,0,0x03
2026-09-06T20:48:18.219,1194,0,1,50,0,0,0,0,0,0,0x03
2026-09-06T20:48:18.268,1197,0,2,51,0,0,0,0,0,0,0x03
2026-09-06T20:48:18.268,1196,0,1,50,0,0,0,0,0,0,0x03
2026-09-06T20:48:18.349,1199,0,2,53,0,0,0,0,0,0,0x03
2026-09-06T20:48:18.349,1198,0,1,50,0,0,0,0,0,0,0x03
2026-09-06T20:48:18.414,1201,0,2,50,0,0,0,0,0,0,0x03
2026-09-06T20:48:18.414,1200,0,1,50,0,0,0,0,0,0,0x03
2026-09-06T20:48:18.479,1203,0,2,51,0,0,0,0,0,0,0x03
2026-09-06T20:48:18.480,1202,0,1,51,0,0,0,0,0,0,0x03
2026-09-06T20:48:18.545,1205,0,2,51,0,0,0,0,0,0,0x03
2026-09-06T20:48:18.545,1204,0,1,54,0,0,0,0,0,0,0x03
2026-09-06T20:48:18.610,1207,0,2,50,0,0,0,0,0,0,0x03
2026-09-06T20:48:18.610,1206,0,1,51,0,0,0,0,0,0,0x03
2026-09-06T20:48:18.674,1209,0,2,52,0,0,0,0,0,0,0x03
2026-09-06T20:48:18.674,1208,0,1,52,0,0,0,0,0,0,0x03
2026-09-06T20:48:18.755,1211,0,2,53,0,0,0,0,0,0,0x03
2026-09-06T20:48:18.755,1210,0,1,51,0,0,0,0,0,0,0x03
2026-09-06T20:48:18.804,1213,0,2,51,0,0,0,0,0,0,0x03
2026-09-06T20:48:18.804,1212,0,1,53,0,0,0,0,0,0,0x03
2026-09-06T20:48:18.885,1215,0,2,50,0,0,0,0,0,0,0x03
2026-09-06T20:48:18.885,1214,0,1,50,0,0,0,0,0,0,0x03
2026-09-06T20:48:18.951,1217,0,2,51,0,0,0,0,0,0,0x03
2026-09-06T20:48:18.951,1216,0,1,52,0,0,0,0,0,0,0x03
2026-09-06T20:48:19.015,1219,0,2,54,0,0,0,0,0,0,0x03
2026-09-06T20:48:19.015,1218,0,1,51,0,0,0,0,0,0,0x03
2026-09-06T20:48:19.080,1221,0,2,50,0,0,0,0,0,0,0x03
2026-09-06T20:48:19.080,1220,0,1,52,0,0,0,0,0,0,0x03
2026-09-06T20:48:19.145,1223,0,2,50,0,0,0,0,0,0,0x03
2026-09-06T20:48:19.145,1222,0,1,50,0,0,0,0,0,0,0x03
2026-09-06T20:48:19.210,1225,0,2,50,0,0,0,0,0,0,0x03
2026-09-06T20:48:19.210,1224,0,1,50,0,0,0,0,0,0,0x03
2026-09-06T20:48:19.291,1227,0,2,50,0,0,0,0,0,0,0x03
2026-09-06T20:48:19.292,1226,0,1,50,0,0,0,0,0,0,0x03
2026-09-06T20:48:19.356,1229,0,2,50,0,0,0,0,0,0,0x03
2026-09-06T20:48:19.356,1228,0,1,50,0,0,0,0,0,0,0x03
2026-09-06T20:48:19.420,1231,0,2,51,0,0,0,0,0,0,0x03
2026-09-06T20:48:19.420,1230,0,1,52,0,0,0,0,0,0,0x03
2026-09-06T20:48:19.485,1233,0,2,51,0,0,0,0,0,0,0x03
2026-09-06T20:48:19.485,1232,0,1,51,0,0,0,0,0,0,0x03
2026-09-06T20:48:19.550,1235,0,2,51,0,0,0,0,0,0,0x03
2026-09-06T20:48:19.550,1234,0,1,50,0,0,0,0,0,0,0x03
2026-09-06T20:48:19.615,1237,0,2,51,0,0,0,0,0,0,0x03
2026-09-06T20:48:19.615,1236,0,1,52,0,0,0,0,0,0,0x03
2026-09-06T20:48:19.680,1239,0,2,50,0,0,0,0,0,0,0x03
2026-09-06T20:48:19.680,1238,0,1,52,0,0,0,0,0,0,0x03
2026-09-06T20:48:19.745,1241,0,2,51,0,0,0,0,0,0,0x03
2026-09-06T20:48:19.745,1240,0,1,50,0,0,0,0,0,0,0x03
2026-09-06T20:48:19.810,1243,0,2,53,0,0,0,0,0,0,0x03
2026-09-06T20:48:19.810,1242,0,1,50,0,0,0,0,0,0,0x03
2026-09-06T20:48:19.875,1245,0,2,50,0,0,0,0,0,0,0x03
2026-09-06T20:48:19.875,1244,0,1,55,0,0,0,0,0,0,0x03
2026-09-06T20:48:19.956,1247,0,2,51,0,0,0,0,0,0,0x03
2026-09-06T20:48:19.956,1246,0,1,50,0,0,0,0,0,0,0x03
2026-09-06T20:48:20.022,1249,0,2,50,0,0,0,0,0,0,0x03
2026-09-06T20:48:20.022,1248,0,1,51,0,0,0,0,0,0,0x03
2026-09-06T20:48:20.087,1251,0,2,51,0,0,0,0,0,0,0x03
2026-09-06T20:48:20.087,1250,0,1,52,0,0,0,0,0,0,0x03
2026-09-06T20:48:20.152,1253,0,2,50,0,0,0,0,0,0,0x03
2026-09-06T20:48:20.152,1252,0,1,52,0,0,0,0,0,0,0x03
2026-09-06T20:48:20.217,1255,0,2,52,0,0,0,0,0,0,0x03
2026-09-06T20:48:20.218,1254,0,1,50,0,0,0,0,0,0,0x03
2026-09-06T20:48:20.282,1257,0,2,51,0,0,0,0,0,0,0x03
2026-09-06T20:48:20.282,1256,0,1,52,0,0,0,0,0,0,0x03
2026-09-06T20:48:20.347,1259,0,2,51,0,0,0,0,0,0,0x03
2026-09-06T20:48:20.347,1258,0,1,52,0,0,0,0,0,0,0x03
2026-09-06T20:48:20.412,1261,0,2,50,0,0,0,0,0,0,0x03
2026-09-06T20:48:20.412,1260,0,1,50,0,0,0,0,0,0,0x03
2026-09-06T20:48:20.493,1263,0,2,52,0,0,0,0,0,0,0x03
2026-09-06T20:48:20.493,1262,0,1,51,0,0,0,0,0,0,0x03
2026-09-06T20:48:20.558,1265,0,2,52,0,0,0,0,0,0,0x03
2026-09-06T20:48:20.558,1264,0,1,54,0,0,0,0,0,0,0x03
2026-09-06T20:48:20.623,1267,0,2,51,0,0,0,0,0,0,0x03
2026-09-06T20:48:20.623,1266,0,1,51,0,0,0,0,0,0,0x03
2026-09-06T20:48:20.688,1269,0,2,52,0,0,0,0,0,0,0x03
2026-09-06T20:48:20.688,1268,0,1,50,0,0,0,0,0,0,0x03
2026-09-06T20:48:20.752,1271,0,2,50,0,0,0,0,0,0,0x03
2026-09-06T20:48:20.752,1270,0,1,50,0,0,0,0,0,0,0x03
2026-09-06T20:48:20.817,1273,0,2,51,0,0,0,0,0,0,0x03
2026-09-06T20:48:20.817,1272,0,1,51,0,0,0,0,0,0,0x03
2026-09-06T20:48:20.881,1275,0,2,55,0,0,0,0,0,0,0x03
2026-09-06T20:48:20.881,1274,0,1,52,0,0,0,0,0,0,0x03
2026-09-06T20:48:20.963,1277,0,2,51,0,0,0,0,0,0,0x03
2026-09-06T20:48:20.963,1276,0,1,50,0,0,0,0,0,0,0x03
2026-09-06T20:48:21.028,1279,0,2,50,0,0,0,0,0,0,0x03
2026-09-06T20:48:21.028,1278,0,1,50,0,0,0,0,0,0,0x03
2026-09-06T20:48:21.093,1281,0,2,51,0,0,0,0,0,0,0x03
2026-09-06T20:48:21.093,1280,0,1,51,0,0,0,0,0,0,0x03
2026-09-06T20:48:21.159,1283,0,2,50,0,0,0,0,0,0,0x03
2026-09-06T20:48:21.159,1282,0,1,50,0,0,0,0,0,0,0x03
2026-09-06T20:48:21.224,1285,0,2,51,0,0,0,0,0,0,0x03
2026-09-06T20:48:21.224,1284,0,1,52,0,0,0,0,0,0,0x03
2026-09-06T20:48:21.288,1287,0,2,53,0,0,0,0,0,0,0x03
2026-09-06T20:48:21.288,1286,0,1,50,0,0,0,0,0,0,0x03
2026-09-06T20:48:21.354,1289,0,2,50,0,0,0,0,0,0,0x03
2026-09-06T20:48:21.354,1288,0,1,51,0,0,0,0,0,0,0x03
2026-09-06T20:48:21.419,1291,0,2,50,0,0,0,0,0,0,0x03
2026-09-06T20:48:21.419,1290,0,1,52,0,0,0,0,0,0,0x03
2026-09-06T20:48:21.484,1293,0,2,50,0,0,0,0,0,0,0x03
2026-09-06T20:48:21.484,1292,0,1,52,0,0,0,0,0,0,0x03
2026-09-06T20:48:21.565,1295,0,2,50,0,0,0,0,0,0,0x03
2026-09-06T20:48:21.565,1294,0,1,50,0,0,0,0,0,0,0x03
2026-09-06T20:48:21.630,1297,0,2,50,0,0,0,0,0,0,0x03
2026-09-06T20:48:21.630,1296,0,1,58,0,0,0,0,0,0,0x03
2026-09-06T20:48:21.695,1299,0,2,51,0,0,0,0,0,0,0x03
2026-09-06T20:48:21.695,1298,0,1,51,0,0,0,0,0,0,0x03
2026-09-06T20:48:21.760,1301,0,2,51,0,0,0,0,0,0,0x03
2026-09-06T20:48:21.760,1300,0,1,52,0,0,0,0,0,0,0x03
2026-09-06T20:48:21.825,1303,0,2,50,0,0,0,0,0,0,0x03
2026-09-06T20:48:21.825,1302,0,1,53,0,0,0,0,0,0,0x03
2026-09-06T20:48:21.890,1305,0,2,51,0,0,0,0,0,0,0x03
2026-09-06T20:48:21.890,1304,0,1,52,0,0,0,0,0,0,0x03
2026-09-06T20:48:21.955,1307,0,2,50,0,0,0,0,0,0,0x03
2026-09-06T20:48:21.955,1306,0,1,50,0,0,0,0,0,0,0x03
2026-09-06T20:48:22.020,1309,0,2,52,0,0,0,0,0,0,0x03
2026-09-06T20:48:22.020,1308,0,1,51,0,0,0,0,0,0,0x03
2026-09-06T20:48:22.102,1311,0,2,52,0,0,0,0,0,0,0x03
2026-09-06T20:48:22.102,1310,0,1,50,0,0,0,0,0,0,0x03
2026-09-06T20:48:22.167,1313,0,2,52,0,0,0,0,0,0,0x03
2026-09-06T20:48:22.167,1312,0,1,52,0,0,0,0,0,0,0x03
2026-09-06T20:48:22.232,1315,0,2,51,0,0,0,0,0,0,0x03
2026-09-06T20:48:22.232,1314,0,1,52,0,0,0,0,0,0,0x03
2026-09-06T20:48:22.297,1317,0,2,50,0,0,0,0,0,0,0x03
2026-09-06T20:48:22.297,1316,0,1,52,0,0,0,0,0,0,0x03
2026-09-06T20:48:22.362,1319,0,2,51,0,0,0,0,0,0,0x03
2026-09-06T20:48:22.362,1318,0,1,52,0,0,0,0,0,0,0x03
2026-09-06T20:48:22.428,1321,0,2,50,0,0,0,0,0,0,0x03
2026-09-06T20:48:22.428,1320,0,1,50,0,0,0,0,0,0,0x03
2026-09-06T20:48:22.492,1323,0,2,50,0,0,0,0,0,0,0x03
2026-09-06T20:48:22.492,1322,0,1,50,0,0,0,0,0,0,0x03
2026-09-06T20:48:22.558,1325,0,2,50,0,0,0,0,0,0,0x03
2026-09-06T20:48:22.558,1324,0,1,51,0,0,0,0,0,0,0x03
2026-09-06T20:48:22.639,1327,0,2,51,0,0,0,0,0,0,0x03
2026-09-06T20:48:22.639,1326,0,1,52,0,0,0,0,0,0,0x03
2026-09-06T20:48:22.688,1329,0,2,52,0,0,0,0,0,0,0x03
2026-09-06T20:48:22.688,1328,0,1,52,0,0,0,0,0,0,0x03
2026-09-06T20:48:22.769,1331,0,2,50,0,0,0,0,0,0,0x03
2026-09-06T20:48:22.769,1330,0,1,51,0,0,0,0,0,0,0x03
2026-09-06T20:48:22.835,1333,0,2,50,0,0,0,0,0,0,0x03
2026-09-06T20:48:22.835,1332,0,1,50,0,0,0,0,0,0,0x03
2026-09-06T20:48:22.899,1335,0,2,52,0,0,0,0,0,0,0x03
2026-09-06T20:48:22.899,1334,0,1,52,0,0,0,0,0,0,0x03
2026-09-06T20:48:22.964,1337,0,2,53,0,0,0,0,0,0,0x03
2026-09-06T20:48:22.964,1336,0,1,52,0,0,0,0,0,0,0x03
2026-09-06T20:48:23.030,1339,0,2,50,0,0,0,0,0,0,0x03
2026-09-06T20:48:23.030,1338,0,1,50,0,0,0,0,0,0,0x03
2026-09-06T20:48:23.095,1341,0,2,50,0,0,0,0,0,0,0x03
2026-09-06T20:48:23.095,1340,0,1,52,0,0,0,0,0,0,0x03
2026-09-06T20:48:23.160,1343,0,2,50,0,0,0,0,0,0,0x03
2026-09-06T20:48:23.160,1342,0,1,51,0,0,0,0,0,0,0x03
2026-09-06T20:48:23.225,1345,0,2,52,0,0,0,0,0,0,0x03
2026-09-06T20:48:23.225,1344,0,1,50,0,0,0,0,0,0,0x03
2026-09-06T20:48:23.306,1347,0,2,50,0,0,0,0,0,0,0x03
2026-09-06T20:48:23.306,1346,0,1,50,0,0,0,0,0,0,0x03
2026-09-06T20:48:23.371,1349,0,2,50,0,0,0,0,0,0,0x03
2026-09-06T20:48:23.371,1348,0,1,53,0,0,0,0,0,0,0x03
2026-09-06T20:48:23.436,1351,0,2,53,0,0,0,0,0,0,0x03
2026-09-06T20:48:23.436,1350,0,1,52,0,0,0,0,0,0,0x03
2026-09-06T20:48:23.501,1353,0,2,50,0,0,0,0,0,0,0x03
2026-09-06T20:48:23.501,1352,0,1,52,0,0,0,0,0,0,0x03
2026-09-06T20:48:23.566,1355,0,2,51,0,0,0,0,0,0,0x03
2026-09-06T20:48:23.566,1354,0,1,52,0,0,0,0,0,0,0x03
2026-09-06T20:48:23.631,1357,0,2,50,0,0,0,0,0,0,0x03
2026-09-06T20:48:23.631,1356,0,1,50,0,0,0,0,0,0,0x03
2026-09-06T20:48:23.697,1359,0,2,52,0,0,0,0,0,0,0x03
2026-09-06T20:48:23.697,1358,0,1,52,0,0,0,0,0,0,0x03
2026-09-06T20:48:23.762,1361,0,2,51,0,0,0,0,0,0,0x03
2026-09-06T20:48:23.762,1360,0,1,50,0,0,0,0,0,0,0x03
2026-09-06T20:48:23.827,1363,0,2,51,0,0,0,0,0,0,0x03
2026-09-06T20:48:23.827,1362,0,1,52,0,0,0,0,0,0,0x03
2026-09-06T20:48:23.908,1365,0,2,50,0,0,0,0,0,0,0x03
2026-09-06T20:48:23.908,1364,0,1,52,0,0,0,0,0,0,0x03
2026-09-06T20:48:23.974,1367,0,2,51,0,0,0,0,0,0,0x03
2026-09-06T20:48:23.974,1366,0,1,50,0,0,0,0,0,0,0x03
2026-09-06T20:48:24.039,1369,0,2,50,0,0,0,0,0,0,0x03
2026-09-06T20:48:24.039,1368,0,1,53,0,0,0,0,0,0,0x03
2026-09-06T20:48:24.105,1371,0,2,50,0,0,0,0,0,0,0x03
2026-09-06T20:48:24.105,1370,0,1,50,0,0,0,0,0,0,0x03
2026-09-06T20:48:24.170,1373,0,2,51,0,0,0,0,0,0,0x03
2026-09-06T20:48:24.170,1372,0,1,52,0,0,0,0,0,0,0x03
2026-09-06T20:48:24.235,1375,0,2,55,0,0,0,0,0,0,0x03
2026-09-06T20:48:24.235,1374,0,1,50,0,0,0,0,0,0,0x03
2026-09-06T20:48:24.300,1377,0,2,51,0,0,0,0,0,0,0x03
2026-09-06T20:48:24.300,1376,0,1,51,0,0,0,0,0,0,0x03
2026-09-06T20:48:24.366,1379,0,2,50,0,0,0,0,0,0,0x03
2026-09-06T20:48:24.366,1378,0,1,51,0,0,0,0,0,0,0x03
2026-09-06T20:48:24.431,1381,0,2,51,0,0,0,0,0,0,0x03
2026-09-06T20:48:24.431,1380,0,1,52,0,0,0,0,0,0,0x03
2026-09-06T20:48:24.496,1383,0,2,51,0,0,0,0,0,0,0x03
2026-09-06T20:48:24.496,1382,0,1,51,0,0,0,0,0,0,0x03
2026-09-06T20:48:24.577,1385,0,2,50,0,0,0,0,0,0,0x03
2026-09-06T20:48:24.578,1384,0,1,50,0,0,0,0,0,0,0x03
2026-09-06T20:48:24.643,1387,0,2,51,0,0,0,0,0,0,0x03
2026-09-06T20:48:24.643,1386,0,1,51,0,0,0,0,0,0,0x03
2026-09-06T20:48:24.709,1389,0,2,51,0,0,0,0,0,0,0x03
2026-09-06T20:48:24.709,1388,0,1,51,0,0,0,0,0,0,0x03
2026-09-06T20:48:24.774,1391,0,2,51,0,0,0,0,0,0,0x03
2026-09-06T20:48:24.774,1390,0,1,52,0,0,0,0,0,0,0x03
2026-09-06T20:48:24.839,1393,0,2,51,0,0,0,0,0,0,0x03
2026-09-06T20:48:24.839,1392,0,1,51,0,0,0,0,0,0,0x03
2026-09-06T20:48:24.903,1395,0,2,51,0,0,0,0,0,0,0x03
2026-09-06T20:48:24.903,1394,0,1,50,0,0,0,0,0,0,0x03
2026-09-06T20:48:24.968,1397,0,2,52,0,0,0,0,0,0,0x03
2026-09-06T20:48:24.968,1396,0,1,52,0,0,0,0,0,0,0x03
2026-09-06T20:48:25.033,1399,0,2,51,0,0,0,0,0,0,0x03
2026-09-06T20:48:25.033,1398,0,1,51,0,0,0,0,0,0,0x03
2026-09-06T20:48:25.115,1401,0,2,52,0,0,0,0,0,0,0x03
2026-09-06T20:48:25.115,1400,0,1,52,0,0,0,0,0,0,0x03
2026-09-06T20:48:25.179,1403,0,2,52,0,0,0,0,0,0,0x03
2026-09-06T20:48:25.179,1402,0,1,51,0,0,0,0,0,0,0x03
2026-09-06T20:48:25.244,1405,0,2,52,0,0,0,0,0,0,0x03
2026-09-06T20:48:25.244,1404,0,1,50,0,0,0,0,0,0,0x03
2026-09-06T20:48:25.309,1407,0,2,52,0,0,0,0,0,0,0x03
2026-09-06T20:48:25.310,1406,0,1,52,0,0,0,0,0,0,0x03
2026-09-06T20:48:25.375,1409,0,2,51,0,0,0,0,0,0,0x03
2026-09-06T20:48:25.375,1408,0,1,51,0,0,0,0,0,0,0x03
2026-09-06T20:48:25.440,1411,0,2,51,0,0,0,0,0,0,0x03
2026-09-06T20:48:25.440,1410,0,1,51,0,0,0,0,0,0,0x03
2026-09-06T20:48:25.504,1413,0,2,59,0,0,0,0,0,0,0x03
2026-09-06T20:48:25.504,1412,0,1,55,0,0,0,0,0,0,0x03
2026-09-06T20:48:25.570,1415,0,2,53,0,0,0,0,0,0,0x03
2026-09-06T20:48:25.570,1414,0,1,50,0,0,0,0,0,0,0x03
2026-09-06T20:48:25.651,1417,0,2,50,0,0,0,0,0,0,0x03
2026-09-06T20:48:25.651,1416,0,1,50,0,0,0,0,0,0,0x03
2026-09-06T20:48:25.716,1419,0,2,50,0,0,0,0,0,0,0x03
2026-09-06T20:48:25.716,1418,0,1,51,0,0,0,0,0,0,0x03
2026-09-06T20:48:25.781,1421,0,2,51,0,0,0,0,0,0,0x03
2026-09-06T20:48:25.781,1420,0,1,50,0,0,0,0,0,0,0x03
2026-09-06T20:48:25.845,1423,0,2,51,0,0,0,0,0,0,0x03
2026-09-06T20:48:25.845,1422,0,1,52,0,0,0,0,0,0,0x03
2026-09-06T20:48:25.910,1425,0,2,52,0,0,0,0,0,0,0x03
2026-09-06T20:48:25.910,1424,0,1,53,0,0,0,0,0,0,0x03
2026-09-06T20:48:25.975,1427,0,2,53,0,0,0,0,0,0,0x03
2026-09-06T20:48:25.975,1426,0,1,50,0,0,0,0,0,0,0x03
2026-09-06T20:48:26.040,1429,0,2,52,0,0,0,0,0,0,0x03
2026-09-06T20:48:26.040,1428,0,1,52,0,0,0,0,0,0,0x03
2026-09-06T20:48:26.105,1431,0,2,50,0,0,0,0,0,0,0x03
2026-09-06T20:48:26.106,1430,0,1,51,0,0,0,0,0,0,0x03
2026-09-06T20:48:26.186,1433,0,2,51,0,0,0,0,0,0,0x03
2026-09-06T20:48:26.186,1432,0,1,50,0,0,0,0,0,0,0x03
2026-09-06T20:48:26.251,1435,0,2,50,0,0,0,0,0,0,0x03
2026-09-06T20:48:26.251,1434,0,1,51,0,0,0,0,0,0,0x03
2026-09-06T20:48:26.316,1437,0,2,51,0,0,0,0,0,0,0x03
2026-09-06T20:48:26.316,1436,0,1,50,0,0,0,0,0,0,0x03
2026-09-06T20:48:26.381,1439,0,2,51,0,0,0,0,0,0,0x03
2026-09-06T20:48:26.381,1438,0,1,50,0,0,0,0,0,0,0x03
2026-09-06T20:48:26.446,1441,0,2,50,0,0,0,0,0,0,0x03
2026-09-06T20:48:26.446,1440,0,1,51,0,0,0,0,0,0,0x03
2026-09-06T20:48:26.511,1443,0,2,50,0,0,0,0,0,0,0x03
2026-09-06T20:48:26.511,1442,0,1,51,0,0,0,0,0,0,0x03
2026-09-06T20:48:26.576,1445,0,2,50,0,0,0,0,0,0,0x03
2026-09-06T20:48:26.576,1444,0,1,50,0,0,0,0,0,0,0x03
2026-09-06T20:48:26.641,1447,0,2,55,0,0,0,0,0,0,0x03
2026-09-06T20:48:26.641,1446,0,1,51,0,0,0,0,0,0,0x03
2026-09-06T20:48:26.722,1449,0,2,52,0,0,0,0,0,0,0x03
2026-09-06T20:48:26.722,1448,0,1,50,0,0,0,0,0,0,0x03
2026-09-06T20:48:26.787,1451,0,2,51,0,0,0,0,0,0,0x03
2026-09-06T20:48:26.787,1450,0,1,51,0,0,0,0,0,0,0x03
2026-09-06T20:48:26.852,1453,0,2,50,0,0,0,0,0,0,0x03
2026-09-06T20:48:26.853,1452,0,1,50,0,0,0,0,0,0,0x03
2026-09-06T20:48:26.918,1455,0,2,52,0,0,0,0,0,0,0x03
2026-09-06T20:48:26.918,1454,0,1,51,0,0,0,0,0,0,0x03
2026-09-06T20:48:26.983,1457,0,2,52,0,0,0,0,0,0,0x03
2026-09-06T20:48:26.983,1456,0,1,50,0,0,0,0,0,0,0x03
2026-09-06T20:48:27.048,1459,0,2,50,0,0,0,0,0,0,0x03
2026-09-06T20:48:27.048,1458,0,1,51,0,0,0,0,0,0,0x03
2026-09-06T20:48:27.113,1461,0,2,52,0,0,0,0,0,0,0x03
2026-09-06T20:48:27.113,1460,0,1,51,0,0,0,0,0,0,0x03
2026-09-06T20:48:27.178,1463,0,2,52,0,0,0,0,0,0,0x03
2026-09-06T20:48:27.178,1462,0,1,50,0,0,0,0,0,0,0x03
2026-09-06T20:48:27.259,1465,0,2,51,0,0,0,0,0,0,0x03
2026-09-06T20:48:27.259,1464,0,1,52,0,0,0,0,0,0,0x03
2026-09-06T20:48:27.308,1467,0,2,51,0,0,0,0,0,0,0x03
2026-09-06T20:48:27.308,1466,0,1,50,0,0,0,0,0,0,0x03
2026-09-06T20:48:27.389,1469,0,2,52,0,0,0,0,0,0,0x03
2026-09-06T20:48:27.389,1468,0,1,52,0,0,0,0,0,0,0x03
2026-09-06T20:48:27.454,1471,0,2,51,0,0,0,0,0,0,0x03
2026-09-06T20:48:27.454,1470,0,1,50,0,0,0,0,0,0,0x03
2026-09-06T20:48:27.519,1473,0,2,50,0,0,0,0,0,0,0x03
2026-09-06T20:48:27.519,1472,0,1,50,0,0,0,0,0,0,0x03
2026-09-06T20:48:27.584,1475,0,2,50,0,0,0,0,0,0,0x03
2026-09-06T20:48:27.584,1474,0,1,53,0,0,0,0,0,0,0x03
2026-09-06T20:48:27.649,1477,0,2,50,0,0,0,0,0,0,0x03
2026-09-06T20:48:27.649,1476,0,1,50,0,0,0,0,0,0,0x03
2026-09-06T20:48:27.714,1479,0,2,51,0,0,0,0,0,0,0x03
2026-09-06T20:48:27.714,1478,0,1,51,0,0,0,0,0,0,0x03
2026-09-06T20:48:27.779,1481,0,2,50,0,0,0,0,0,0,0x03
2026-09-06T20:48:27.779,1480,0,1,50,0,0,0,0,0,0,0x03
2026-09-06T20:48:27.844,1483,0,2,51,0,0,0,0,0,0,0x03
2026-09-06T20:48:27.844,1482,0,1,55,0,0,0,0,0,0,0x03
2026-09-06T20:48:27.925,1485,0,2,50,0,0,0,0,0,0,0x03
2026-09-06T20:48:27.925,1484,0,1,52,0,0,0,0,0,0,0x03
2026-09-06T20:48:27.990,1487,0,2,52,0,0,0,0,0,0,0x03
2026-09-06T20:48:27.990,1486,0,1,51,0,0,0,0,0,0,0x03
2026-09-06T20:48:28.055,1489,0,2,50,0,0,0,0,0,0,0x03
2026-09-06T20:48:28.055,1488,0,1,50,0,0,0,0,0,0,0x03
2026-09-06T20:48:28.120,1491,0,2,52,0,0,0,0,0,0,0x03
2026-09-06T20:48:28.120,1490,0,1,52,0,0,0,0,0,0,0x03
2026-09-06T20:48:28.184,1493,0,2,51,0,0,0,0,0,0,0x03
2026-09-06T20:48:28.184,1492,0,1,50,0,0,0,0,0,0,0x03
2026-09-06T20:48:28.250,1495,0,2,51,0,0,0,0,0,0,0x03
2026-09-06T20:48:28.250,1494,0,1,50,0,0,0,0,0,0,0x03
2026-09-06T20:48:28.314,1497,0,2,51,0,0,0,0,0,0,0x03
2026-09-06T20:48:28.315,1496,0,1,52,0,0,0,0,0,0,0x03
2026-09-06T20:48:28.379,1499,0,2,52,0,0,0,0,0,0,0x03
2026-09-06T20:48:28.380,1498,0,1,52,0,0,0,0,0,0,0x03
2026-09-06T20:48:28.461,1501,0,2,52,0,0,0,0,0,0,0x03
2026-09-06T20:48:28.461,1500,0,1,50,0,0,0,0,0,0,0x03
2026-09-06T20:48:28.527,1503,0,2,50,0,0,0,0,0,0,0x03
2026-09-06T20:48:28.527,1502,0,1,54,0,0,0,0,0,0,0x03
2026-09-06T20:48:28.592,1505,0,2,50,0,0,0,0,0,0,0x03
2026-09-06T20:48:28.592,1504,0,1,51,0,0,0,0,0,0,0x03
2026-09-06T20:48:28.657,1507,0,2,51,0,0,0,0,0,0,0x03
2026-09-06T20:48:28.657,1506,0,1,50,0,0,0,0,0,0,0x03
2026-09-06T20:48:28.722,1509,0,2,50,0,0,0,0,0,0,0x03
2026-09-06T20:48:28.722,1508,0,1,51,0,0,0,0,0,0,0x03
2026-09-06T20:48:28.788,1511,0,2,52,0,0,0,0,0,0,0x03
2026-09-06T20:48:28.788,1510,0,1,51,0,0,0,0,0,0,0x03
2026-09-06T20:48:28.853,1513,0,2,51,0,0,0,0,0,0,0x03
2026-09-06T20:48:28.853,1512,0,1,51,0,0,0,0,0,0,0x03
2026-09-06T20:48:28.918,1515,0,2,51,0,0,0,0,0,0,0x03
2026-09-06T20:48:28.918,1514,0,1,54,0,0,0,0,0,0,0x03
2026-09-06T20:48:28.999,1517,0,2,51,0,0,0,0,0,0,0x03
2026-09-06T20:48:28.999,1516,0,1,50,0,0,0,0,0,0,0x03
2026-09-06T20:48:29.064,1519,0,2,51,0,0,0,0,0,0,0x03
2026-09-06T20:48:29.064,1518,0,1,51,0,0,0,0,0,0,0x03
2026-09-06T20:48:29.129,1521,0,2,50,0,0,0,0,0,0,0x03
2026-09-06T20:48:29.129,1520,0,1,50,0,0,0,0,0,0,0x03
2026-09-06T20:48:29.194,1523,0,2,52,0,0,0,0,0,0,0x03
2026-09-06T20:48:29.194,1522,0,1,50,0,0,0,0,0,0,0x03
2026-09-06T20:48:29.259,1525,0,2,51,0,0,0,0,0,0,0x03
2026-09-06T20:48:29.259,1524,0,1,51,0,0,0,0,0,0,0x03
2026-09-06T20:48:29.324,1527,0,2,51,0,0,0,0,0,0,0x03
2026-09-06T20:48:29.325,1526,0,1,53,0,0,0,0,0,0,0x03
2026-09-06T20:48:29.389,1529,0,2,50,0,0,0,0,0,0,0x03
2026-09-06T20:48:29.389,1528,0,1,51,0,0,0,0,0,0,0x03
2026-09-06T20:48:29.454,1531,0,2,55,0,0,0,0,0,0,0x03
2026-09-06T20:48:29.454,1530,0,1,50,0,0,0,0,0,0,0x03
2026-09-06T20:48:29.535,1533,0,2,50,0,0,0,0,0,0,0x03
2026-09-06T20:48:29.535,1532,0,1,52,0,0,0,0,0,0,0x03
2026-09-06T20:48:29.584,1535,0,2,51,0,0,0,0,0,0,0x03
2026-09-06T20:48:29.584,1534,0,1,50,0,0,0,0,0,0,0x03
2026-09-06T20:48:29.665,1537,0,2,51,0,0,0,0,0,0,0x03
2026-09-06T20:48:29.665,1536,0,1,52,0,0,0,0,0,0,0x03
2026-09-06T20:48:29.730,1539,0,2,52,0,0,0,0,0,0,0x03
2026-09-06T20:48:29.730,1538,0,1,50,0,0,0,0,0,0,0x03
2026-09-06T20:48:29.795,1541,0,2,51,0,0,0,0,0,0,0x03
2026-09-06T20:48:29.795,1540,0,1,50,0,0,0,0,0,0,0x03
2026-09-06T20:48:29.860,1543,0,2,52,0,0,0,0,0,0,0x03
2026-09-06T20:48:29.860,1542,0,1,51,0,0,0,0,0,0,0x03
2026-09-06T20:48:29.925,1545,0,2,52,0,0,0,0,0,0,0x03
2026-09-06T20:48:29.925,1544,0,1,51,0,0,0,0,0,0,0x03
2026-09-06T20:48:29.990,1547,0,2,51,0,0,0,0,0,0,0x03
2026-09-06T20:48:29.990,1546,0,1,54,0,0,0,0,0,0,0x03
2026-09-06T20:48:30.071,1549,0,2,51,0,0,0,0,0,0,0x03
2026-09-06T20:48:30.071,1548,0,1,50,0,0,0,0,0,0,0x03
2026-09-06T20:48:30.136,1551,0,2,53,0,0,0,0,0,0,0x03
2026-09-06T20:48:30.136,1550,0,1,50,0,0,0,0,0,0,0x03
2026-09-06T20:48:30.201,1553,0,2,52,0,0,0,0,0,0,0x03
2026-09-06T20:48:30.201,1552,0,1,51,0,0,0,0,0,0,0x03
2026-09-06T20:48:30.266,1555,0,2,51,0,0,0,0,0,0,0x03
2026-09-06T20:48:30.266,1554,0,1,50,0,0,0,0,0,0,0x03
2026-09-06T20:48:30.331,1557,0,2,54,0,0,0,0,0,0,0x03
2026-09-06T20:48:30.331,1556,0,1,52,0,0,0,0,0,0,0x03
2026-09-06T20:48:30.397,1559,0,2,50,0,0,0,0,0,0,0x03
2026-09-06T20:48:30.397,1558,0,1,51,0,0,0,0,0,0,0x03
2026-09-06T20:48:30.461,1561,0,2,50,0,0,0,0,0,0,0x03
2026-09-06T20:48:30.461,1560,0,1,50,0,0,0,0,0,0,0x03
2026-09-06T20:48:30.526,1563,0,2,51,0,0,0,0,0,0,0x03
2026-09-06T20:48:30.526,1562,0,1,50,0,0,0,0,0,0,0x03
2026-09-06T20:48:30.591,1565,0,2,51,0,0,0,0,0,0,0x03
2026-09-06T20:48:30.591,1564,0,1,51,0,0,0,0,0,0,0x03
2026-09-06T20:48:30.657,1567,0,2,50,0,0,0,0,0,0,0x03
2026-09-06T20:48:30.657,1566,0,1,51,0,0,0,0,0,0,0x03
2026-09-06T20:48:30.738,1569,0,2,51,0,0,0,0,0,0,0x03
2026-09-06T20:48:30.738,1568,0,1,50,0,0,0,0,0,0,0x03
2026-09-06T20:48:30.804,1571,0,2,50,0,0,0,0,0,0,0x03
2026-09-06T20:48:30.804,1570,0,1,50,0,0,0,0,0,0,0x03
2026-09-06T20:48:30.868,1573,0,2,51,0,0,0,0,0,0,0x03
2026-09-06T20:48:30.868,1572,0,1,52,0,0,0,0,0,0,0x03
2026-09-06T20:48:30.932,1575,0,2,50,0,0,0,0,0,0,0x03
2026-09-06T20:48:30.932,1574,0,1,50,0,0,0,0,0,0,0x03
2026-09-06T20:48:30.997,1577,0,2,51,0,0,0,0,0,0,0x03
2026-09-06T20:48:30.997,1576,0,1,52,0,0,0,0,0,0,0x03
2026-09-06T20:48:31.062,1579,0,2,50,0,0,0,0,0,0,0x03
2026-09-06T20:48:31.063,1578,0,1,51,0,0,0,0,0,0,0x03
2026-09-06T20:48:31.128,1581,0,2,51,0,0,0,0,0,0,0x03
2026-09-06T20:48:31.128,1580,0,1,50,0,0,0,0,0,0,0x03
2026-09-06T20:48:31.193,1583,0,2,52,0,0,0,0,0,0,0x03
2026-09-06T20:48:31.193,1582,0,1,51,0,0,0,0,0,0,0x03
2026-09-06T20:48:31.275,1585,0,2,50,0,0,0,0,0,0,0x03
2026-09-06T20:48:31.275,1584,0,1,52,0,0,0,0,0,0,0x03
2026-09-06T20:48:31.339,1587,0,2,50,0,0,0,0,0,0,0x03
2026-09-06T20:48:31.339,1586,0,1,51,0,0,0,0,0,0,0x03
2026-09-06T20:48:31.404,1589,0,2,52,0,0,0,0,0,0,0x03
2026-09-06T20:48:31.404,1588,0,1,51,0,0,0,0,0,0,0x03
2026-09-06T20:48:31.469,1591,0,2,51,0,0,0,0,0,0,0x03
2026-09-06T20:48:31.469,1590,0,1,54,0,0,0,0,0,0,0x03
2026-09-06T20:48:31.534,1593,0,2,51,0,0,0,0,0,0,0x03
2026-09-06T20:48:31.535,1592,0,1,52,0,0,0,0,0,0,0x03
2026-09-06T20:48:31.599,1595,0,2,51,0,0,0,0,0,0,0x03
2026-09-06T20:48:31.599,1594,0,1,52,0,0,0,0,0,0,0x03
2026-09-06T20:48:31.664,1597,0,2,50,0,0,0,0,0,0,0x03
2026-09-06T20:48:31.664,1596,0,1,51,0,0,0,0,0,0,0x03
2026-09-06T20:48:31.729,1599,0,2,52,0,0,0,0,0,0,0x03
2026-09-06T20:48:31.729,1598,0,1,54,0,0,0,0,0,0,0x03
2026-09-06T20:48:31.811,1601,0,2,50,0,0,0,0,0,0,0x03
2026-09-06T20:48:31.811,1600,0,1,51,0,0,0,0,0,0,0x03
2026-09-06T20:48:31.876,1603,0,2,50,0,0,24758,0,0,28275,0x07
2026-09-06T20:48:31.876,1602,0,1,51,0,0,0,0,0,0,0x03
2026-09-06T20:48:31.941,1605,0,2,50,2930,780,33894,3251,1300,36566,0x07
2026-09-06T20:48:31.941,1604,0,1,52,0,0,0,0,0,0,0x03
2026-09-06T20:48:32.006,1607,0,2,57,3374,1105,37804,3411,2368,34004,0x07
2026-09-06T20:48:32.006,1606,0,1,51,0,0,0,0,0,0,0x03
2026-09-06T20:48:32.072,1609,0,2,50,3374,1420,36466,3411,2660,32765,0x07
2026-09-06T20:48:32.072,1608,0,1,50,0,0,0,0,0,0,0x03
2026-09-06T20:48:32.137,1611,0,2,51,3374,1902,34418,3419,2451,33748,0x07
2026-09-06T20:48:32.137,1610,0,1,50,0,0,0,0,0,0,0x03
2026-09-06T20:48:32.203,1613,0,2,51,3356,2020,33702,3500,2549,34334,0x07
2026-09-06T20:48:32.203,1612,0,1,51,0,0,0,0,0,0,0x03
2026-09-06T20:48:32.267,1615,0,2,51,3247,2549,30161,3500,2667,33834,0x07
2026-09-06T20:48:32.267,1614,0,1,50,0,0,0,0,0,0,0x03
2026-09-06T20:48:32.332,1617,0,2,50,2766,2480,24721,3369,2980,30882,0x07
2026-09-06T20:48:32.332,1616,0,1,51,0,0,0,0,0,0,0x03
2026-09-06T20:48:32.413,1619,0,2,50,1663,2440,11748,2520,2860,20914,0x07
2026-09-06T20:48:32.413,1618,0,1,50,0,0,0,0,0,0,0x03
2026-09-06T20:48:32.479,1621,0,2,51,327,1176,1207,1411,1490,13041,0x07
2026-09-06T20:48:32.479,1620,0,1,50,0,0,0,0,0,0,0x03
2026-09-06T20:48:32.544,1623,0,2,51,0,0,10504,0,0,15339,0x07
2026-09-06T20:48:32.544,1622,0,1,50,0,0,0,0,0,0,0x03
2026-09-06T20:48:32.609,1625,0,2,51,-1069,-451,13132,-1653,-392,20698,0x07
2026-09-06T20:48:32.609,1624,0,1,51,0,0,0,0,0,0,0x03
2026-09-06T20:48:32.674,1627,0,2,51,-2233,-1392,22998,-2426,-804,28489,0x07
2026-09-06T20:48:32.674,1626,0,1,52,0,0,0,0,0,0,0x03
2026-09-06T20:48:32.739,1629,0,2,51,-2881,-1157,31714,-3009,-784,35771,0x07
2026-09-06T20:48:32.739,1628,0,1,52,0,0,0,0,0,0,0x03
2026-09-06T20:48:32.804,1631,0,2,51,-2939,-1157,32401,-3205,-1471,35271,0x07
2026-09-06T20:48:32.804,1630,0,1,51,0,0,0,0,0,0,0x03
2026-09-06T20:48:32.869,1633,0,2,50,-2520,-1920,24166,-2992,-1940,30657,0x07
2026-09-06T20:48:32.869,1632,0,1,51,0,0,0,0,0,0,0x03
2026-09-06T20:48:32.934,1635,0,2,50,-2520,-1980,23911,-2992,-1740,31507,0x07
2026-09-06T20:48:32.934,1634,0,1,51,0,0,0,0,0,0,0x03
2026-09-06T20:48:33.015,1637,0,2,50,-2221,-2060,20010,-2758,-1920,27848,0x07
2026-09-06T20:48:33.015,1636,0,1,50,0,0,0,0,0,0,0x03
2026-09-06T20:48:33.080,1639,0,2,51,-1517,-2157,11220,-2230,-2118,20486,0x07
2026-09-06T20:48:33.080,1638,0,1,50,0,0,0,0,0,0,0x03
2026-09-06T20:48:33.145,1641,0,2,56,-446,-964,3532,-1287,-1732,10483,0x07
2026-09-06T20:48:33.145,1640,0,1,50,0,0,0,0,0,0,0x03
2026-09-06T20:48:33.210,1643,0,2,50,-446,-1060,3125,-1287,-1240,12575,0x07
2026-09-06T20:48:33.210,1642,0,1,50,0,0,0,0,0,0,0x03
2026-09-06T20:48:33.276,1645,0,2,50,-573,-1060,4635,-1156,-1220,11039,0x07
2026-09-06T20:48:33.276,1644,0,1,52,0,0,0,0,0,0,0x03
2026-09-06T20:48:33.341,1647,0,2,51,-538,-667,5886,-1192,-1118,11923,0x07
2026-09-06T20:48:33.341,1646,0,1,51,0,0,0,0,0,0,0x03
2026-09-06T20:48:33.406,1649,0,2,50,-619,-660,6882,-1212,-1120,12160,0x07
2026-09-06T20:48:33.406,1648,0,1,53,0,0,0,0,0,0,0x03
2026-09-06T20:48:33.471,1651,0,2,52,-748,-615,8611,-1335,-1115,13700,0x07
2026-09-06T20:48:33.471,1650,0,1,50,0,0,0,0,0,0,0x03
2026-09-06T20:48:33.537,1653,0,2,54,-1788,-1130,18812,-2183,-926,24967,0x07
2026-09-06T20:48:33.537,1652,0,1,50,0,0,0,0,0,0,0x03
2026-09-06T20:48:33.617,1655,0,2,50,-1788,-1100,18938,-2183,-1140,24057,0x07
2026-09-06T20:48:33.617,1654,0,1,51,0,0,0,0,0,0,0x03
2026-09-06T20:48:33.682,1657,0,2,50,-2071,-840,23407,-2461,-1320,26728,0x07
2026-09-06T20:48:33.682,1656,0,1,50,0,0,0,0,0,0,0x03
2026-09-06T20:48:33.747,1659,0,2,50,-2322,-1080,25386,-2683,-1400,29137,0x07
2026-09-06T20:48:33.747,1658,0,1,51,0,0,0,0,0,0,0x03
2026-09-06T20:48:33.812,1661,0,2,52,-2459,-1615,24741,-2826,-1692,29648,0x07
2026-09-06T20:48:33.812,1660,0,1,50,0,0,0,0,0,0,0x03
2026-09-06T20:48:33.877,1663,0,2,50,-2895,-1800,29141,-3094,-1880,32169,0x07
2026-09-06T20:48:33.877,1662,0,1,51,0,0,0,0,0,0,0x03
2026-09-06T20:48:33.942,1665,0,2,51,-3193,-2294,30598,-3368,-2235,34035,0x07
2026-09-06T20:48:33.942,1664,0,1,50,0,0,0,0,0,0,0x03
2026-09-06T20:48:34.007,1667,0,2,51,-3193,-2431,30015,-3368,-2529,32785,0x07
2026-09-06T20:48:34.007,1666,0,1,52,0,0,0,0,0,0,0x03
2026-09-06T20:48:34.072,1669,0,2,52,-3214,-2500,29968,-3424,-2519,33527,0x07
2026-09-06T20:48:34.072,1668,0,1,50,0,0,0,0,0,0,0x03
2026-09-06T20:48:34.154,1671,0,2,50,-3221,-2680,29291,-3444,-2680,33089,0x07
2026-09-06T20:48:34.154,1670,0,1,50,0,0,0,0,0,0,0x03
2026-09-06T20:48:34.219,1673,0,2,57,-3024,-2877,26103,-3383,-2930,31277,0x07
2026-09-06T20:48:34.219,1672,0,1,50,0,0,0,0,0,0,0x03
2026-09-06T20:48:34.283,1675,0,2,50,-3024,-2840,26261,-3383,-3040,30809,0x07
2026-09-06T20:48:34.283,1674,0,1,51,0,0,0,0,0,0,0x03
2026-09-06T20:48:34.349,1677,0,2,50,0,0,0,0,0,0,0x03
2026-09-06T20:48:34.349,1676,0,1,50,0,0,0,0,0,0,0x03
2026-09-06T20:48:34.414,1679,0,2,50,0,0,0,0,0,0,0x03
2026-09-06T20:48:34.414,1678,0,1,51,0,0,0,0,0,0,0x03
2026-09-06T20:48:34.479,1681,0,2,50,0,0,26022,0,0,28924,0x07
2026-09-06T20:48:34.479,1680,0,1,50,0,0,0,0,0,0,0x03
2026-09-06T20:48:34.544,1683,0,2,51,-3095,-1431,33091,-3331,-1216,37914,0x07
2026-09-06T20:48:34.544,1682,0,1,52,0,0,0,0,0,0,0x03
2026-09-06T20:48:34.609,1685,0,2,54,0,0,0,0,0,0,0x03
2026-09-06T20:48:34.609,1684,0,1,52,0,0,0,0,0,0,0x03
2026-09-06T20:48:34.690,1687,0,2,50,0,0,26603,0,0,29621,0x07
2026-09-06T20:48:34.690,1686,0,1,50,0,0,0,0,0,0,0x03
2026-09-06T20:48:34.739,1689,0,2,50,-3171,-1820,32343,-3417,-1540,37598,0x07
2026-09-06T20:48:34.739,1688,0,1,50,0,0,0,0,0,0,0x03
2026-09-06T20:48:34.820,1691,0,2,50,-3038,-2900,26174,-3384,-3280,29797,0x07
2026-09-06T20:48:34.820,1690,0,1,50,0,0,0,0,0,0,0x03
2026-09-06T20:48:34.884,1693,0,2,50,-2938,-1780,29748,-3305,-2460,32306,0x07
2026-09-06T20:48:34.884,1692,0,1,52,0,0,0,0,0,0,0x03
2026-09-06T20:48:34.949,1695,0,2,51,-2777,-1569,28726,-3194,-2412,31141,0x07
2026-09-06T20:48:34.949,1694,0,1,55,0,0,0,0,0,0,0x03
2026-09-06T20:48:35.014,1697,0,2,56,-2877,-1821,28837,-3180,-2232,31731,0x07
2026-09-06T20:48:35.014,1696,0,1,50,0,0,0,0,0,0,0x03
2026-09-06T20:48:35.079,1699,0,2,50,-2877,-2080,27738,-3180,-2420,30932,0x07
2026-09-06T20:48:35.079,1698,0,1,50,0,0,0,0,0,0,0x03
2026-09-06T20:48:35.145,1701,0,2,50,-3212,-2400,30377,-3330,-2420,32778,0x07
2026-09-06T20:48:35.145,1700,0,1,52,0,0,0,0,0,0,0x03
2026-09-06T20:48:35.404,1703,0,2,51,-3366,-2431,32068,-3430,-2569,33382,0x07
2026-09-06T20:48:35.404,1702,0,1,51,0,0,0,0,0,0,0x03
2026-09-06T20:48:35.485,1705,0,2,56,-1999,-2054,17397,-2454,-2679,20868,0x07
2026-09-06T20:48:35.485,1704,0,1,50,0,0,0,0,0,0,0x03
2026-09-06T20:48:35.550,1707,0,2,50,-1999,-1820,18390,-2454,-2540,21457,0x07
2026-09-06T20:48:35.550,1706,0,1,51,0,0,0,0,0,0,0x03
2026-09-06T20:48:35.615,1709,0,2,51,0,0,28162,0,0,25609,0x07
2026-09-06T20:48:35.615,1708,0,1,54,0,0,0,0,0,0,0x03
2026-09-06T20:48:35.680,1711,0,2,51,0,0,0,0,0,0,0x03
2026-09-06T20:48:35.680,1710,0,1,50,0,0,0,0,0,0,0x03
2026-09-06T20:48:35.762,1713,0,2,51,0,0,23186,0,0,30292,0x07
2026-09-06T20:48:35.762,1712,0,1,50,0,0,0,0,0,0,0x03
2026-09-06T20:48:35.892,1715,0,2,51,-2725,-1353,29015,-3500,-1647,38167,0x07
2026-09-06T20:48:35.892,1714,0,1,52,0,0,0,0,0,0,0x03
2026-09-06T20:48:35.957,1717,0,2,50,0,0,12671,0,0,12786,0x07
2026-09-06T20:48:35.957,1716,0,1,52,0,0,0,0,0,0,0x03
2026-09-06T20:48:36.022,1719,0,2,51,1352,353,16917,1338,686,15555,0x07
2026-09-06T20:48:36.022,1718,0,1,52,0,0,0,0,0,0,0x03
2026-09-06T20:48:36.087,1721,0,2,50,-2736,-20,34817,-3046,-60,39312,0x07
2026-09-06T20:48:36.087,1720,0,1,50,0,0,0,0,0,0,0x03
2026-09-06T20:48:36.216,1723,0,2,50,-2736,-1760,27422,-3046,-2040,30897,0x07
2026-09-06T20:48:36.217,1722,0,1,51,0,0,0,0,0,0,0x03
2026-09-06T20:48:36.282,1725,0,2,50,-1413,-1860,11243,-1842,-2060,15948,0x07
2026-09-06T20:48:36.282,1724,0,1,52,0,0,0,0,0,0,0x03
2026-09-06T20:48:36.363,1727,0,2,50,-1223,-640,14157,-1479,-700,17242,0x07
2026-09-06T20:48:36.363,1726,0,1,51,0,0,0,0,0,0,0x03
2026-09-06T20:48:36.493,1729,0,2,51,-1094,-843,11759,-1332,-1000,14152,0x07
2026-09-06T20:48:36.493,1728,0,1,51,0,0,0,0,0,0,0x03
2026-09-06T20:48:36.558,1731,0,2,52,-1137,-923,11938,-1184,-1000,12324,0x07
2026-09-06T20:48:36.558,1730,0,1,50,0,0,0,0,0,0,0x03
2026-09-06T20:48:36.624,1733,0,2,50,0,0,8959,0,0,5118,0x07
2026-09-06T20:48:36.624,1732,0,1,51,0,0,0,0,0,0,0x03
2026-09-06T20:48:36.688,1735,0,2,52,867,192,11828,391,173,6042,0x07
2026-09-06T20:48:36.689,1734,0,1,50,0,0,0,0,0,0,0x03
2026-09-06T20:48:36.753,1737,0,2,57,-3335,-18,40000,-3500,-18,40000,0x07
2026-09-06T20:48:36.753,1736,0,1,52,0,0,0,0,0,0,0x03
2026-09-06T20:48:36.818,1739,0,2,50,-3335,-1880,34050,-3500,-2140,36072,0x07
2026-09-06T20:48:36.818,1738,0,1,52,0,0,0,0,0,0,0x03
2026-09-06T20:48:36.898,1741,0,2,50,0,0,22541,0,0,22532,0x07
2026-09-06T20:48:36.898,1740,0,1,50,0,0,0,0,0,0,0x03
2026-09-06T20:48:36.963,1743,0,2,51,2640,412,32012,2541,275,32166,0x07
2026-09-06T20:48:36.963,1742,0,1,50,0,0,0,0,0,0,0x03
2026-09-06T20:48:37.028,1745,0,2,56,2688,839,30764,2545,1875,25410,0x07
2026-09-06T20:48:37.028,1744,0,1,50,0,0,0,0,0,0,0x03
2026-09-06T20:48:37.093,1747,0,2,50,2688,860,30676,2545,700,30404,0x07
2026-09-06T20:48:37.093,1746,0,1,51,0,0,0,0,0,0,0x03
2026-09-06T20:48:37.158,1749,0,2,51,2877,980,32411,2889,882,33868,0x07
2026-09-06T20:48:37.158,1748,0,1,50,0,0,0,0,0,0,0x03
2026-09-06T20:48:37.224,1751,0,2,53,3014,1811,30515,3057,1981,31277,0x07
2026-09-06T20:48:37.224,1750,0,1,52,0,0,0,0,0,0,0x03
2026-09-06T20:48:37.289,1753,0,2,51,3014,1961,29880,3057,2157,30530,0x07
2026-09-06T20:48:37.289,1752,0,1,50,0,0,0,0,0,0,0x03
2026-09-06T20:48:37.354,1755,0,2,51,2742,2137,25887,2844,2196,27736,0x07
2026-09-06T20:48:37.354,1754,0,1,50,0,0,0,0,0,0,0x03
2026-09-06T20:48:37.419,1757,0,2,51,2343,2353,20224,2540,1725,25977,0x07
2026-09-06T20:48:37.419,1756,0,1,51,0,0,0,0,0,0,0x03
2026-09-06T20:48:37.501,1759,0,2,57,586,1754,1837,1262,1772,10007,0x07
2026-09-06T20:48:37.501,1758,0,1,50,0,0,0,0,0,0,0x03
2026-09-06T20:48:37.566,1761,0,2,51,0,0,10251,0,0,9065,0x07
2026-09-06T20:48:37.566,1760,0,1,50,0,0,0,0,0,0,0x03
2026-09-06T20:48:37.631,1763,0,2,50,-1036,-440,12785,-878,-260,11692,0x07
2026-09-06T20:48:37.631,1762,0,1,51,0,0,0,0,0,0,0x03
2026-09-06T20:48:37.696,1765,0,2,50,-1938,-280,24204,-1874,-1400,19141,0x07
2026-09-06T20:48:37.696,1764,0,1,50,0,0,0,0,0,0,0x03
2026-09-06T20:48:37.762,1767,0,2,52,-2782,-673,32584,-2615,-1654,27210,0x07
2026-09-06T20:48:37.762,1766,0,1,51,0,0,0,0,0,0,0x03
2026-09-06T20:48:37.827,1769,0,2,51,-2925,-1118,32403,-2579,-980,29627,0x07
2026-09-06T20:48:37.827,1768,0,1,51,0,0,0,0,0,0,0x03
2026-09-06T20:48:37.892,1771,0,2,54,-2525,-1685,25228,-2232,-1222,24321,0x07
2026-09-06T20:48:37.892,1770,0,1,51,0,0,0,0,0,0,0x03
2026-09-06T20:48:37.957,1773,0,2,50,-2525,-1900,24315,-2232,-1480,23225,0x07
2026-09-06T20:48:37.957,1772,0,1,51,0,0,0,0,0,0,0x03
2026-09-06T20:48:38.039,1775,0,2,51,-2123,-2059,18846,-1757,-1686,16482,0x07
2026-09-06T20:48:38.039,1774,0,1,52,0,0,0,0,0,0,0x03
2026-09-06T20:48:38.088,1777,0,2,51,-1710,-1922,14514,-1346,-1686,11412,0x07
2026-09-06T20:48:38.088,1776,0,1,52,0,0,0,0,0,0,0x03
2026-09-06T20:48:38.169,1779,0,2,51,-1125,-1353,9962,0,0,3857,0x07
2026-09-06T20:48:38.169,1778,0,1,51,0,0,0,0,0,0,0x03
2026-09-06T20:48:38.234,1781,0,2,50,0,0,11040,235,80,4515,0x07
2026-09-06T20:48:38.234,1780,0,1,50,0,0,0,0,0,0,0x03
2026-09-06T20:48:38.299,1783,0,2,50,1139,280,14691,729,0,10961,0x07
2026-09-06T20:48:38.299,1782,0,1,52,0,0,0,0,0,0,0x03
2026-09-06T20:48:38.364,1785,0,2,51,1819,39,23807,1752,1137,18750,0x07
2026-09-06T20:48:38.364,1784,0,1,52,0,0,0,0,0,0,0x03
2026-09-06T20:48:38.429,1787,0,2,50,2546,440,30766,2368,640,28473,0x07
2026-09-06T20:48:38.429,1786,0,1,51,0,0,0,0,0,0,0x03
2026-09-06T20:48:38.494,1789,0,2,50,2697,1160,29511,2464,1460,26168,0x07
2026-09-06T20:48:38.494,1788,0,1,50,0,0,0,0,0,0,0x03
2026-09-06T20:48:38.575,1791,0,2,50,2697,1460,28236,2464,1600,25573,0x07
2026-09-06T20:48:38.575,1790,0,1,52,0,0,0,0,0,0,0x03
2026-09-06T20:48:38.625,1793,0,2,51,2745,1804,27344,2550,1412,27435,0x07
2026-09-06T20:48:38.625,1792,0,1,50,0,0,0,0,0,0,0x03
2026-09-06T20:48:38.706,1795,0,2,51,2930,1882,29217,2882,1431,31448,0x07
2026-09-06T20:48:38.706,1794,0,1,51,0,0,0,0,0,0,0x03
2026-09-06T20:48:38.770,1797,0,2,50,2831,2140,26945,2853,1840,29358,0x07
2026-09-06T20:48:38.770,1796,0,1,50,0,0,0,0,0,0,0x03
2026-09-06T20:48:38.834,1799,0,2,50,2299,2200,20344,2364,2020,22560,0x07
2026-09-06T20:48:38.834,1798,0,1,50,0,0,0,0,0,0,0x03
2026-09-06T20:48:38.900,1801,0,2,50,-319,-120,5605,1360,1780,11179,0x07
2026-09-06T20:48:38.900,1800,0,1,51,0,0,0,0,0,0,0x03
2026-09-06T20:48:38.964,1803,0,2,51,-319,-451,4198,0,0,10196,0x07
2026-09-06T20:48:38.964,1802,0,1,50,0,0,0,0,0,0,0x03
2026-09-06T20:48:39.029,1805,0,2,51,-496,-196,7388,-1018,-373,12938,0x07
2026-09-06T20:48:39.029,1804,0,1,50,0,0,0,0,0,0,0x03
2026-09-06T20:48:39.111,1807,0,2,51,-2067,-471,24932,-1900,-902,21587,0x07
2026-09-06T20:48:39.111,1806,0,1,51,0,0,0,0,0,0,0x03
2026-09-06T20:48:39.160,1809,0,2,55,-2828,-782,32672,-3251,-1236,36836,0x07
2026-09-06T20:48:39.160,1808,0,1,51,0,0,0,0,0,0,0x03
2026-09-06T20:48:39.241,1811,0,2,50,-2828,-1260,30640,-3251,-2100,33166,0x07
2026-09-06T20:48:39.241,1810,0,1,51,0,0,0,0,0,0,0x03
2026-09-06T20:48:39.306,1813,0,2,51,-2286,-1569,22879,-2896,-2000,29210,0x07
2026-09-06T20:48:39.306,1812,0,1,51,0,0,0,0,0,0,0x03
2026-09-06T20:48:39.371,1815,0,2,54,-1652,-1704,14749,-2348,-1759,23469,0x07
2026-09-06T20:48:39.371,1814,0,1,51,0,0,0,0,0,0,0x03
2026-09-06T20:48:39.436,1817,0,2,50,-507,-980,4188,-1406,-1340,13618,0x07
2026-09-06T20:48:39.436,1816,0,1,57,0,0,0,0,0,0,0x03
2026-09-06T20:48:39.501,1819,0,2,50,0,0,12924,0,0,17623,0x07
2026-09-06T20:48:39.501,1818,0,1,50,0,0,0,0,0,0,0x03
2026-09-06T20:48:39.566,1821,0,2,50,2373,40,30408,2575,1340,28047,0x07
2026-09-06T20:48:39.566,1820,0,1,51,0,0,0,0,0,0,0x03
2026-09-06T20:48:39.632,1823,0,2,51,2373,157,29911,2575,2098,24825,0x07
2026-09-06T20:48:39.632,1822,0,1,51,0,0,0,0,0,0,0x03
2026-09-06T20:48:39.697,1825,0,2,50,2685,540,32004,2944,1600,31501,0x07
2026-09-06T20:48:39.697,1824,0,1,50,0,0,0,0,0,0,0x03
2026-09-06T20:48:39.778,1827,0,2,50,2742,900,31149,3069,1760,32369,0x07
2026-09-06T20:48:39.778,1826,0,1,51,0,0,0,0,0,0,0x03
2026-09-06T20:48:39.843,1829,0,2,50,2616,1620,26591,3033,1440,33279,0x07
2026-09-06T20:48:39.844,1828,0,1,54,0,0,0,0,0,0,0x03
2026-09-06T20:48:39.908,1831,0,2,51,2366,1745,23073,2865,1902,29250,0x07
2026-09-06T20:48:39.908,1830,0,1,52,0,0,0,0,0,0,0x03
2026-09-06T20:48:39.973,1833,0,2,53,1056,1887,6869,1823,1755,17002,0x07
2026-09-06T20:48:39.973,1832,0,1,51,0,0,0,0,0,0,0x03
2026-09-06T20:48:40.038,1835,0,2,51,1056,1353,9138,1823,1627,17543,0x07
2026-09-06T20:48:40.038,1834,0,1,51,0,0,0,0,0,0,0x03
2026-09-06T20:48:40.103,1837,0,2,51,374,549,4429,1363,1529,12278,0x07
2026-09-06T20:48:40.103,1836,0,1,51,0,0,0,0,0,0,0x03
2026-09-06T20:48:40.170,1839,0,2,51,0,0,11035,0,0,15838,0x07
2026-09-06T20:48:40.170,1838,0,1,50,0,0,0,0,0,0,0x03
2026-09-06T20:48:40.235,1841,0,2,54,-1468,-1000,15546,-1940,-1370,20084,0x07
2026-09-06T20:48:40.236,1840,0,1,54,0,0,0,0,0,0,0x03
2026-09-06T20:48:40.300,1843,0,2,50,-1468,-360,18266,-1940,-1560,19278,0x07
2026-09-06T20:48:40.300,1842,0,1,50,0,0,0,0,0,0,0x03
2026-09-06T20:48:40.382,1845,0,2,51,-1551,-392,19117,-2057,-529,25102,0x07
2026-09-06T20:48:40.382,1844,0,1,52,0,0,0,0,0,0,0x03
2026-09-06T20:48:40.446,1847,0,2,50,-1582,-660,18356,-2101,-720,24831,0x07
2026-09-06T20:48:40.446,1846,0,1,52,0,0,0,0,0,0,0x03
2026-09-06T20:48:40.511,1849,0,2,51,-1491,-1000,15822,-2048,-1039,22827,0x07
2026-09-06T20:48:40.511,1848,0,1,54,0,0,0,0,0,0,0x03
2026-09-06T20:48:40.576,1851,0,2,51,-1433,-1078,14802,-1993,-1294,21061,0x07
2026-09-06T20:48:40.576,1850,0,1,50,0,0,0,0,0,0,0x03
2026-09-06T20:48:40.641,1853,0,2,55,-810,-1055,7481,-1490,-1473,14091,0x07
2026-09-06T20:48:40.641,1852,0,1,51,0,0,0,0,0,0,0x03
2026-09-06T20:48:40.706,1855,0,2,50,-810,-960,7883,-1490,-1400,14400,0x07
2026-09-06T20:48:40.706,1854,0,1,51,0,0,0,0,0,0,0x03
2026-09-06T20:48:40.771,1857,0,2,50,-510,-860,4739,-1220,-1380,11159,0x07
2026-09-06T20:48:40.771,1856,0,1,51,0,0,0,0,0,0,0x03
2026-09-06T20:48:40.837,1859,0,2,51,-489,-667,5307,-1242,-1235,12046,0x07
2026-09-06T20:48:40.837,1858,0,1,51,0,0,0,0,0,0,0x03
2026-09-06T20:48:40.917,1861,0,2,51,-501,-667,5447,-1230,-1235,11895,0x07
2026-09-06T20:48:40.917,1860,0,1,55,0,0,0,0,0,0,0x03
2026-09-06T20:48:40.982,1863,0,2,51,-489,-529,5882,-1243,-941,13305,0x07
2026-09-06T20:48:40.982,1862,0,1,51,0,0,0,0,0,0,0x03
2026-09-06T20:48:41.047,1865,0,2,51,-516,-510,6286,-1216,-922,13046,0x07
2026-09-06T20:48:41.047,1864,0,1,50,0,0,0,0,0,0,0x03
2026-09-06T20:48:41.113,1867,0,2,51,-524,-549,6224,-1206,-902,13014,0x07
2026-09-06T20:48:41.113,1866,0,1,52,0,0,0,0,0,0,0x03
2026-09-06T20:48:41.177,1869,0,2,52,-555,-500,6794,-1175,-865,12779,0x07
2026-09-06T20:48:41.177,1868,0,1,52,0,0,0,0,0,0,0x03
2026-09-06T20:48:41.242,1871,0,2,51,-603,-549,7166,-1168,-882,12629,0x07
2026-09-06T20:48:41.242,1870,0,1,50,0,0,0,0,0,0,0x03
2026-09-06T20:48:41.307,1873,0,2,56,-1442,-929,15539,-1897,-929,21430,0x07
2026-09-06T20:48:41.307,1872,0,1,52,0,0,0,0,0,0,0x03
2026-09-06T20:48:41.372,1875,0,2,51,-1442,-961,15402,-1897,-1196,20293,0x07
2026-09-06T20:48:41.372,1874,0,1,52,0,0,0,0,0,0,0x03
2026-09-06T20:48:41.438,1877,0,2,52,-1649,-692,19015,-2115,-1250,22756,0x07
2026-09-06T20:48:41.438,1876,0,1,52,0,0,0,0,0,0,0x03
2026-09-06T20:48:41.519,1879,0,2,50,-1779,-920,19599,-2249,-1380,23859,0x07
2026-09-06T20:48:41.519,1878,0,1,51,0,0,0,0,0,0,0x03
2026-09-06T20:48:41.584,1881,0,2,58,-116,-414,1937,-793,-914,7869,0x07
2026-09-06T20:48:41.584,1880,0,1,50,0,0,0,0,0,0,0x03
2026-09-06T20:48:41.649,1883,0,2,50,-116,-300,2420,-793,-820,8267,0x07
2026-09-06T20:48:41.649,1882,0,1,50,0,0,0,0,0,0,0x03
2026-09-06T20:48:41.714,1885,0,2,50,0,0,3085,-828,-760,8949,0x07
2026-09-06T20:48:41.714,1884,0,1,50,0,0,0,0,0,0,0x03
2026-09-06T20:48:41.779,1887,0,2,50,101,80,3174,0,0,10697,0x07
2026-09-06T20:48:41.779,1886,0,1,51,0,0,0,0,0,0,0x03
2026-09-06T20:48:41.843,1889,0,2,50,537,0,8715,1080,340,13841,0x07
2026-09-06T20:48:41.843,1888,0,1,51,0,0,0,0,0,0,0x03
2026-09-06T20:48:41.909,1891,0,2,51,887,20,12799,1291,686,14980,0x07
2026-09-06T20:48:41.909,1890,0,1,50,0,0,0,0,0,0,0x03
2026-09-06T20:48:41.974,1893,0,2,54,725,204,10084,1352,352,17153,0x07
2026-09-06T20:48:41.974,1892,0,1,53,0,0,0,0,0,0,0x03
2026-09-06T20:48:42.039,1895,0,2,52,725,327,9560,1352,596,16115,0x07
2026-09-06T20:48:42.039,1894,0,1,51,0,0,0,0,0,0,0x03
2026-09-06T20:48:42.121,1897,0,2,51,735,373,9486,1286,765,14586,0x07
2026-09-06T20:48:42.121,1896,0,1,50,0,0,0,0,0,0,0x03
2026-09-06T20:48:42.185,1899,0,2,51,756,471,9319,1286,843,14252,0x07
2026-09-06T20:48:42.185,1898,0,1,50,0,0,0,0,0,0,0x03
2026-09-06T20:48:42.250,1901,0,2,56,641,554,7599,1135,911,12098,0x07
2026-09-06T20:48:42.250,1900,0,1,52,0,0,0,0,0,0,0x03
2026-09-06T20:48:42.315,1903,0,2,50,641,560,7572,1135,880,12229,0x07
2026-09-06T20:48:42.315,1902,0,1,50,0,0,0,0,0,0,0x03
2026-09-06T20:48:42.380,1905,0,2,50,508,560,5981,1039,820,11296,0x07
2026-09-06T20:48:42.380,1904,0,1,51,0,0,0,0,0,0,0x03
2026-09-06T20:48:42.445,1907,0,2,52,0,0,2344,877,808,9347,0x07
2026-09-06T20:48:42.445,1906,0,1,50,0,0,0,0,0,0,0x03
2026-09-06T20:48:42.510,1909,0,2,51,-4,-39,2195,721,824,7354,0x07
2026-09-06T20:48:42.510,1908,0,1,51,0,0,0,0,0,0,0x03
2026-09-06T20:48:42.591,1911,0,2,51,-116,0,3700,751,706,8229,0x07
2026-09-06T20:48:42.591,1910,0,1,51,0,0,0,0,0,0,0x03
2026-09-06T20:48:42.655,1913,0,2,53,-1999,0,26125,-2477,-19,32451,0x07
2026-09-06T20:48:42.655,1912,0,1,51,0,0,0,0,0,0,0x03
2026-09-06T20:48:42.721,1915,0,2,50,-1999,-420,24340,-2477,-1620,25647,0x07
2026-09-06T20:48:42.721,1914,0,1,51,0,0,0,0,0,0,0x03
2026-09-06T20:48:42.786,1917,0,2,50,-1721,-600,20264,-2297,-1760,22840,0x07
2026-09-06T20:48:42.786,1916,0,1,52,0,0,0,0,0,0,0x03
2026-09-06T20:48:42.851,1919,0,2,50,-1635,-1060,17279,-2184,-860,25261,0x07
2026-09-06T20:48:42.851,1918,0,1,50,0,0,0,0,0,0,0x03
2026-09-06T20:48:42.917,1921,0,2,50,-409,-1240,1917,-1325,-1060,13815,0x07
2026-09-06T20:48:42.917,1920,0,1,50,0,0,0,0,0,0,0x03
2026-09-06T20:48:42.983,1923,0,2,51,-452,-608,5115,-1281,-1098,13105,0x07
2026-09-06T20:48:42.983,1922,0,1,51,0,0,0,0,0,0,0x03
2026-09-06T20:48:43.048,1925,0,2,55,619,55,9460,1138,73,15695,0x07
2026-09-06T20:48:43.048,1924,0,1,55,0,0,0,0,0,0,0x03
2026-09-06T20:48:43.112,1927,0,2,51,619,137,9108,1138,745,12837,0x07
2026-09-06T20:48:43.112,1926,0,1,50,0,0,0,0,0,0,0x03
2026-09-06T20:48:43.194,1929,0,2,50,1201,20,16535,1459,680,17080,0x07
2026-09-06T20:48:43.194,1928,0,1,50,0,0,0,0,0,0,0x03
2026-09-06T20:48:43.259,1931,0,2,52,1485,173,19260,1843,115,24225,0x07
2026-09-06T20:48:43.259,1930,0,1,51,0,0,0,0,0,0,0x03
2026-09-06T20:48:43.324,1933,0,2,50,1520,720,17355,1998,680,23740,0x07
2026-09-06T20:48:43.324,1932,0,1,51,0,0,0,0,0,0,0x03
2026-09-06T20:48:43.389,1935,0,2,51,1467,922,15875,1980,843,22817,0x07
2026-09-06T20:48:43.389,1934,0,1,52,0,0,0,0,0,0,0x03
2026-09-06T20:48:43.454,1937,0,2,51,747,941,7214,1442,1196,14675,0x07
2026-09-06T20:48:43.455,1936,0,1,50,0,0,0,0,0,0,0x03
2026-09-06T20:48:43.520,1939,0,2,51,747,804,7798,1442,1275,14342,0x07
2026-09-06T20:48:43.520,1938,0,1,51,0,0,0,0,0,0,0x03
2026-09-06T20:48:43.585,1941,0,2,51,350,745,3318,1065,1275,9692,0x07
2026-09-06T20:48:43.585,1940,0,1,50,0,0,0,0,0,0,0x03
2026-09-06T20:48:43.651,1943,0,2,52,153,558,1762,911,1250,7887,0x07
2026-09-06T20:48:43.651,1942,0,1,51,0,0,0,0,0,0,0x03
2026-09-06T20:48:43.731,1945,0,2,56,380,464,4865,1356,964,14598,0x07
2026-09-06T20:48:43.731,1944,0,1,50,0,0,0,0,0,0,0x03
2026-09-06T20:48:43.780,1947,0,2,52,380,519,4632,1356,1019,14365,0x07
2026-09-06T20:48:43.780,1946,0,1,51,0,0,0,0,0,0,0x03
2026-09-06T20:48:43.861,1949,0,2,51,503,471,6301,1228,902,13289,0x07
2026-09-06T20:48:43.861,1948,0,1,52,0,0,0,0,0,0,0x03
2026-09-06T20:48:43.926,1951,0,2,56,586,429,7468,1143,857,12421,0x07
2026-09-06T20:48:43.926,1950,0,1,52,0,0,0,0,0,0,0x03
2026-09-06T20:48:43.991,1953,0,2,56,586,429,7468,1143,857,12421,0x07
2026-09-06T20:48:43.991,1952,0,1,51,0,0,0,0,0,0,0x03
2026-09-06T20:48:44.056,1955,0,2,50,914,800,9796,1383,760,15798,0x07
2026-09-06T20:48:44.056,1954,0,1,52,0,0,0,0,0,0,0x03
2026-09-06T20:48:44.121,1957,0,2,51,1303,569,15417,1769,824,20295,0x07
2026-09-06T20:48:44.121,1956,0,1,52,0,0,0,0,0,0,0x03
2026-09-06T20:48:44.186,1959,0,2,55,2158,873,24305,2498,1055,28318,0x07
2026-09-06T20:48:44.186,1958,0,1,50,0,0,0,0,0,0,0x03
2026-09-06T20:48:44.251,1961,0,2,51,2158,1176,23014,2498,1314,27216,0x07
2026-09-06T20:48:44.251,1960,0,1,50,0,0,0,0,0,0,0x03
2026-09-06T20:48:44.316,1963,0,2,50,2256,1400,23233,2659,1460,28582,0x07
2026-09-06T20:48:44.316,1962,0,1,51,0,0,0,0,0,0,0x03
2026-09-06T20:48:44.398,1965,0,2,51,2414,1451,24897,2787,1627,29445,0x07
2026-09-06T20:48:44.398,1964,0,1,50,0,0,0,0,0,0,0x03
2026-09-06T20:48:44.463,1967,0,2,55,1974,1873,17868,2524,1855,25239,0x07
2026-09-06T20:48:44.463,1966,0,1,50,0,0,0,0,0,0,0x03
2026-09-06T20:48:44.528,1969,0,2,50,1974,1700,18602,2524,1980,24706,0x07
2026-09-06T20:48:44.528,1968,0,1,51,0,0,0,0,0,0,0x03
2026-09-06T20:48:44.593,1971,0,2,51,1593,1725,13949,2215,2020,20721,0x07
2026-09-06T20:48:44.593,1970,0,1,51,0,0,0,0,0,0,0x03
2026-09-06T20:48:44.658,1973,0,2,50,752,520,9066,1555,1380,15290,0x07
2026-09-06T20:48:44.658,1972,0,1,50,0,0,0,0,0,0,0x03
2026-09-06T20:48:44.723,1975,0,2,51,0,0,7431,0,0,12415,0x07
2026-09-06T20:48:44.723,1974,0,1,51,0,0,0,0,0,0,0x03
2026-09-06T20:48:44.788,1977,0,2,50,-668,-100,9845,-1292,-220,16970,0x07
2026-09-06T20:48:44.788,1976,0,1,50,0,0,0,0,0,0,0x03
2026-09-06T20:48:44.853,1979,0,2,50,-1612,-720,18459,-2061,-1080,22814,0x07
2026-09-06T20:48:44.853,1978,0,1,50,0,0,0,0,0,0,0x03
2026-09-06T20:48:44.934,1981,0,2,51,-1612,-353,20019,-2061,-412,25654,0x07
2026-09-06T20:48:44.934,1980,0,1,51,0,0,0,0,0,0,0x03
2026-09-06T20:48:44.999,1983,0,2,52,-1711,-558,20326,-2194,-596,26511,0x07
2026-09-06T20:48:44.999,1982,0,1,52,0,0,0,0,0,0,0x03
2026-09-06T20:48:45.064,1985,0,2,51,-1753,-745,20028,-2248,-902,25881,0x07
2026-09-06T20:48:45.064,1984,0,1,52,0,0,0,0,0,0,0x03
2026-09-06T20:48:45.129,1987,0,2,52,-1696,-1038,18099,-2222,-1404,23425,0x07
2026-09-06T20:48:45.129,1986,0,1,50,0,0,0,0,0,0,0x03
2026-09-06T20:48:45.195,1989,0,2,51,-1558,-1196,15789,-2121,-1471,21888,0x07
2026-09-06T20:48:45.195,1988,0,1,51,0,0,0,0,0,0,0x03
2026-09-06T20:48:45.260,1991,0,2,50,-828,-1340,6480,-1541,-1600,14178,0x07
2026-09-06T20:48:45.260,1990,0,1,51,0,0,0,0,0,0,0x03
2026-09-06T20:48:45.325,1993,0,2,51,-828,-1020,7842,-1541,-1510,14561,0x07
2026-09-06T20:48:45.325,1992,0,1,51,0,0,0,0,0,0,0x03
2026-09-06T20:48:45.390,1995,0,2,50,-365,-800,3265,-1139,-1480,9727,0x07
2026-09-06T20:48:45.390,1994,0,1,50,0,0,0,0,0,0,0x03
2026-09-06T20:48:45.455,1997,0,2,50,-326,-700,3225,-1194,-1200,11599,0x07
2026-09-06T20:48:45.455,1996,0,1,52,0,0,0,0,0,0,0x03
2026-09-06T20:48:45.537,1999,0,2,56,-373,-536,4481,-1314,-1125,13391,0x07
2026-09-06T20:48:45.537,1998,0,1,52,0,0,0,0,0,0,0x03
2026-09-06T20:48:45.601,2001,0,2,51,0,0,6845,0,0,11854,0x07
2026-09-06T20:48:45.601,2000,0,1,51,0,0,0,0,0,0,0x03
2026-09-06T20:48:45.666,2003,0,2,51,591,98,8942,1223,353,15550,0x07
2026-09-06T20:48:45.666,2002,0,1,50,0,0,0,0,0,0,0x03
2026-09-06T20:48:45.731,2005,0,2,51,537,118,8215,1192,137,16095,0x07
2026-09-06T20:48:45.731,2004,0,1,52,0,0,0,0,0,0,0x03
2026-09-06T20:48:45.796,2007,0,2,50,509,200,7531,1222,220,16101,0x07
2026-09-06T20:48:45.796,2006,0,1,51,0,0,0,0,0,0,0x03
2026-09-06T20:48:45.861,2009,0,2,50,442,220,6647,1291,400,16196,0x07
2026-09-06T20:48:45.861,2008,0,1,50,0,0,0,0,0,0,0x03
2026-09-06T20:48:45.926,2011,0,2,52,443,327,6200,1291,654,15113,0x07
2026-09-06T20:48:45.926,2010,0,1,50,0,0,0,0,0,0,0x03
2026-09-06T20:48:45.991,2013,0,2,51,443,314,6256,1291,686,14975,0x07
2026-09-06T20:48:45.991,2012,0,1,50,0,0,0,0,0,0,0x03
2026-09-06T20:48:46.072,2015,0,2,50,419,340,5859,1316,760,14969,0x07
2026-09-06T20:48:46.072,2014,0,1,50,0,0,0,0,0,0,0x03
2026-09-06T20:48:46.137,2017,0,2,51,439,294,6287,1295,765,14694,0x07
2026-09-06T20:48:46.137,2016,0,1,51,0,0,0,0,0,0,0x03
2026-09-06T20:48:46.202,2019,0,2,50,502,340,6844,1209,840,13306,0x07
2026-09-06T20:48:46.202,2018,0,1,50,0,0,0,0,0,0,0x03
2026-09-06T20:48:46.267,2021,0,2,51,556,353,7432,1171,824,12914,0x07
2026-09-06T20:48:46.267,2020,0,1,52,0,0,0,0,0,0,0x03
2026-09-06T20:48:46.332,2023,0,2,50,515,400,6745,1114,820,12225,0x07
2026-09-06T20:48:46.332,2022,0,1,50,0,0,0,0,0,0,0x03
2026-09-06T20:48:46.397,2025,0,2,50,515,440,6575,1114,760,12480,0x07
2026-09-06T20:48:46.397,2024,0,1,51,0,0,0,0,0,0,0x03
2026-09-06T20:48:46.462,2027,0,2,50,811,440,10109,1336,760,15215,0x07
2026-09-06T20:48:46.462,2026,0,1,50,0,0,0,0,0,0,0x03
2026-09-06T20:48:46.527,2029,0,2,50,1113,520,13357,1594,760,18404,0x07
2026-09-06T20:48:46.527,2028,0,1,51,0,0,0,0,0,0,0x03
2026-09-06T20:48:46.592,2031,0,2,51,1191,725,13417,1694,922,18953,0x07
2026-09-06T20:48:46.592,2030,0,1,51,0,0,0,0,0,0,0x03
2026-09-06T20:48:46.673,2033,0,2,51,1088,922,11353,1621,1098,17304,0x07
2026-09-06T20:48:46.673,2032,0,1,51,0,0,0,0,0,0,0x03
2026-09-06T20:48:46.738,2035,0,2,51,818,961,7975,1432,1078,15055,0x07
2026-09-06T20:48:46.738,2034,0,1,50,0,0,0,0,0,0,0x03
2026-09-06T20:48:46.803,2037,0,2,50,414,640,4520,1321,1100,13588,0x07
2026-09-06T20:48:46.803,2036,0,1,50,0,0,0,0,0,0,0x03
2026-09-06T20:48:46.868,2039,0,2,51,414,471,5240,1321,1059,13763,0x07
2026-09-06T20:48:46.868,2038,0,1,52,0,0,0,0,0,0,0x03
2026-09-06T20:48:46.933,2041,0,2,50,458,460,5807,1275,1160,12771,0x07
2026-09-06T20:48:46.933,2040,0,1,52,0,0,0,0,0,0,0x03
2026-09-06T20:48:46.998,2043,0,2,51,469,373,6311,1264,510,15393,0x07
2026-09-06T20:48:46.998,2042,0,1,52,0,0,0,0,0,0,0x03
2026-09-06T20:48:47.079,2045,0,2,51,469,373,6315,1264,20,17473,0x07
2026-09-06T20:48:47.079,2044,0,1,52,0,0,0,0,0,0,0x03
2026-09-06T20:48:47.128,2047,0,2,50,435,320,6133,1299,0,17991,0x07
2026-09-06T20:48:47.128,2046,0,1,51,0,0,0,0,0,0,0x03
2026-09-06T20:48:47.210,2049,0,2,50,425,0,7376,1309,0,18117,0x07
2026-09-06T20:48:47.210,2048,0,1,50,0,0,0,0,0,0,0x03
2026-09-06T20:48:47.275,2051,0,2,51,425,0,7376,1309,0,18117,0x07
2026-09-06T20:48:47.275,2050,0,1,51,0,0,0,0,0,0,0x03
2026-09-06T20:48:47.340,2053,0,2,52,437,0,7514,1297,0,17970,0x07
2026-09-06T20:48:47.340,2052,0,1,52,0,0,0,0,0,0,0x03
2026-09-06T20:48:47.406,2055,0,2,50,436,0,7509,1297,0,17975,0x07
2026-09-06T20:48:47.406,2054,0,1,51,0,0,0,0,0,0,0x03
2026-09-06T20:48:47.470,2057,0,2,50,439,0,7546,1294,0,17936,0x07
2026-09-06T20:48:47.470,2056,0,1,50,0,0,0,0,0,0,0x03
2026-09-06T20:48:47.535,2059,0,2,51,441,0,7570,1292,0,17909,0x07
2026-09-06T20:48:47.535,2058,0,1,51,0,0,0,0,0,0,0x03
2026-09-06T20:48:47.600,2061,0,2,54,439,0,7542,1295,0,17939,0x07
2026-09-06T20:48:47.600,2060,0,1,51,0,0,0,0,0,0,0x03
2026-09-06T20:48:47.665,2063,0,2,50,439,0,7542,1295,0,17939,0x07
2026-09-06T20:48:47.665,2062,0,1,52,0,0,0,0,0,0,0x03
2026-09-06T20:48:47.746,2065,0,2,50,443,0,7585,1291,0,17892,0x07
2026-09-06T20:48:47.746,2064,0,1,51,0,0,0,0,0,0,0x03
2026-09-06T20:48:47.811,2067,0,2,52,0,0,0,0,0,0,0x03
2026-09-06T20:48:47.811,2066,0,1,51,0,0,0,0,0,0,0x03
2026-09-06T20:48:47.876,2069,0,2,52,0,0,0,0,0,0,0x03
2026-09-06T20:48:47.876,2068,0,1,52,0,0,0,0,0,0,0x03
2026-09-06T20:48:47.941,2071,0,2,52,0,0,0,0,0,0,0x03
2026-09-06T20:48:47.941,2070,0,1,51,0,0,0,0,0,0,0x03
2026-09-06T20:48:48.200,2073,0,2,51,0,0,0,0,0,0,0x03
2026-09-06T20:48:48.200,2072,0,1,51,0,0,0,0,0,0,0x03
2026-09-06T20:48:48.281,2075,0,2,51,0,0,0,0,0,0,0x03
2026-09-06T20:48:48.281,2074,0,1,50,0,0,0,0,0,0,0x03
2026-09-06T20:48:48.346,2077,0,2,52,0,0,0,0,0,0,0x03
2026-09-06T20:48:48.346,2076,0,1,54,0,0,0,0,0,0,0x03
2026-09-06T20:48:48.411,2079,0,2,51,0,0,0,0,0,0,0x03
2026-09-06T20:48:48.411,2078,0,1,50,0,0,0,0,0,0,0x03
2026-09-06T20:48:48.476,2081,0,2,55,0,0,0,0,0,0,0x03
2026-09-06T20:48:48.476,2080,0,1,50,0,0,0,0,0,0,0x03
2026-09-06T20:48:48.541,2083,0,2,51,0,0,0,0,0,0,0x03
2026-09-06T20:48:48.541,2082,0,1,52,0,0,0,0,0,0,0x03
2026-09-06T20:48:48.605,2085,0,2,50,0,0,0,0,0,0,0x03
2026-09-06T20:48:48.605,2084,0,1,51,0,0,0,0,0,0,0x03
2026-09-06T20:48:48.670,2087,0,2,50,0,0,0,0,0,0,0x03
2026-09-06T20:48:48.670,2086,0,1,51,0,0,0,0,0,0,0x03
2026-09-06T20:48:48.751,2089,0,2,51,0,0,0,0,0,0,0x03
2026-09-06T20:48:48.751,2088,0,1,51,0,0,0,0,0,0,0x03
2026-09-06T20:48:48.816,2091,0,2,51,0,0,0,0,0,0,0x03
2026-09-06T20:48:48.816,2090,0,1,54,0,0,0,0,0,0,0x03
2026-09-06T20:48:48.881,2093,0,2,50,0,0,0,0,0,0,0x03
2026-09-06T20:48:48.881,2092,0,1,51,0,0,0,0,0,0,0x03
2026-09-06T20:48:48.946,2095,0,2,51,0,0,0,0,0,0,0x03
2026-09-06T20:48:48.947,2094,0,1,52,0,0,0,0,0,0,0x03
2026-09-06T20:48:49.012,2097,0,2,50,0,0,0,0,0,0,0x03
2026-09-06T20:48:49.012,2096,0,1,50,0,0,0,0,0,0,0x03
2026-09-06T20:48:49.078,2099,0,2,50,0,0,0,0,0,0,0x03
2026-09-06T20:48:49.078,2098,0,1,50,0,0,0,0,0,0,0x03
2026-09-06T20:48:49.143,2101,0,2,51,0,0,0,0,0,0,0x03
2026-09-06T20:48:49.143,2100,0,1,51,0,0,0,0,0,0,0x03
2026-09-06T20:48:49.208,2103,0,2,51,0,0,0,0,0,0,0x03
2026-09-06T20:48:49.208,2102,0,1,51,0,0,0,0,0,0,0x03
2026-09-06T20:48:49.274,2105,0,2,50,0,0,0,0,0,0,0x03
2026-09-06T20:48:49.274,2104,0,1,51,0,0,0,0,0,0,0x03
2026-09-06T20:48:49.339,2107,0,2,51,0,0,0,0,0,0,0x03
2026-09-06T20:48:49.339,2106,0,1,51,0,0,0,0,0,0,0x03
2026-09-06T20:48:49.420,2109,0,2,50,0,0,0,0,0,0,0x03
2026-09-06T20:48:49.420,2108,0,1,51,0,0,0,0,0,0,0x03
2026-09-06T20:48:49.485,2111,0,2,50,0,0,0,0,0,0,0x03
2026-09-06T20:48:49.485,2110,0,1,51,0,0,0,0,0,0,0x03
2026-09-06T20:48:49.550,2113,0,2,50,0,0,0,0,0,0,0x03
2026-09-06T20:48:49.550,2112,0,1,52,0,0,0,0,0,0,0x03
2026-09-06T20:48:49.616,2115,0,2,50,0,0,15238,0,0,16125,0x07
2026-09-06T20:48:49.616,2114,0,1,50,0,0,0,0,0,0,0x03
2026-09-06T20:48:49.681,2117,0,2,50,-1687,-220,21473,1750,0,23562,0x07
2026-09-06T20:48:49.681,2116,0,1,51,0,0,0,0,0,0,0x03
2026-09-06T20:48:49.746,2119,0,2,50,-1687,-520,20198,1750,160,22882,0x07
2026-09-06T20:48:49.746,2118,0,1,50,0,0,0,0,0,0,0x03
2026-09-06T20:48:49.811,2121,0,2,51,-1687,-510,20241,1750,392,21896,0x07
2026-09-06T20:48:49.811,2120,0,1,50,0,0,0,0,0,0,0x03
2026-09-06T20:48:49.876,2123,0,2,51,-1687,-667,19574,1750,510,21396,0x07
2026-09-06T20:48:49.876,2122,0,1,52,0,0,0,0,0,0,0x03
2026-09-06T20:48:49.941,2125,0,2,50,0,0,0,0,0,0,0x03
2026-09-06T20:48:49.942,2124,0,1,52,0,0,0,0,0,0,0x03
2026-09-06T20:48:50.023,2127,0,2,50,0,0,0,0,0,0,0x03
2026-09-06T20:48:50.023,2126,0,1,50,0,0,0,0,0,0,0x03
2026-09-06T20:48:50.088,2129,0,2,51,0,0,0,0,0,0,0x03
2026-09-06T20:48:50.088,2128,0,1,51,0,0,0,0,0,0,0x03
2026-09-06T20:48:50.153,2131,0,2,51,0,0,0,0,0,0,0x03
2026-09-06T20:48:50.153,2130,0,1,51,0,0,0,0,0,0,0x03
2026-09-06T20:48:50.218,2133,0,2,52,0,0,0,0,0,0,0x03
2026-09-06T20:48:50.219,2132,0,1,52,0,0,0,0,0,0,0x03
2026-09-06T20:48:50.283,2135,0,2,51,0,0,0,0,0,0,0x03
2026-09-06T20:48:50.283,2134,0,1,54,0,0,0,0,0,0,0x03
2026-09-06T20:48:50.348,2137,0,2,53,0,0,0,0,0,0,0x03
2026-09-06T20:48:50.348,2136,0,1,50,0,0,0,0,0,0,0x03
2026-09-06T20:48:50.413,2139,0,2,50,0,0,0,0,0,0,0x03
2026-09-06T20:48:50.413,2138,0,1,50,0,0,0,0,0,0,0x03
2026-09-06T20:48:50.478,2141,0,2,50,0,0,0,0,0,0,0x03
2026-09-06T20:48:50.478,2140,0,1,50,0,0,0,0,0,0,0x03
2026-09-06T20:48:50.543,2143,0,2,52,0,0,0,0,0,0,0x03
2026-09-06T20:48:50.543,2142,0,1,52,0,0,0,0,0,0,0x03
2026-09-06T20:48:50.625,2145,0,2,51,0,0,7348,0,0,10604,0x07
2026-09-06T20:48:50.625,2144,0,1,51,0,0,0,0,0,0,0x03
2026-09-06T20:48:50.690,2147,0,2,52,657,115,9651,1068,327,13754,0x07
2026-09-06T20:48:50.690,2146,0,1,50,0,0,0,0,0,0,0x03
2026-09-06T20:48:50.755,2149,0,2,50,3374,140,40000,2953,240,37399,0x07
2026-09-06T20:48:50.755,2148,0,1,50,0,0,0,0,0,0,0x03
2026-09-06T20:48:50.821,2151,0,2,51,3328,1059,37455,3439,2706,32912,0x07
2026-09-06T20:48:50.821,2150,0,1,51,0,0,0,0,0,0,0x03
2026-09-06T20:48:50.886,2153,0,2,50,3346,1420,36133,3479,2860,32757,0x07
2026-09-06T20:48:50.886,2152,0,1,50,0,0,0,0,0,0,0x03
2026-09-06T20:48:50.951,2155,0,2,50,3290,1820,33763,3500,2320,35307,0x07
2026-09-06T20:48:50.951,2154,0,1,50,0,0,0,0,0,0,0x03
2026-09-06T20:48:51.016,2157,0,2,51,3120,2176,30221,3480,2686,33505,0x07
2026-09-06T20:48:51.016,2156,0,1,50,0,0,0,0,0,0,0x03
2026-09-06T20:48:51.081,2159,0,2,52,2634,2346,23717,3213,2846,29525,0x07
2026-09-06T20:48:51.081,2158,0,1,50,0,0,0,0,0,0,0x03
2026-09-06T20:48:51.162,2161,0,2,51,1813,2392,13743,2561,2490,22985,0x07
2026-09-06T20:48:51.162,2160,0,1,55,0,0,0,0,0,0,0x03
2026-09-06T20:48:51.211,2163,0,2,51,284,1059,1193,1456,1510,13511,0x07
2026-09-06T20:48:51.211,2162,0,1,50,0,0,0,0,0,0,0x03
2026-09-06T20:48:51.293,2165,0,2,51,0,0,14258,0,0,18876,0x07
2026-09-06T20:48:51.293,2164,0,1,50,0,0,0,0,0,0,0x03
2026-09-06T20:48:51.358,2167,0,2,51,-2546,-765,29394,-2712,-1157,30527,0x07
2026-09-06T20:48:51.358,2166,0,1,50,0,0,0,0,0,0,0x03
2026-09-06T20:48:51.423,2169,0,2,51,-2546,-765,29394,-2712,-1157,30527,0x07
2026-09-06T20:48:51.423,2168,0,1,50,0,0,0,0,0,0,0x03
2026-09-06T20:48:51.488,2171,0,2,50,-2954,-1500,31123,-3119,-980,36297,0x07
2026-09-06T20:48:51.489,2170,0,1,50,0,0,0,0,0,0,0x03
2026-09-06T20:48:51.554,2173,0,2,50,-2946,-1400,31447,-3239,-1340,36245,0x07
2026-09-06T20:48:51.554,2172,0,1,52,0,0,0,0,0,0,0x03
2026-09-06T20:48:51.619,2175,0,2,55,-2475,-1764,24296,-2976,-1709,31431,0x07
2026-09-06T20:48:51.619,2174,0,1,51,0,0,0,0,0,0,0x03
2026-09-06T20:48:51.684,2177,0,2,51,-2475,-1843,23958,-2976,-1941,30445,0x07
2026-09-06T20:48:51.684,2176,0,1,51,0,0,0,0,0,0,0x03
2026-09-06T20:48:51.748,2179,0,2,50,-2203,-1920,20388,-2737,-2080,26912,0x07
2026-09-06T20:48:51.748,2178,0,1,51,0,0,0,0,0,0,0x03
2026-09-06T20:48:51.829,2181,0,2,51,-1734,-2078,14133,-2367,-2176,21930,0x07
2026-09-06T20:48:51.829,2180,0,1,50,0,0,0,0,0,0,0x03
2026-09-06T20:48:51.895,2183,0,2,50,-3374,-2320,32642,-3051,-2320,29759,0x07
2026-09-06T20:48:51.895,2182,0,1,50,0,0,0,0,0,0,0x03
2026-09-06T20:48:51.960,2185,0,2,50,-3359,-2300,32546,-3123,-2320,30649,0x07
2026-09-06T20:48:51.960,2184,0,1,51,0,0,0,0,0,0,0x03
2026-09-06T20:48:52.024,2187,0,2,52,-536,-2712,0,-2320,-2481,20057,0x07
2026-09-06T20:48:52.024,2186,0,1,51,0,0,0,0,0,0,0x03
2026-09-06T20:48:52.089,2189,0,2,50,-536,-1480,2405,-2320,-2480,20061,0x07
2026-09-06T20:48:52.089,2188,0,1,50,0,0,0,0,0,0,0x03
2026-09-06T20:48:52.155,2191,0,2,50,-844,-960,8288,-1508,-2400,10380,0x07
2026-09-06T20:48:52.155,2190,0,1,51,0,0,0,0,0,0,0x03
2026-09-06T20:48:52.220,2193,0,2,51,-528,-1627,1689,-1234,-1588,10446,0x07
2026-09-06T20:48:52.220,2192,0,1,51,0,0,0,0,0,0,0x03
2026-09-06T20:48:52.285,2195,0,2,51,-467,-922,3953,-1266,-1255,12252,0x07
2026-09-06T20:48:52.285,2194,0,1,50,0,0,0,0,0,0,0x03
2026-09-06T20:48:52.366,2197,0,2,51,-494,-686,5284,-1237,-1314,11647,0x07
2026-09-06T20:48:52.366,2196,0,1,50,0,0,0,0,0,0,0x03
2026-09-06T20:48:52.431,2199,0,2,51,-483,-608,5481,-1249,-1235,12128,0x07
2026-09-06T20:48:52.431,2198,0,1,53,0,0,0,0,0,0,0x03
2026-09-06T20:48:52.496,2201,0,2,52,-521,-519,6307,-1210,-1173,11909,0x07
2026-09-06T20:48:52.496,2200,0,1,51,0,0,0,0,0,0,0x03
2026-09-06T20:48:52.561,2203,0,2,51,-566,-569,6640,-1163,-725,13227,0x07
2026-09-06T20:48:52.561,2202,0,1,50,0,0,0,0,0,0,0x03
2026-09-06T20:48:52.626,2205,0,2,52,-569,-538,6804,-1160,-808,12838,0x07
2026-09-06T20:48:52.626,2204,0,1,52,0,0,0,0,0,0,0x03
2026-09-06T20:48:52.691,2207,0,2,53,-886,-547,10545,-1443,-906,15922,0x07
2026-09-06T20:48:52.691,2206,0,1,51,0,0,0,0,0,0,0x03
2026-09-06T20:48:52.756,2209,0,2,51,-886,-784,9537,-1443,-1020,15438,0x07
2026-09-06T20:48:52.756,2208,0,1,50,0,0,0,0,0,0,0x03
2026-09-06T20:48:52.821,2211,0,2,51,-1206,-725,13589,-1705,-1059,18509,0x07
2026-09-06T20:48:52.821,2210,0,1,52,0,0,0,0,0,0,0x03
2026-09-06T20:48:52.902,2213,0,2,51,-1442,-588,16990,-1929,-1275,20353,0x07
2026-09-06T20:48:52.902,2212,0,1,52,0,0,0,0,0,0,0x03
2026-09-06T20:48:52.967,2215,0,2,56,-2127,-875,23925,-2505,-1375,27043,0x07
2026-09-06T20:48:52.967,2214,0,1,52,0,0,0,0,0,0,0x03
2026-09-06T20:48:53.032,2217,0,2,50,-2127,-1160,22714,-2505,-1560,26257,0x07
2026-09-06T20:48:53.032,2216,0,1,50,0,0,0,0,0,0,0x03
2026-09-06T20:48:53.096,2219,0,2,50,-2394,-1520,24371,-2739,-1660,28715,0x07
2026-09-06T20:48:53.096,2218,0,1,52,0,0,0,0,0,0,0x03
2026-09-06T20:48:53.161,2221,0,2,50,-2685,-1800,26649,-2968,-2000,30104,0x07
2026-09-06T20:48:53.161,2220,0,1,52,0,0,0,0,0,0,0x03
2026-09-06T20:48:53.226,2223,0,2,50,-2788,-2180,26260,-3096,-2060,31425,0x07
2026-09-06T20:48:53.226,2222,0,1,51,0,0,0,0,0,0,0x03
2026-09-06T20:48:53.291,2225,0,2,51,-2726,-2216,25361,-3102,-2314,30421,0x07
2026-09-06T20:48:53.291,2224,0,1,50,0,0,0,0,0,0,0x03
2026-09-06T20:48:53.357,2227,0,2,55,-322,-2400,0,-1276,-2527,6974,0x07
2026-09-06T20:48:53.357,2226,0,1,50,0,0,0,0,0,0,0x03
2026-09-06T20:48:53.438,2229,0,2,50,0,0,2724,-1276,-1680,10575,0x07
2026-09-06T20:48:53.438,2228,0,1,50,0,0,0,0,0,0,0x03
2026-09-06T20:48:53.503,2231,0,2,50,54,540,657,0,0,15302,0x07
2026-09-06T20:48:53.503,2230,0,1,51,0,0,0,0,0,0,0x03
2026-09-06T20:48:53.568,2233,0,2,51,1108,608,12923,0,0,9111,0x07
2026-09-06T20:48:53.568,2232,0,1,51,0,0,0,0,0,0,0x03
2026-09-06T20:48:53.632,2235,0,2,50,1476,20,19811,0,0,16444,0x07
2026-09-06T20:48:53.632,2234,0,1,51,0,0,0,0,0,0,0x03
2026-09-06T20:48:53.697,2237,0,2,52,1115,192,14781,1790,308,22742,0x07
2026-09-06T20:48:53.698,2236,0,1,51,0,0,0,0,0,0,0x03
2026-09-06T20:48:53.762,2239,0,2,50,2295,600,27100,2722,700,32583,0x07
2026-09-06T20:48:53.762,2238,0,1,52,0,0,0,0,0,0,0x03
2026-09-06T20:48:53.827,2241,0,2,50,2295,880,25910,2722,1140,30713,0x07
2026-09-06T20:48:53.828,2240,0,1,52,0,0,0,0,0,0,0x03
2026-09-06T20:48:53.893,2243,0,2,50,2198,1160,23566,2706,1580,28643,0x07
2026-09-06T20:48:53.893,2242,0,1,51,0,0,0,0,0,0,0x03
2026-09-06T20:48:53.974,2245,0,2,50,1464,1600,12951,2118,1380,22238,0x07
2026-09-06T20:48:53.974,2244,0,1,51,0,0,0,0,0,0,0x03
2026-09-06T20:48:54.039,2247,0,2,50,1464,1500,13376,2118,1460,21898,0x07
2026-09-06T20:48:54.039,2246,0,1,52,0,0,0,0,0,0,0x03
2026-09-06T20:48:54.105,2249,0,2,50,650,1420,4022,1461,1540,13443,0x07
2026-09-06T20:48:54.105,2248,0,1,51,0,0,0,0,0,0,0x03
2026-09-06T20:48:54.170,2251,0,2,58,-657,-69,9840,-1282,-69,17486,0x07
2026-09-06T20:48:54.170,2250,0,1,51,0,0,0,0,0,0,0x03
2026-09-06T20:48:54.235,2253,0,2,51,-657,-157,9467,-1282,-745,14613,0x07
2026-09-06T20:48:54.235,2252,0,1,52,0,0,0,0,0,0,0x03
2026-09-06T20:48:54.300,2255,0,2,51,-844,-176,11613,-1413,-431,17567,0x07
2026-09-06T20:48:54.300,2254,0,1,51,0,0,0,0,0,0,0x03
2026-09-06T20:48:54.365,2257,0,2,51,-924,-176,12571,-1503,-20,20423,0x07
2026-09-06T20:48:54.365,2256,0,1,51,0,0,0,0,0,0,0x03
2026-09-06T20:48:54.430,2259,0,2,55,-479,-273,6860,-1253,-582,14953,0x07
2026-09-06T20:48:54.430,2258,0,1,50,0,0,0,0,0,0,0x03
2026-09-06T20:48:54.511,2261,0,2,51,-479,-275,6853,-1253,-706,14425,0x07
2026-09-06T20:48:54.511,2260,0,1,51,0,0,0,0,0,0,0x03
2026-09-06T20:48:54.561,2263,0,2,51,-487,-373,6525,-1245,-863,13664,0x07
2026-09-06T20:48:54.561,2262,0,1,51,0,0,0,0,0,0,0x03
2026-09-06T20:48:54.641,2265,0,2,51,-518,-373,6894,-1213,-941,12933,0x07
2026-09-06T20:48:54.641,2264,0,1,50,0,0,0,0,0,0,0x03
2026-09-06T20:48:54.706,2267,0,2,51,-526,-333,7161,-1204,-922,12908,0x07
2026-09-06T20:48:54.706,2266,0,1,52,0,0,0,0,0,0,0x03
2026-09-06T20:48:54.771,2269,0,2,51,-720,-412,9135,-1220,-922,13102,0x07
2026-09-06T20:48:54.771,2268,0,1,51,0,0,0,0,0,0,0x03
2026-09-06T20:48:54.836,2271,0,2,50,-1711,-620,20058,-2096,-1040,23416,0x07
2026-09-06T20:48:54.836,2270,0,1,50,0,0,0,0,0,0,0x03
2026-09-06T20:48:54.901,2273,0,2,50,-1711,-800,19293,-2096,-1280,22396,0x07
2026-09-06T20:48:54.901,2272,0,1,51,0,0,0,0,0,0,0x03
2026-09-06T20:48:54.966,2275,0,2,51,-2352,-1039,25916,-2616,-1216,29085,0x07
2026-09-06T20:48:54.966,2274,0,1,51,0,0,0,0,0,0,0x03
2026-09-06T20:48:55.031,2277,0,2,51,-3048,-1549,32033,-3239,-1706,34690,0x07
2026-09-06T20:48:55.031,2276,0,1,52,0,0,0,0,0,0,0x03
2026-09-06T20:48:55.096,2279,0,2,51,-3048,-1843,30783,-3239,-1863,34023,0x07
2026-09-06T20:48:55.096,2278,0,1,50,0,0,0,0,0,0,0x03
2026-09-06T20:48:55.177,2281,0,2,50,-3105,-2280,29613,-3338,-2060,34416,0x07
2026-09-06T20:48:55.177,2280,0,1,52,0,0,0,0,0,0,0x03
2026-09-06T20:48:55.243,2283,0,2,50,-3148,-2220,30375,-3383,-2400,33520,0x07
2026-09-06T20:48:55.243,2282,0,1,50,0,0,0,0,0,0,0x03
2026-09-06T20:48:55.308,2285,0,2,51,-2805,-2549,24897,-3209,-2569,30660,0x07
2026-09-06T20:48:55.308,2284,0,1,52,0,0,0,0,0,0,0x03
2026-09-06T20:48:55.373,2287,0,2,50,-2805,-2540,24935,-3209,-2720,30017,0x07
2026-09-06T20:48:55.373,2286,0,1,52,0,0,0,0,0,0,0x03
2026-09-06T20:48:55.437,2289,0,2,51,-2435,-2765,19568,-2969,-2706,27117,0x07
2026-09-06T20:48:55.437,2288,0,1,51,0,0,0,0,0,0,0x03
2026-09-06T20:48:55.502,2291,0,2,50,-1788,-2080,14770,-2414,-2560,20878,0x07
2026-09-06T20:48:55.502,2290,0,1,50,0,0,0,0,0,0,0x03
2026-09-06T20:48:55.568,2293,0,2,51,-345,-1804,3269,-1286,-2392,7661,0x07
2026-09-06T20:48:55.568,2292,0,1,50,0,0,0,0,0,0,0x03
2026-09-06T20:48:55.633,2295,0,2,50,0,0,9041,0,0,13750,0x07
2026-09-06T20:48:55.633,2294,0,1,55,0,0,0,0,0,0,0x03
2026-09-06T20:48:55.714,2297,0,2,51,878,196,11940,1457,157,19274,0x07
2026-09-06T20:48:55.714,2296,0,1,51,0,0,0,0,0,0,0x03
2026-09-06T20:48:55.779,2299,0,2,52,686,19,10397,1349,346,17133,0x07
2026-09-06T20:48:55.779,2298,0,1,51,0,0,0,0,0,0,0x03
2026-09-06T20:48:55.845,2301,0,2,51,1243,59,16873,1647,98,21870,0x07
2026-09-06T20:48:55.845,2300,0,1,51,0,0,0,0,0,0,0x03
2026-09-06T20:48:55.910,2303,0,2,54,1249,444,15298,1715,519,20925,0x07
2026-09-06T20:48:55.910,2302,0,1,50,0,0,0,0,0,0,0x03
2026-09-06T20:48:55.975,2305,0,2,50,1249,560,14807,1715,720,20069,0x07
2026-09-06T20:48:55.975,2304,0,1,50,0,0,0,0,0,0,0x03
2026-09-06T20:48:56.040,2307,0,2,51,1003,706,11257,1540,863,17302,0x07
2026-09-06T20:48:56.040,2306,0,1,51,0,0,0,0,0,0,0x03
2026-09-06T20:48:56.105,2309,0,2,50,705,740,7564,1244,1000,13064,0x07
2026-09-06T20:48:56.105,2308,0,1,50,0,0,0,0,0,0,0x03
2026-09-06T20:48:56.171,2311,0,2,51,0,0,4991,865,922,8717,0x07
2026-09-06T20:48:56.171,2310,0,1,52,0,0,0,0,0,0,0x03
2026-09-06T20:48:56.236,2313,0,2,51,-350,-118,5977,0,0,6037,0x07
2026-09-06T20:48:56.236,2312,0,1,52,0,0,0,0,0,0,0x03
2026-09-06T20:48:56.317,2315,0,2,51,-22,-98,2153,-504,-157,7512,0x07
2026-09-06T20:48:56.317,2314,0,1,54,0,0,0,0,0,0,0x03
2026-09-06T20:48:56.381,2317,0,2,52,-3327,-769,38674,-3500,-1827,37403,0x07
2026-09-06T20:48:56.382,2316,0,1,50,0,0,0,0,0,0,0x03
2026-09-06T20:48:56.447,2319,0,2,51,-3327,-1314,36360,-3500,-2725,33584,0x07
2026-09-06T20:48:56.447,2318,0,1,52,0,0,0,0,0,0,0x03
2026-09-06T20:48:56.511,2321,0,2,51,-3217,-1392,34720,-3500,-2216,35750,0x07
2026-09-06T20:48:56.511,2320,0,1,52,0,0,0,0,0,0,0x03
2026-09-06T20:48:56.576,2323,0,2,50,-3102,-1780,31698,-3457,-1820,36906,0x07
2026-09-06T20:48:56.576,2322,0,1,51,0,0,0,0,0,0,0x03
2026-09-06T20:48:56.641,2325,0,2,51,-2754,-1922,26949,-3259,-2157,33023,0x07
2026-09-06T20:48:56.641,2324,0,1,51,0,0,0,0,0,0,0x03
2026-09-06T20:48:56.706,2327,0,2,51,0,0,21706,0,0,21602,0x07
2026-09-06T20:48:56.706,2326,0,1,52,0,0,0,0,0,0,0x03
2026-09-06T20:48:56.771,2329,0,2,50,0,0,14537,0,0,13616,0x07
2026-09-06T20:48:56.771,2328,0,1,51,0,0,0,0,0,0,0x03
2026-09-06T20:48:56.852,2331,0,2,51,-1596,-490,19235,0,0,6088,0x07
2026-09-06T20:48:56.852,2330,0,1,51,0,0,0,0,0,0,0x03
2026-09-06T20:48:56.917,2333,0,2,51,0,0,16561,510,176,7507,0x07
2026-09-06T20:48:56.917,2332,0,1,51,0,0,0,0,0,0,0x03
2026-09-06T20:48:56.983,2335,0,2,50,1860,240,23445,1430,440,17737,0x07
2026-09-06T20:48:56.983,2334,0,1,51,0,0,0,0,0,0,0x03
2026-09-06T20:48:57.048,2337,0,2,51,1489,333,18636,852,314,11136,0x07
2026-09-06T20:48:57.048,2336,0,1,51,0,0,0,0,0,0,0x03
2026-09-06T20:48:57.113,2339,0,2,52,1205,481,14621,500,231,7150,0x07
2026-09-06T20:48:57.113,2338,0,1,51,0,0,0,0,0,0,0x03
2026-09-06T20:48:57.178,2341,0,2,51,1194,725,13457,511,275,7098,0x07
2026-09-06T20:48:57.178,2340,0,1,50,0,0,0,0,0,0,0x03
2026-09-06T20:48:57.243,2343,0,2,51,1194,765,13290,511,294,7015,0x07
2026-09-06T20:48:57.244,2342,0,1,52,0,0,0,0,0,0,0x03
2026-09-06T20:48:57.309,2345,0,2,50,1138,780,12550,570,340,7546,0x07
2026-09-06T20:48:57.309,2344,0,1,52,0,0,0,0,0,0,0x03
2026-09-06T20:48:57.390,2347,0,2,50,1133,780,12498,574,320,7686,0x07
2026-09-06T20:48:57.390,2346,0,1,51,0,0,0,0,0,0,0x03
2026-09-06T20:48:57.455,2349,0,2,50,1293,800,14314,856,440,10655,0x07
2026-09-06T20:48:57.455,2348,0,1,51,0,0,0,0,0,0,0x03
2026-09-06T20:48:57.520,2351,0,2,50,1641,880,18121,1272,460,15705,0x07
2026-09-06T20:48:57.520,2350,0,1,52,0,0,0,0,0,0,0x03
2026-09-06T20:48:57.584,2353,0,2,53,2190,1113,23669,1941,774,22637,0x07
2026-09-06T20:48:57.584,2352,0,1,54,0,0,0,0,0,0,0x03
2026-09-06T20:48:57.649,2355,0,2,50,0,0,0,0,0,0,0x03
2026-09-06T20:48:57.649,2354,0,1,52,0,0,0,0,0,0,0x03
2026-09-06T20:48:57.714,2357,0,2,50,0,0,21586,0,0,21088,0x07
2026-09-06T20:48:57.714,2356,0,1,50,0,0,0,0,0,0,0x03
2026-09-06T20:48:57.779,2359,0,2,50,2516,500,30153,2363,480,29092,0x07
2026-09-06T20:48:57.779,2358,0,1,50,0,0,0,0,0,0,0x03
2026-09-06T20:48:57.844,2361,0,2,57,2905,1561,30279,2791,1491,30076,0x07
2026-09-06T20:48:57.844,2360,0,1,52,0,0,0,0,0,0,0x03
2026-09-06T20:48:57.909,2363,0,2,50,2905,1700,29690,2791,1640,29443,0x07
2026-09-06T20:48:57.909,2362,0,1,51,0,0,0,0,0,0,0x03
2026-09-06T20:48:57.991,2365,0,2,51,3031,2020,29832,2979,1745,31321,0x07
2026-09-06T20:48:57.991,2364,0,1,50,0,0,0,0,0,0,0x03
2026-09-06T20:48:58.056,2367,0,2,52,3151,2173,30610,3159,1904,32872,0x07
2026-09-06T20:48:58.056,2366,0,1,51,0,0,0,0,0,0,0x03
2026-09-06T20:48:58.121,2369,0,2,56,3317,2500,31202,3452,2179,35316,0x07
2026-09-06T20:48:58.121,2368,0,1,50,0,0,0,0,0,0,0x03
2026-09-06T20:48:58.186,2371,0,2,51,3317,2510,31160,3452,2647,33325,0x07
2026-09-06T20:48:58.186,2370,0,1,50,0,0,0,0,0,0,0x03
2026-09-06T20:48:58.251,2373,0,2,50,3342,2860,29966,3500,2660,33862,0x07
2026-09-06T20:48:58.251,2372,0,1,52,0,0,0,0,0,0,0x03
2026-09-06T20:48:58.315,2375,0,2,51,3166,2961,27443,3445,2725,32906,0x07
2026-09-06T20:48:58.315,2374,0,1,50,0,0,0,0,0,0,0x03
2026-09-06T20:48:58.380,2377,0,2,51,2252,2725,17555,2590,2941,21432,0x07
2026-09-06T20:48:58.380,2376,0,1,50,0,0,0,0,0,0,0x03
2026-09-06T20:48:58.445,2379,0,2,51,2008,2627,15059,2884,2765,25816,0x07
2026-09-06T20:48:58.445,2378,0,1,52,0,0,0,0,0,0,0x03
2026-09-06T20:48:58.527,2381,0,2,51,1743,2137,13995,2366,2804,19246,0x07
2026-09-06T20:48:58.527,2380,0,1,50,0,0,0,0,0,0,0x03
2026-09-06T20:48:58.592,2383,0,2,51,1084,1922,7060,1822,2078,15614,0x07
2026-09-06T20:48:58.592,2382,0,1,52,0,0,0,0,0,0,0x03
2026-09-06T20:48:58.657,2385,0,2,50,747,1640,4236,1448,1840,12013,0x07
2026-09-06T20:48:58.657,2384,0,1,50,0,0,0,0,0,0,0x03
2026-09-06T20:48:58.722,2387,0,2,53,517,943,4456,1214,1283,11493,0x07
2026-09-06T20:48:58.722,2386,0,1,50,0,0,0,0,0,0,0x03
2026-09-06T20:48:58.787,2389,0,2,51,517,686,5549,1214,1216,11779,0x07
2026-09-06T20:48:58.787,2388,0,1,51,0,0,0,0,0,0,0x03
2026-09-06T20:48:58.851,2391,0,2,51,0,0,17663,0,0,20715,0x07
2026-09-06T20:48:58.851,2390,0,1,53,0,0,0,0,0,0,0x03
2026-09-06T20:48:58.916,2393,0,2,50,-2003,-140,25583,-2317,-260,29457,0x07
2026-09-06T20:48:58.916,2392,0,1,51,0,0,0,0,0,0,0x03
2026-09-06T20:48:58.981,2395,0,2,50,-1247,-420,15377,-2070,-520,25298,0x07
2026-09-06T20:48:58.981,2394,0,1,52,0,0,0,0,0,0,0x03
2026-09-06T20:48:59.062,2397,0,2,52,-514,-442,6558,-1347,-423,16790,0x07
2026-09-06T20:48:59.062,2396,0,1,51,0,0,0,0,0,0,0x03
2026-09-06T20:48:59.126,2399,0,2,51,-200,-333,3279,-1128,-667,13044,0x07
2026-09-06T20:48:59.126,2398,0,1,52,0,0,0,0,0,0,0x03
2026-09-06T20:48:59.191,2401,0,2,52,0,0,6415,0,0,10953,0x07
2026-09-06T20:48:59.191,2400,0,1,50,0,0,0,0,0,0,0x03
2026-09-06T20:48:59.256,2403,0,2,50,535,360,7161,1111,760,12446,0x07
2026-09-06T20:48:59.256,2402,0,1,51,0,0,0,0,0,0,0x03
2026-09-06T20:48:59.321,2405,0,2,51,2167,39,27956,2367,471,29183,0x07
2026-09-06T20:48:59.321,2404,0,1,50,0,0,0,0,0,0,0x03
2026-09-06T20:48:59.386,2407,0,2,50,1904,620,22360,2411,940,27725,0x07
2026-09-06T20:48:59.386,2406,0,1,50,0,0,0,0,0,0,0x03
2026-09-06T20:48:59.466,2409,0,2,51,1904,922,21079,2411,1000,27470,0x07
2026-09-06T20:48:59.466,2408,0,1,51,0,0,0,0,0,0,0x03
2026-09-06T20:48:59.515,2411,0,2,50,1688,1080,17829,2255,1020,25462,0x07
2026-09-06T20:48:59.515,2410,0,1,53,0,0,0,0,0,0,0x03
2026-09-06T20:48:59.596,2413,0,2,50,1449,1180,14554,2050,1160,22340,0x07
2026-09-06T20:48:59.596,2412,0,1,51,0,0,0,0,0,0,0x03
2026-09-06T20:48:59.660,2415,0,2,51,1242,1255,11770,1858,1471,18643,0x07
2026-09-06T20:48:59.660,2414,0,1,50,0,0,0,0,0,0,0x03
2026-09-06T20:48:59.724,2417,0,2,51,1092,1294,9822,1710,1510,16652,0x07
2026-09-06T20:48:59.724,2416,0,1,51,0,0,0,0,0,0,0x03
2026-09-06T20:48:59.789,2419,0,2,54,748,944,7205,1381,1444,12869,0x07
2026-09-06T20:48:59.789,2418,0,1,52,0,0,0,0,0,0,0x03
2026-09-06T20:48:59.855,2421,0,2,50,748,800,7819,1381,1480,12718,0x07
2026-09-06T20:48:59.855,2420,0,1,50,0,0,0,0,0,0,0x03
2026-09-06T20:48:59.920,2423,0,2,50,817,920,8137,1414,1340,13722,0x07
2026-09-06T20:48:59.920,2422,0,1,50,0,0,0,0,0,0,0x03
2026-09-06T20:48:59.985,2425,0,2,50,899,960,8939,1482,1340,14562,0x07
2026-09-06T20:48:59.985,2424,0,1,51,0,0,0,0,0,0,0x03
2026-09-06T20:49:00.066,2427,0,2,51,931,824,9901,1520,1451,14561,0x07
2026-09-06T20:49:00.066,2426,0,1,51,0,0,0,0,0,0,0x03
2026-09-06T20:49:00.131,2429,0,2,51,1208,863,13034,1720,1373,17352,0x07
2026-09-06T20:49:00.131,2428,0,1,51,0,0,0,0,0,0,0x03
2026-09-06T20:49:00.196,2431,0,2,52,1767,1019,19023,2148,1269,23076,0x07
2026-09-06T20:49:00.196,2430,0,1,55,0,0,0,0,0,0,0x03
2026-09-06T20:49:00.261,2433,0,2,51,2236,1078,24367,2557,1490,27197,0x07
2026-09-06T20:49:00.261,2432,0,1,51,0,0,0,0,0,0,0x03
2026-09-06T20:49:00.326,2435,0,2,50,2705,1320,28926,2935,1560,31559,0x07
2026-09-06T20:49:00.326,2434,0,1,52,0,0,0,0,0,0,0x03
2026-09-06T20:49:00.391,2437,0,2,51,3006,1608,31284,3194,1647,34391,0x07
2026-09-06T20:49:00.391,2436,0,1,52,0,0,0,0,0,0,0x03
2026-09-06T20:49:00.456,2439,0,2,56,2691,2143,25264,2713,2286,25734,0x07
2026-09-06T20:49:00.456,2438,0,1,51,0,0,0,0,0,0,0x03
2026-09-06T20:49:00.521,2441,0,2,50,2691,2220,24937,2713,2200,26099,0x07
2026-09-06T20:49:00.521,2440,0,1,52,0,0,0,0,0,0,0x03
2026-09-06T20:49:00.602,2443,0,2,50,2107,2400,17215,2073,2260,17941,0x07
2026-09-06T20:49:00.602,2442,0,1,50,0,0,0,0,0,0,0x03
2026-09-06T20:49:00.667,2445,0,2,52,1568,2115,11995,1293,2058,9177,0x07
2026-09-06T20:49:00.667,2444,0,1,50,0,0,0,0,0,0,0x03
2026-09-06T20:49:00.732,2447,0,2,57,1197,1719,9261,509,614,5625,0x07
2026-09-06T20:49:00.732,2446,0,1,51,0,0,0,0,0,0,0x03
2026-09-06T20:49:00.798,2449,0,2,51,1197,1765,9068,509,667,5401,0x07
2026-09-06T20:49:00.798,2448,0,1,50,0,0,0,0,0,0,0x03
2026-09-06T20:49:00.862,2451,0,2,51,1190,1569,9817,516,1059,3825,0x07
2026-09-06T20:49:00.862,2450,0,1,51,0,0,0,0,0,0,0x03
2026-09-06T20:49:00.927,2453,0,2,51,1179,1235,11109,527,667,5625,0x07
2026-09-06T20:49:00.927,2452,0,1,50,0,0,0,0,0,0,0x03
2026-09-06T20:49:00.992,2455,0,2,51,0,0,18337,0,0,15864,0x07
2026-09-06T20:49:00.992,2454,0,1,51,0,0,0,0,0,0,0x03
2026-09-06T20:49:01.057,2457,0,2,50,-2092,-200,26376,-1718,-60,22910,0x07
2026-09-06T20:49:01.057,2456,0,1,51,0,0,0,0,0,0,0x03
2026-09-06T20:49:01.139,2459,0,2,52,-1214,-404,15053,-491,-269,6875,0x07
2026-09-06T20:49:01.139,2458,0,1,50,0,0,0,0,0,0,0x03
2026-09-06T20:49:01.204,2461,0,2,50,-1214,-380,15154,-491,-280,6829,0x07
2026-09-06T20:49:01.204,2460,0,1,51,0,0,0,0,0,0,0x03
2026-09-06T20:49:01.268,2463,0,2,50,-1270,-520,15229,-433,-380,5682,0x07
2026-09-06T20:49:01.268,2462,0,1,51,0,0,0,0,0,0,0x03
2026-09-06T20:49:01.333,2465,0,2,50,-1281,-780,14258,-421,-120,6644,0x07
2026-09-06T20:49:01.333,2464,0,1,51,0,0,0,0,0,0,0x03
2026-09-06T20:49:01.398,2467,0,2,50,0,0,13853,0,0,10088,0x07
2026-09-06T20:49:01.398,2466,0,1,52,0,0,0,0,0,0,0x03
2026-09-06T20:49:01.463,2469,0,2,50,1506,200,19404,1004,140,13762,0x07
2026-09-06T20:49:01.463,2468,0,1,54,0,0,0,0,0,0,0x03
2026-09-06T20:49:01.528,2471,0,2,54,1544,56,20467,1044,593,12332,0x07
2026-09-06T20:49:01.528,2470,0,1,52,0,0,0,0,0,0,0x03
2026-09-06T20:49:01.593,2473,0,2,51,1544,392,19036,1044,216,13934,0x07
2026-09-06T20:49:01.593,2472,0,1,50,0,0,0,0,0,0,0x03
2026-09-06T20:49:01.675,2475,0,2,51,1200,647,13862,524,333,7004,0x07
2026-09-06T20:49:01.675,2474,0,1,50,0,0,0,0,0,0,0x03
2026-09-06T20:49:01.740,2477,0,2,51,1183,725,13325,523,333,6990,0x07
2026-09-06T20:49:01.740,2476,0,1,56,0,0,0,0,0,0,0x03
2026-09-06T20:49:01.805,2479,0,2,57,1118,842,12052,590,386,7601,0x07
2026-09-06T20:49:01.805,2478,0,1,50,0,0,0,0,0,0,0x03
2026-09-06T20:49:01.870,2481,0,2,51,1118,902,11798,590,373,7658,0x07
2026-09-06T20:49:01.870,2480,0,1,50,0,0,0,0,0,0,0x03
2026-09-06T20:49:01.934,2483,0,2,50,1288,940,13654,799,380,10206,0x07
2026-09-06T20:49:01.934,2482,0,1,50,0,0,0,0,0,0,0x03
2026-09-06T20:49:01.999,2485,0,2,50,1693,960,18404,1364,580,16325,0x07
2026-09-06T20:49:01.999,2484,0,1,51,0,0,0,0,0,0,0x03
2026-09-06T20:49:02.064,2487,0,2,50,2283,900,25684,2162,700,25668,0x07
2026-09-06T20:49:02.064,2486,0,1,52,0,0,0,0,0,0,0x03
2026-09-06T20:49:02.129,2489,0,2,51,2753,1157,30191,2736,922,31814,0x07
2026-09-06T20:49:02.129,2488,0,1,52,0,0,0,0,0,0,0x03
2026-09-06T20:49:02.211,2491,0,2,51,3185,1824,32501,3263,2020,33659,0x07
2026-09-06T20:49:02.211,2490,0,1,50,0,0,0,0,0,0,0x03
2026-09-06T20:49:02.276,2493,0,2,51,3185,1980,31835,3263,2314,32409,0x07
2026-09-06T20:49:02.276,2492,0,1,51,0,0,0,0,0,0,0x03
2026-09-06T20:49:02.341,2495,0,2,50,3292,2240,32002,3476,2260,35264,0x07
2026-09-06T20:49:02.341,2494,0,1,50,0,0,0,0,0,0,0x03
2026-09-06T20:49:02.406,2497,0,2,51,3277,2412,31095,3500,2275,35500,0x07
2026-09-06T20:49:02.406,2496,0,1,50,0,0,0,0,0,0,0x03
2026-09-06T20:49:02.471,2499,0,2,50,3012,2640,26969,3500,2600,34117,0x07
2026-09-06T20:49:02.471,2498,0,1,50,0,0,0,0,0,0,0x03
2026-09-06T20:49:02.536,2501,0,2,51,2412,2588,20043,3071,2608,28786,0x07
2026-09-06T20:49:02.536,2500,0,1,52,0,0,0,0,0,0,0x03
2026-09-06T20:49:02.601,2503,0,2,54,364,1759,0,1372,2444,8510,0x07
2026-09-06T20:49:02.601,2502,0,1,52,0,0,0,0,0,0,0x03
2026-09-06T20:49:02.666,2505,0,2,50,364,1380,783,1372,1900,10823,0x07
2026-09-06T20:49:02.666,2504,0,1,51,0,0,0,0,0,0,0x03
2026-09-06T20:49:02.731,2507,0,2,51,381,824,3346,1355,1353,12937,0x07
2026-09-06T20:49:02.731,2506,0,1,52,0,0,0,0,0,0,0x03
2026-09-06T20:49:02.813,2509,0,2,51,0,0,12590,0,0,17187,0x07
2026-09-06T20:49:02.813,2508,0,1,52,0,0,0,0,0,0,0x03
2026-09-06T20:49:02.878,2511,0,2,50,-1342,-200,17441,-1881,-480,23142,0x07
2026-09-06T20:49:02.878,2510,0,1,50,0,0,0,0,0,0,0x03
2026-09-06T20:49:02.943,2513,0,2,51,0,0,16422,0,0,20793,0x07
2026-09-06T20:49:02.943,2512,0,1,51,0,0,0,0,0,0,0x03
2026-09-06T20:49:03.007,2515,0,2,53,2082,1302,21576,2392,2094,22582,0x07
2026-09-06T20:49:03.008,2514,0,1,50,0,0,0,0,0,0,0x03
2026-09-06T20:49:03.072,2517,0,2,50,2082,360,25579,2392,1840,23663,0x07
2026-09-06T20:49:03.072,2516,0,1,50,0,0,0,0,0,0,0x03
2026-09-06T20:49:03.137,2519,0,2,50,2252,620,26508,2547,800,30005,0x07
2026-09-06T20:49:03.137,2518,0,1,51,0,0,0,0,0,0,0x03
2026-09-06T20:49:03.202,2521,0,2,50,2573,940,28962,2831,800,33510,0x07
2026-09-06T20:49:03.202,2520,0,1,51,0,0,0,0,0,0,0x03
2026-09-06T20:49:03.283,2523,0,2,57,2618,1421,27457,2961,1737,31135,0x07
2026-09-06T20:49:03.283,2522,0,1,50,0,0,0,0,0,0,0x03
2026-09-06T20:49:03.332,2525,0,2,50,2618,1680,26356,2961,1900,30442,0x07
2026-09-06T20:49:03.332,2524,0,1,52,0,0,0,0,0,0,0x03
2026-09-06T20:49:03.413,2527,0,2,50,2286,1880,21551,2771,1960,27837,0x07
2026-09-06T20:49:03.413,2526,0,1,50,0,0,0,0,0,0,0x03
2026-09-06T20:49:03.478,2529,0,2,50,1888,1840,16979,2415,2060,23012,0x07
2026-09-06T20:49:03.478,2528,0,1,51,0,0,0,0,0,0,0x03
2026-09-06T20:49:03.543,2531,0,2,50,1206,1900,8601,1871,1980,16646,0x07
2026-09-06T20:49:03.543,2530,0,1,51,0,0,0,0,0,0,0x03
2026-09-06T20:49:03.607,2533,0,2,51,0,0,8716,0,0,13638,0x07
2026-09-06T20:49:03.608,2532,0,1,51,0,0,0,0,0,0,0x03
2026-09-06T20:49:03.672,2535,0,2,55,-1201,-164,15921,-1696,-636,20196,0x07
2026-09-06T20:49:03.672,2534,0,1,50,0,0,0,0,0,0,0x03
2026-09-06T20:49:03.737,2537,0,2,51,-1201,-39,16450,-1696,-882,19151,0x07
2026-09-06T20:49:03.737,2536,0,1,52,0,0,0,0,0,0,0x03
2026-09-06T20:49:03.818,2539,0,2,51,-1378,-275,17555,-1884,-627,22546,0x07
2026-09-06T20:49:03.818,2538,0,1,50,0,0,0,0,0,0,0x03
2026-09-06T20:49:03.883,2541,0,2,51,-1460,-588,17203,-1979,-882,22642,0x07
2026-09-06T20:49:03.883,2540,0,1,50,0,0,0,0,0,0,0x03
2026-09-06T20:49:03.947,2543,0,2,57,-1964,-1088,21088,-2408,-1263,26312,0x07
2026-09-06T20:49:03.947,2542,0,1,50,0,0,0,0,0,0,0x03
2026-09-06T20:49:04.011,2545,0,2,51,-1964,-1235,20460,-2408,-1392,25764,0x07
2026-09-06T20:49:04.012,2544,0,1,52,0,0,0,0,0,0,0x03
2026-09-06T20:49:04.077,2547,0,2,50,-2123,-1340,21904,-2541,-1660,26278,0x07
2026-09-06T20:49:04.077,2546,0,1,51,0,0,0,0,0,0,0x03
2026-09-06T20:49:04.142,2549,0,2,57,-2368,-1684,23363,-2762,-1877,28080,0x07
2026-09-06T20:49:04.142,2548,0,1,50,0,0,0,0,0,0,0x03
2026-09-06T20:49:04.207,2551,0,2,50,-2368,-1780,22956,-2762,-2020,27473,0x07
2026-09-06T20:49:04.207,2550,0,1,50,0,0,0,0,0,0,0x03
2026-09-06T20:49:04.272,2553,0,2,51,-2518,-1843,24469,-2876,-2216,28042,0x07
2026-09-06T20:49:04.272,2552,0,1,51,0,0,0,0,0,0,0x03
2026-09-06T20:49:04.352,2555,0,2,51,-1159,-2098,7205,-1687,-2216,13367,0x07
2026-09-06T20:49:04.352,2554,0,1,50,0,0,0,0,0,0,0x03
2026-09-06T20:49:04.401,2557,0,2,58,280,34,5502,-1016,-1103,9806,0x07
2026-09-06T20:49:04.401,2556,0,1,52,0,0,0,0,0,0,0x03
