timestamp,sequence,team,robot_id,interval_ms,left_target_eps,left_measured_eps,left_duty,right_target_eps,right_measured_eps,right_duty,flags
2026-09-06T16:49:23.673,393,0,2,51,1382,0,18743,316,0,5933,0x07
2026-09-06T16:49:23.742,392,0,0,52,531,0,10645,1199,0,17698,0x07
2026-09-06T16:49:23.743,395,0,2,56,1375,0,18658,324,0,6028,0x07
2026-09-06T16:49:23.823,394,0,0,50,528,0,10609,1202,0,17733,0x07
2026-09-06T16:49:23.823,397,0,2,50,0,0,0,0,0,0,0x03
2026-09-06T16:49:23.888,396,0,0,51,0,0,0,0,0,0,0x03
2026-09-06T16:49:23.888,1,0,2,50,0,0,0,0,0,0,0x03
2026-09-06T16:49:23.953,0,0,0,52,0,0,0,0,0,0,0x03
2026-09-06T16:49:23.953,3,0,2,51,0,0,0,0,0,0,0x03
2026-09-06T16:49:24.018,2,0,0,51,0,0,0,0,0,0,0x03
2026-09-06T16:49:24.018,5,0,2,50,0,0,0,0,0,0,0x03
2026-09-06T16:49:24.083,4,0,0,55,0,0,0,0,0,0,0x03
2026-09-06T16:49:24.083,7,0,2,52,0,0,0,0,0,0,0x03
2026-09-06T16:49:24.148,6,0,0,50,0,0,0,0,0,0,0x03
2026-09-06T16:49:24.148,9,0,2,51,0,0,0,0,0,0,0x03
2026-09-06T16:49:24.213,8,0,0,51,0,0,0,0,0,0,0x03
2026-09-06T16:49:24.213,11,0,2,51,0,0,0,0,0,0,0x03
2026-09-06T16:49:24.277,10,0,0,51,0,0,0,0,0,0,0x03
2026-09-06T16:49:24.277,13,0,2,52,0,0,0,0,0,0,0x03
2026-09-06T16:49:24.358,12,0,0,51,0,0,0,0,0,0,0x03
2026-09-06T16:49:24.359,15,0,2,54,0,0,0,0,0,0,0x03
2026-09-06T16:49:24.424,14,0,0,52,0,0,0,0,0,0,0x03
2026-09-06T16:49:24.424,17,0,2,50,0,0,0,0,0,0,0x03
2026-09-06T16:49:24.489,16,0,0,52,0,0,0,0,0,0,0x03
2026-09-06T16:49:24.489,19,0,2,51,0,0,0,0,0,0,0x03
2026-09-06T16:49:24.554,18,0,0,50,0,0,0,0,0,0,0x03
2026-09-06T16:49:24.554,21,0,2,53,0,0,0,0,0,0,0x03
2026-09-06T16:49:24.619,20,0,0,52,0,0,0,0,0,0,0x03
2026-09-06T16:49:24.619,23,0,2,52,0,0,0,0,0,0,0x03
2026-09-06T16:49:24.684,22,0,0,52,0,0,0,0,0,0,0x03
2026-09-06T16:49:24.684,25,0,2,51,0,0,0,0,0,0,0x03
2026-09-06T16:49:24.749,24,0,0,54,0,0,0,0,0,0,0x03
2026-09-06T16:49:24.749,27,0,2,50,0,0,0,0,0,0,0x03
2026-09-06T16:49:24.814,26,0,0,50,0,0,0,0,0,0,0x03
2026-09-06T16:49:24.814,29,0,2,50,0,0,0,0,0,0,0x03
2026-09-06T16:49:24.895,28,0,0,52,0,0,0,0,0,0,0x03
2026-09-06T16:49:24.895,31,0,2,51,0,0,0,0,0,0,0x03
2026-09-06T16:49:24.960,30,0,0,51,0,0,0,0,0,0,0x03
2026-09-06T16:49:24.960,33,0,2,50,0,0,0,0,0,0,0x03
2026-09-06T16:49:25.025,32,0,0,51,0,0,0,0,0,0,0x03
2026-09-06T16:49:25.025,35,0,2,51,0,0,0,0,0,0,0x03
2026-09-06T16:49:25.090,34,0,0,50,0,0,0,0,0,0,0x03
2026-09-06T16:49:25.090,37,0,2,51,0,0,0,0,0,0,0x03
2026-09-06T16:49:25.156,36,0,0,50,0,0,0,0,0,0,0x03
2026-09-06T16:49:25.156,39,0,2,51,0,0,0,0,0,0,0x03
2026-09-06T16:49:25.221,38,0,0,51,0,0,0,0,0,0,0x03
2026-09-06T16:49:25.221,41,0,2,50,0,0,0,0,0,0,0x03
2026-09-06T16:49:25.286,40,0,0,51,0,0,0,0,0,0,0x03
2026-09-06T16:49:25.286,43,0,2,50,0,0,0,0,0,0,0x03
2026-09-06T16:49:25.351,42,0,0,50,0,0,0,0,0,0,0x03
2026-09-06T16:49:25.351,45,0,2,51,0,0,0,0,0,0,0x03
2026-09-06T16:49:25.416,44,0,0,50,0,0,0,0,0,0,0x03
2026-09-06T16:49:25.416,47,0,2,50,0,0,0,0,0,0,0x03
2026-09-06T16:49:25.498,46,0,0,50,0,0,0,0,0,0,0x03
2026-09-06T16:49:25.498,49,0,2,51,0,0,0,0,0,0,0x03
2026-09-06T16:49:25.561,48,0,0,50,0,0,0,0,0,0,0x03
2026-09-06T16:49:25.562,51,0,2,50,0,0,0,0,0,0,0x03
2026-09-06T16:49:25.627,50,0,0,54,0,0,0,0,0,0,0x03
2026-09-06T16:49:25.627,53,0,2,50,0,0,0,0,0,0,0x03
2026-09-06T16:49:25.692,52,0,0,50,0,0,0,0,0,0,0x03
2026-09-06T16:49:25.692,55,0,2,52,0,0,0,0,0,0,0x03
2026-09-06T16:49:25.757,54,0,0,50,0,0,0,0,0,0,0x03
2026-09-06T16:49:25.757,57,0,2,52,0,0,0,0,0,0,0x03
2026-09-06T16:49:25.822,56,0,0,51,0,0,0,0,0,0,0x03
2026-09-06T16:49:25.822,59,0,2,52,0,0,0,0,0,0,0x03
2026-09-06T16:49:25.887,58,0,0,52,0,0,0,0,0,0,0x03
2026-09-06T16:49:25.887,61,0,2,50,0,0,0,0,0,0,0x03
2026-09-06T16:49:25.951,60,0,0,51,0,0,0,0,0,0,0x03
2026-09-06T16:49:25.951,63,0,2,51,0,0,0,0,0,0,0x03
2026-09-06T16:49:26.032,62,0,0,51,0,0,0,0,0,0,0x03
2026-09-06T16:49:26.032,65,0,2,50,0,0,0,0,0,0,0x03
2026-09-06T16:49:26.098,64,0,0,50,0,0,0,0,0,0,0x03
2026-09-06T16:49:26.098,67,0,2,52,0,0,0,0,0,0,0x03
2026-09-06T16:49:26.162,66,0,0,50,0,0,0,0,0,0,0x03
2026-09-06T16:49:26.162,69,0,2,53,0,0,0,0,0,0,0x03
2026-09-06T16:49:26.227,68,0,0,52,0,0,0,0,0,0,0x03
2026-09-06T16:49:26.227,71,0,2,51,0,0,0,0,0,0,0x03
2026-09-06T16:49:26.292,70,0,0,50,0,0,0,0,0,0,0x03
2026-09-06T16:49:26.292,73,0,2,50,0,0,0,0,0,0,0x03
2026-09-06T16:49:26.358,72,0,0,52,0,0,0,0,0,0,0x03
2026-09-06T16:49:26.358,75,0,2,52,0,0,0,0,0,0,0x03
2026-09-06T16:49:26.423,74,0,0,51,0,0,0,0,0,0,0x03
2026-09-06T16:49:26.423,77,0,2,51,0,0,0,0,0,0,0x03
2026-09-06T16:49:26.488,76,0,0,50,0,0,0,0,0,0,0x03
2026-09-06T16:49:26.488,79,0,2,50,0,0,0,0,0,0,0x03
2026-09-06T16:49:26.554,78,0,0,52,0,0,0,0,0,0,0x03
2026-09-06T16:49:26.554,81,0,2,51,0,0,0,0,0,0,0x03
2026-09-06T16:49:26.635,80,0,0,50,0,0,0,0,0,0,0x03
2026-09-06T16:49:26.635,83,0,2,51,0,0,0,0,0,0,0x03
2026-09-06T16:49:26.699,82,0,0,51,0,0,0,0,0,0,0x03
2026-09-06T16:49:26.700,85,0,2,50,0,0,0,0,0,0,0x03
2026-09-06T16:49:26.764,84,0,0,51,0,0,0,0,0,0,0x03
2026-09-06T16:49:26.764,87,0,2,51,0,0,0,0,0,0,0x03
2026-09-06T16:49:26.830,86,0,0,52,0,0,0,0,0,0,0x03
2026-09-06T16:49:26.830,89,0,2,52,0,0,0,0,0,0,0x03
2026-09-06T16:49:26.895,88,0,0,50,0,0,0,0,0,0,0x03
2026-09-06T16:49:26.895,91,0,2,50,0,0,0,0,0,0,0x03
2026-09-06T16:49:26.960,90,0,0,51,0,0,0,0,0,0,0x03
2026-09-06T16:49:26.960,93,0,2,50,0,0,0,0,0,0,0x03
2026-09-06T16:49:27.026,92,0,0,52,0,0,0,0,0,0,0x03
2026-09-06T16:49:27.026,95,0,2,51,0,0,0,0,0,0,0x03
2026-09-06T16:49:27.091,94,0,0,51,0,0,0,0,0,0,0x03
2026-09-06T16:49:27.091,97,0,2,51,0,0,0,0,0,0,0x03
2026-09-06T16:49:27.172,96,0,0,51,0,0,0,0,0,0,0x03
2026-09-06T16:49:27.172,99,0,2,50,0,0,0,0,0,0,0x03
2026-09-06T16:49:27.236,98,0,0,51,0,0,0,0,0,0,0x03
2026-09-06T16:49:27.236,101,0,2,50,0,0,0,0,0,0,0x03
2026-09-06T16:49:27.302,100,0,0,50,0,0,0,0,0,0,0x03
2026-09-06T16:49:27.302,103,0,2,50,0,0,0,0,0,0,0x03
2026-09-06T16:49:27.367,102,0,0,50,0,0,0,0,0,0,0x03
2026-09-06T16:49:27.367,105,0,2,51,0,0,0,0,0,0,0x03
2026-09-06T16:49:27.432,104,0,0,52,0,0,0,0,0,0,0x03
2026-09-06T16:49:27.432,107,0,2,50,0,0,0,0,0,0,0x03
2026-09-06T16:49:27.497,106,0,0,52,0,0,0,0,0,0,0x03
2026-09-06T16:49:27.497,109,0,2,50,0,0,0,0,0,0,0x03
2026-09-06T16:49:27.562,108,0,0,50,0,0,0,0,0,0,0x03
2026-09-06T16:49:27.562,111,0,2,50,0,0,0,0,0,0,0x03
2026-09-06T16:49:27.628,110,0,0,51,0,0,0,0,0,0,0x03
2026-09-06T16:49:27.628,113,0,2,50,0,0,0,0,0,0,0x03
2026-09-06T16:49:27.708,112,0,0,51,0,0,0,0,0,0,0x03
2026-09-06T16:49:27.708,115,0,2,52,0,0,0,0,0,0,0x03
2026-09-06T16:49:27.757,114,0,0,52,0,0,0,0,0,0,0x03
2026-09-06T16:49:27.757,117,0,2,50,0,0,0,0,0,0,0x03
2026-09-06T16:49:27.839,116,0,0,52,0,0,0,0,0,0,0x03
2026-09-06T16:49:27.839,119,0,2,50,0,0,0,0,0,0,0x03
2026-09-06T16:49:27.903,118,0,0,50,0,0,0,0,0,0,0x03
2026-09-06T16:49:27.903,121,0,2,50,0,0,0,0,0,0,0x03
2026-09-06T16:49:27.969,120,0,0,53,0,0,0,0,0,0,0x03
2026-09-06T16:49:27.969,123,0,2,51,0,0,0,0,0,0,0x03
2026-09-06T16:49:28.033,122,0,0,50,0,0,0,0,0,0,0x03
2026-09-06T16:49:28.033,125,0,2,51,0,0,0,0,0,0,0x03
2026-09-06T16:49:28.098,127,0,2,50,0,0,0,0,0,0,0x03
2026-09-06T16:49:28.164,124,0,0,52,0,0,0,0,0,0,0x03
2026-09-06T16:49:28.164,127,0,2,52,0,0,0,0,0,0,0x03
2026-09-06T16:49:28.229,126,0,0,51,0,0,0,0,0,0,0x03
2026-09-06T16:49:28.229,127,0,2,51,0,0,0,0,0,0,0x03
2026-09-06T16:49:28.295,126,0,0,51,0,0,0,0,0,0,0x03
2026-09-06T16:49:28.295,133,0,2,50,0,0,0,0,0,0,0x03
2026-09-06T16:49:28.375,132,0,0,51,0,0,0,0,0,0,0x03
2026-09-06T16:49:28.375,135,0,2,52,0,0,0,0,0,0,0x03
2026-09-06T16:49:28.441,134,0,0,50,0,0,0,0,0,0,0x03
2026-09-06T16:49:28.441,137,0,2,50,0,0,0,0,0,0,0x03
2026-09-06T16:49:28.505,136,0,0,51,0,0,0,0,0,0,0x03
2026-09-06T16:49:28.505,139,0,2,51,0,0,0,0,0,0,0x03
2026-09-06T16:49:28.571,138,0,0,52,0,0,0,0,0,0,0x03
2026-09-06T16:49:28.571,141,0,2,52,0,0,0,0,0,0,0x03
2026-09-06T16:49:28.635,140,0,0,52,0,0,0,0,0,0,0x03
2026-09-06T16:49:28.635,143,0,2,51,0,0,0,0,0,0,0x03
2026-09-06T16:49:28.700,142,0,0,52,0,0,0,0,0,0,0x03
2026-09-06T16:49:28.700,145,0,2,50,0,0,0,0,0,0,0x03
2026-09-06T16:49:28.765,144,0,0,52,0,0,0,0,0,0,0x03
2026-09-06T16:49:28.765,147,0,2,52,0,0,0,0,0,0,0x03
2026-09-06T16:49:28.829,146,0,0,51,0,0,0,0,0,0,0x03
2026-09-06T16:49:28.829,149,0,2,51,0,0,0,0,0,0,0x03
2026-09-06T16:49:28.911,148,0,0,51,0,0,0,0,0,0,0x03
2026-09-06T16:49:28.911,151,0,2,52,0,0,0,0,0,0,0x03
2026-09-06T16:49:28.976,150,0,0,50,0,0,0,0,0,0,0x03
2026-09-06T16:49:28.976,153,0,2,52,0,0,0,0,0,0,0x03
2026-09-06T16:49:29.040,152,0,0,51,0,0,0,0,0,0,0x03
2026-09-06T16:49:29.041,155,0,2,50,0,0,0,0,0,0,0x03
2026-09-06T16:49:29.106,154,0,0,51,0,0,0,0,0,0,0x03
2026-09-06T16:49:29.106,157,0,2,50,0,0,0,0,0,0,0x03
2026-09-06T16:49:29.171,156,0,0,51,0,0,0,0,0,0,0x03
2026-09-06T16:49:29.171,159,0,2,50,0,0,0,0,0,0,0x03
2026-09-06T16:49:29.237,158,0,0,51,0,0,0,0,0,0,0x03
2026-09-06T16:49:29.237,161,0,2,51,0,0,0,0,0,0,0x03
2026-09-06T16:49:29.302,160,0,0,50,0,0,0,0,0,0,0x03
2026-09-06T16:49:29.302,163,0,2,51,0,0,0,0,0,0,0x03
2026-09-06T16:49:29.366,162,0,0,52,0,0,0,0,0,0,0x03
2026-09-06T16:49:29.366,165,0,2,51,0,0,0,0,0,0,0x03
2026-09-06T16:49:29.447,164,0,0,51,0,0,0,0,0,0,0x03
2026-09-06T16:49:29.447,167,0,2,55,0,0,0,0,0,0,0x03
2026-09-06T16:49:29.511,166,0,0,50,0,0,0,0,0,0,0x03
2026-09-06T16:49:29.511,169,0,2,51,0,0,0,0,0,0,0x03
2026-09-06T16:49:29.576,168,0,0,52,0,0,0,0,0,0,0x03
2026-09-06T16:49:29.576,171,0,2,51,0,0,0,0,0,0,0x03
2026-09-06T16:49:29.642,170,0,0,50,0,0,0,0,0,0,0x03
2026-09-06T16:49:29.642,173,0,2,50,0,0,0,0,0,0,0x03
2026-09-06T16:49:29.707,172,0,0,50,0,0,0,0,0,0,0x03
2026-09-06T16:49:29.707,175,0,2,50,0,0,0,0,0,0,0x03
2026-09-06T16:49:29.773,174,0,0,50,0,0,0,0,0,0,0x03
2026-09-06T16:49:29.773,177,0,2,51,0,0,0,0,0,0,0x03
2026-09-06T16:49:29.838,176,0,0,51,0,0,0,0,0,0,0x03
2026-09-06T16:49:29.838,179,0,2,50,0,0,0,0,0,0,0x03
2026-09-06T16:49:29.903,178,0,0,50,0,0,0,0,0,0,0x03
2026-09-06T16:49:29.903,181,0,2,50,0,0,0,0,0,0,0x03
2026-09-06T16:49:29.985,180,0,0,51,0,0,0,0,0,0,0x03
2026-09-06T16:49:29.985,183,0,2,50,0,0,0,0,0,0,0x03
2026-09-06T16:49:30.034,182,0,0,52,0,0,0,0,0,0,0x03
2026-09-06T16:49:30.034,185,0,2,51,0,0,0,0,0,0,0x03
2026-09-06T16:49:30.115,184,0,0,50,0,0,0,0,0,0,0x03
2026-09-06T16:49:30.115,187,0,2,51,0,0,0,0,0,0,0x03
2026-09-06T16:49:30.179,186,0,0,51,0,0,0,0,0,0,0x03
2026-09-06T16:49:30.179,189,0,2,50,0,0,0,0,0,0,0x03
2026-09-06T16:49:30.245,188,0,0,51,0,0,0,0,0,0,0x03
2026-09-06T16:49:30.245,191,0,2,52,0,0,0,0,0,0,0x03
2026-09-06T16:49:30.310,190,0,0,50,0,0,0,0,0,0,0x03
2026-09-06T16:49:30.310,193,0,2,51,0,0,0,0,0,0,0x03
2026-09-06T16:49:30.374,192,0,0,50,0,0,0,0,0,0,0x03
2026-09-06T16:49:30.375,195,0,2,50,0,0,0,0,0,0,0x03
2026-09-06T16:49:30.439,194,0,0,51,0,0,0,0,0,0,0x03
2026-09-06T16:49:30.439,197,0,2,51,0,0,0,0,0,0,0x03
2026-09-06T16:49:30.520,196,0,0,50,0,0,0,0,0,0,0x03
2026-09-06T16:49:30.520,199,0,2,52,0,0,0,0,0,0,0x03
2026-09-06T16:49:30.570,198,0,0,51,0,0,0,0,0,0,0x03
2026-09-06T16:49:30.570,201,0,2,51,0,0,0,0,0,0,0x03
2026-09-06T16:49:30.651,200,0,0,52,0,0,0,0,0,0,0x03
2026-09-06T16:49:30.652,203,0,2,50,0,0,0,0,0,0,0x03
2026-09-06T16:49:30.716,202,0,0,50,0,0,0,0,0,0,0x03
2026-09-06T16:49:30.716,205,0,2,52,0,0,0,0,0,0,0x03
2026-09-06T16:49:30.781,204,0,0,54,0,0,0,0,0,0,0x03
2026-09-06T16:49:30.781,207,0,2,50,0,0,0,0,0,0,0x03
2026-09-06T16:49:30.847,206,0,0,50,0,0,0,0,0,0,0x03
2026-09-06T16:49:30.847,209,0,2,52,0,0,0,0,0,0,0x03
2026-09-06T16:49:30.912,208,0,0,51,0,0,0,0,0,0,0x03
2026-09-06T16:49:30.912,211,0,2,55,0,0,0,0,0,0,0x03
2026-09-06T16:49:30.978,210,0,0,52,0,0,0,0,0,0,0x03
2026-09-06T16:49:30.978,213,0,2,51,0,0,0,0,0,0,0x03
2026-09-06T16:49:31.043,212,0,0,50,0,0,0,0,0,0,0x03
2026-09-06T16:49:31.043,215,0,2,52,0,0,0,0,0,0,0x03
2026-09-06T16:49:31.108,214,0,0,51,0,0,0,0,0,0,0x03
2026-09-06T16:49:31.108,217,0,2,51,0,0,0,0,0,0,0x03
2026-09-06T16:49:31.173,216,0,0,53,0,0,0,0,0,0,0x03
2026-09-06T16:49:31.173,219,0,2,55,0,0,0,0,0,0,0x03
2026-09-06T16:49:31.255,218,0,0,51,0,0,0,0,0,0,0x03
2026-09-06T16:49:31.255,221,0,2,51,0,0,0,0,0,0,0x03
2026-09-06T16:49:31.320,220,0,0,52,0,0,0,0,0,0,0x03
2026-09-06T16:49:31.320,223,0,2,51,0,0,0,0,0,0,0x03
2026-09-06T16:49:31.384,222,0,0,50,0,0,0,0,0,0,0x03
2026-09-06T16:49:31.384,225,0,2,52,0,0,0,0,0,0,0x03
2026-09-06T16:49:31.450,224,0,0,51,0,0,0,0,0,0,0x03
2026-09-06T16:49:31.450,227,0,2,51,0,0,0,0,0,0,0x03
2026-09-06T16:49:31.515,226,0,0,50,0,0,0,0,0,0,0x03
2026-09-06T16:49:31.515,229,0,2,52,0,0,0,0,0,0,0x03
2026-09-06T16:49:31.580,228,0,0,52,0,0,0,0,0,0,0x03
2026-09-06T16:49:31.580,231,0,2,52,0,0,0,0,0,0,0x03
2026-09-06T16:49:31.646,230,0,0,51,0,0,0,0,0,0,0x03
2026-09-06T16:49:31.646,233,0,2,51,0,0,0,0,0,0,0x03
2026-09-06T16:49:31.711,232,0,0,52,0,0,0,0,0,0,0x03
2026-09-06T16:49:31.711,235,0,2,50,0,0,0,0,0,0,0x03
2026-09-06T16:49:31.792,234,0,0,51,0,0,0,0,0,0,0x03
2026-09-06T16:49:31.792,237,0,2,50,0,0,0,0,0,0,0x03
2026-09-06T16:49:31.842,236,0,0,52,0,0,0,0,0,0,0x03
2026-09-06T16:49:31.842,239,0,2,50,0,0,0,0,0,0,0x03
2026-09-06T16:49:31.922,238,0,0,50,0,0,0,0,0,0,0x03
2026-09-06T16:49:31.922,241,0,2,51,0,0,0,0,0,0,0x03
2026-09-06T16:49:31.987,240,0,0,51,0,0,0,0,0,0,0x03
2026-09-06T16:49:31.987,243,0,2,50,0,0,0,0,0,0,0x03
2026-09-06T16:49:32.051,242,0,0,53,0,0,0,0,0,0,0x03
2026-09-06T16:49:32.051,245,0,2,50,0,0,0,0,0,0,0x03
2026-09-06T16:49:32.117,244,0,0,50,0,0,0,0,0,0,0x03
2026-09-06T16:49:32.117,247,0,2,50,0,0,0,0,0,0,0x03
2026-09-06T16:49:32.182,246,0,0,50,0,0,0,0,0,0,0x03
2026-09-06T16:49:32.182,249,0,2,52,0,0,0,0,0,0,0x03
2026-09-06T16:49:32.248,248,0,0,54,0,0,0,0,0,0,0x03
2026-09-06T16:49:32.248,251,0,2,51,0,0,0,0,0,0,0x03
2026-09-06T16:49:32.328,250,0,0,51,0,0,0,0,0,0,0x03
2026-09-06T16:49:32.328,253,0,2,50,0,0,0,0,0,0,0x03
2026-09-06T16:49:32.393,252,0,0,51,0,0,0,0,0,0,0x03
2026-09-06T16:49:32.393,255,0,2,50,0,0,0,0,0,0,0x03
2026-09-06T16:49:32.458,254,0,0,51,0,0,0,0,0,0,0x03
2026-09-06T16:49:32.458,257,0,2,51,0,0,0,0,0,0,0x03
2026-09-06T16:49:32.524,256,0,0,51,0,0,0,0,0,0,0x03
2026-09-06T16:49:32.524,259,0,2,52,0,0,0,0,0,0,0x03
2026-09-06T16:49:32.589,258,0,0,50,0,0,0,0,0,0,0x03
2026-09-06T16:49:32.589,261,0,2,50,0,0,0,0,0,0,0x03
2026-09-06T16:49:32.655,260,0,0,52,0,0,0,0,0,0,0x03
2026-09-06T16:49:32.655,263,0,2,52,0,0,0,0,0,0,0x03
2026-09-06T16:49:32.719,262,0,0,52,0,0,0,0,0,0,0x03
2026-09-06T16:49:32.719,265,0,2,51,0,0,0,0,0,0,0x03
2026-09-06T16:49:32.785,264,0,0,51,0,0,0,0,0,0,0x03
2026-09-06T16:49:32.785,267,0,2,50,0,0,0,0,0,0,0x03
2026-09-06T16:49:32.850,266,0,0,51,0,0,0,0,0,0,0x03
2026-09-06T16:49:32.850,269,0,2,52,0,0,0,0,0,0,0x03
2026-09-06T16:49:32.915,268,0,0,55,0,0,0,0,0,0,0x03
2026-09-06T16:49:32.915,271,0,2,51,0,0,0,0,0,0,0x03
2026-09-06T16:49:32.997,270,0,0,51,0,0,0,0,0,0,0x03
2026-09-06T16:49:32.997,273,0,2,50,0,0,0,0,0,0,0x03
2026-09-06T16:49:33.061,272,0,0,52,0,0,0,0,0,0,0x03
2026-09-06T16:49:33.061,275,0,2,51,0,0,0,0,0,0,0x03
2026-09-06T16:49:33.126,274,0,0,52,0,0,0,0,0,0,0x03
2026-09-06T16:49:33.127,277,0,2,50,0,0,0,0,0,0,0x03
2026-09-06T16:49:33.192,276,0,0,52,0,0,0,0,0,0,0x03
2026-09-06T16:49:33.192,279,0,2,50,0,0,0,0,0,0,0x03
2026-09-06T16:49:33.258,278,0,0,50,0,0,0,0,0,0,0x03
2026-09-06T16:49:33.258,281,0,2,53,0,0,0,0,0,0,0x03
2026-09-06T16:49:33.322,280,0,0,52,0,0,0,0,0,0,0x03
2026-09-06T16:49:33.323,283,0,2,52,0,0,0,0,0,0,0x03
2026-09-06T16:49:33.388,282,0,0,50,0,0,0,0,0,0,0x03
2026-09-06T16:49:33.388,285,0,2,50,0,0,0,0,0,0,0x03
2026-09-06T16:49:33.453,284,0,0,51,0,0,0,0,0,0,0x03
2026-09-06T16:49:33.453,287,0,2,51,0,0,0,0,0,0,0x03
2026-09-06T16:49:33.519,286,0,0,50,0,0,0,0,0,0,0x03
2026-09-06T16:49:33.519,289,0,2,50,0,0,0,0,0,0,0x03
2026-09-06T16:49:33.600,288,0,0,55,0,0,0,0,0,0,0x03
2026-09-06T16:49:33.600,291,0,2,52,0,0,0,0,0,0,0x03
2026-09-06T16:49:33.649,290,0,0,51,0,0,0,0,0,0,0x03
2026-09-06T16:49:33.649,293,0,2,52,0,0,0,0,0,0,0x03
2026-09-06T16:49:33.730,292,0,0,50,0,0,0,0,0,0,0x03
2026-09-06T16:49:33.730,295,0,2,50,0,0,0,0,0,0,0x03
2026-09-06T16:49:33.795,294,0,0,52,0,0,0,0,0,0,0x03
2026-09-06T16:49:33.795,297,0,2,50,0,0,0,0,0,0,0x03
2026-09-06T16:49:33.860,296,0,0,50,0,0,0,0,0,0,0x03
2026-09-06T16:49:33.860,299,0,2,50,0,0,0,0,0,0,0x03
2026-09-06T16:49:33.926,298,0,0,52,0,0,0,0,0,0,0x03
2026-09-06T16:49:33.926,301,0,2,51,0,0,0,0,0,0,0x03
2026-09-06T16:49:33.991,300,0,0,52,0,0,0,0,0,0,0x03
2026-09-06T16:49:33.991,303,0,2,51,0,0,0,0,0,0,0x03
2026-09-06T16:49:34.056,302,0,0,52,0,0,0,0,0,0,0x03
2026-09-06T16:49:34.056,305,0,2,50,0,0,0,0,0,0,0x03
2026-09-06T16:49:34.121,304,0,0,51,0,0,0,0,0,0,0x03
2026-09-06T16:49:34.121,307,0,2,52,0,0,0,0,0,0,0x03
2026-09-06T16:49:34.187,306,0,0,51,0,0,0,0,0,0,0x03
2026-09-06T16:49:34.187,309,0,2,52,0,0,0,0,0,0,0x03
2026-09-06T16:49:34.268,308,0,0,54,0,0,0,0,0,0,0x03
2026-09-06T16:49:34.268,311,0,2,50,0,0,0,0,0,0,0x03
2026-09-06T16:49:34.334,310,0,0,51,0,0,0,0,0,0,0x03
2026-09-06T16:49:34.334,313,0,2,51,0,0,0,0,0,0,0x03
2026-09-06T16:49:34.399,312,0,0,52,0,0,0,0,0,0,0x03
2026-09-06T16:49:34.399,315,0,2,51,0,0,0,0,0,0,0x03
2026-09-06T16:49:34.464,314,0,0,52,0,0,0,0,0,0,0x03
2026-09-06T16:49:34.464,317,0,2,50,0,0,0,0,0,0,0x03
2026-09-06T16:49:34.529,316,0,0,50,0,0,0,0,0,0,0x03
2026-09-06T16:49:34.529,319,0,2,51,0,0,0,0,0,0,0x03
2026-09-06T16:49:34.595,318,0,0,50,0,0,0,0,0,0,0x03
2026-09-06T16:49:34.595,321,0,2,51,0,0,0,0,0,0,0x03
2026-09-06T16:49:34.661,320,0,0,53,0,0,0,0,0,0,0x03
2026-09-06T16:49:34.661,323,0,2,51,0,0,0,0,0,0,0x03
2026-09-06T16:49:34.725,322,0,0,51,0,0,0,0,0,0,0x03
2026-09-06T16:49:34.725,325,0,2,52,0,0,0,0,0,0,0x03
2026-09-06T16:49:34.790,324,0,0,51,0,0,0,0,0,0,0x03
2026-09-06T16:49:34.790,327,0,2,50,0,0,0,0,0,0,0x03
2026-09-06T16:49:34.872,326,0,0,52,0,0,0,0,0,0,0x03
2026-09-06T16:49:34.872,329,0,2,50,0,0,0,0,0,0,0x03
2026-09-06T16:49:34.937,328,0,0,50,0,0,0,0,0,0,0x03
2026-09-06T16:49:34.937,331,0,2,50,0,0,0,0,0,0,0x03
2026-09-06T16:49:35.002,330,0,0,52,0,0,0,0,0,0,0x03
2026-09-06T16:49:35.002,333,0,2,50,0,0,0,0,0,0,0x03
2026-09-06T16:49:35.067,332,0,0,50,0,0,0,0,0,0,0x03
2026-09-06T16:49:35.067,335,0,2,52,0,0,0,0,0,0,0x03
2026-09-06T16:49:35.132,334,0,0,51,0,0,0,0,0,0,0x03
2026-09-06T16:49:35.132,337,0,2,50,0,0,0,0,0,0,0x03
2026-09-06T16:49:35.197,336,0,0,50,0,0,0,0,0,0,0x03
2026-09-06T16:49:35.197,339,0,2,51,0,0,0,0,0,0,0x03
2026-09-06T16:49:35.262,338,0,0,52,0,0,0,0,0,0,0x03
2026-09-06T16:49:35.263,341,0,2,51,0,0,0,0,0,0,0x03
2026-09-06T16:49:35.327,340,0,0,50,0,0,0,0,0,0,0x03
2026-09-06T16:49:35.327,343,0,2,50,0,0,0,0,0,0,0x03
2026-09-06T16:49:35.408,342,0,0,51,0,0,0,0,0,0,0x03
2026-09-06T16:49:35.408,345,0,2,53,0,0,0,0,0,0,0x03
2026-09-06T16:49:35.473,344,0,0,50,0,0,0,0,0,0,0x03
2026-09-06T16:49:35.473,347,0,2,51,0,0,0,0,0,0,0x03
2026-09-06T16:49:35.538,346,0,0,52,0,0,0,0,0,0,0x03
2026-09-06T16:49:35.538,349,0,2,50,0,0,0,0,0,0,0x03
2026-09-06T16:49:35.603,348,0,0,50,0,0,0,0,0,0,0x03
2026-09-06T16:49:35.603,351,0,2,51,0,0,0,0,0,0,0x03
2026-09-06T16:49:35.668,350,0,0,51,0,0,0,0,0,0,0x03
2026-09-06T16:49:35.668,353,0,2,51,0,0,0,0,0,0,0x03
2026-09-06T16:49:35.734,352,0,0,52,0,0,0,0,0,0,0x03
2026-09-06T16:49:35.734,355,0,2,50,0,0,0,0,0,0,0x03
2026-09-06T16:49:35.799,354,0,0,52,0,0,0,0,0,0,0x03
2026-09-06T16:49:35.799,357,0,2,51,0,0,0,0,0,0,0x03
2026-09-06T16:49:35.864,356,0,0,50,0,0,0,0,0,0,0x03
2026-09-06T16:49:35.864,359,0,2,51,0,0,0,0,0,0,0x03
2026-09-06T16:49:35.945,358,0,0,51,0,0,0,0,0,0,0x03
2026-09-06T16:49:35.945,361,0,2,50,0,0,0,0,0,0,0x03
2026-09-06T16:49:35.994,360,0,0,52,0,0,0,0,0,0,0x03
2026-09-06T16:49:35.994,363,0,2,50,0,0,0,0,0,0,0x03
2026-09-06T16:49:36.075,362,0,0,52,0,0,0,0,0,0,0x03
2026-09-06T16:49:36.075,365,0,2,52,0,0,0,0,0,0,0x03
2026-09-06T16:49:36.140,364,0,0,52,0,0,0,0,0,0,0x03
2026-09-06T16:49:36.141,367,0,2,52,0,0,0,0,0,0,0x03
2026-09-06T16:49:36.206,366,0,0,51,0,0,0,0,0,0,0x03
2026-09-06T16:49:36.206,369,0,2,50,0,0,0,0,0,0,0x03
2026-09-06T16:49:36.271,368,0,0,51,0,0,0,0,0,0,0x03
2026-09-06T16:49:36.271,371,0,2,50,0,0,0,0,0,0,0x03
2026-09-06T16:49:36.336,370,0,0,52,0,0,0,0,0,0,0x03
2026-09-06T16:49:36.336,373,0,2,51,0,0,0,0,0,0,0x03
2026-09-06T16:49:36.402,372,0,0,52,0,0,0,0,0,0,0x03
2026-09-06T16:49:36.402,375,0,2,50,0,0,0,0,0,0,0x03
2026-09-06T16:49:36.466,374,0,0,52,0,0,0,0,0,0,0x03
2026-09-06T16:49:36.466,377,0,2,51,0,0,0,0,0,0,0x03
2026-09-06T16:49:36.532,376,0,0,51,0,0,0,0,0,0,0x03
2026-09-06T16:49:36.532,379,0,2,51,0,0,0,0,0,0,0x03
2026-09-06T16:49:36.597,378,0,0,50,0,0,0,0,0,0,0x03
2026-09-06T16:49:36.597,381,0,2,51,0,0,0,0,0,0,0x03
2026-09-06T16:49:36.679,380,0,0,51,0,0,0,0,0,0,0x03
2026-09-06T16:49:36.680,383,0,2,51,0,0,0,0,0,0,0x03
2026-09-06T16:49:36.745,382,0,0,50,0,0,0,0,0,0,0x03
2026-09-06T16:49:36.745,385,0,2,51,0,0,0,0,0,0,0x03
2026-09-06T16:49:36.810,384,0,0,51,0,0,0,0,0,0,0x03
2026-09-06T16:49:36.810,387,0,2,50,0,0,0,0,0,0,0x03
2026-09-06T16:49:36.875,386,0,0,50,0,0,0,0,0,0,0x03
2026-09-06T16:49:36.875,389,0,2,52,0,0,0,0,0,0,0x03
2026-09-06T16:49:36.941,388,0,0,51,0,0,0,0,0,0,0x03
2026-09-06T16:49:36.941,391,0,2,50,0,0,0,0,0,0,0x03
2026-09-06T16:49:37.006,390,0,0,54,0,0,0,0,0,0,0x03
2026-09-06T16:49:37.006,393,0,2,50,0,0,0,0,0,0,0x03
2026-09-06T16:49:37.070,392,0,0,51,0,0,0,0,0,0,0x03
2026-09-06T16:49:37.070,395,0,2,52,0,0,0,0,0,0,0x03
2026-09-06T16:49:37.135,394,0,0,52,0,0,0,0,0,0,0x03
2026-09-06T16:49:37.135,397,0,2,50,0,0,0,0,0,0,0x03
2026-09-06T16:49:37.217,396,0,0,51,0,0,0,0,0,0,0x03
2026-09-06T16:49:37.217,399,0,2,51,0,0,0,0,0,0,0x03
2026-09-06T16:49:37.266,398,0,0,50,0,0,0,0,0,0,0x03
2026-09-06T16:49:37.266,401,0,2,50,0,0,0,0,0,0,0x03
2026-09-06T16:49:37.348,400,0,0,52,0,0,0,0,0,0,0x03
2026-09-06T16:49:37.348,403,0,2,51,0,0,0,0,0,0,0x03
2026-09-06T16:49:37.413,402,0,0,50,0,0,0,0,0,0,0x03
2026-09-06T16:49:37.413,405,0,2,51,0,0,0,0,0,0,0x03
2026-09-06T16:49:37.478,404,0,0,50,0,0,0,0,0,0,0x03
2026-09-06T16:49:37.478,407,0,2,52,0,0,0,0,0,0,0x03
2026-09-06T16:49:37.544,406,0,0,51,0,0,0,0,0,0,0x03
2026-09-06T16:49:37.544,409,0,2,51,0,0,0,0,0,0,0x03
2026-09-06T16:49:37.610,408,0,0,52,0,0,0,0,0,0,0x03
2026-09-06T16:49:37.610,411,0,2,52,0,0,0,0,0,0,0x03
2026-09-06T16:49:37.674,410,0,0,55,0,0,0,0,0,0,0x03
2026-09-06T16:49:37.674,413,0,2,50,0,0,0,0,0,0,0x03
2026-09-06T16:49:37.740,412,0,0,50,0,0,0,0,0,0,0x03
2026-09-06T16:49:37.740,415,0,2,50,0,0,0,0,0,0,0x03
2026-09-06T16:49:37.804,414,0,0,50,0,0,0,0,0,0,0x03
2026-09-06T16:49:37.804,417,0,2,51,0,0,0,0,0,0,0x03
2026-09-06T16:49:37.870,416,0,0,50,0,0,0,0,0,0,0x03
2026-09-06T16:49:37.870,419,0,2,51,0,0,0,0,0,0,0x03
2026-09-06T16:49:37.951,418,0,0,50,0,0,0,0,0,0,0x03
2026-09-06T16:49:37.951,421,0,2,50,0,0,0,0,0,0,0x03
2026-09-06T16:49:38.016,423,0,2,50,0,0,0,0,0,0,0x03
2026-09-06T16:49:38.080,422,0,0,51,0,0,0,0,0,0,0x03
2026-09-06T16:49:38.080,423,0,2,52,0,0,0,0,0,0,0x03
2026-09-06T16:49:38.146,424,0,0,52,0,0,0,0,0,0,0x03
2026-09-06T16:49:38.146,423,0,2,50,0,0,0,0,0,0,0x03
2026-09-06T16:49:38.211,424,0,0,51,0,0,0,0,0,0,0x03
2026-09-06T16:49:38.211,429,0,2,50,0,0,0,0,0,0,0x03
2026-09-06T16:49:38.276,428,0,0,50,0,0,0,0,0,0,0x03
2026-09-06T16:49:38.276,431,0,2,50,0,0,0,0,0,0,0x03
2026-09-06T16:49:38.341,430,0,0,50,0,0,0,0,0,0,0x03
2026-09-06T16:49:38.341,433,0,2,53,0,0,0,0,0,0,0x03
2026-09-06T16:49:38.406,432,0,0,51,0,0,0,0,0,0,0x03
2026-09-06T16:49:38.406,435,0,2,51,0,0,0,0,0,0,0x03
2026-09-06T16:49:38.488,434,0,0,51,0,0,0,0,0,0,0x03
2026-09-06T16:49:38.488,437,0,2,51,0,0,0,0,0,0,0x03
2026-09-06T16:49:38.537,436,0,0,54,0,0,0,0,0,0,0x03
2026-09-06T16:49:38.537,439,0,2,52,0,0,0,0,0,0,0x03
2026-09-06T16:49:38.618,438,0,0,51,0,0,0,0,0,0,0x03
2026-09-06T16:49:38.618,441,0,2,52,0,0,0,0,0,0,0x03
2026-09-06T16:49:38.683,440,0,0,52,0,0,0,0,0,0,0x03
2026-09-06T16:49:38.683,443,0,2,50,0,0,0,0,0,0,0x03
2026-09-06T16:49:38.748,442,0,0,51,0,0,0,0,0,0,0x03
2026-09-06T16:49:38.748,445,0,2,50,0,0,0,0,0,0,0x03
2026-09-06T16:49:38.814,444,0,0,50,0,0,0,0,0,0,0x03
2026-09-06T16:49:38.814,447,0,2,50,0,0,0,0,0,0,0x03
2026-09-06T16:49:38.878,446,0,0,51,0,0,0,0,0,0,0x03
2026-09-06T16:49:38.878,449,0,2,52,0,0,0,0,0,0,0x03
2026-09-06T16:49:38.943,448,0,0,50,0,0,0,0,0,0,0x03
2026-09-06T16:49:38.943,451,0,2,51,0,0,0,0,0,0,0x03
2026-09-06T16:49:39.024,450,0,0,51,0,0,0,0,0,0,0x03
2026-09-06T16:49:39.024,453,0,2,53,0,0,0,0,0,0,0x03
2026-09-06T16:49:39.073,452,0,0,52,0,0,0,0,0,0,0x03
2026-09-06T16:49:39.074,455,0,2,51,0,0,0,0,0,0,0x03
2026-09-06T16:49:39.155,454,0,0,51,0,0,0,0,0,0,0x03
2026-09-06T16:49:39.155,457,0,2,50,0,0,0,0,0,0,0x03
2026-09-06T16:49:39.219,456,0,0,52,0,0,0,0,0,0,0x03
2026-09-06T16:49:39.219,459,0,2,50,0,0,0,0,0,0,0x03
2026-09-06T16:49:39.284,458,0,0,52,0,0,0,0,0,0,0x03
2026-09-06T16:49:39.285,461,0,2,52,0,0,0,0,0,0,0x03
2026-09-06T16:49:39.350,460,0,0,50,0,0,0,0,0,0,0x03
2026-09-06T16:49:39.350,463,0,2,51,0,0,0,0,0,0,0x03
2026-09-06T16:49:39.414,462,0,0,51,0,0,0,0,0,0,0x03
2026-09-06T16:49:39.414,465,0,2,50,0,0,0,0,0,0,0x03
2026-09-06T16:49:39.480,464,0,0,51,0,0,0,0,0,0,0x03
2026-09-06T16:49:39.480,467,0,2,50,0,0,0,0,0,0,0x03
2026-09-06T16:49:39.545,466,0,0,52,0,0,0,0,0,0,0x03
2026-09-06T16:49:39.545,469,0,2,50,0,0,0,0,0,0,0x03
2026-09-06T16:49:39.610,468,0,0,51,0,0,0,0,0,0,0x03
2026-09-06T16:49:39.610,471,0,2,52,0,0,0,0,0,0,0x03
2026-09-06T16:49:39.692,470,0,0,51,0,0,0,0,0,0,0x03
2026-09-06T16:49:39.692,473,0,2,56,0,0,0,0,0,0,0x03
2026-09-06T16:49:39.757,472,0,0,50,0,0,0,0,0,0,0x03
2026-09-06T16:49:39.757,475,0,2,50,0,0,0,0,0,0,0x03
2026-09-06T16:49:39.822,474,0,0,51,0,0,0,0,0,0,0x03
2026-09-06T16:49:39.822,477,0,2,50,0,0,0,0,0,0,0x03
2026-09-06T16:49:39.888,476,0,0,50,0,0,0,0,0,0,0x03
2026-09-06T16:49:39.888,479,0,2,50,0,0,0,0,0,0,0x03
2026-09-06T16:49:39.953,478,0,0,50,0,0,0,0,0,0,0x03
2026-09-06T16:49:39.953,481,0,2,50,0,0,0,0,0,0,0x03
2026-09-06T16:49:40.018,480,0,0,53,0,0,0,0,0,0,0x03
2026-09-06T16:49:40.019,483,0,2,52,0,0,0,0,0,0,0x03
2026-09-06T16:49:40.083,482,0,0,52,0,0,0,0,0,0,0x03
2026-09-06T16:49:40.083,485,0,2,55,0,0,0,0,0,0,0x03
2026-09-06T16:49:40.148,484,0,0,50,0,0,0,0,0,0,0x03
2026-09-06T16:49:40.148,487,0,2,51,0,0,0,0,0,0,0x03
2026-09-06T16:49:40.229,486,0,0,51,0,0,0,0,0,0,0x03
2026-09-06T16:49:40.229,489,0,2,50,0,0,0,0,0,0,0x03
2026-09-06T16:49:40.294,488,0,0,50,0,0,0,0,0,0,0x03
2026-09-06T16:49:40.295,491,0,2,50,0,0,0,0,0,0,0x03
2026-09-06T16:49:40.360,490,0,0,51,0,0,0,0,0,0,0x03
2026-09-06T16:49:40.360,493,0,2,51,0,0,0,0,0,0,0x03
2026-09-06T16:49:40.425,492,0,0,53,0,0,0,0,0,0,0x03
2026-09-06T16:49:40.425,495,0,2,52,0,0,0,0,0,0,0x03
2026-09-06T16:49:40.490,494,0,0,50,0,0,0,0,0,0,0x03
2026-09-06T16:49:40.491,497,0,2,54,0,0,0,0,0,0,0x03
2026-09-06T16:49:40.556,496,0,0,51,0,0,0,0,0,0,0x03
2026-09-06T16:49:40.556,499,0,2,51,0,0,0,0,0,0,0x03
2026-09-06T16:49:40.620,498,0,0,52,0,0,0,0,0,0,0x03
2026-09-06T16:49:40.620,501,0,2,51,0,0,0,0,0,0,0x03
2026-09-06T16:49:40.686,500,0,0,51,0,0,0,0,0,0,0x03
2026-09-06T16:49:40.686,503,0,2,51,0,0,0,0,0,0,0x03
2026-09-06T16:49:40.750,502,0,0,50,0,0,0,0,0,0,0x03
2026-09-06T16:49:40.750,505,0,2,50,0,0,0,0,0,0,0x03
2026-09-06T16:49:40.831,504,0,0,51,0,0,0,0,0,0,0x03
2026-09-06T16:49:40.831,507,0,2,52,0,0,0,0,0,0,0x03
2026-09-06T16:49:40.896,506,0,0,50,0,0,0,0,0,0,0x03
2026-09-06T16:49:40.896,509,0,2,50,0,0,0,0,0,0,0x03
2026-09-06T16:49:40.962,508,0,0,52,0,0,0,0,0,0,0x03
2026-09-06T16:49:40.962,511,0,2,51,0,0,0,0,0,0,0x03
2026-09-06T16:49:41.026,510,0,0,50,0,0,0,0,0,0,0x03
2026-09-06T16:49:41.026,513,0,2,52,0,0,0,0,0,0,0x03
2026-09-06T16:49:41.091,512,0,0,50,0,0,0,0,0,0,0x03
2026-09-06T16:49:41.091,515,0,2,51,0,0,0,0,0,0,0x03
2026-09-06T16:49:41.157,514,0,0,51,0,0,0,0,0,0,0x03
2026-09-06T16:49:41.157,517,0,2,54,0,0,0,0,0,0,0x03
2026-09-06T16:49:41.222,516,0,0,50,0,0,0,0,0,0,0x03
2026-09-06T16:49:41.222,519,0,2,52,0,0,0,0,0,0,0x03
2026-09-06T16:49:41.287,518,0,0,51,0,0,0,0,0,0,0x03
2026-09-06T16:49:41.288,521,0,2,50,0,0,0,0,0,0,0x03
2026-09-06T16:49:41.369,520,0,0,52,0,0,0,0,0,0,0x03
2026-09-06T16:49:41.369,523,0,2,52,0,0,0,0,0,0,0x03
2026-09-06T16:49:41.418,522,0,0,51,0,0,0,0,0,0,0x03
2026-09-06T16:49:41.418,525,0,2,50,0,0,0,0,0,0,0x03
2026-09-06T16:49:41.499,524,0,0,51,0,0,0,0,0,0,0x03
2026-09-06T16:49:41.500,527,0,2,52,0,0,0,0,0,0,0x03
2026-09-06T16:49:41.565,526,0,0,52,0,0,0,0,0,0,0x03
2026-09-06T16:49:41.565,529,0,2,50,0,0,0,0,0,0,0x03
2026-09-06T16:49:41.629,528,0,0,52,0,0,0,0,0,0,0x03
2026-09-06T16:49:41.629,531,0,2,52,0,0,0,0,0,0,0x03
2026-09-06T16:49:41.695,530,0,0,50,0,0,0,0,0,0,0x03
2026-09-06T16:49:41.695,533,0,2,52,0,0,0,0,0,0,0x03
2026-09-06T16:49:41.759,532,0,0,50,0,0,0,0,0,0,0x03
2026-09-06T16:49:41.759,535,0,2,52,0,0,0,0,0,0,0x03
2026-09-06T16:49:41.825,534,0,0,50,0,0,0,0,0,0,0x03
2026-09-06T16:49:41.825,537,0,2,50,0,0,0,0,0,0,0x03
2026-09-06T16:49:41.890,536,0,0,52,0,0,0,0,0,0,0x03
2026-09-06T16:49:41.890,539,0,2,50,0,0,0,0,0,0,0x03
2026-09-06T16:49:41.955,541,0,2,51,0,0,0,0,0,0,0x03
2026-09-06T16:49:42.037,538,0,0,53,0,0,0,0,0,0,0x03
2026-09-06T16:49:42.037,541,0,2,50,0,0,0,0,0,0,0x03
2026-09-06T16:49:42.101,540,0,0,50,0,0,0,0,0,0,0x03
2026-09-06T16:49:42.102,541,0,2,51,0,0,0,0,0,0,0x03
2026-09-06T16:49:42.166,540,0,0,51,0,0,0,0,0,0,0x03
2026-09-06T16:49:42.166,547,0,2,52,0,0,0,0,0,0,0x03
2026-09-06T16:49:42.232,546,0,0,50,0,0,0,0,0,0,0x03
2026-09-06T16:49:42.232,549,0,2,50,0,0,0,0,0,0,0x03
2026-09-06T16:49:42.297,548,0,0,51,0,0,0,0,0,0,0x03
2026-09-06T16:49:42.297,551,0,2,51,0,0,0,0,0,0,0x03
2026-09-06T16:49:42.362,550,0,0,52,0,0,0,0,0,0,0x03
2026-09-06T16:49:42.362,553,0,2,51,0,0,0,0,0,0,0x03
2026-09-06T16:49:42.427,552,0,0,51,0,0,0,0,0,0,0x03
2026-09-06T16:49:42.427,555,0,2,50,0,0,0,0,0,0,0x03
2026-09-06T16:49:42.493,554,0,0,50,0,0,0,0,0,0,0x03
2026-09-06T16:49:42.493,557,0,2,50,0,0,0,0,0,0,0x03
2026-09-06T16:49:42.558,556,0,0,51,0,0,0,0,0,0,0x03
2026-09-06T16:49:42.558,559,0,2,51,0,0,0,0,0,0,0x03
2026-09-06T16:49:42.640,558,0,0,53,0,0,0,0,0,0,0x03
2026-09-06T16:49:42.640,561,0,2,51,0,0,0,0,0,0,0x03
2026-09-06T16:49:42.705,560,0,0,52,0,0,0,0,0,0,0x03
2026-09-06T16:49:42.705,563,0,2,50,0,0,0,0,0,0,0x03
2026-09-06T16:49:42.770,562,0,0,50,0,0,0,0,0,0,0x03
2026-09-06T16:49:42.770,565,0,2,51,0,0,0,0,0,0,0x03
2026-09-06T16:49:42.835,564,0,0,52,0,0,0,0,0,0,0x03
2026-09-06T16:49:42.835,567,0,2,52,0,0,0,0,0,0,0x03
2026-09-06T16:49:42.900,566,0,0,52,0,0,0,0,0,0,0x03
2026-09-06T16:49:42.900,569,0,2,52,0,0,0,0,0,0,0x03
2026-09-06T16:49:42.966,568,0,0,52,0,0,0,0,0,0,0x03
2026-09-06T16:49:42.966,571,0,2,51,0,0,0,0,0,0,0x03
2026-09-06T16:49:43.031,570,0,0,51,0,0,0,0,0,0,0x03
2026-09-06T16:49:43.031,573,0,2,50,0,0,0,0,0,0,0x03
2026-09-06T16:49:43.097,572,0,0,50,0,0,0,0,0,0,0x03
2026-09-06T16:49:43.097,575,0,2,52,0,0,0,0,0,0,0x03
2026-09-06T16:49:43.178,574,0,0,51,0,0,0,0,0,0,0x03
2026-09-06T16:49:43.178,577,0,2,52,0,0,0,0,0,0,0x03
2026-09-06T16:49:43.226,576,0,0,51,0,0,0,0,0,0,0x03
2026-09-06T16:49:43.226,579,0,2,52,0,0,0,0,0,0,0x03
2026-09-06T16:49:43.308,578,0,0,52,0,0,0,0,0,0,0x03
2026-09-06T16:49:43.308,581,0,2,51,0,0,0,0,0,0,0x03
2026-09-06T16:49:43.373,580,0,0,52,0,0,0,0,0,0,0x03
2026-09-06T16:49:43.373,583,0,2,55,0,0,0,0,0,0,0x03
2026-09-06T16:49:43.438,582,0,0,50,0,0,0,0,0,0,0x03
2026-09-06T16:49:43.438,585,0,2,52,0,0,0,0,0,0,0x03
2026-09-06T16:49:43.503,584,0,0,50,0,0,0,0,0,0,0x03
2026-09-06T16:49:43.503,587,0,2,51,0,0,0,0,0,0,0x03
2026-09-06T16:49:43.568,586,0,0,51,0,0,0,0,0,0,0x03
2026-09-06T16:49:43.568,589,0,2,52,0,0,0,0,0,0,0x03
2026-09-06T16:49:43.633,588,0,0,50,0,0,0,0,0,0,0x03
2026-09-06T16:49:43.633,591,0,2,51,0,0,0,0,0,0,0x03
2026-09-06T16:49:43.699,590,0,0,52,0,0,0,0,0,0,0x03
2026-09-06T16:49:43.699,593,0,2,50,0,0,0,0,0,0,0x03
2026-09-06T16:49:43.765,592,0,0,50,0,0,0,0,0,0,0x03
2026-09-06T16:49:43.765,595,0,2,55,0,0,0,0,0,0,0x03
2026-09-06T16:49:43.829,594,0,0,50,0,0,0,0,0,0,0x03
2026-09-06T16:49:43.829,597,0,2,50,0,0,0,0,0,0,0x03
2026-09-06T16:49:43.911,596,0,0,53,0,0,0,0,0,0,0x03
2026-09-06T16:49:43.911,599,0,2,51,0,0,0,0,0,0,0x03
2026-09-06T16:49:43.976,598,0,0,51,0,0,0,0,0,0,0x03
2026-09-06T16:49:43.976,601,0,2,51,0,0,0,0,0,0,0x03
2026-09-06T16:49:44.041,600,0,0,51,0,0,0,0,0,0,0x03
2026-09-06T16:49:44.041,603,0,2,51,0,0,0,0,0,0,0x03
2026-09-06T16:49:44.106,602,0,0,51,0,0,0,0,0,0,0x03
2026-09-06T16:49:44.106,605,0,2,50,0,0,0,0,0,0,0x03
2026-09-06T16:49:44.171,604,0,0,52,0,0,0,0,0,0,0x03
2026-09-06T16:49:44.171,607,0,2,51,0,0,0,0,0,0,0x03
2026-09-06T16:49:44.236,606,0,0,51,0,0,0,0,0,0,0x03
2026-09-06T16:49:44.237,609,0,2,50,0,0,0,0,0,0,0x03
2026-09-06T16:49:44.302,608,0,0,52,0,0,0,0,0,0,0x03
2026-09-06T16:49:44.302,611,0,2,50,0,0,0,0,0,0,0x03
2026-09-06T16:49:44.367,610,0,0,52,0,0,0,0,0,0,0x03
2026-09-06T16:49:44.367,613,0,2,50,0,0,0,0,0,0,0x03
2026-09-06T16:49:44.449,612,0,0,50,0,0,0,0,0,0,0x03
2026-09-06T16:49:44.449,615,0,2,50,0,0,0,0,0,0,0x03
2026-09-06T16:49:44.497,614,0,0,50,0,0,0,0,0,0,0x03
2026-09-06T16:49:44.497,617,0,2,52,0,0,0,0,0,0,0x03
2026-09-06T16:49:44.579,616,0,0,53,0,0,0,0,0,0,0x03
2026-09-06T16:49:44.579,619,0,2,51,0,0,0,0,0,0,0x03
2026-09-06T16:49:44.644,618,0,0,52,0,0,0,0,0,0,0x03
2026-09-06T16:49:44.644,621,0,2,51,0,0,0,0,0,0,0x03
2026-09-06T16:49:44.709,620,0,0,50,0,0,0,0,0,0,0x03
2026-09-06T16:49:44.709,623,0,2,50,0,0,0,0,0,0,0x03
2026-09-06T16:49:44.774,622,0,0,50,0,0,0,0,0,0,0x03
2026-09-06T16:49:44.774,625,0,2,51,0,0,0,0,0,0,0x03
2026-09-06T16:49:44.839,624,0,0,50,0,0,0,0,0,0,0x03
2026-09-06T16:49:44.839,627,0,2,51,0,0,0,0,0,0,0x03
2026-09-06T16:49:44.904,626,0,0,50,0,0,0,0,0,0,0x03
2026-09-06T16:49:44.904,629,0,2,52,0,0,0,0,0,0,0x03
2026-09-06T16:49:44.985,628,0,0,53,0,0,0,0,0,0,0x03
2026-09-06T16:49:44.985,631,0,2,51,0,0,0,0,0,0,0x03
2026-09-06T16:49:45.049,630,0,0,51,0,0,0,0,0,0,0x03
2026-09-06T16:49:45.049,633,0,2,51,0,0,0,0,0,0,0x03
2026-09-06T16:49:45.114,632,0,0,50,0,0,0,0,0,0,0x03
2026-09-06T16:49:45.114,635,0,2,50,0,0,0,0,0,0,0x03
2026-09-06T16:49:45.179,634,0,0,52,0,0,0,0,0,0,0x03
2026-09-06T16:49:45.179,637,0,2,51,0,0,0,0,0,0,0x03
2026-09-06T16:49:45.244,636,0,0,51,0,0,0,0,0,0,0x03
2026-09-06T16:49:45.244,639,0,2,55,0,0,0,0,0,0,0x03
2026-09-06T16:49:45.309,638,0,0,50,0,0,0,0,0,0,0x03
2026-09-06T16:49:45.309,641,0,2,51,0,0,0,0,0,0,0x03
2026-09-06T16:49:45.374,640,0,0,50,0,0,0,0,0,0,0x03
2026-09-06T16:49:45.374,643,0,2,50,0,0,0,0,0,0,0x03
2026-09-06T16:49:45.439,642,0,0,52,0,0,0,0,0,0,0x03
2026-09-06T16:49:45.439,645,0,2,50,0,0,0,0,0,0,0x03
2026-09-06T16:49:45.503,644,0,0,52,0,0,0,0,0,0,0x03
2026-09-06T16:49:45.504,647,0,2,50,0,0,0,0,0,0,0x03
2026-09-06T16:49:45.585,646,0,0,50,0,0,0,0,0,0,0x03
2026-09-06T16:49:45.585,649,0,2,52,0,0,0,0,0,0,0x03
2026-09-06T16:49:45.650,648,0,0,50,0,0,0,0,0,0,0x03
2026-09-06T16:49:45.650,651,0,2,51,0,0,0,0,0,0,0x03
2026-09-06T16:49:45.716,650,0,0,50,0,0,0,0,0,0,0x03
2026-09-06T16:49:45.716,653,0,2,51,0,0,0,0,0,0,0x03
2026-09-06T16:49:45.781,652,0,0,50,0,0,0,0,0,0,0x03
2026-09-06T16:49:45.781,655,0,2,51,0,0,0,0,0,0,0x03
2026-09-06T16:49:45.846,654,0,0,51,0,0,0,0,0,0,0x03
2026-09-06T16:49:45.846,657,0,2,52,0,0,0,0,0,0,0x03
2026-09-06T16:49:45.911,656,0,0,51,0,0,0,0,0,0,0x03
2026-09-06T16:49:45.911,659,0,2,52,0,0,0,0,0,0,0x03
2026-09-06T16:49:45.976,658,0,0,52,0,0,0,0,0,0,0x03
2026-09-06T16:49:45.976,661,0,2,51,0,0,0,0,0,0,0x03
2026-09-06T16:49:46.042,660,0,0,51,0,0,0,0,0,0,0x03
2026-09-06T16:49:46.042,663,0,2,51,0,0,0,0,0,0,0x03
2026-09-06T16:49:46.107,662,0,0,50,0,0,0,0,0,0,0x03
2026-09-06T16:49:46.107,665,0,2,51,0,0,0,0,0,0,0x03
2026-09-06T16:49:46.189,664,0,0,52,0,0,0,0,0,0,0x03
2026-09-06T16:49:46.189,667,0,2,51,0,0,0,0,0,0,0x03
2026-09-06T16:49:46.254,666,0,0,50,0,0,0,0,0,0,0x03
2026-09-06T16:49:46.254,669,0,2,50,0,0,0,0,0,0,0x03
2026-09-06T16:49:46.319,668,0,0,55,0,0,0,0,0,0,0x03
2026-09-06T16:49:46.319,671,0,2,51,0,0,0,0,0,0,0x03
2026-09-06T16:49:46.385,670,0,0,52,0,0,0,0,0,0,0x03
2026-09-06T16:49:46.385,673,0,2,51,0,0,0,0,0,0,0x03
2026-09-06T16:49:46.450,672,0,0,50,0,0,0,0,0,0,0x03
2026-09-06T16:49:46.450,675,0,2,50,0,0,0,0,0,0,0x03
2026-09-06T16:49:46.515,674,0,0,51,0,0,0,0,0,0,0x03
2026-09-06T16:49:46.515,677,0,2,50,0,0,0,0,0,0,0x03
2026-09-06T16:49:46.579,676,0,0,50,0,0,0,0,0,0,0x03
2026-09-06T16:49:46.579,679,0,2,51,0,0,0,0,0,0,0x03
2026-09-06T16:49:46.644,678,0,0,51,0,0,0,0,0,0,0x03
2026-09-06T16:49:46.645,681,0,2,50,0,0,0,0,0,0,0x03
2026-09-06T16:49:46.710,680,0,0,51,0,0,0,0,0,0,0x03
2026-09-06T16:49:46.710,683,0,2,50,0,0,0,0,0,0,0x03
2026-09-06T16:49:46.775,682,0,0,51,0,0,0,0,0,0,0x03
2026-09-06T16:49:46.775,685,0,2,52,0,0,0,0,0,0,0x03
2026-09-06T16:49:46.856,684,0,0,51,0,0,0,0,0,0,0x03
2026-09-06T16:49:46.856,687,0,2,50,0,0,0,0,0,0,0x03
2026-09-06T16:49:46.920,686,0,0,50,0,0,0,0,0,0,0x03
2026-09-06T16:49:46.921,689,0,2,50,0,0,0,0,0,0,0x03
2026-09-06T16:49:46.985,688,0,0,52,0,0,0,0,0,0,0x03
2026-09-06T16:49:46.986,691,0,2,50,0,0,0,0,0,0,0x03
2026-09-06T16:49:47.050,690,0,0,52,0,0,0,0,0,0,0x03
2026-09-06T16:49:47.050,693,0,2,50,0,0,0,0,0,0,0x03
2026-09-06T16:49:47.116,692,0,0,52,0,0,0,0,0,0,0x03
2026-09-06T16:49:47.116,695,0,2,51,0,0,0,0,0,0,0x03
2026-09-06T16:49:47.181,694,0,0,50,0,0,0,0,0,0,0x03
2026-09-06T16:49:47.181,697,0,2,50,0,0,0,0,0,0,0x03
2026-09-06T16:49:47.246,696,0,0,51,0,0,0,0,0,0,0x03
2026-09-06T16:49:47.246,699,0,2,51,0,0,0,0,0,0,0x03
2026-09-06T16:49:47.311,698,0,0,52,0,0,0,0,0,0,0x03
2026-09-06T16:49:47.311,701,0,2,50,0,0,0,0,0,0,0x03
2026-09-06T16:49:47.377,700,0,0,54,0,0,0,0,0,0,0x03
2026-09-06T16:49:47.377,703,0,2,53,0,0,0,0,0,0,0x03
2026-09-06T16:49:47.458,702,0,0,51,0,0,0,0,0,0,0x03
2026-09-06T16:49:47.458,705,0,2,50,0,0,0,0,0,0,0x03
2026-09-06T16:49:47.523,704,0,0,50,0,0,0,0,0,0,0x03
2026-09-06T16:49:47.523,707,0,2,51,0,0,0,0,0,0,0x03
2026-09-06T16:49:47.588,706,0,0,50,0,0,0,0,0,0,0x03
2026-09-06T16:49:47.588,709,0,2,50,0,0,0,0,0,0,0x03
2026-09-06T16:49:47.654,708,0,0,52,0,0,0,0,0,0,0x03
2026-09-06T16:49:47.654,711,0,2,51,0,0,0,0,0,0,0x03
2026-09-06T16:49:47.719,710,0,0,50,0,0,0,0,0,0,0x03
2026-09-06T16:49:47.719,713,0,2,50,0,0,0,0,0,0,0x03
2026-09-06T16:49:47.784,712,0,0,51,0,0,0,0,0,0,0x03
2026-09-06T16:49:47.784,715,0,2,54,0,0,0,0,0,0,0x03
2026-09-06T16:49:47.850,714,0,0,52,0,0,0,0,0,0,0x03
2026-09-06T16:49:47.850,717,0,2,52,0,0,0,0,0,0,0x03
2026-09-06T16:49:47.915,716,0,0,51,0,0,0,0,0,0,0x03
2026-09-06T16:49:47.915,719,0,2,50,0,0,0,0,0,0,0x03
2026-09-06T16:49:47.996,718,0,0,51,0,0,0,0,0,0,0x03
2026-09-06T16:49:47.996,721,0,2,51,0,0,0,0,0,0,0x03
2026-09-06T16:49:48.061,720,0,0,51,0,0,0,0,0,0,0x03
2026-09-06T16:49:48.061,723,0,2,51,0,0,0,0,0,0,0x03
2026-09-06T16:49:48.126,722,0,0,50,0,0,0,0,0,0,0x03
2026-09-06T16:49:48.126,725,0,2,51,0,0,0,0,0,0,0x03
2026-09-06T16:49:48.191,724,0,0,54,0,0,0,0,0,0,0x03
2026-09-06T16:49:48.191,727,0,2,55,0,0,0,0,0,0,0x03
2026-09-06T16:49:48.256,726,0,0,50,0,0,0,0,0,0,0x03
2026-09-06T16:49:48.256,729,0,2,51,0,0,0,0,0,0,0x03
2026-09-06T16:49:48.321,728,0,0,50,0,0,0,0,0,0,0x03
2026-09-06T16:49:48.321,731,0,2,50,0,0,0,0,0,0,0x03
2026-09-06T16:49:48.387,730,0,0,50,0,0,0,0,0,0,0x03
2026-09-06T16:49:48.387,733,0,2,50,0,0,0,0,0,0,0x03
2026-09-06T16:49:48.451,732,0,0,52,0,0,0,0,0,0,0x03
2026-09-06T16:49:48.451,735,0,2,50,0,0,0,0,0,0,0x03
2026-09-06T16:49:48.532,734,0,0,51,0,0,0,0,0,0,0x03
2026-09-06T16:49:48.532,737,0,2,52,0,0,0,0,0,0,0x03
2026-09-06T16:49:48.597,736,0,0,52,0,0,0,0,0,0,0x03
2026-09-06T16:49:48.597,739,0,2,50,0,0,0,0,0,0,0x03
2026-09-06T16:49:48.663,738,0,0,50,0,0,0,0,0,0,0x03
2026-09-06T16:49:48.663,741,0,2,54,0,0,0,0,0,0,0x03
2026-09-06T16:49:48.728,740,0,0,51,0,0,0,0,0,0,0x03
2026-09-06T16:49:48.728,743,0,2,50,0,0,0,0,0,0,0x03
2026-09-06T16:49:48.793,742,0,0,50,0,0,0,0,0,0,0x03
2026-09-06T16:49:48.793,745,0,2,52,0,0,0,0,0,0,0x03
2026-09-06T16:49:48.858,744,0,0,54,0,0,0,0,0,0,0x03
2026-09-06T16:49:48.858,747,0,2,50,0,0,0,0,0,0,0x03
2026-09-06T16:49:48.924,746,0,0,50,0,0,0,0,0,0,0x03
2026-09-06T16:49:48.924,749,0,2,50,0,0,0,0,0,0,0x03
2026-09-06T16:49:48.989,748,0,0,51,0,0,0,0,0,0,0x03
2026-09-06T16:49:48.989,751,0,2,50,0,0,0,0,0,0,0x03
2026-09-06T16:49:49.054,750,0,0,51,0,0,0,0,0,0,0x03
2026-09-06T16:49:49.054,753,0,2,52,0,0,0,0,0,0,0x03
2026-09-06T16:49:49.119,752,0,0,50,0,0,0,0,0,0,0x03
2026-09-06T16:49:49.119,755,0,2,50,0,0,0,0,0,0,0x03
2026-09-06T16:49:49.200,754,0,0,51,0,0,0,0,0,0,0x03
2026-09-06T16:49:49.200,757,0,2,51,0,0,0,0,0,0,0x03
2026-09-06T16:49:49.265,756,0,0,51,0,0,0,0,0,0,0x03
2026-09-06T16:49:49.265,759,0,2,50,0,0,0,0,0,0,0x03
2026-09-06T16:49:49.330,758,0,0,53,0,0,0,0,0,0,0x03
2026-09-06T16:49:49.330,761,0,2,51,0,0,0,0,0,0,0x03
2026-09-06T16:49:49.394,760,0,0,50,0,0,0,0,0,0,0x03
2026-09-06T16:49:49.394,763,0,2,50,0,0,0,0,0,0,0x03
2026-09-06T16:49:49.458,762,0,0,50,0,0,0,0,0,0,0x03
2026-09-06T16:49:49.458,765,0,2,50,0,0,0,0,0,0,0x03
2026-09-06T16:49:49.523,764,0,0,50,0,0,0,0,0,0,0x03
2026-09-06T16:49:49.523,767,0,2,51,0,0,0,0,0,0,0x03
2026-09-06T16:49:49.605,766,0,0,51,0,0,0,0,0,0,0x03
2026-09-06T16:49:49.605,769,0,2,50,0,0,0,0,0,0,0x03
2026-09-06T16:49:49.654,768,0,0,51,0,0,0,0,0,0,0x03
2026-09-06T16:49:49.654,771,0,2,50,0,0,0,0,0,0,0x03
2026-09-06T16:49:49.735,770,0,0,52,0,0,0,0,0,0,0x03
2026-09-06T16:49:49.735,773,0,2,51,0,0,0,0,0,0,0x03
2026-09-06T16:49:49.800,772,0,0,50,0,0,0,0,0,0,0x03
2026-09-06T16:49:49.800,775,0,2,51,0,0,0,0,0,0,0x03
2026-09-06T16:49:49.865,774,0,0,52,0,0,0,0,0,0,0x03
2026-09-06T16:49:49.865,777,0,2,50,0,0,0,0,0,0,0x03
2026-09-06T16:49:49.931,776,0,0,55,0,0,0,0,0,0,0x03
2026-09-06T16:49:49.931,779,0,2,51,0,0,0,0,0,0,0x03
2026-09-06T16:49:49.995,778,0,0,50,0,0,0,0,0,0,0x03
2026-09-06T16:49:49.995,781,0,2,51,0,0,0,0,0,0,0x03
2026-09-06T16:49:50.061,780,0,0,50,0,0,0,0,0,0,0x03
2026-09-06T16:49:50.061,783,0,2,51,0,0,0,0,0,0,0x03
2026-09-06T16:49:50.126,782,0,0,50,0,0,0,0,0,0,0x03
2026-09-06T16:49:50.126,785,0,2,52,0,0,0,0,0,0,0x03
2026-09-06T16:49:50.190,784,0,0,50,0,0,0,0,0,0,0x03
2026-09-06T16:49:50.190,787,0,2,51,0,0,0,0,0,0,0x03
2026-09-06T16:49:50.271,786,0,0,51,0,0,0,0,0,0,0x03
2026-09-06T16:49:50.271,789,0,2,50,0,0,0,0,0,0,0x03
2026-09-06T16:49:50.336,788,0,0,52,0,0,0,0,0,0,0x03
2026-09-06T16:49:50.336,791,0,2,51,0,0,0,0,0,0,0x03
2026-09-06T16:49:50.401,790,0,0,50,0,0,0,0,0,0,0x03
2026-09-06T16:49:50.401,793,0,2,51,0,0,0,0,0,0,0x03
2026-09-06T16:49:50.466,792,0,0,52,0,0,0,0,0,0,0x03
2026-09-06T16:49:50.466,795,0,2,50,0,0,0,0,0,0,0x03
2026-09-06T16:49:50.530,794,0,0,51,0,0,0,0,0,0,0x03
2026-09-06T16:49:50.530,797,0,2,51,0,0,0,0,0,0,0x03
2026-09-06T16:49:50.595,796,0,0,51,0,0,0,0,0,0,0x03
2026-09-06T16:49:50.595,799,0,2,50,0,0,0,0,0,0,0x03
2026-09-06T16:49:50.660,798,0,0,50,0,0,0,0,0,0,0x03
2026-09-06T16:49:50.660,801,0,2,52,0,0,0,0,0,0,0x03
2026-09-06T16:49:50.725,800,0,0,51,0,0,0,0,0,0,0x03
2026-09-06T16:49:50.725,803,0,2,52,0,0,0,0,0,0,0x03
2026-09-06T16:49:50.807,802,0,0,51,0,0,0,0,0,0,0x03
2026-09-06T16:49:50.807,805,0,2,55,0,0,0,0,0,0,0x03
2026-09-06T16:49:50.872,804,0,0,51,0,0,0,0,0,0,0x03
2026-09-06T16:49:50.872,807,0,2,52,0,0,0,0,0,0,0x03
2026-09-06T16:49:50.938,806,0,0,52,0,0,0,0,0,0,0x03
2026-09-06T16:49:50.938,809,0,2,51,0,0,0,0,0,0,0x03
2026-09-06T16:49:51.003,808,0,0,51,0,0,0,0,0,0,0x03
2026-09-06T16:49:51.003,811,0,2,52,0,0,0,0,0,0,0x03
2026-09-06T16:49:51.068,810,0,0,52,0,0,0,0,0,0,0x03
2026-09-06T16:49:51.068,813,0,2,50,0,0,0,0,0,0,0x03
2026-09-06T16:49:51.133,812,0,0,52,0,0,0,0,0,0,0x03
2026-09-06T16:49:51.133,815,0,2,51,0,0,0,0,0,0,0x03
2026-09-06T16:49:51.199,814,0,0,51,0,0,0,0,0,0,0x03
2026-09-06T16:49:51.199,817,0,2,51,0,0,0,0,0,0,0x03
2026-09-06T16:49:51.264,816,0,0,50,0,0,0,0,0,0,0x03
2026-09-06T16:49:51.264,819,0,2,52,0,0,0,0,0,0,0x03
2026-09-06T16:49:51.329,818,0,0,50,0,0,0,0,0,0,0x03
2026-09-06T16:49:51.329,821,0,2,51,0,0,0,0,0,0,0x03
2026-09-06T16:49:51.410,820,0,0,50,0,0,0,0,0,0,0x03
2026-09-06T16:49:51.410,823,0,2,52,0,0,0,0,0,0,0x03
2026-09-06T16:49:51.475,822,0,0,50,0,0,0,0,0,0,0x03
2026-09-06T16:49:51.475,825,0,2,53,0,0,0,0,0,0,0x03
2026-09-06T16:49:51.540,824,0,0,50,0,0,0,0,0,0,0x03
2026-09-06T16:49:51.540,827,0,2,51,0,0,0,0,0,0,0x03
2026-09-06T16:49:51.605,826,0,0,51,0,0,0,0,0,0,0x03
2026-09-06T16:49:51.605,829,0,2,51,0,0,0,0,0,0,0x03
2026-09-06T16:49:51.671,828,0,0,51,0,0,0,0,0,0,0x03
2026-09-06T16:49:51.671,831,0,2,50,0,0,0,0,0,0,0x03
2026-09-06T16:49:51.735,830,0,0,50,0,0,0,0,0,0,0x03
2026-09-06T16:49:51.735,833,0,2,51,0,0,0,0,0,0,0x03
2026-09-06T16:49:51.800,832,0,0,50,0,0,0,0,0,0,0x03
2026-09-06T16:49:51.800,835,0,2,51,0,0,0,0,0,0,0x03
2026-09-06T16:49:51.865,834,0,0,51,0,0,0,0,0,0,0x03
2026-09-06T16:49:51.865,837,0,2,55,0,0,0,0,0,0,0x03
2026-09-06T16:49:51.930,836,0,0,51,0,0,0,0,0,0,0x03
2026-09-06T16:49:51.930,839,0,2,52,0,0,0,0,0,0,0x03
2026-09-06T16:49:52.011,838,0,0,51,0,0,0,0,0,0,0x03
2026-09-06T16:49:52.011,841,0,2,50,0,0,0,0,0,0,0x03
2026-09-06T16:49:52.076,840,0,0,57,0,0,0,0,0,0,0x03
2026-09-06T16:49:52.076,843,0,2,50,0,0,0,0,0,0,0x03
2026-09-06T16:49:52.141,842,0,0,51,0,0,0,0,0,0,0x03
2026-09-06T16:49:52.142,845,0,2,51,0,0,0,0,0,0,0x03
2026-09-06T16:49:52.207,844,0,0,50,0,0,0,0,0,0,0x03
2026-09-06T16:49:52.207,847,0,2,50,0,0,0,0,0,0,0x03
2026-09-06T16:49:52.272,846,0,0,53,0,0,0,0,0,0,0x03
2026-09-06T16:49:52.272,849,0,2,51,0,0,0,0,0,0,0x03
2026-09-06T16:49:52.337,848,0,0,50,0,0,0,0,0,0,0x03
2026-09-06T16:49:52.337,851,0,2,50,0,0,0,0,0,0,0x03
2026-09-06T16:49:52.402,850,0,0,52,0,0,0,0,0,0,0x03
2026-09-06T16:49:52.402,853,0,2,50,0,0,0,0,0,0,0x03
2026-09-06T16:49:52.466,852,0,0,50,0,0,0,0,0,0,0x03
2026-09-06T16:49:52.466,855,0,2,51,0,0,0,0,0,0,0x03
2026-09-06T16:49:52.547,854,0,0,52,0,0,0,0,0,0,0x03
2026-09-06T16:49:52.547,857,0,2,50,0,0,0,0,0,0,0x03
2026-09-06T16:49:52.612,856,0,0,52,0,0,0,0,0,0,0x03
2026-09-06T16:49:52.612,859,0,2,50,0,0,0,0,0,0,0x03
2026-09-06T16:49:52.677,858,0,0,51,0,0,0,0,0,0,0x03
2026-09-06T16:49:52.677,861,0,2,51,0,0,0,0,0,0,0x03
2026-09-06T16:49:52.743,860,0,0,51,0,0,0,0,0,0,0x03
2026-09-06T16:49:52.743,863,0,2,52,0,0,0,0,0,0,0x03
2026-09-06T16:49:52.807,862,0,0,50,0,0,0,0,0,0,0x03
2026-09-06T16:49:52.807,865,0,2,51,0,0,0,0,0,0,0x03
2026-09-06T16:49:52.873,864,0,0,50,0,0,0,0,0,0,0x03
2026-09-06T16:49:52.873,867,0,2,52,0,0,0,0,0,0,0x03
2026-09-06T16:49:52.938,866,0,0,54,0,0,0,0,0,0,0x03
2026-09-06T16:49:52.938,869,0,2,51,0,0,0,0,0,0,0x03
2026-09-06T16:49:53.004,868,0,0,50,0,0,0,0,0,0,0x03
2026-09-06T16:49:53.004,871,0,2,52,0,0,0,0,0,0,0x03
2026-09-06T16:49:53.069,870,0,0,50,0,0,0,0,0,0,0x03
2026-09-06T16:49:53.069,873,0,2,50,0,0,0,0,0,0,0x03
2026-09-06T16:49:53.150,872,0,0,50,0,0,0,0,0,0,0x03
2026-09-06T16:49:53.150,875,0,2,52,0,0,0,0,0,0,0x03
2026-09-06T16:49:53.215,874,0,0,51,0,0,0,0,0,0,0x03
2026-09-06T16:49:53.216,877,0,2,51,0,0,0,0,0,0,0x03
2026-09-06T16:49:53.281,876,0,0,50,0,0,0,0,0,0,0x03
2026-09-06T16:49:53.281,879,0,2,50,0,0,0,0,0,0,0x03
2026-09-06T16:49:53.345,878,0,0,50,0,0,0,0,0,0,0x03
2026-09-06T16:49:53.345,881,0,2,50,0,0,0,0,0,0,0x03
2026-09-06T16:49:53.410,880,0,0,50,0,0,0,0,0,0,0x03
2026-09-06T16:49:53.410,883,0,2,51,0,0,0,0,0,0,0x03
2026-09-06T16:49:53.475,882,0,0,50,0,0,0,0,0,0,0x03
2026-09-06T16:49:53.475,885,0,2,50,0,0,0,0,0,0,0x03
2026-09-06T16:49:53.541,884,0,0,52,0,0,0,0,0,0,0x03
2026-09-06T16:49:53.541,887,0,2,50,0,0,0,0,0,0,0x03
2026-09-06T16:49:53.607,886,0,0,51,0,0,0,0,0,0,0x03
2026-09-06T16:49:53.607,889,0,2,52,0,0,0,0,0,0,0x03
2026-09-06T16:49:53.688,888,0,0,51,0,0,0,0,0,0,0x03
2026-09-06T16:49:53.688,891,0,2,51,0,0,0,0,0,0,0x03
2026-09-06T16:49:53.737,890,0,0,50,0,0,0,0,0,0,0x03
2026-09-06T16:49:53.737,893,0,2,51,0,0,0,0,0,0,0x03
2026-09-06T16:49:53.819,892,0,0,52,0,0,0,0,0,0,0x03
2026-09-06T16:49:53.819,895,0,2,51,0,0,0,0,0,0,0x03
2026-09-06T16:49:53.884,894,0,0,50,0,0,0,0,0,0,0x03
2026-09-06T16:49:53.884,897,0,2,51,0,0,0,0,0,0,0x03
2026-09-06T16:49:53.950,896,0,0,51,0,0,0,0,0,0,0x03
2026-09-06T16:49:53.950,899,0,2,51,0,0,0,0,0,0,0x03
2026-09-06T16:49:54.015,898,0,0,52,0,0,0,0,0,0,0x03
2026-09-06T16:49:54.015,901,0,2,50,0,0,0,0,0,0,0x03
2026-09-06T16:49:54.080,900,0,0,52,0,0,0,0,0,0,0x03
2026-09-06T16:49:54.080,903,0,2,50,0,0,0,0,0,0,0x03
2026-09-06T16:49:54.144,902,0,0,51,0,0,0,0,0,0,0x03
2026-09-06T16:49:54.144,905,0,2,50,0,0,0,0,0,0,0x03
2026-09-06T16:49:54.225,904,0,0,52,0,0,0,0,0,0,0x03
2026-09-06T16:49:54.225,907,0,2,51,0,0,0,0,0,0,0x03
2026-09-06T16:49:54.275,906,0,0,50,0,0,0,0,0,0,0x03
2026-09-06T16:49:54.275,909,0,2,52,0,0,0,0,0,0,0x03
2026-09-06T16:49:54.356,908,0,0,51,0,0,0,0,0,0,0x03
2026-09-06T16:49:54.356,911,0,2,51,0,0,0,0,0,0,0x03
2026-09-06T16:49:54.421,910,0,0,51,0,0,0,0,0,0,0x03
2026-09-06T16:49:54.421,913,0,2,52,0,0,0,0,0,0,0x03
2026-09-06T16:49:54.487,912,0,0,50,0,0,0,0,0,0,0x03
2026-09-06T16:49:54.487,915,0,2,50,0,0,0,0,0,0,0x03
2026-09-06T16:49:54.552,914,0,0,52,0,0,0,0,0,0,0x03
2026-09-06T16:49:54.618,916,0,0,51,0,0,0,0,0,0,0x03
2026-09-06T16:49:54.618,917,0,2,50,0,0,0,0,0,0,0x03
2026-09-06T16:49:54.682,918,0,0,50,0,0,0,0,0,0,0x03
2026-09-06T16:49:54.682,917,0,2,51,0,0,0,0,0,0,0x03
2026-09-06T16:49:54.747,918,0,0,51,0,0,0,0,0,0,0x03
2026-09-06T16:49:54.747,923,0,2,50,0,0,0,0,0,0,0x03
2026-09-06T16:49:54.813,918,0,0,51,0,0,0,0,0,0,0x03
2026-09-06T16:49:54.813,925,0,2,52,0,0,0,0,0,0,0x03
2026-09-06T16:49:54.877,924,0,0,50,0,0,0,0,0,0,0x03
2026-09-06T16:49:54.877,927,0,2,50,0,0,0,0,0,0,0x03
2026-09-06T16:49:54.959,926,0,0,51,0,0,0,0,0,0,0x03
2026-09-06T16:49:54.959,929,0,2,50,0,0,0,0,0,0,0x03
2026-09-06T16:49:55.024,928,0,0,51,0,0,0,0,0,0,0x03
2026-09-06T16:49:55.024,931,0,2,51,0,0,0,0,0,0,0x03
2026-09-06T16:49:55.090,930,0,0,52,0,0,0,0,0,0,0x03
2026-09-06T16:49:55.090,933,0,2,51,0,0,0,0,0,0,0x03
2026-09-06T16:49:55.154,932,0,0,50,0,0,0,0,0,0,0x03
2026-09-06T16:49:55.154,935,0,2,50,0,0,0,0,0,0,0x03
2026-09-06T16:49:55.220,934,0,0,51,0,0,0,0,0,0,0x03
2026-09-06T16:49:55.220,937,0,2,51,0,0,0,0,0,0,0x03
2026-09-06T16:49:55.285,936,0,0,51,0,0,0,0,0,0,0x03
2026-09-06T16:49:55.285,939,0,2,52,0,0,0,0,0,0,0x03
2026-09-06T16:49:55.349,938,0,0,51,0,0,0,0,0,0,0x03
2026-09-06T16:49:55.349,941,0,2,51,0,0,0,0,0,0,0x03
2026-09-06T16:49:55.415,940,0,0,50,0,0,0,0,0,0,0x03
2026-09-06T16:49:55.415,943,0,2,51,0,0,0,0,0,0,0x03
2026-09-06T16:49:55.495,942,0,0,52,0,0,0,0,0,0,0x03
2026-09-06T16:49:55.495,945,0,2,54,0,0,0,0,0,0,0x03
2026-09-06T16:49:55.560,944,0,0,50,0,0,0,0,0,0,0x03
2026-09-06T16:49:55.560,947,0,2,51,0,0,0,0,0,0,0x03
2026-09-06T16:49:55.625,946,0,0,52,0,0,0,0,0,0,0x03
2026-09-06T16:49:55.625,949,0,2,50,0,0,0,0,0,0,0x03
2026-09-06T16:49:55.690,948,0,0,50,0,0,0,0,0,0,0x03
2026-09-06T16:49:55.690,951,0,2,50,0,0,0,0,0,0,0x03
2026-09-06T16:49:55.756,950,0,0,50,0,0,0,0,0,0,0x03
2026-09-06T16:49:55.756,953,0,2,51,0,0,0,0,0,0,0x03
2026-09-06T16:49:55.821,952,0,0,52,0,0,0,0,0,0,0x03
2026-09-06T16:49:55.821,955,0,2,50,0,0,0,0,0,0,0x03
2026-09-06T16:49:55.886,954,0,0,50,0,0,0,0,0,0,0x03
2026-09-06T16:49:55.886,957,0,2,51,0,0,0,0,0,0,0x03
2026-09-06T16:49:55.951,956,0,0,50,0,0,0,0,0,0,0x03
2026-09-06T16:49:55.951,959,0,2,51,0,0,0,0,0,0,0x03
2026-09-06T16:49:56.017,958,0,0,50,0,0,0,0,0,0,0x03
2026-09-06T16:49:56.017,961,0,2,51,0,0,0,0,0,0,0x03
2026-09-06T16:49:56.082,960,0,0,50,0,0,0,0,0,0,0x03
2026-09-06T16:49:56.082,963,0,2,50,0,0,0,0,0,0,0x03
2026-09-06T16:49:56.164,962,0,0,51,0,0,0,0,0,0,0x03
2026-09-06T16:49:56.164,965,0,2,50,0,0,0,0,0,0,0x03
2026-09-06T16:49:56.229,964,0,0,51,0,0,0,0,0,0,0x03
2026-09-06T16:49:56.229,967,0,2,51,0,0,0,0,0,0,0x03
2026-09-06T16:49:56.294,966,0,0,51,0,0,0,0,0,0,0x03
2026-09-06T16:49:56.294,969,0,2,50,0,0,0,0,0,0,0x03
2026-09-06T16:49:56.359,968,0,0,52,0,0,0,0,0,0,0x03
2026-09-06T16:49:56.359,971,0,2,51,0,0,0,0,0,0,0x03
2026-09-06T16:49:56.425,970,0,0,51,0,0,0,0,0,0,0x03
2026-09-06T16:49:56.425,973,0,2,51,0,0,0,0,0,0,0x03
2026-09-06T16:49:56.490,972,0,0,50,0,0,0,0,0,0,0x03
2026-09-06T16:49:56.490,975,0,2,52,0,0,0,0,0,0,0x03
2026-09-06T16:49:56.554,974,0,0,52,0,0,0,0,0,0,0x03
2026-09-06T16:49:56.554,977,0,2,51,0,0,0,0,0,0,0x03
2026-09-06T16:49:56.619,976,0,0,52,0,0,0,0,0,0,0x03
2026-09-06T16:49:56.619,979,0,2,50,0,0,0,0,0,0,0x03
2026-09-06T16:49:56.701,978,0,0,50,0,0,0,0,0,0,0x03
2026-09-06T16:49:56.701,981,0,2,51,0,0,0,0,0,0,0x03
2026-09-06T16:49:56.765,980,0,0,52,0,0,0,0,0,0,0x03
2026-09-06T16:49:56.765,983,0,2,52,0,0,0,0,0,0,0x03
2026-09-06T16:49:56.830,982,0,0,51,0,0,0,0,0,0,0x03
2026-09-06T16:49:56.830,985,0,2,51,0,0,0,0,0,0,0x03
2026-09-06T16:49:56.895,984,0,0,50,0,0,0,0,0,0,0x03
2026-09-06T16:49:56.895,987,0,2,52,0,0,0,0,0,0,0x03
2026-09-06T16:49:56.960,986,0,0,51,0,0,0,0,0,0,0x03
2026-09-06T16:49:56.960,989,0,2,51,0,0,0,0,0,0,0x03
2026-09-06T16:49:57.026,988,0,0,50,0,0,0,0,0,0,0x03
2026-09-06T16:49:57.026,991,0,2,51,0,0,0,0,0,0,0x03
2026-09-06T16:49:57.091,990,0,0,50,0,0,0,0,0,0,0x03
2026-09-06T16:49:57.091,993,0,2,50,0,0,0,0,0,0,0x03
2026-09-06T16:49:57.157,992,0,0,52,0,0,0,0,0,0,0x03
2026-09-06T16:49:57.157,995,0,2,50,0,0,0,0,0,0,0x03
2026-09-06T16:49:57.222,994,0,0,51,0,0,0,0,0,0,0x03
2026-09-06T16:49:57.222,997,0,2,51,0,0,0,0,0,0,0x03
2026-09-06T16:49:57.304,996,0,0,52,0,0,0,0,0,0,0x03
2026-09-06T16:49:57.304,999,0,2,50,0,0,0,0,0,0,0x03
2026-09-06T16:49:57.368,998,0,0,51,0,0,0,0,0,0,0x03
2026-09-06T16:49:57.368,1001,0,2,51,0,0,0,0,0,0,0x03
2026-09-06T16:49:57.434,1000,0,0,51,0,0,0,0,0,0,0x03
2026-09-06T16:49:57.434,1003,0,2,50,0,0,0,0,0,0,0x03
2026-09-06T16:49:57.498,1002,0,0,50,0,0,0,0,0,0,0x03
2026-09-06T16:49:57.498,1005,0,2,50,0,0,0,0,0,0,0x03
2026-09-06T16:49:57.563,1004,0,0,54,0,0,0,0,0,0,0x03
2026-09-06T16:49:57.563,1007,0,2,50,0,0,0,0,0,0,0x03
2026-09-06T16:49:57.628,1006,0,0,50,0,0,0,0,0,0,0x03
2026-09-06T16:49:57.628,1009,0,2,51,0,0,0,0,0,0,0x03
2026-09-06T16:49:57.694,1008,0,0,50,0,0,0,0,0,0,0x03
2026-09-06T16:49:57.694,1011,0,2,50,0,0,0,0,0,0,0x03
2026-09-06T16:49:57.759,1010,0,0,52,0,0,0,0,0,0,0x03
2026-09-06T16:49:57.759,1013,0,2,50,0,0,0,0,0,0,0x03
2026-09-06T16:49:57.840,1012,0,0,51,0,0,0,0,0,0,0x03
2026-09-06T16:49:57.840,1015,0,2,50,0,0,0,0,0,0,0x03
2026-09-06T16:49:57.889,1014,0,0,52,0,0,0,0,0,0,0x03
2026-09-06T16:49:57.889,1017,0,2,50,0,0,0,0,0,0,0x03
2026-09-06T16:49:57.970,1016,0,0,52,0,0,0,0,0,0,0x03
2026-09-06T16:49:57.970,1019,0,2,51,0,0,0,0,0,0,0x03
2026-09-06T16:49:58.035,1018,0,0,51,0,0,0,0,0,0,0x03
2026-09-06T16:49:58.035,1021,0,2,50,0,0,0,0,0,0,0x03
2026-09-06T16:49:58.101,1020,0,0,50,0,0,0,0,0,0,0x03
2026-09-06T16:49:58.101,1023,0,2,50,0,0,0,0,0,0,0x03
2026-09-06T16:49:58.167,1022,0,0,52,0,0,0,0,0,0,0x03
2026-09-06T16:49:58.167,1025,0,2,50,0,0,0,0,0,0,0x03
2026-09-06T16:49:58.232,1024,0,0,51,0,0,0,0,0,0,0x03
2026-09-06T16:49:58.232,1027,0,2,51,0,0,0,0,0,0,0x03
2026-09-06T16:49:58.297,1026,0,0,51,0,0,0,0,0,0,0x03
2026-09-06T16:49:58.297,1029,0,2,50,0,0,0,0,0,0,0x03
2026-09-06T16:49:58.363,1028,0,0,52,0,0,0,0,0,0,0x03
2026-09-06T16:49:58.363,1031,0,2,51,0,0,0,0,0,0,0x03
2026-09-06T16:49:58.427,1030,0,0,52,0,0,0,0,0,0,0x03
2026-09-06T16:49:58.427,1033,0,2,51,0,0,0,0,0,0,0x03
2026-09-06T16:49:58.509,1032,0,0,50,0,0,0,0,0,0,0x03
2026-09-06T16:49:58.509,1035,0,2,52,0,0,0,0,0,0,0x03
2026-09-06T16:49:58.574,1034,0,0,52,0,0,0,0,0,0,0x03
2026-09-06T16:49:58.574,1037,0,2,51,0,0,0,0,0,0,0x03
2026-09-06T16:49:58.639,1036,0,0,50,0,0,0,0,0,0,0x03
2026-09-06T16:49:58.639,1039,0,2,50,0,0,0,0,0,0,0x03
2026-09-06T16:49:58.704,1038,0,0,51,0,0,0,0,0,0,0x03
2026-09-06T16:49:58.705,1041,0,2,51,0,0,0,0,0,0,0x03
2026-09-06T16:49:58.769,1040,0,0,52,0,0,0,0,0,0,0x03
2026-09-06T16:49:58.769,1043,0,2,51,0,0,0,0,0,0,0x03
2026-09-06T16:49:58.833,1042,0,0,51,0,0,0,0,0,0,0x03
2026-09-06T16:49:58.833,1045,0,2,51,0,0,0,0,0,0,0x03
2026-09-06T16:49:58.898,1044,0,0,50,0,0,0,0,0,0,0x03
2026-09-06T16:49:58.898,1047,0,2,51,0,0,0,0,0,0,0x03
2026-09-06T16:49:58.963,1046,0,0,51,0,0,0,0,0,0,0x03
2026-09-06T16:49:58.963,1049,0,2,51,0,0,0,0,0,0,0x03
2026-09-06T16:49:59.044,1048,0,0,51,0,0,0,0,0,0,0x03
2026-09-06T16:49:59.044,1051,0,2,50,0,0,0,0,0,0,0x03
2026-09-06T16:49:59.109,1050,0,0,50,0,0,0,0,0,0,0x03
2026-09-06T16:49:59.109,1053,0,2,50,0,0,0,0,0,0,0x03
2026-09-06T16:49:59.174,1052,0,0,50,0,0,0,0,0,0,0x03
2026-09-06T16:49:59.174,1055,0,2,51,0,0,0,0,0,0,0x03
2026-09-06T16:49:59.239,1054,0,0,50,0,0,0,0,0,0,0x03
2026-09-06T16:49:59.239,1057,0,2,50,0,0,0,0,0,0,0x03
2026-09-06T16:49:59.304,1056,0,0,52,0,0,0,0,0,0,0x03
2026-09-06T16:49:59.304,1059,0,2,50,0,0,0,0,0,0,0x03
2026-09-06T16:49:59.369,1058,0,0,50,0,0,0,0,0,0,0x03
2026-09-06T16:49:59.369,1061,0,2,50,0,0,0,0,0,0,0x03
2026-09-06T16:49:59.434,1060,0,0,51,0,0,0,0,0,0,0x03
2026-09-06T16:49:59.434,1063,0,2,51,0,0,0,0,0,0,0x03
2026-09-06T16:49:59.499,1062,0,0,52,0,0,0,0,0,0,0x03
2026-09-06T16:49:59.499,1065,0,2,50,0,0,0,0,0,0,0x03
2026-09-06T16:49:59.580,1064,0,0,50,0,0,0,0,0,0,0x03
2026-09-06T16:49:59.580,1067,0,2,51,0,0,0,0,0,0,0x03
2026-09-06T16:49:59.645,1066,0,0,51,0,0,0,0,0,0,0x03
2026-09-06T16:49:59.645,1069,0,2,51,0,0,0,0,0,0,0x03
2026-09-06T16:49:59.710,1068,0,0,50,0,0,0,0,0,0,0x03
2026-09-06T16:49:59.710,1071,0,2,50,0,0,0,0,0,0,0x03
2026-09-06T16:49:59.776,1070,0,0,51,0,0,0,0,0,0,0x03
2026-09-06T16:49:59.776,1073,0,2,50,0,0,0,0,0,0,0x03
2026-09-06T16:49:59.841,1072,0,0,52,0,0,0,0,0,0,0x03
2026-09-06T16:49:59.841,1075,0,2,51,0,0,0,0,0,0,0x03
2026-09-06T16:49:59.906,1074,0,0,50,0,0,0,0,0,0,0x03
2026-09-06T16:49:59.906,1077,0,2,50,0,0,0,0,0,0,0x03
2026-09-06T16:49:59.971,1076,0,0,51,0,0,0,0,0,0,0x03
2026-09-06T16:49:59.972,1079,0,2,50,0,0,0,0,0,0,0x03
2026-09-06T16:50:00.036,1078,0,0,50,0,0,0,0,0,0,0x03
2026-09-06T16:50:00.036,1081,0,2,52,0,0,0,0,0,0,0x03
2026-09-06T16:50:00.102,1080,0,0,52,0,0,0,0,0,0,0x03
2026-09-06T16:50:00.102,1083,0,2,50,0,0,0,0,0,0,0x03
2026-09-06T16:50:00.167,1082,0,0,55,0,0,0,0,0,0,0x03
2026-09-06T16:50:00.167,1085,0,2,50,0,0,0,0,0,0,0x03
2026-09-06T16:50:00.247,1084,0,0,51,0,0,0,0,0,0,0x03
2026-09-06T16:50:00.247,1087,0,2,51,0,0,0,0,0,0,0x03
2026-09-06T16:50:00.312,1086,0,0,50,0,0,0,0,0,0,0x03
2026-09-06T16:50:00.312,1089,0,2,54,0,0,0,0,0,0,0x03
2026-09-06T16:50:00.378,1088,0,0,52,0,0,0,0,0,0,0x03
2026-09-06T16:50:00.378,1091,0,2,52,0,0,0,0,0,0,0x03
2026-09-06T16:50:00.442,1090,0,0,52,0,0,0,0,0,0,0x03
2026-09-06T16:50:00.442,1093,0,2,50,0,0,0,0,0,0,0x03
2026-09-06T16:50:00.508,1092,0,0,50,0,0,0,0,0,0,0x03
2026-09-06T16:50:00.508,1095,0,2,50,0,0,0,0,0,0,0x03
2026-09-06T16:50:00.573,1094,0,0,50,0,0,0,0,0,0,0x03
2026-09-06T16:50:00.573,1097,0,2,50,0,0,0,0,0,0,0x03
2026-09-06T16:50:00.638,1096,0,0,52,0,0,0,0,0,0,0x03
2026-09-06T16:50:00.638,1099,0,2,51,0,0,0,0,0,0,0x03
2026-09-06T16:50:00.703,1098,0,0,51,0,0,0,0,0,0,0x03
2026-09-06T16:50:00.703,1101,0,2,51,0,0,0,0,0,0,0x03
2026-09-06T16:50:00.769,1100,0,0,50,0,0,0,0,0,0,0x03
2026-09-06T16:50:00.769,1103,0,2,51,0,0,0,0,0,0,0x03
2026-09-06T16:50:00.850,1102,0,0,54,0,0,0,0,0,0,0x03
2026-09-06T16:50:00.850,1105,0,2,50,0,0,0,0,0,0,0x03
2026-09-06T16:50:00.915,1104,0,0,51,0,0,0,0,0,0,0x03
2026-09-06T16:50:00.915,1107,0,2,51,0,0,0,0,0,0,0x03
2026-09-06T16:50:00.980,1106,0,0,50,0,0,0,0,0,0,0x03
2026-09-06T16:50:00.980,1109,0,2,50,0,0,0,0,0,0,0x03
2026-09-06T16:50:01.046,1108,0,0,50,0,0,0,0,0,0,0x03
2026-09-06T16:50:01.046,1111,0,2,50,0,0,0,0,0,0,0x03
2026-09-06T16:50:01.111,1110,0,0,51,0,0,0,0,0,0,0x03
2026-09-06T16:50:01.111,1113,0,2,55,0,0,0,0,0,0,0x03
2026-09-06T16:50:01.176,1112,0,0,51,0,0,0,0,0,0,0x03
2026-09-06T16:50:01.176,1115,0,2,50,0,0,0,0,0,0,0x03
2026-09-06T16:50:01.241,1114,0,0,54,0,0,0,0,0,0,0x03
2026-09-06T16:50:01.241,1117,0,2,51,0,0,0,0,0,0,0x03
2026-09-06T16:50:01.306,1116,0,0,51,0,0,0,0,0,0,0x03
2026-09-06T16:50:01.306,1119,0,2,50,0,0,0,0,0,0,0x03
2026-09-06T16:50:01.388,1118,0,0,51,0,0,0,0,0,0,0x03
2026-09-06T16:50:01.388,1121,0,2,51,0,0,0,0,0,0,0x03
2026-09-06T16:50:01.452,1120,0,0,51,0,0,0,0,0,0,0x03
2026-09-06T16:50:01.452,1123,0,2,52,0,0,0,0,0,0,0x03
2026-09-06T16:50:01.517,1122,0,0,51,0,0,0,0,0,0,0x03
2026-09-06T16:50:01.517,1125,0,2,52,0,0,0,0,0,0,0x03
2026-09-06T16:50:01.582,1124,0,0,50,0,0,0,0,0,0,0x03
2026-09-06T16:50:01.582,1127,0,2,52,0,0,0,0,0,0,0x03
2026-09-06T16:50:01.648,1126,0,0,51,0,0,0,0,0,0,0x03
2026-09-06T16:50:01.648,1129,0,2,50,0,0,0,0,0,0,0x03
2026-09-06T16:50:01.714,1128,0,0,52,0,0,0,0,0,0,0x03
2026-09-06T16:50:01.714,1131,0,2,51,0,0,0,0,0,0,0x03
2026-09-06T16:50:01.779,1130,0,0,50,0,0,0,0,0,0,0x03
2026-09-06T16:50:01.779,1133,0,2,50,0,0,0,0,0,0,0x03
2026-09-06T16:50:01.844,1132,0,0,51,0,0,0,0,0,0,0x03
2026-09-06T16:50:01.844,1135,0,2,51,0,0,0,0,0,0,0x03
2026-09-06T16:50:01.910,1134,0,0,51,0,0,0,0,0,0,0x03
2026-09-06T16:50:01.910,1137,0,2,52,0,0,0,0,0,0,0x03
2026-09-06T16:50:01.975,1136,0,0,50,0,0,0,0,0,0,0x03
2026-09-06T16:50:01.975,1139,0,2,52,0,0,0,0,0,0,0x03
2026-09-06T16:50:02.040,1138,0,0,51,0,0,0,0,0,0,0x03
2026-09-06T16:50:02.040,1141,0,2,51,0,0,0,0,0,0,0x03
2026-09-06T16:50:02.122,1140,0,0,52,0,0,0,0,0,0,0x03
2026-09-06T16:50:02.122,1143,0,2,50,0,0,0,0,0,0,0x03
2026-09-06T16:50:02.187,1142,0,0,50,0,0,0,0,0,0,0x03
2026-09-06T16:50:02.187,1145,0,2,52,0,0,0,0,0,0,0x03
2026-09-06T16:50:02.252,1144,0,0,50,0,0,0,0,0,0,0x03
2026-09-06T16:50:02.252,1147,0,2,50,0,0,0,0,0,0,0x03
2026-09-06T16:50:02.317,1146,0,0,52,0,0,0,0,0,0,0x03
2026-09-06T16:50:02.317,1149,0,2,51,0,0,0,0,0,0,0x03
2026-09-06T16:50:02.383,1148,0,0,52,0,0,0,0,0,0,0x03
2026-09-06T16:50:02.383,1151,0,2,51,0,0,0,0,0,0,0x03
2026-09-06T16:50:02.448,1150,0,0,50,0,0,0,0,0,0,0x03
2026-09-06T16:50:02.448,1153,0,2,51,0,0,0,0,0,0,0x03
2026-09-06T16:50:02.512,1152,0,0,50,0,0,0,0,0,0,0x03
2026-09-06T16:50:02.513,1155,0,2,52,0,0,0,0,0,0,0x03
2026-09-06T16:50:02.577,1154,0,0,52,0,0,0,0,0,0,0x03
2026-09-06T16:50:02.577,1157,0,2,51,0,0,0,0,0,0,0x03
2026-09-06T16:50:02.658,1156,0,0,50,0,0,0,0,0,0,0x03
2026-09-06T16:50:02.658,1159,0,2,54,0,0,0,0,0,0,0x03
2026-09-06T16:50:02.723,1158,0,0,50,0,0,0,0,0,0,0x03
2026-09-06T16:50:02.723,1161,0,2,51,0,0,0,0,0,0,0x03
2026-09-06T16:50:02.788,1160,0,0,50,0,0,0,0,0,0,0x03
2026-09-06T16:50:02.788,1163,0,2,54,0,0,0,0,0,0,0x03
2026-09-06T16:50:02.853,1162,0,0,50,0,0,0,0,0,0,0x03
2026-09-06T16:50:02.853,1165,0,2,55,0,0,0,0,0,0,0x03
2026-09-06T16:50:02.918,1164,0,0,51,0,0,0,0,0,0,0x03
2026-09-06T16:50:02.918,1167,0,2,50,0,0,0,0,0,0,0x03
2026-09-06T16:50:02.983,1166,0,0,50,0,0,0,0,0,0,0x03
2026-09-06T16:50:02.983,1169,0,2,51,0,0,0,0,0,0,0x03
2026-09-06T16:50:03.048,1168,0,0,51,0,0,0,0,0,0,0x03
2026-09-06T16:50:03.048,1171,0,2,55,0,0,0,0,0,0,0x03
2026-09-06T16:50:03.114,1170,0,0,51,0,0,0,0,0,0,0x03
2026-09-06T16:50:03.114,1173,0,2,54,0,0,0,0,0,0,0x03
2026-09-06T16:50:03.194,1172,0,0,55,0,0,0,0,0,0,0x03
2026-09-06T16:50:03.194,1175,0,2,51,0,0,0,0,0,0,0x03
2026-09-06T16:50:03.259,1174,0,0,51,0,0,0,0,0,0,0x03
2026-09-06T16:50:03.259,1177,0,2,51,0,0,0,0,0,0,0x03
2026-09-06T16:50:03.324,1176,0,0,51,0,0,0,0,0,0,0x03
2026-09-06T16:50:03.325,1179,0,2,50,0,0,0,0,0,0,0x03
2026-09-06T16:50:03.389,1178,0,0,51,0,0,0,0,0,0,0x03
2026-09-06T16:50:03.389,1181,0,2,50,0,0,0,0,0,0,0x03
2026-09-06T16:50:03.454,1180,0,0,50,0,0,0,0,0,0,0x03
2026-09-06T16:50:03.454,1183,0,2,52,0,0,0,0,0,0,0x03
2026-09-06T16:50:03.519,1182,0,0,50,0,0,0,0,0,0,0x03
2026-09-06T16:50:03.519,1185,0,2,51,0,0,0,0,0,0,0x03
2026-09-06T16:50:03.584,1184,0,0,53,0,0,0,0,0,0,0x03
2026-09-06T16:50:03.584,1187,0,2,51,0,0,0,0,0,0,0x03
2026-09-06T16:50:03.649,1186,0,0,52,0,0,0,0,0,0,0x03
2026-09-06T16:50:03.649,1189,0,2,51,0,0,0,0,0,0,0x03
2026-09-06T16:50:03.730,1188,0,0,50,0,0,0,0,0,0,0x03
2026-09-06T16:50:03.731,1191,0,2,50,0,0,0,0,0,0,0x03
2026-09-06T16:50:03.795,1190,0,0,50,0,0,0,0,0,0,0x03
2026-09-06T16:50:03.795,1193,0,2,50,0,0,0,0,0,0,0x03
2026-09-06T16:50:03.860,1192,0,0,51,0,0,0,0,0,0,0x03
2026-09-06T16:50:03.860,1195,0,2,51,0,0,0,0,0,0,0x03
2026-09-06T16:50:03.925,1194,0,0,51,0,0,0,0,0,0,0x03
2026-09-06T16:50:03.925,1197,0,2,55,0,0,0,0,0,0,0x03
2026-09-06T16:50:03.991,1196,0,0,51,0,0,0,0,0,0,0x03
2026-09-06T16:50:03.991,1199,0,2,51,0,0,0,0,0,0,0x03
2026-09-06T16:50:04.056,1198,0,0,51,0,0,0,0,0,0,0x03
2026-09-06T16:50:04.056,1201,0,2,51,0,0,0,0,0,0,0x03
2026-09-06T16:50:04.121,1200,0,0,50,0,0,0,0,0,0,0x03
2026-09-06T16:50:04.121,1203,0,2,52,0,0,0,0,0,0,0x03
2026-09-06T16:50:04.186,1202,0,0,50,0,0,0,0,0,0,0x03
2026-09-06T16:50:04.186,1205,0,2,53,0,0,0,0,0,0,0x03
2026-09-06T16:50:04.267,1204,0,0,50,0,0,0,0,0,0,0x03
2026-09-06T16:50:04.267,1207,0,2,52,0,0,0,0,0,0,0x03
2026-09-06T16:50:04.332,1206,0,0,50,0,0,0,0,0,0,0x03
2026-09-06T16:50:04.332,1209,0,2,52,0,0,0,0,0,0,0x03
2026-09-06T16:50:04.396,1208,0,0,50,0,0,0,0,0,0,0x03
2026-09-06T16:50:04.396,1211,0,2,50,0,0,0,0,0,0,0x03
2026-09-06T16:50:04.462,1210,0,0,50,0,0,0,0,0,0,0x03
2026-09-06T16:50:04.462,1213,0,2,52,0,0,0,0,0,0,0x03
2026-09-06T16:50:04.526,1212,0,0,52,0,0,0,0,0,0,0x03
2026-09-06T16:50:04.527,1215,0,2,51,0,0,0,0,0,0,0x03
2026-09-06T16:50:04.591,1214,0,0,50,0,0,0,0,0,0,0x03
2026-09-06T16:50:04.591,1217,0,2,50,0,0,0,0,0,0,0x03
2026-09-06T16:50:04.656,1216,0,0,51,0,0,0,0,0,0,0x03
2026-09-06T16:50:04.656,1219,0,2,52,0,0,0,0,0,0,0x03
2026-09-06T16:50:04.721,1218,0,0,52,0,0,0,0,0,0,0x03
2026-09-06T16:50:04.721,1221,0,2,52,0,0,0,0,0,0,0x03
2026-09-06T16:50:04.803,1220,0,0,51,0,0,0,0,0,0,0x03
2026-09-06T16:50:04.803,1223,0,2,51,0,0,0,0,0,0,0x03
2026-09-06T16:50:04.868,1222,0,0,50,0,0,0,0,0,0,0x03
2026-09-06T16:50:04.868,1225,0,2,53,0,0,0,0,0,0,0x03
2026-09-06T16:50:04.933,1224,0,0,52,0,0,0,0,0,0,0x03
2026-09-06T16:50:04.933,1227,0,2,51,0,0,0,0,0,0,0x03
2026-09-06T16:50:04.998,1226,0,0,52,0,0,0,0,0,0,0x03
2026-09-06T16:50:04.998,1229,0,2,51,0,0,0,0,0,0,0x03
2026-09-06T16:50:05.064,1228,0,0,52,0,0,0,0,0,0,0x03
2026-09-06T16:50:05.064,1231,0,2,56,0,0,0,0,0,0,0x03
2026-09-06T16:50:05.129,1230,0,0,51,0,0,0,0,0,0,0x03
2026-09-06T16:50:05.129,1233,0,2,51,0,0,0,0,0,0,0x03
2026-09-06T16:50:05.194,1232,0,0,51,0,0,0,0,0,0,0x03
2026-09-06T16:50:05.194,1235,0,2,50,0,0,0,0,0,0,0x03
2026-09-06T16:50:05.259,1234,0,0,51,0,0,0,0,0,0,0x03
2026-09-06T16:50:05.259,1237,0,2,51,0,0,0,0,0,0,0x03
2026-09-06T16:50:05.325,1236,0,0,50,0,0,0,0,0,0,0x03
2026-09-06T16:50:05.325,1239,0,2,50,0,0,0,0,0,0,0x03
2026-09-06T16:50:05.390,1238,0,0,50,0,0,0,0,0,0,0x03
2026-09-06T16:50:05.390,1241,0,2,51,0,0,0,0,0,0,0x03
2026-09-06T16:50:05.472,1240,0,0,51,0,0,0,0,0,0,0x03
2026-09-06T16:50:05.472,1243,0,2,52,0,0,0,0,0,0,0x03
2026-09-06T16:50:05.537,1242,0,0,50,0,0,0,0,0,0,0x03
2026-09-06T16:50:05.537,1245,0,2,50,0,0,0,0,0,0,0x03
2026-09-06T16:50:05.602,1244,0,0,51,0,0,0,0,0,0,0x03
2026-09-06T16:50:05.602,1247,0,2,51,0,0,0,0,0,0,0x03
2026-09-06T16:50:05.667,1246,0,0,50,0,0,0,0,0,0,0x03
2026-09-06T16:50:05.667,1249,0,2,50,0,0,0,0,0,0,0x03
2026-09-06T16:50:05.733,1248,0,0,50,0,0,0,0,0,0,0x03
2026-09-06T16:50:05.733,1251,0,2,52,0,0,0,0,0,0,0x03
2026-09-06T16:50:05.797,1250,0,0,51,0,0,0,0,0,0,0x03
2026-09-06T16:50:05.797,1253,0,2,51,0,0,0,0,0,0,0x03
2026-09-06T16:50:05.863,1252,0,0,51,0,0,0,0,0,0,0x03
2026-09-06T16:50:05.863,1255,0,2,52,0,0,0,0,0,0,0x03
2026-09-06T16:50:05.928,1254,0,0,52,0,0,0,0,0,0,0x03
2026-09-06T16:50:05.929,1257,0,2,51,0,0,0,0,0,0,0x03
2026-09-06T16:50:05.994,1256,0,0,50,0,0,0,0,0,0,0x03
2026-09-06T16:50:05.994,1259,0,2,51,0,0,0,0,0,0,0x03
2026-09-06T16:50:06.075,1258,0,0,52,0,0,0,0,0,0,0x03
2026-09-06T16:50:06.075,1261,0,2,51,0,0,0,0,0,0,0x03
2026-09-06T16:50:06.140,1260,0,0,52,0,0,0,0,0,0,0x03
2026-09-06T16:50:06.140,1263,0,2,50,0,0,0,0,0,0,0x03
2026-09-06T16:50:06.206,1262,0,0,52,0,0,0,0,0,0,0x03
2026-09-06T16:50:06.206,1265,0,2,51,0,0,0,0,0,0,0x03
2026-09-06T16:50:06.271,1264,0,0,52,0,0,0,0,0,0,0x03
2026-09-06T16:50:06.271,1267,0,2,51,0,0,0,0,0,0,0x03
2026-09-06T16:50:06.336,1266,0,0,51,0,0,0,0,0,0,0x03
2026-09-06T16:50:06.336,1269,0,2,51,0,0,0,0,0,0,0x03
2026-09-06T16:50:06.401,1268,0,0,52,0,0,0,0,0,0,0x03
2026-09-06T16:50:06.401,1271,0,2,52,0,0,0,0,0,0,0x03
2026-09-06T16:50:06.467,1270,0,0,52,0,0,0,0,0,0,0x03
2026-09-06T16:50:06.467,1273,0,2,51,0,0,0,0,0,0,0x03
2026-09-06T16:50:06.532,1272,0,0,50,0,0,0,0,0,0,0x03
2026-09-06T16:50:06.532,1275,0,2,50,0,0,0,0,0,0,0x03
2026-09-06T16:50:06.597,1274,0,0,52,0,0,0,0,0,0,0x03
2026-09-06T16:50:06.597,1277,0,2,50,0,0,0,0,0,0,0x03
2026-09-06T16:50:06.662,1276,0,0,51,0,0,0,0,0,0,0x03
2026-09-06T16:50:06.662,1279,0,2,50,0,0,0,0,0,0,0x03
2026-09-06T16:50:06.744,1278,0,0,50,0,0,0,0,0,0,0x03
2026-09-06T16:50:06.744,1281,0,2,50,0,0,0,0,0,0,0x03
2026-09-06T16:50:06.808,1280,0,0,51,0,0,0,0,0,0,0x03
2026-09-06T16:50:06.809,1283,0,2,55,0,0,0,0,0,0,0x03
2026-09-06T16:50:06.873,1282,0,0,52,0,0,0,0,0,0,0x03
2026-09-06T16:50:06.873,1285,0,2,50,0,0,0,0,0,0,0x03
2026-09-06T16:50:06.938,1284,0,0,50,0,0,0,0,0,0,0x03
2026-09-06T16:50:06.938,1287,0,2,51,0,0,0,0,0,0,0x03
2026-09-06T16:50:07.004,1286,0,0,51,0,0,0,0,0,0,0x03
2026-09-06T16:50:07.004,1289,0,2,52,0,0,0,0,0,0,0x03
2026-09-06T16:50:07.069,1288,0,0,50,0,0,0,0,0,0,0x03
2026-09-06T16:50:07.069,1291,0,2,52,0,0,0,0,0,0,0x03
2026-09-06T16:50:07.134,1290,0,0,51,0,0,0,0,0,0,0x03
2026-09-06T16:50:07.134,1293,0,2,52,0,0,0,0,0,0,0x03
2026-09-06T16:50:07.198,1292,0,0,54,0,0,0,0,0,0,0x03
2026-09-06T16:50:07.198,1295,0,2,51,0,0,0,0,0,0,0x03
2026-09-06T16:50:07.279,1294,0,0,51,0,0,0,0,0,0,0x03
2026-09-06T16:50:07.279,1297,0,2,50,0,0,0,0,0,0,0x03
2026-09-06T16:50:07.345,1296,0,0,50,0,0,0,0,0,0,0x03
2026-09-06T16:50:07.345,1299,0,2,50,0,0,0,0,0,0,0x03
2026-09-06T16:50:07.410,1298,0,0,50,0,0,0,0,0,0,0x03
2026-09-06T16:50:07.410,1301,0,2,52,0,0,0,0,0,0,0x03
2026-09-06T16:50:07.475,1300,0,0,50,0,0,0,0,0,0,0x03
2026-09-06T16:50:07.475,1303,0,2,52,0,0,0,0,0,0,0x03
2026-09-06T16:50:07.540,1302,0,0,50,0,0,0,0,0,0,0x03
2026-09-06T16:50:07.540,1305,0,2,50,0,0,0,0,0,0,0x03
2026-09-06T16:50:07.605,1304,0,0,51,0,0,0,0,0,0,0x03
2026-09-06T16:50:07.605,1307,0,2,51,0,0,0,0,0,0,0x03
2026-09-06T16:50:07.670,1306,0,0,50,0,0,0,0,0,0,0x03
2026-09-06T16:50:07.670,1309,0,2,51,0,0,0,0,0,0,0x03
2026-09-06T16:50:07.736,1308,0,0,52,0,0,0,0,0,0,0x03
2026-09-06T16:50:07.736,1311,0,2,51,0,0,0,0,0,0,0x03
2026-09-06T16:50:07.817,1310,0,0,51,0,0,0,0,0,0,0x03
2026-09-06T16:50:07.817,1313,0,2,51,0,0,0,0,0,0,0x03
2026-09-06T16:50:07.881,1312,0,0,52,0,0,0,0,0,0,0x03
2026-09-06T16:50:07.881,1315,0,2,50,0,0,0,0,0,0,0x03
2026-09-06T16:50:07.947,1314,0,0,50,0,0,0,0,0,0,0x03
2026-09-06T16:50:07.947,1317,0,2,50,0,0,0,0,0,0,0x03
2026-09-06T16:50:08.011,1316,0,0,51,0,0,0,0,0,0,0x03
2026-09-06T16:50:08.012,1319,0,2,50,0,0,0,0,0,0,0x03
2026-09-06T16:50:08.077,1318,0,0,51,0,0,0,0,0,0,0x03
2026-09-06T16:50:08.077,1321,0,2,50,0,0,0,0,0,0,0x03
2026-09-06T16:50:08.142,1320,0,0,50,0,0,0,0,0,0,0x03
2026-09-06T16:50:08.142,1323,0,2,50,0,0,0,0,0,0,0x03
2026-09-06T16:50:08.208,1322,0,0,52,0,0,0,0,0,0,0x03
2026-09-06T16:50:08.208,1325,0,2,50,0,0,0,0,0,0,0x03
2026-09-06T16:50:08.273,1324,0,0,50,0,0,0,0,0,0,0x03
2026-09-06T16:50:08.273,1327,0,2,50,0,0,0,0,0,0,0x03
2026-09-06T16:50:08.338,1326,0,0,50,0,0,0,0,0,0,0x03
2026-09-06T16:50:08.338,1329,0,2,51,0,0,0,0,0,0,0x03
2026-09-06T16:50:08.420,1328,0,0,50,0,0,0,0,0,0,0x03
2026-09-06T16:50:08.420,1331,0,2,51,0,0,0,0,0,0,0x03
2026-09-06T16:50:08.484,1330,0,0,51,0,0,0,0,0,0,0x03
2026-09-06T16:50:08.484,1333,0,2,50,0,0,0,0,0,0,0x03
2026-09-06T16:50:08.550,1332,0,0,52,0,0,0,0,0,0,0x03
2026-09-06T16:50:08.550,1335,0,2,50,0,0,0,0,0,0,0x03
2026-09-06T16:50:08.615,1334,0,0,50,0,0,0,0,0,0,0x03
2026-09-06T16:50:08.615,1337,0,2,51,0,0,0,0,0,0,0x03
2026-09-06T16:50:08.681,1336,0,0,54,0,0,0,0,0,0,0x03
2026-09-06T16:50:08.681,1339,0,2,50,0,0,0,0,0,0,0x03
2026-09-06T16:50:08.747,1338,0,0,51,0,0,0,0,0,0,0x03
2026-09-06T16:50:08.747,1341,0,2,50,0,0,0,0,0,0,0x03
2026-09-06T16:50:08.811,1340,0,0,51,0,0,0,0,0,0,0x03
2026-09-06T16:50:08.811,1343,0,2,51,0,0,0,0,0,0,0x03
2026-09-06T16:50:08.875,1342,0,0,50,0,0,0,0,0,0,0x03
2026-09-06T16:50:08.875,1345,0,2,51,0,0,0,0,0,0,0x03
2026-09-06T16:50:08.941,1344,0,0,51,0,0,0,0,0,0,0x03
2026-09-06T16:50:08.941,1347,0,2,50,0,0,0,0,0,0,0x03
2026-09-06T16:50:09.006,1346,0,0,51,0,0,0,0,0,0,0x03
2026-09-06T16:50:09.006,1349,0,2,50,0,0,0,0,0,0,0x03
2026-09-06T16:50:09.087,1348,0,0,50,0,0,0,0,0,0,0x03
2026-09-06T16:50:09.087,1351,0,2,50,0,0,0,0,0,0,0x03
2026-09-06T16:50:09.152,1350,0,0,51,0,0,0,0,0,0,0x03
2026-09-06T16:50:09.152,1353,0,2,50,0,0,0,0,0,0,0x03
2026-09-06T16:50:09.218,1352,0,0,52,0,0,0,0,0,0,0x03
2026-09-06T16:50:09.218,1355,0,2,50,0,0,0,0,0,0,0x03
2026-09-06T16:50:09.283,1354,0,0,50,0,0,0,0,0,0,0x03
2026-09-06T16:50:09.283,1357,0,2,50,0,0,0,0,0,0,0x03
2026-09-06T16:50:09.348,1356,0,0,51,0,0,0,0,0,0,0x03
2026-09-06T16:50:09.348,1359,0,2,51,0,0,0,0,0,0,0x03
2026-09-06T16:50:09.413,1358,0,0,51,0,0,0,0,0,0,0x03
2026-09-06T16:50:09.413,1361,0,2,51,0,0,0,0,0,0,0x03
2026-09-06T16:50:09.478,1363,0,2,52,0,0,0,0,0,0,0x03
2026-09-06T16:50:09.542,1360,0,0,52,0,0,0,0,0,0,0x03
2026-09-06T16:50:09.542,1363,0,2,50,0,0,0,0,0,0,0x03
2026-09-06T16:50:09.623,1362,0,0,51,0,0,0,0,0,0,0x03
2026-09-06T16:50:09.623,1363,0,2,51,0,0,0,0,0,0,0x03
2026-09-06T16:50:09.689,1362,0,0,51,0,0,0,0,0,0,0x03
2026-09-06T16:50:09.689,1369,0,2,52,0,0,0,0,0,0,0x03
2026-09-06T16:50:09.753,1368,0,0,52,0,0,0,0,0,0,0x03
2026-09-06T16:50:09.753,1371,0,2,51,0,0,0,0,0,0,0x03
2026-09-06T16:50:09.818,1370,0,0,50,0,0,0,0,0,0,0x03
2026-09-06T16:50:09.819,1373,0,2,50,0,0,0,0,0,0,0x03
2026-09-06T16:50:09.883,1372,0,0,58,0,0,0,0,0,0,0x03
2026-09-06T16:50:09.883,1375,0,2,50,0,0,0,0,0,0,0x03
2026-09-06T16:50:09.949,1374,0,0,51,0,0,0,0,0,0,0x03
2026-09-06T16:50:09.949,1377,0,2,51,0,0,0,0,0,0,0x03
2026-09-06T16:50:10.014,1376,0,0,52,0,0,0,0,0,0,0x03
2026-09-06T16:50:10.014,1379,0,2,50,0,0,0,0,0,0,0x03
2026-09-06T16:50:10.079,1378,0,0,50,0,0,0,0,0,0,0x03
2026-09-06T16:50:10.079,1381,0,2,50,0,0,0,0,0,0,0x03
2026-09-06T16:50:10.160,1380,0,0,51,0,0,0,0,0,0,0x03
2026-09-06T16:50:10.160,1383,0,2,55,0,0,0,0,0,0,0x03
2026-09-06T16:50:10.209,1382,0,0,52,0,0,0,0,0,0,0x03
2026-09-06T16:50:10.209,1385,0,2,51,0,0,0,0,0,0,0x03
2026-09-06T16:50:10.290,1384,0,0,52,0,0,0,0,0,0,0x03
2026-09-06T16:50:10.290,1387,0,2,50,0,0,0,0,0,0,0x03
2026-09-06T16:50:10.355,1386,0,0,50,0,0,0,0,0,0,0x03
2026-09-06T16:50:10.355,1389,0,2,50,0,0,0,0,0,0,0x03
2026-09-06T16:50:10.420,1388,0,0,51,0,0,0,0,0,0,0x03
2026-09-06T16:50:10.420,1391,0,2,50,0,0,0,0,0,0,0x03
2026-09-06T16:50:10.486,1390,0,0,51,0,0,0,0,0,0,0x03
2026-09-06T16:50:10.486,1393,0,2,50,0,0,0,0,0,0,0x03
2026-09-06T16:50:10.550,1392,0,0,50,0,0,0,0,0,0,0x03
2026-09-06T16:50:10.550,1395,0,2,55,0,0,0,0,0,0,0x03
2026-09-06T16:50:10.615,1394,0,0,50,0,0,0,0,0,0,0x03
2026-09-06T16:50:10.615,1397,0,2,51,0,0,0,0,0,0,0x03
2026-09-06T16:50:10.697,1396,0,0,50,0,0,0,0,0,0,0x03
2026-09-06T16:50:10.697,1399,0,2,51,0,0,0,0,0,0,0x03
2026-09-06T16:50:10.745,1398,0,0,52,0,0,0,0,0,0,0x03
2026-09-06T16:50:10.745,1401,0,2,50,0,0,0,0,0,0,0x03
2026-09-06T16:50:10.827,1400,0,0,52,0,0,0,0,0,0,0x03
2026-09-06T16:50:10.827,1403,0,2,51,0,0,0,0,0,0,0x03
2026-09-06T16:50:10.892,1402,0,0,50,0,0,0,0,0,0,0x03
2026-09-06T16:50:10.892,1405,0,2,50,0,0,0,0,0,0,0x03
2026-09-06T16:50:10.957,1404,0,0,50,0,0,0,0,0,0,0x03
2026-09-06T16:50:10.957,1407,0,2,52,0,0,0,0,0,0,0x03
2026-09-06T16:50:11.023,1406,0,0,50,0,0,0,0,0,0,0x03
2026-09-06T16:50:11.023,1409,0,2,51,0,0,0,0,0,0,0x03
2026-09-06T16:50:11.088,1408,0,0,51,0,0,0,0,0,0,0x03
2026-09-06T16:50:11.088,1411,0,2,52,0,0,0,0,0,0,0x03
2026-09-06T16:50:11.153,1410,0,0,52,0,0,0,0,0,0,0x03
2026-09-06T16:50:11.153,1413,0,2,51,0,0,0,0,0,0,0x03
2026-09-06T16:50:11.218,1412,0,0,50,0,0,0,0,0,0,0x03
2026-09-06T16:50:11.218,1415,0,2,54,0,0,0,0,0,0,0x03
2026-09-06T16:50:11.283,1414,0,0,52,0,0,0,0,0,0,0x03
2026-09-06T16:50:11.283,1417,0,2,52,0,0,0,0,0,0,0x03
2026-09-06T16:50:11.348,1416,0,0,50,0,0,0,0,0,0,0x03
2026-09-06T16:50:11.348,1419,0,2,51,0,0,0,0,0,0,0x03
2026-09-06T16:50:11.430,1418,0,0,50,0,0,0,0,0,0,0x03
2026-09-06T16:50:11.430,1421,0,2,52,0,0,0,0,0,0,0x03
2026-09-06T16:50:11.496,1420,0,0,50,0,0,0,0,0,0,0x03
2026-09-06T16:50:11.496,1423,0,2,50,0,0,0,0,0,0,0x03
2026-09-06T16:50:11.560,1422,0,0,52,0,0,0,0,0,0,0x03
2026-09-06T16:50:11.560,1425,0,2,50,0,0,0,0,0,0,0x03
2026-09-06T16:50:11.625,1424,0,0,51,0,0,0,0,0,0,0x03
2026-09-06T16:50:11.625,1427,0,2,55,0,0,0,0,0,0,0x03
2026-09-06T16:50:11.690,1426,0,0,55,0,0,0,0,0,0,0x03
2026-09-06T16:50:11.690,1429,0,2,51,0,0,0,0,0,0,0x03
2026-09-06T16:50:11.755,1428,0,0,50,0,0,0,0,0,0,0x03
2026-09-06T16:50:11.755,1431,0,2,52,0,0,0,0,0,0,0x03
2026-09-06T16:50:11.821,1430,0,0,51,0,0,0,0,0,0,0x03
2026-09-06T16:50:11.821,1433,0,2,51,0,0,0,0,0,0,0x03
2026-09-06T16:50:11.886,1432,0,0,52,0,0,0,0,0,0,0x03
2026-09-06T16:50:11.886,1435,0,2,51,0,0,0,0,0,0,0x03
2026-09-06T16:50:11.967,1434,0,0,54,0,0,0,0,0,0,0x03
2026-09-06T16:50:11.967,1437,0,2,51,0,0,0,0,0,0,0x03
2026-09-06T16:50:12.017,1436,0,0,52,0,0,0,0,0,0,0x03
2026-09-06T16:50:12.017,1439,0,2,52,0,0,0,0,0,0,0x03
2026-09-06T16:50:12.098,1438,0,0,52,0,0,0,0,0,0,0x03
2026-09-06T16:50:12.098,1441,0,2,51,0,0,0,0,0,0,0x03
2026-09-06T16:50:12.163,1440,0,0,51,0,0,0,0,0,0,0x03
2026-09-06T16:50:12.163,1443,0,2,50,0,0,0,0,0,0,0x03
2026-09-06T16:50:12.228,1442,0,0,55,0,0,0,0,0,0,0x03
2026-09-06T16:50:12.228,1445,0,2,52,0,0,0,0,0,0,0x03
2026-09-06T16:50:12.293,1444,0,0,51,0,0,0,0,0,0,0x03
2026-09-06T16:50:12.294,1447,0,2,51,0,0,0,0,0,0,0x03
2026-09-06T16:50:12.359,1446,0,0,50,0,0,0,0,0,0,0x03
2026-09-06T16:50:12.359,1449,0,2,50,0,0,0,0,0,0,0x03
2026-09-06T16:50:12.423,1448,0,0,51,0,0,0,0,0,0,0x03
2026-09-06T16:50:12.423,1451,0,2,51,0,0,0,0,0,0,0x03
2026-09-06T16:50:12.489,1450,0,0,50,0,0,0,0,0,0,0x03
2026-09-06T16:50:12.489,1453,0,2,50,0,0,0,0,0,0,0x03
2026-09-06T16:50:12.555,1452,0,0,50,0,0,0,0,0,0,0x03
2026-09-06T16:50:12.555,1455,0,2,50,0,0,0,0,0,0,0x03
2026-09-06T16:50:12.635,1454,0,0,52,0,0,0,0,0,0,0x03
2026-09-06T16:50:12.635,1457,0,2,50,0,0,0,0,0,0,0x03
2026-09-06T16:50:12.700,1456,0,0,50,0,0,0,0,0,0,0x03
2026-09-06T16:50:12.700,1459,0,2,51,0,0,0,0,0,0,0x03
2026-09-06T16:50:12.764,1458,0,0,51,0,0,0,0,0,0,0x03
2026-09-06T16:50:12.764,1461,0,2,51,0,0,0,0,0,0,0x03
2026-09-06T16:50:12.830,1460,0,0,50,0,0,0,0,0,0,0x03
2026-09-06T16:50:12.830,1463,0,2,52,0,0,0,0,0,0,0x03
2026-09-06T16:50:12.894,1462,0,0,51,0,0,0,0,0,0,0x03
2026-09-06T16:50:12.894,1465,0,2,52,0,0,0,0,0,0,0x03
2026-09-06T16:50:12.959,1464,0,0,50,0,0,0,0,0,0,0x03
2026-09-06T16:50:12.959,1467,0,2,55,0,0,0,0,0,0,0x03
2026-09-06T16:50:13.041,1466,0,0,52,0,0,0,0,0,0,0x03
2026-09-06T16:50:13.041,1469,0,2,50,0,0,0,0,0,0,0x03
2026-09-06T16:50:13.090,1468,0,0,51,0,0,0,0,0,0,0x03
2026-09-06T16:50:13.090,1471,0,2,52,0,0,0,0,0,0,0x03
2026-09-06T16:50:13.171,1470,0,0,51,0,0,0,0,0,0,0x03
2026-09-06T16:50:13.171,1473,0,2,52,0,0,0,0,0,0,0x03
2026-09-06T16:50:13.236,1472,0,0,52,0,0,0,0,0,0,0x03
2026-09-06T16:50:13.236,1475,0,2,50,0,0,0,0,0,0,0x03
2026-09-06T16:50:13.301,1474,0,0,51,0,0,0,0,0,0,0x03
2026-09-06T16:50:13.301,1477,0,2,51,0,0,0,0,0,0,0x03
2026-09-06T16:50:13.366,1476,0,0,50,0,0,0,0,0,0,0x03
2026-09-06T16:50:13.366,1479,0,2,53,0,0,0,0,0,0,0x03
2026-09-06T16:50:13.432,1478,0,0,51,0,0,0,0,0,0,0x03
2026-09-06T16:50:13.432,1481,0,2,52,0,0,0,0,0,0,0x03
2026-09-06T16:50:13.497,1480,0,0,50,0,0,0,0,0,0,0x03
2026-09-06T16:50:13.498,1483,0,2,50,0,0,0,0,0,0,0x03
2026-09-06T16:50:13.562,1482,0,0,52,0,0,0,0,0,0,0x03
2026-09-06T16:50:13.562,1485,0,2,51,0,0,0,0,0,0,0x03
2026-09-06T16:50:13.628,1484,0,0,51,0,0,0,0,0,0,0x03
2026-09-06T16:50:13.628,1487,0,2,52,0,0,0,0,0,0,0x03
2026-09-06T16:50:13.709,1486,0,0,51,0,0,0,0,0,0,0x03
2026-09-06T16:50:13.709,1489,0,2,52,0,0,0,0,0,0,0x03
2026-09-06T16:50:13.774,1488,0,0,51,0,0,0,0,0,0,0x03
2026-09-06T16:50:13.774,1491,0,2,51,0,0,0,0,0,0,0x03
2026-09-06T16:50:13.839,1490,0,0,50,0,0,0,0,0,0,0x03
2026-09-06T16:50:13.839,1493,0,2,52,0,0,0,0,0,0,0x03
2026-09-06T16:50:13.905,1492,0,0,50,0,0,0,0,0,0,0x03
2026-09-06T16:50:13.905,1495,0,2,50,0,0,0,0,0,0,0x03
2026-09-06T16:50:13.970,1494,0,0,50,0,0,0,0,0,0,0x03
2026-09-06T16:50:13.970,1497,0,2,51,0,0,0,0,0,0,0x03
2026-09-06T16:50:14.035,1496,0,0,51,0,0,0,0,0,0,0x03
2026-09-06T16:50:14.035,1499,0,2,52,0,0,0,0,0,0,0x03
2026-09-06T16:50:14.099,1498,0,0,51,0,0,0,0,0,0,0x03
2026-09-06T16:50:14.099,1501,0,2,50,0,0,0,0,0,0,0x03
2026-09-06T16:50:14.165,1500,0,0,52,0,0,0,0,0,0,0x03
2026-09-06T16:50:14.165,1503,0,2,51,0,0,0,0,0,0,0x03
2026-09-06T16:50:14.229,1502,0,0,50,0,0,0,0,0,0,0x03
2026-09-06T16:50:14.229,1505,0,2,52,0,0,0,0,0,0,0x03
2026-09-06T16:50:14.311,1504,0,0,52,0,0,0,0,0,0,0x03
2026-09-06T16:50:14.311,1507,0,2,51,0,0,0,0,0,0,0x03
2026-09-06T16:50:14.376,1506,0,0,50,0,0,0,0,0,0,0x03
2026-09-06T16:50:14.376,1509,0,2,51,0,0,0,0,0,0,0x03
2026-09-06T16:50:14.442,1508,0,0,50,0,0,0,0,0,0,0x03
2026-09-06T16:50:14.442,1511,0,2,50,0,0,0,0,0,0,0x03
2026-09-06T16:50:14.506,1510,0,0,52,0,0,0,0,0,0,0x03
2026-09-06T16:50:14.506,1513,0,2,50,0,0,0,0,0,0,0x03
2026-09-06T16:50:14.571,1512,0,0,50,0,0,0,0,0,0,0x03
2026-09-06T16:50:14.571,1515,0,2,51,0,0,0,0,0,0,0x03
2026-09-06T16:50:14.636,1514,0,0,52,0,0,0,0,0,0,0x03
2026-09-06T16:50:14.637,1517,0,2,51,0,0,0,0,0,0,0x03
2026-09-06T16:50:14.702,1516,0,0,51,0,0,0,0,0,0,0x03
2026-09-06T16:50:14.702,1519,0,2,52,0,0,0,0,0,0,0x03
2026-09-06T16:50:14.768,1518,0,0,51,0,0,0,0,0,0,0x03
2026-09-06T16:50:14.768,1521,0,2,52,0,0,0,0,0,0,0x03
2026-09-06T16:50:14.833,1520,0,0,51,0,0,0,0,0,0,0x03
2026-09-06T16:50:14.833,1523,0,2,50,0,0,0,0,0,0,0x03
2026-09-06T16:50:14.898,1522,0,0,52,0,0,0,0,0,0,0x03
2026-09-06T16:50:14.898,1525,0,2,54,0,0,0,0,0,0,0x03
2026-09-06T16:50:14.979,1524,0,0,50,0,0,0,0,0,0,0x03
2026-09-06T16:50:14.979,1527,0,2,52,0,0,0,0,0,0,0x03
2026-09-06T16:50:15.044,1526,0,0,52,0,0,0,0,0,0,0x03
2026-09-06T16:50:15.044,1529,0,2,51,0,0,0,0,0,0,0x03
2026-09-06T16:50:15.109,1528,0,0,51,0,0,0,0,0,0,0x03
2026-09-06T16:50:15.109,1531,0,2,55,0,0,0,0,0,0,0x03
2026-09-06T16:50:15.174,1530,0,0,50,0,0,0,0,0,0,0x03
2026-09-06T16:50:15.174,1533,0,2,50,0,0,0,0,0,0,0x03
2026-09-06T16:50:15.239,1532,0,0,52,0,0,0,0,0,0,0x03
2026-09-06T16:50:15.239,1535,0,2,51,0,0,0,0,0,0,0x03
2026-09-06T16:50:15.304,1534,0,0,51,0,0,0,0,0,0,0x03
2026-09-06T16:50:15.304,1537,0,2,50,0,0,0,0,0,0,0x03
2026-09-06T16:50:15.369,1536,0,0,50,0,0,0,0,0,0,0x03
2026-09-06T16:50:15.370,1539,0,2,50,0,0,0,0,0,0,0x03
2026-09-06T16:50:15.435,1538,0,0,50,0,0,0,0,0,0,0x03
2026-09-06T16:50:15.435,1541,0,2,51,0,0,0,0,0,0,0x03
2026-09-06T16:50:15.516,1540,0,0,51,0,0,0,0,0,0,0x03
2026-09-06T16:50:15.516,1543,0,2,50,0,0,0,0,0,0,0x03
2026-09-06T16:50:15.581,1542,0,0,50,0,0,0,0,0,0,0x03
2026-09-06T16:50:15.581,1545,0,2,52,0,0,0,0,0,0,0x03
2026-09-06T16:50:15.646,1544,0,0,50,0,0,0,0,0,0,0x03
2026-09-06T16:50:15.646,1547,0,2,50,0,0,0,0,0,0,0x03
2026-09-06T16:50:15.712,1546,0,0,50,0,0,0,0,0,0,0x03
2026-09-06T16:50:15.712,1549,0,2,50,0,0,0,0,0,0,0x03
2026-09-06T16:50:15.776,1548,0,0,51,0,0,0,0,0,0,0x03
2026-09-06T16:50:15.776,1551,0,2,51,0,0,0,0,0,0,0x03
2026-09-06T16:50:15.841,1550,0,0,50,0,0,0,0,0,0,0x03
2026-09-06T16:50:15.841,1553,0,2,50,0,0,0,0,0,0,0x03
2026-09-06T16:50:15.906,1552,0,0,52,0,0,0,0,0,0,0x03
2026-09-06T16:50:15.906,1555,0,2,50,0,0,0,0,0,0,0x03
2026-09-06T16:50:15.971,1554,0,0,51,0,0,0,0,0,0,0x03
2026-09-06T16:50:15.971,1557,0,2,52,0,0,0,0,0,0,0x03
2026-09-06T16:50:16.037,1556,0,0,50,0,0,0,0,0,0,0x03
2026-09-06T16:50:16.037,1559,0,2,50,0,0,0,0,0,0,0x03
2026-09-06T16:50:16.118,1558,0,0,50,0,0,0,0,0,0,0x03
2026-09-06T16:50:16.118,1561,0,2,51,0,0,0,0,0,0,0x03
2026-09-06T16:50:16.183,1560,0,0,50,0,0,0,0,0,0,0x03
2026-09-06T16:50:16.183,1563,0,2,50,0,0,0,0,0,0,0x03
2026-09-06T16:50:16.248,1562,0,0,50,0,0,0,0,0,0,0x03
2026-09-06T16:50:16.248,1565,0,2,51,0,0,0,0,0,0,0x03
2026-09-06T16:50:16.313,1564,0,0,51,0,0,0,0,0,0,0x03
2026-09-06T16:50:16.313,1567,0,2,50,0,0,0,0,0,0,0x03
2026-09-06T16:50:16.379,1566,0,0,50,0,0,0,0,0,0,0x03
2026-09-06T16:50:16.379,1569,0,2,55,0,0,0,0,0,0,0x03
2026-09-06T16:50:16.443,1568,0,0,52,0,0,0,0,0,0,0x03
2026-09-06T16:50:16.443,1571,0,2,50,0,0,0,0,0,0,0x03
2026-09-06T16:50:16.508,1570,0,0,52,0,0,0,0,0,0,0x03
2026-09-06T16:50:16.508,1573,0,2,51,0,0,0,0,0,0,0x03
2026-09-06T16:50:16.574,1572,0,0,51,0,0,0,0,0,0,0x03
2026-09-06T16:50:16.574,1575,0,2,50,0,0,0,0,0,0,0x03
2026-09-06T16:50:16.655,1574,0,0,52,0,0,0,0,0,0,0x03
2026-09-06T16:50:16.655,1577,0,2,50,0,0,0,0,0,0,0x03
2026-09-06T16:50:16.719,1576,0,0,51,0,0,0,0,0,0,0x03
2026-09-06T16:50:16.719,1579,0,2,50,0,0,0,0,0,0,0x03
2026-09-06T16:50:16.785,1578,0,0,51,0,0,0,0,0,0,0x03
2026-09-06T16:50:16.785,1581,0,2,53,0,0,0,0,0,0,0x03
2026-09-06T16:50:16.850,1580,0,0,51,0,0,0,0,0,0,0x03
2026-09-06T16:50:16.850,1583,0,2,51,0,0,0,0,0,0,0x03
2026-09-06T16:50:16.915,1582,0,0,50,0,0,0,0,0,0,0x03
2026-09-06T16:50:16.916,1585,0,2,50,0,0,0,0,0,0,0x03
2026-09-06T16:50:16.981,1584,0,0,52,0,0,0,0,0,0,0x03
2026-09-06T16:50:16.981,1587,0,2,50,0,0,0,0,0,0,0x03
2026-09-06T16:50:17.046,1586,0,0,52,0,0,0,0,0,0,0x03
2026-09-06T16:50:17.046,1589,0,2,50,0,0,0,0,0,0,0x03
2026-09-06T16:50:17.111,1588,0,0,51,0,0,0,0,0,0,0x03
2026-09-06T16:50:17.112,1591,0,2,50,0,0,0,0,0,0,0x03
2026-09-06T16:50:17.177,1590,0,0,50,0,0,0,0,0,0,0x03
2026-09-06T16:50:17.177,1593,0,2,50,0,0,0,0,0,0,0x03
2026-09-06T16:50:17.242,1592,0,0,50,0,0,0,0,0,0,0x03
2026-09-06T16:50:17.242,1595,0,2,54,0,0,0,0,0,0,0x03
2026-09-06T16:50:17.323,1594,0,0,52,0,0,0,0,0,0,0x03
2026-09-06T16:50:17.323,1597,0,2,51,0,0,0,0,0,0,0x03
2026-09-06T16:50:17.388,1596,0,0,50,0,0,0,0,0,0,0x03
2026-09-06T16:50:17.388,1599,0,2,51,0,0,0,0,0,0,0x03
2026-09-06T16:50:17.454,1598,0,0,52,0,0,0,0,0,0,0x03
2026-09-06T16:50:17.454,1601,0,2,51,0,0,0,0,0,0,0x03
2026-09-06T16:50:17.519,1600,0,0,50,0,0,0,0,0,0,0x03
2026-09-06T16:50:17.519,1603,0,2,51,0,0,0,0,0,0,0x03
2026-09-06T16:50:17.585,1602,0,0,50,0,0,0,0,0,0,0x03
2026-09-06T16:50:17.585,1605,0,2,51,0,0,0,0,0,0,0x03
2026-09-06T16:50:17.650,1604,0,0,52,0,0,0,0,0,0,0x03
2026-09-06T16:50:17.650,1607,0,2,54,0,0,0,0,0,0,0x03
2026-09-06T16:50:17.716,1606,0,0,51,0,0,0,0,0,0,0x03
2026-09-06T16:50:17.716,1609,0,2,51,0,0,0,0,0,0,0x03
2026-09-06T16:50:17.781,1608,0,0,50,0,0,0,0,0,0,0x03
2026-09-06T16:50:17.781,1611,0,2,51,0,0,0,0,0,0,0x03
2026-09-06T16:50:17.846,1610,0,0,51,0,0,0,0,0,0,0x03
2026-09-06T16:50:17.846,1613,0,2,50,0,0,0,0,0,0,0x03
2026-09-06T16:50:17.926,1612,0,0,55,0,0,0,0,0,0,0x03
2026-09-06T16:50:17.926,1615,0,2,51,0,0,0,0,0,0,0x03
2026-09-06T16:50:17.991,1614,0,0,51,0,0,0,0,0,0,0x03
2026-09-06T16:50:17.991,1617,0,2,50,0,0,0,0,0,0,0x03
2026-09-06T16:50:18.056,1616,0,0,51,0,0,0,0,0,0,0x03
2026-09-06T16:50:18.056,1619,0,2,51,0,0,0,0,0,0,0x03
2026-09-06T16:50:18.122,1618,0,0,55,0,0,0,0,0,0,0x03
2026-09-06T16:50:18.122,1621,0,2,50,0,0,0,0,0,0,0x03
2026-09-06T16:50:18.186,1620,0,0,50,0,0,0,0,0,0,0x03
2026-09-06T16:50:18.186,1623,0,2,51,0,0,0,0,0,0,0x03
2026-09-06T16:50:18.252,1622,0,0,52,0,0,0,0,0,0,0x03
2026-09-06T16:50:18.252,1625,0,2,50,0,0,0,0,0,0,0x03
2026-09-06T16:50:18.317,1624,0,0,50,0,0,0,0,0,0,0x03
2026-09-06T16:50:18.317,1627,0,2,50,0,0,0,0,0,0,0x03
2026-09-06T16:50:18.383,1626,0,0,51,0,0,0,0,0,0,0x03
2026-09-06T16:50:18.383,1629,0,2,52,0,0,0,0,0,0,0x03
2026-09-06T16:50:18.465,1628,0,0,51,0,0,0,0,0,0,0x03
2026-09-06T16:50:18.465,1631,0,2,52,0,0,0,0,0,0,0x03
2026-09-06T16:50:18.514,1630,0,0,52,0,0,0,0,0,0,0x03
2026-09-06T16:50:18.514,1633,0,2,51,0,0,0,0,0,0,0x03
2026-09-06T16:50:18.595,1635,0,2,50,0,0,0,0,0,0,0x03
2026-09-06T16:50:18.660,1634,0,0,50,0,0,0,0,0,0,0x03
2026-09-06T16:50:18.660,1635,0,2,51,0,0,0,0,0,0,0x03
2026-09-06T16:50:18.724,1636,0,0,51,0,0,0,0,0,0,0x03
2026-09-06T16:50:18.725,1635,0,2,52,0,0,0,0,0,0,0x03
2026-09-06T16:50:18.790,1636,0,0,52,0,0,0,0,0,0,0x03
2026-09-06T16:50:18.790,1641,0,2,50,0,0,0,0,0,0,0x03
2026-09-06T16:50:18.854,1640,0,0,50,0,0,0,0,0,0,0x03
2026-09-06T16:50:18.854,1643,0,2,50,0,0,0,0,0,0,0x03
2026-09-06T16:50:18.919,1642,0,0,50,0,0,0,0,0,0,0x03
2026-09-06T16:50:18.919,1645,0,2,50,0,0,0,0,0,0,0x03
2026-09-06T16:50:18.985,1644,0,0,53,0,0,0,0,0,0,0x03
2026-09-06T16:50:18.985,1647,0,2,50,0,0,0,0,0,0,0x03
2026-09-06T16:50:19.050,1646,0,0,52,0,0,0,0,0,0,0x03
2026-09-06T16:50:19.050,1649,0,2,51,0,0,0,0,0,0,0x03
2026-09-06T16:50:19.131,1648,0,0,51,0,0,0,0,0,0,0x03
2026-09-06T16:50:19.131,1651,0,2,52,0,0,0,0,0,0,0x03
2026-09-06T16:50:19.197,1650,0,0,50,0,0,0,0,0,0,0x03
2026-09-06T16:50:19.198,1653,0,2,51,0,0,0,0,0,0,0x03
2026-09-06T16:50:19.263,1652,0,0,50,0,0,0,0,0,0,0x03
2026-09-06T16:50:19.263,1655,0,2,50,0,0,0,0,0,0,0x03
2026-09-06T16:50:19.328,1654,0,0,50,0,0,0,0,0,0,0x03
2026-09-06T16:50:19.328,1657,0,2,53,0,0,0,0,0,0,0x03
2026-09-06T16:50:19.392,1656,0,0,54,0,0,0,0,0,0,0x03
2026-09-06T16:50:19.392,1659,0,2,52,0,0,0,0,0,0,0x03
2026-09-06T16:50:19.458,1658,0,0,50,0,0,0,0,0,0,0x03
2026-09-06T16:50:19.458,1661,0,2,51,0,0,0,0,0,0,0x03
2026-09-06T16:50:19.523,1660,0,0,51,0,0,0,0,0,0,0x03
2026-09-06T16:50:19.523,1663,0,2,50,0,0,0,0,0,0,0x03
2026-09-06T16:50:19.588,1662,0,0,50,0,0,0,0,0,0,0x03
2026-09-06T16:50:19.588,1665,0,2,52,0,0,0,0,0,0,0x03
2026-09-06T16:50:19.653,1664,0,0,52,0,0,0,0,0,0,0x03
2026-09-06T16:50:19.653,1667,0,2,51,0,0,0,0,0,0,0x03
2026-09-06T16:50:19.735,1666,0,0,51,0,0,0,0,0,0,0x03
2026-09-06T16:50:19.735,1669,0,2,51,0,0,0,0,0,0,0x03
2026-09-06T16:50:19.800,1668,0,0,52,0,0,0,0,0,0,0x03
2026-09-06T16:50:19.800,1671,0,2,51,0,0,0,0,0,0,0x03
2026-09-06T16:50:19.864,1670,0,0,51,0,0,0,0,0,0,0x03
2026-09-06T16:50:19.864,1673,0,2,51,0,0,0,0,0,0,0x03
2026-09-06T16:50:19.930,1672,0,0,50,0,0,0,0,0,0,0x03
2026-09-06T16:50:19.930,1675,0,2,51,0,0,0,0,0,0,0x03
2026-09-06T16:50:19.995,1674,0,0,50,0,0,0,0,0,0,0x03
2026-09-06T16:50:19.995,1677,0,2,53,0,0,0,0,0,0,0x03
2026-09-06T16:50:20.060,1676,0,0,50,0,0,0,0,0,0,0x03
2026-09-06T16:50:20.060,1679,0,2,52,0,0,0,0,0,0,0x03
2026-09-06T16:50:20.126,1678,0,0,50,0,0,0,0,0,0,0x03
2026-09-06T16:50:20.126,1681,0,2,51,0,0,0,0,0,0,0x03
2026-09-06T16:50:20.191,1680,0,0,50,0,0,0,0,0,0,0x03
2026-09-06T16:50:20.191,1683,0,2,50,0,0,0,0,0,0,0x03
2026-09-06T16:50:20.255,1682,0,0,53,0,0,0,0,0,0,0x03
2026-09-06T16:50:20.255,1685,0,2,52,0,0,0,0,0,0,0x03
2026-09-06T16:50:20.321,1684,0,0,51,0,0,0,0,0,0,0x03
2026-09-06T16:50:20.321,1687,0,2,50,0,0,0,0,0,0,0x03
2026-09-06T16:50:20.402,1686,0,0,51,0,0,0,0,0,0,0x03
2026-09-06T16:50:20.402,1689,0,2,50,0,0,0,0,0,0,0x03
2026-09-06T16:50:20.468,1688,0,0,52,0,0,0,0,0,0,0x03
2026-09-06T16:50:20.468,1691,0,2,53,0,0,0,0,0,0,0x03
2026-09-06T16:50:20.532,1690,0,0,60,0,0,0,0,0,0,0x03
2026-09-06T16:50:20.532,1693,0,2,52,0,0,0,0,0,0,0x03
2026-09-06T16:50:20.597,1692,0,0,50,0,0,0,0,0,0,0x03
2026-09-06T16:50:20.597,1695,0,2,50,0,0,0,0,0,0,0x03
2026-09-06T16:50:20.661,1694,0,0,51,0,0,0,0,0,0,0x03
2026-09-06T16:50:20.661,1697,0,2,50,0,0,0,0,0,0,0x03
2026-09-06T16:50:20.726,1696,0,0,51,0,0,0,0,0,0,0x03
2026-09-06T16:50:20.726,1699,0,2,51,0,0,0,0,0,0,0x03
2026-09-06T16:50:20.792,1698,0,0,50,0,0,0,0,0,0,0x03
2026-09-06T16:50:20.792,1701,0,2,50,0,0,0,0,0,0,0x03
2026-09-06T16:50:20.857,1700,0,0,51,0,0,0,0,0,0,0x03
2026-09-06T16:50:20.857,1703,0,2,50,0,0,0,0,0,0,0x03
2026-09-06T16:50:20.938,1702,0,0,50,0,0,0,0,0,0,0x03
2026-09-06T16:50:20.938,1705,0,2,51,0,0,0,0,0,0,0x03
2026-09-06T16:50:21.004,1704,0,0,51,0,0,0,0,0,0,0x03
2026-09-06T16:50:21.004,1707,0,2,51,0,0,0,0,0,0,0x03
2026-09-06T16:50:21.068,1706,0,0,50,0,0,0,0,0,0,0x03
2026-09-06T16:50:21.068,1709,0,2,55,0,0,0,0,0,0,0x03
2026-09-06T16:50:21.133,1708,0,0,51,0,0,0,0,0,0,0x03
2026-09-06T16:50:21.133,1711,0,2,52,0,0,0,0,0,0,0x03
2026-09-06T16:50:21.197,1710,0,0,50,0,0,0,0,0,0,0x03
2026-09-06T16:50:21.197,1713,0,2,50,0,0,0,0,0,0,0x03
2026-09-06T16:50:21.263,1712,0,0,50,0,0,0,0,0,0,0x03
2026-09-06T16:50:21.263,1715,0,2,52,0,0,0,0,0,0,0x03
2026-09-06T16:50:21.328,1714,0,0,50,0,0,0,0,0,0,0x03
2026-09-06T16:50:21.328,1717,0,2,51,0,0,0,0,0,0,0x03
2026-09-06T16:50:21.393,1716,0,0,52,0,0,0,0,0,0,0x03
2026-09-06T16:50:21.393,1719,0,2,51,0,0,0,0,0,0,0x03
2026-09-06T16:50:21.474,1718,0,0,52,0,0,0,0,0,0,0x03
2026-09-06T16:50:21.474,1721,0,2,52,0,0,0,0,0,0,0x03
2026-09-06T16:50:21.540,1720,0,0,52,0,0,0,0,0,0,0x03
2026-09-06T16:50:21.540,1723,0,2,50,0,0,0,0,0,0,0x03
2026-09-06T16:50:21.604,1722,0,0,52,0,0,0,0,0,0,0x03
2026-09-06T16:50:21.604,1725,0,2,51,0,0,0,0,0,0,0x03
2026-09-06T16:50:21.670,1724,0,0,52,0,0,0,0,0,0,0x03
2026-09-06T16:50:21.670,1727,0,2,50,0,0,0,0,0,0,0x03
2026-09-06T16:50:21.734,1726,0,0,51,0,0,0,0,0,0,0x03
2026-09-06T16:50:21.734,1729,0,2,54,0,0,0,0,0,0,0x03
2026-09-06T16:50:21.799,1728,0,0,54,0,0,0,0,0,0,0x03
2026-09-06T16:50:21.799,1731,0,2,52,0,0,0,0,0,0,0x03
2026-09-06T16:50:21.864,1730,0,0,51,0,0,0,0,0,0,0x03
2026-09-06T16:50:21.864,1733,0,2,50,0,0,0,0,0,0,0x03
2026-09-06T16:50:21.929,1732,0,0,50,0,0,0,0,0,0,0x03
2026-09-06T16:50:21.929,1735,0,2,52,0,0,0,0,0,0,0x03
2026-09-06T16:50:22.010,1734,0,0,51,0,0,0,0,0,0,0x03
2026-09-06T16:50:22.010,1737,0,2,51,0,0,0,0,0,0,0x03
2026-09-06T16:50:22.076,1736,0,0,50,0,0,0,0,0,0,0x03
2026-09-06T16:50:22.076,1739,0,2,51,0,0,0,0,0,0,0x03
2026-09-06T16:50:22.141,1738,0,0,51,0,0,0,0,0,0,0x03
2026-09-06T16:50:22.141,1741,0,2,51,0,0,0,0,0,0,0x03
2026-09-06T16:50:22.206,1740,0,0,55,0,0,0,0,0,0,0x03
2026-09-06T16:50:22.206,1743,0,2,52,0,0,0,0,0,0,0x03
2026-09-06T16:50:22.271,1742,0,0,51,0,0,0,0,0,0,0x03
2026-09-06T16:50:22.271,1745,0,2,50,0,0,0,0,0,0,0x03
2026-09-06T16:50:22.336,1744,0,0,50,0,0,0,0,0,0,0x03
2026-09-06T16:50:22.336,1747,0,2,51,0,0,0,0,0,0,0x03
2026-09-06T16:50:22.401,1746,0,0,50,0,0,0,0,0,0,0x03
2026-09-06T16:50:22.401,1749,0,2,55,0,0,0,0,0,0,0x03
2026-09-06T16:50:22.467,1748,0,0,50,0,0,0,0,0,0,0x03
2026-09-06T16:50:22.467,1751,0,2,52,0,0,0,0,0,0,0x03
2026-09-06T16:50:22.548,1750,0,0,51,0,0,0,0,0,0,0x03
2026-09-06T16:50:22.548,1753,0,2,50,0,0,0,0,0,0,0x03
2026-09-06T16:50:22.597,1752,0,0,50,0,0,0,0,0,0,0x03
2026-09-06T16:50:22.597,1755,0,2,51,0,0,0,0,0,0,0x03
2026-09-06T16:50:22.678,1754,0,0,52,0,0,0,0,0,0,0x03
2026-09-06T16:50:22.678,1757,0,2,50,0,0,0,0,0,0,0x03
2026-09-06T16:50:22.743,1756,0,0,50,0,0,0,0,0,0,0x03
2026-09-06T16:50:22.743,1759,0,2,50,0,0,0,0,0,0,0x03
2026-09-06T16:50:22.808,1758,0,0,50,0,0,0,0,0,0,0x03
2026-09-06T16:50:22.808,1761,0,2,52,0,0,0,0,0,0,0x03
2026-09-06T16:50:22.873,1760,0,0,50,0,0,0,0,0,0,0x03
2026-09-06T16:50:22.873,1763,0,2,50,0,0,0,0,0,0,0x03
2026-09-06T16:50:22.938,1762,0,0,52,0,0,0,0,0,0,0x03
2026-09-06T16:50:22.938,1765,0,2,52,0,0,0,0,0,0,0x03
2026-09-06T16:50:23.003,1764,0,0,51,0,0,0,0,0,0,0x03
2026-09-06T16:50:23.003,1767,0,2,50,0,0,0,0,0,0,0x03
2026-09-06T16:50:23.069,1766,0,0,51,0,0,0,0,0,0,0x03
2026-09-06T16:50:23.069,1769,0,2,51,0,0,0,0,0,0,0x03
2026-09-06T16:50:23.133,1768,0,0,52,0,0,0,0,0,0,0x03
2026-09-06T16:50:23.133,1771,0,2,50,0,0,0,0,0,0,0x03
2026-09-06T16:50:23.215,1770,0,0,50,0,0,0,0,0,0,0x03
2026-09-06T16:50:23.215,1773,0,2,50,0,0,0,0,0,0,0x03
2026-09-06T16:50:23.280,1772,0,0,52,0,0,0,0,0,0,0x03
2026-09-06T16:50:23.280,1775,0,2,51,0,0,0,0,0,0,0x03
2026-09-06T16:50:23.345,1774,0,0,55,0,0,0,0,0,0,0x03
2026-09-06T16:50:23.345,1777,0,2,50,0,0,0,0,0,0,0x03
2026-09-06T16:50:23.411,1776,0,0,52,0,0,0,0,0,0,0x03
2026-09-06T16:50:23.411,1779,0,2,51,0,0,0,0,0,0,0x03
2026-09-06T16:50:23.476,1778,0,0,52,0,0,0,0,0,0,0x03
2026-09-06T16:50:23.476,1781,0,2,50,0,0,0,0,0,0,0x03
2026-09-06T16:50:23.541,1780,0,0,55,0,0,0,0,0,0,0x03
2026-09-06T16:50:23.541,1783,0,2,52,0,0,0,0,0,0,0x03
2026-09-06T16:50:23.607,1782,0,0,51,0,0,0,0,0,0,0x03
2026-09-06T16:50:23.607,1785,0,2,52,0,0,0,0,0,0,0x03
2026-09-06T16:50:23.672,1784,0,0,51,0,0,0,0,0,0,0x03
2026-09-06T16:50:23.672,1787,0,2,55,0,0,0,0,0,0,0x03
2026-09-06T16:50:23.737,1786,0,0,51,0,0,0,0,0,0,0x03
2026-09-06T16:50:23.737,1789,0,2,50,0,0,0,0,0,0,0x03
2026-09-06T16:50:23.818,1788,0,0,50,0,0,0,0,0,0,0x03
2026-09-06T16:50:23.818,1791,0,2,50,0,0,0,0,0,0,0x03
2026-09-06T16:50:23.883,1790,0,0,50,0,0,0,0,0,0,0x03
2026-09-06T16:50:23.883,1793,0,2,52,0,0,0,0,0,0,0x03
2026-09-06T16:50:23.948,1792,0,0,51,0,0,0,0,0,0,0x03
2026-09-06T16:50:23.948,1795,0,2,50,0,0,0,0,0,0,0x03
2026-09-06T16:50:24.013,1794,0,0,51,0,0,0,0,0,0,0x03
2026-09-06T16:50:24.013,1797,0,2,50,0,0,0,0,0,0,0x03
2026-09-06T16:50:24.078,1796,0,0,52,0,0,0,0,0,0,0x03
2026-09-06T16:50:24.078,1799,0,2,51,0,0,0,0,0,0,0x03
2026-09-06T16:50:24.144,1798,0,0,52,0,0,0,0,0,0,0x03
2026-09-06T16:50:24.144,1801,0,2,52,0,0,0,0,0,0,0x03
2026-09-06T16:50:24.209,1800,0,0,55,0,0,0,0,0,0,0x03
2026-09-06T16:50:24.209,1803,0,2,50,0,0,0,0,0,0,0x03
2026-09-06T16:50:24.273,1802,0,0,51,0,0,0,0,0,0,0x03
2026-09-06T16:50:24.273,1805,0,2,52,0,0,0,0,0,0,0x03
2026-09-06T16:50:24.354,1804,0,0,51,0,0,0,0,0,0,0x03
2026-09-06T16:50:24.354,1807,0,2,52,0,0,0,0,0,0,0x03
2026-09-06T16:50:24.419,1806,0,0,52,0,0,0,0,0,0,0x03
2026-09-06T16:50:24.419,1809,0,2,52,0,0,0,0,0,0,0x03
2026-09-06T16:50:24.483,1808,0,0,52,0,0,0,0,0,0,0x03
2026-09-06T16:50:24.484,1811,0,2,51,0,0,0,0,0,0,0x03
2026-09-06T16:50:24.548,1810,0,0,51,0,0,0,0,0,0,0x03
2026-09-06T16:50:24.548,1813,0,2,51,0,0,0,0,0,0,0x03
2026-09-06T16:50:24.613,1812,0,0,50,0,0,0,0,0,0,0x03
2026-09-06T16:50:24.613,1815,0,2,50,0,0,0,0,0,0,0x03
2026-09-06T16:50:24.677,1814,0,0,50,0,0,0,0,0,0,0x03
2026-09-06T16:50:24.677,1817,0,2,50,0,0,0,0,0,0,0x03
2026-09-06T16:50:24.742,1816,0,0,50,0,0,0,0,0,0,0x03
2026-09-06T16:50:24.742,1819,0,2,50,0,0,0,0,0,0,0x03
2026-09-06T16:50:24.824,1818,0,0,50,0,0,0,0,0,0,0x03
2026-09-06T16:50:24.824,1821,0,2,50,0,0,0,0,0,0,0x03
2026-09-06T16:50:24.890,1820,0,0,53,0,0,0,0,0,0,0x03
2026-09-06T16:50:24.890,1823,0,2,51,0,0,0,0,0,0,0x03
2026-09-06T16:50:24.955,1822,0,0,51,0,0,0,0,0,0,0x03
2026-09-06T16:50:24.955,1825,0,2,52,0,0,0,0,0,0,0x03
2026-09-06T16:50:25.021,1824,0,0,50,0,0,0,0,0,0,0x03
2026-09-06T16:50:25.021,1827,0,2,50,0,0,0,0,0,0,0x03
2026-09-06T16:50:25.085,1826,0,0,52,0,0,0,0,0,0,0x03
2026-09-06T16:50:25.086,1829,0,2,50,0,0,0,0,0,0,0x03
2026-09-06T16:50:25.150,1828,0,0,50,0,0,0,0,0,0,0x03
2026-09-06T16:50:25.150,1831,0,2,50,0,0,0,0,0,0,0x03
2026-09-06T16:50:25.215,1830,0,0,50,0,0,0,0,0,0,0x03
2026-09-06T16:50:25.215,1833,0,2,51,0,0,0,0,0,0,0x03
2026-09-06T16:50:25.280,1832,0,0,54,0,0,0,0,0,0,0x03
2026-09-06T16:50:25.280,1835,0,2,50,0,0,0,0,0,0,0x03
2026-09-06T16:50:25.345,1834,0,0,50,0,0,0,0,0,0,0x03
2026-09-06T16:50:25.345,1837,0,2,50,0,0,0,0,0,0,0x03
2026-09-06T16:50:25.410,1836,0,0,52,0,0,0,0,0,0,0x03
2026-09-06T16:50:25.410,1839,0,2,50,0,0,0,0,0,0,0x03
2026-09-06T16:50:25.492,1838,0,0,50,0,0,0,0,0,0,0x03
2026-09-06T16:50:25.492,1841,0,2,51,0,0,0,0,0,0,0x03
2026-09-06T16:50:25.557,1840,0,0,50,0,0,0,0,0,0,0x03
2026-09-06T16:50:25.557,1843,0,2,52,0,0,0,0,0,0,0x03
2026-09-06T16:50:25.623,1842,0,0,50,0,0,0,0,0,0,0x03
2026-09-06T16:50:25.623,1845,0,2,51,0,0,0,0,0,0,0x03
2026-09-06T16:50:25.688,1844,0,0,54,0,0,0,0,0,0,0x03
2026-09-06T16:50:25.688,1847,0,2,50,0,0,0,0,0,0,0x03
2026-09-06T16:50:25.753,1846,0,0,51,0,0,0,0,0,0,0x03
2026-09-06T16:50:25.753,1849,0,2,51,0,0,0,0,0,0,0x03
2026-09-06T16:50:25.819,1848,0,0,52,0,0,0,0,0,0,0x03
2026-09-06T16:50:25.819,1851,0,2,50,0,0,0,0,0,0,0x03
2026-09-06T16:50:25.883,1850,0,0,51,0,0,0,0,0,0,0x03
2026-09-06T16:50:25.883,1853,0,2,52,0,0,0,0,0,0,0x03
2026-09-06T16:50:25.948,1852,0,0,54,0,0,0,0,0,0,0x03
2026-09-06T16:50:25.948,1855,0,2,51,0,0,0,0,0,0,0x03
2026-09-06T16:50:26.013,1854,0,0,51,0,0,0,0,0,0,0x03
2026-09-06T16:50:26.013,1857,0,2,50,0,0,0,0,0,0,0x03
2026-09-06T16:50:26.095,1856,0,0,51,0,0,0,0,0,0,0x03
2026-09-06T16:50:26.095,1859,0,2,50,0,0,0,0,0,0,0x03
2026-09-06T16:50:26.160,1858,0,0,51,0,0,0,0,0,0,0x03
2026-09-06T16:50:26.225,1860,0,0,55,0,0,0,0,0,0,0x03
2026-09-06T16:50:26.225,1863,0,2,51,0,0,0,0,0,0,0x03
2026-09-06T16:50:26.290,1862,0,0,51,0,0,0,0,0,0,0x03
2026-09-06T16:50:26.290,1863,0,2,50,0,0,0,0,0,0,0x03
2026-09-06T16:50:26.355,1862,0,0,52,0,0,0,0,0,0,0x03
2026-09-06T16:50:26.355,1867,0,2,52,0,0,0,0,0,0,0x03
2026-09-06T16:50:26.421,1862,0,0,51,0,0,0,0,0,0,0x03
2026-09-06T16:50:26.421,1869,0,2,52,0,0,0,0,0,0,0x03
2026-09-06T16:50:26.486,1868,0,0,50,0,0,0,0,0,0,0x03
2026-09-06T16:50:26.486,1871,0,2,50,0,0,0,0,0,0,0x03
2026-09-06T16:50:26.551,1870,0,0,51,0,0,0,0,0,0,0x03
2026-09-06T16:50:26.551,1873,0,2,52,0,0,0,0,0,0,0x03
2026-09-06T16:50:26.631,1872,0,0,52,0,0,0,0,0,0,0x03
2026-09-06T16:50:26.631,1875,0,2,50,0,0,0,0,0,0,0x03
2026-09-06T16:50:26.696,1874,0,0,52,0,0,0,0,0,0,0x03
2026-09-06T16:50:26.696,1877,0,2,51,0,0,0,0,0,0,0x03
2026-09-06T16:50:26.761,1876,0,0,50,0,0,0,0,0,0,0x03
2026-09-06T16:50:26.762,1879,0,2,51,0,0,0,0,0,0,0x03
2026-09-06T16:50:26.827,1878,0,0,51,0,0,0,0,0,0,0x03
2026-09-06T16:50:26.827,1881,0,2,50,0,0,0,0,0,0,0x03
2026-09-06T16:50:26.892,1880,0,0,51,0,0,0,0,0,0,0x03
2026-09-06T16:50:26.892,1883,0,2,50,0,0,0,0,0,0,0x03
2026-09-06T16:50:26.958,1882,0,0,51,0,0,0,0,0,0,0x03
2026-09-06T16:50:26.958,1885,0,2,50,0,0,0,0,0,0,0x03
2026-09-06T16:50:27.023,1884,0,0,51,0,0,0,0,0,0,0x03
2026-09-06T16:50:27.023,1887,0,2,50,0,0,0,0,0,0,0x03
2026-09-06T16:50:27.088,1886,0,0,52,0,0,0,0,0,0,0x03
2026-09-06T16:50:27.088,1889,0,2,51,0,0,0,0,0,0,0x03
2026-09-06T16:50:27.153,1888,0,0,51,0,0,0,0,0,0,0x03
2026-09-06T16:50:27.153,1891,0,2,52,0,0,0,0,0,0,0x03
2026-09-06T16:50:27.219,1890,0,0,51,0,0,0,0,0,0,0x03
2026-09-06T16:50:27.219,1893,0,2,50,0,0,0,0,0,0,0x03
2026-09-06T16:50:27.299,1892,0,0,54,0,0,0,0,0,0,0x03
2026-09-06T16:50:27.299,1895,0,2,50,0,0,0,0,0,0,0x03
2026-09-06T16:50:27.365,1894,0,0,51,0,0,0,0,0,0,0x03
2026-09-06T16:50:27.365,1897,0,2,50,0,0,0,0,0,0,0x03
2026-09-06T16:50:27.430,1896,0,0,50,0,0,0,0,0,0,0x03
2026-09-06T16:50:27.430,1899,0,2,50,0,0,0,0,0,0,0x03
2026-09-06T16:50:27.494,1898,0,0,51,0,0,0,0,0,0,0x03
2026-09-06T16:50:27.494,1901,0,2,50,0,0,0,0,0,0,0x03
2026-09-06T16:50:27.560,1900,0,0,50,0,0,0,0,0,0,0x03
2026-09-06T16:50:27.560,1903,0,2,50,0,0,0,0,0,0,0x03
2026-09-06T16:50:27.624,1902,0,0,50,0,0,0,0,0,0,0x03
2026-09-06T16:50:27.624,1905,0,2,50,0,0,0,0,0,0,0x03
2026-09-06T16:50:27.689,1904,0,0,54,0,0,0,0,0,0,0x03
2026-09-06T16:50:27.689,1907,0,2,51,0,0,0,0,0,0,0x03
2026-09-06T16:50:27.754,1906,0,0,50,0,0,0,0,0,0,0x03
2026-09-06T16:50:27.754,1909,0,2,51,0,0,0,0,0,0,0x03
2026-09-06T16:50:27.836,1908,0,0,51,0,0,0,0,0,0,0x03
2026-09-06T16:50:27.836,1911,0,2,50,0,0,0,0,0,0,0x03
2026-09-06T16:50:27.901,1910,0,0,50,0,0,0,0,0,0,0x03
2026-09-06T16:50:27.901,1913,0,2,50,0,0,0,0,0,0,0x03
2026-09-06T16:50:27.965,1912,0,0,51,0,0,0,0,0,0,0x03
2026-09-06T16:50:27.965,1915,0,2,50,0,0,0,0,0,0,0x03
2026-09-06T16:50:28.030,1914,0,0,50,0,0,0,0,0,0,0x03
2026-09-06T16:50:28.030,1917,0,2,50,0,0,0,0,0,0,0x03
2026-09-06T16:50:28.095,1916,0,0,51,0,0,0,0,0,0,0x03
2026-09-06T16:50:28.095,1919,0,2,52,0,0,0,0,0,0,0x03
2026-09-06T16:50:28.161,1918,0,0,51,0,0,0,0,0,0,0x03
2026-09-06T16:50:28.161,1921,0,2,50,0,0,0,0,0,0,0x03
2026-09-06T16:50:28.226,1920,0,0,50,0,0,0,0,0,0,0x03
2026-09-06T16:50:28.226,1923,0,2,50,0,0,0,0,0,0,0x03
2026-09-06T16:50:28.291,1922,0,0,50,0,0,0,0,0,0,0x03
2026-09-06T16:50:28.291,1925,0,2,53,0,0,0,0,0,0,0x03
2026-09-06T16:50:28.372,1924,0,0,51,0,0,0,0,0,0,0x03
2026-09-06T16:50:28.372,1927,0,2,51,0,0,0,0,0,0,0x03
2026-09-06T16:50:28.438,1926,0,0,52,0,0,0,0,0,0,0x03
2026-09-06T16:50:28.438,1929,0,2,51,0,0,0,0,0,0,0x03
2026-09-06T16:50:28.502,1928,0,0,51,0,0,0,0,0,0,0x03
2026-09-06T16:50:28.502,1931,0,2,50,0,0,0,0,0,0,0x03
2026-09-06T16:50:28.566,1930,0,0,51,0,0,0,0,0,0,0x03
2026-09-06T16:50:28.566,1933,0,2,51,0,0,0,0,0,0,0x03
2026-09-06T16:50:28.632,1932,0,0,51,0,0,0,0,0,0,0x03
2026-09-06T16:50:28.632,1935,0,2,52,0,0,0,0,0,0,0x03
2026-09-06T16:50:28.697,1934,0,0,52,0,0,0,0,0,0,0x03
2026-09-06T16:50:28.697,1937,0,2,52,0,0,0,0,0,0,0x03
2026-09-06T16:50:28.762,1936,0,0,55,0,0,0,0,0,0,0x03
2026-09-06T16:50:28.762,1939,0,2,51,0,0,0,0,0,0,0x03
2026-09-06T16:50:28.828,1938,0,0,52,0,0,0,0,0,0,0x03
2026-09-06T16:50:28.828,1941,0,2,50,0,0,0,0,0,0,0x03
2026-09-06T16:50:28.893,1940,0,0,50,0,0,0,0,0,0,0x03
2026-09-06T16:50:28.893,1943,0,2,51,0,0,0,0,0,0,0x03
2026-09-06T16:50:28.973,1942,0,0,51,0,0,0,0,0,0,0x03
2026-09-06T16:50:28.973,1945,0,2,53,0,0,0,0,0,0,0x03
2026-09-06T16:50:29.039,1944,0,0,50,0,0,0,0,0,0,0x03
2026-09-06T16:50:29.039,1947,0,2,50,0,0,0,0,0,0,0x03
2026-09-06T16:50:29.104,1946,0,0,50,0,0,0,0,0,0,0x03
2026-09-06T16:50:29.104,1949,0,2,51,0,0,0,0,0,0,0x03
2026-09-06T16:50:29.169,1948,0,0,55,0,0,0,0,0,0,0x03
2026-09-06T16:50:29.169,1951,0,2,51,0,0,0,0,0,0,0x03
2026-09-06T16:50:29.234,1950,0,0,52,0,0,0,0,0,0,0x03
2026-09-06T16:50:29.234,1953,0,2,51,0,0,0,0,0,0,0x03
2026-09-06T16:50:29.300,1952,0,0,51,0,0,0,0,0,0,0x03
2026-09-06T16:50:29.300,1955,0,2,52,0,0,0,0,0,0,0x03
2026-09-06T16:50:29.364,1954,0,0,52,0,0,0,0,0,0,0x03
2026-09-06T16:50:29.364,1957,0,2,52,0,0,0,0,0,0,0x03
2026-09-06T16:50:29.429,1956,0,0,52,0,0,0,0,0,0,0x03
2026-09-06T16:50:29.429,1959,0,2,52,0,0,0,0,0,0,0x03
2026-09-06T16:50:29.510,1958,0,0,51,0,0,0,0,0,0,0x03
2026-09-06T16:50:29.510,1961,0,2,50,0,0,0,0,0,0,0x03
2026-09-06T16:50:29.576,1960,0,0,51,0,0,0,0,0,0,0x03
2026-09-06T16:50:29.576,1963,0,2,50,0,0,0,0,0,0,0x03
2026-09-06T16:50:29.641,1962,0,0,50,0,0,0,0,0,0,0x03
2026-09-06T16:50:29.641,1965,0,2,51,0,0,0,0,0,0,0x03
2026-09-06T16:50:29.707,1964,0,0,52,0,0,0,0,0,0,0x03
2026-09-06T16:50:29.707,1967,0,2,50,0,0,0,0,0,0,0x03
2026-09-06T16:50:29.772,1966,0,0,50,0,0,0,0,0,0,0x03
2026-09-06T16:50:29.772,1969,0,2,51,0,0,0,0,0,0,0x03
2026-09-06T16:50:29.837,1968,0,0,52,0,0,0,0,0,0,0x03
2026-09-06T16:50:29.837,1971,0,2,51,0,0,0,0,0,0,0x03
2026-09-06T16:50:29.901,1970,0,0,51,0,0,0,0,0,0,0x03
2026-09-06T16:50:29.902,1973,0,2,51,0,0,0,0,0,0,0x03
2026-09-06T16:50:29.966,1972,0,0,50,0,0,0,0,0,0,0x03
2026-09-06T16:50:29.966,1975,0,2,52,0,0,0,0,0,0,0x03
2026-09-06T16:50:30.047,1974,0,0,52,0,0,0,0,0,0,0x03
2026-09-06T16:50:30.047,1977,0,2,51,0,0,0,0,0,0,0x03
2026-09-06T16:50:30.112,1976,0,0,50,0,0,0,0,0,0,0x03
2026-09-06T16:50:30.112,1979,0,2,50,0,0,0,0,0,0,0x03
2026-09-06T16:50:30.177,1978,0,0,51,0,0,0,0,0,0,0x03
2026-09-06T16:50:30.177,1981,0,2,50,0,0,0,0,0,0,0x03
2026-09-06T16:50:30.242,1980,0,0,51,0,0,0,0,0,0,0x03
2026-09-06T16:50:30.242,1983,0,2,50,0,0,0,0,0,0,0x03
2026-09-06T16:50:30.307,1982,0,0,51,0,0,0,0,0,0,0x03
2026-09-06T16:50:30.307,1985,0,2,52,0,0,0,0,0,0,0x03
2026-09-06T16:50:30.372,1984,0,0,51,0,0,0,0,0,0,0x03
2026-09-06T16:50:30.372,1987,0,2,51,0,0,0,0,0,0,0x03
2026-09-06T16:50:30.438,1986,0,0,50,0,0,0,0,0,0,0x03
2026-09-06T16:50:30.438,1989,0,2,50,0,0,0,0,0,0,0x03
2026-09-06T16:50:30.503,1988,0,0,55,0,0,0,0,0,0,0x03
2026-09-06T16:50:30.503,1991,0,2,51,0,0,0,0,0,0,0x03
2026-09-06T16:50:30.569,1990,0,0,52,0,0,0,0,0,0,0x03
2026-09-06T16:50:30.569,1993,0,2,51,0,0,0,0,0,0,0x03
2026-09-06T16:50:30.634,1992,0,0,52,0,0,0,0,0,0,0x03
2026-09-06T16:50:30.634,1995,0,2,53,0,0,0,0,0,0,0x03
2026-09-06T16:50:30.715,1994,0,0,52,0,0,0,0,0,0,0x03
2026-09-06T16:50:30.715,1997,0,2,51,0,0,0,0,0,0,0x03
2026-09-06T16:50:30.781,1996,0,0,50,0,0,0,0,0,0,0x03
2026-09-06T16:50:30.781,1999,0,2,51,0,0,0,0,0,0,0x03
2026-09-06T16:50:30.845,1998,0,0,51,0,0,0,0,0,0,0x03
2026-09-06T16:50:30.845,2001,0,2,51,0,0,0,0,0,0,0x03
2026-09-06T16:50:30.911,2000,0,0,50,0,0,0,0,0,0,0x03
2026-09-06T16:50:30.911,2003,0,2,51,0,0,0,0,0,0,0x03
2026-09-06T16:50:30.975,2002,0,0,51,0,0,0,0,0,0,0x03
2026-09-06T16:50:30.975,2005,0,2,52,0,0,0,0,0,0,0x03
2026-09-06T16:50:31.041,2004,0,0,51,0,0,0,0,0,0,0x03
2026-09-06T16:50:31.041,2007,0,2,51,0,0,0,0,0,0,0x03
2026-09-06T16:50:31.106,2006,0,0,50,0,0,0,0,0,0,0x03
2026-09-06T16:50:31.106,2009,0,2,52,0,0,0,0,0,0,0x03
2026-09-06T16:50:31.172,2008,0,0,51,0,0,0,0,0,0,0x03
2026-09-06T16:50:31.172,2011,0,2,51,0,0,0,0,0,0,0x03
2026-09-06T16:50:31.238,2010,0,0,50,0,0,0,0,0,0,0x03
2026-09-06T16:50:31.238,2013,0,2,52,0,0,0,0,0,0,0x03
2026-09-06T16:50:31.318,2012,0,0,51,0,0,0,0,0,0,0x03
2026-09-06T16:50:31.318,2015,0,2,51,0,0,0,0,0,0,0x03
2026-09-06T16:50:31.383,2014,0,0,53,0,0,0,0,0,0,0x03
2026-09-06T16:50:31.383,2017,0,2,51,0,0,0,0,0,0,0x03
2026-09-06T16:50:31.448,2016,0,0,51,0,0,0,0,0,0,0x03
2026-09-06T16:50:31.448,2019,0,2,50,0,0,0,0,0,0,0x03
2026-09-06T16:50:31.513,2018,0,0,50,0,0,0,0,0,0,0x03
2026-09-06T16:50:31.514,2021,0,2,51,0,0,0,0,0,0,0x03
2026-09-06T16:50:31.579,2020,0,0,51,0,0,0,0,0,0,0x03
2026-09-06T16:50:31.579,2023,0,2,51,0,0,0,0,0,0,0x03
2026-09-06T16:50:31.644,2022,0,0,51,0,0,0,0,0,0,0x03
2026-09-06T16:50:31.644,2025,0,2,51,0,0,0,0,0,0,0x03
2026-09-06T16:50:31.709,2024,0,0,50,0,0,0,0,0,0,0x03
2026-09-06T16:50:31.709,2027,0,2,52,0,0,0,0,0,0,0x03
2026-09-06T16:50:31.774,2026,0,0,53,0,0,0,0,0,0,0x03
2026-09-06T16:50:31.775,2029,0,2,52,0,0,0,0,0,0,0x03
2026-09-06T16:50:31.856,2028,0,0,52,0,0,0,0,0,0,0x03
2026-09-06T16:50:31.856,2031,0,2,51,0,0,0,0,0,0,0x03
2026-09-06T16:50:31.905,2030,0,0,50,0,0,0,0,0,0,0x03
2026-09-06T16:50:31.905,2033,0,2,51,0,0,0,0,0,0,0x03
2026-09-06T16:50:31.987,2032,0,0,50,0,0,0,0,0,0,0x03
2026-09-06T16:50:31.987,2035,0,2,52,0,0,0,0,0,0,0x03
2026-09-06T16:50:32.052,2034,0,0,51,0,0,0,0,0,0,0x03
2026-09-06T16:50:32.052,2037,0,2,51,0,0,0,0,0,0,0x03
2026-09-06T16:50:32.117,2036,0,0,50,0,0,0,0,0,0,0x03
2026-09-06T16:50:32.117,2039,0,2,50,0,0,0,0,0,0,0x03
2026-09-06T16:50:32.182,2038,0,0,51,0,0,0,0,0,0,0x03
2026-09-06T16:50:32.182,2041,0,2,50,0,0,0,0,0,0,0x03
2026-09-06T16:50:32.247,2040,0,0,51,0,0,0,0,0,0,0x03
2026-09-06T16:50:32.247,2043,0,2,50,0,0,0,0,0,0,0x03
2026-09-06T16:50:32.311,2042,0,0,52,0,0,0,0,0,0,0x03
2026-09-06T16:50:32.311,2045,0,2,50,0,0,0,0,0,0,0x03
2026-09-06T16:50:32.376,2044,0,0,50,0,0,0,0,0,0,0x03
2026-09-06T16:50:32.376,2047,0,2,52,0,0,0,0,0,0,0x03
2026-09-06T16:50:32.441,2046,0,0,50,0,0,0,0,0,0,0x03
2026-09-06T16:50:32.441,2049,0,2,50,0,0,0,0,0,0,0x03
2026-09-06T16:50:32.523,2048,0,0,50,0,0,0,0,0,0,0x03
2026-09-06T16:50:32.523,2051,0,2,51,0,0,0,0,0,0,0x03
2026-09-06T16:50:32.588,2050,0,0,51,0,0,0,0,0,0,0x03
2026-09-06T16:50:32.588,2053,0,2,53,0,0,0,0,0,0,0x03
2026-09-06T16:50:32.653,2052,0,0,55,0,0,0,0,0,0,0x03
2026-09-06T16:50:32.653,2055,0,2,50,0,0,0,0,0,0,0x03
2026-09-06T16:50:32.718,2054,0,0,50,0,0,0,0,0,0,0x03
2026-09-06T16:50:32.718,2057,0,2,52,0,0,0,0,0,0,0x03
2026-09-06T16:50:32.783,2056,0,0,50,0,0,0,0,0,0,0x03
2026-09-06T16:50:32.783,2059,0,2,51,0,0,0,0,0,0,0x03
2026-09-06T16:50:32.848,2058,0,0,51,0,0,0,0,0,0,0x03
2026-09-06T16:50:32.848,2061,0,2,52,0,0,0,0,0,0,0x03
2026-09-06T16:50:32.913,2060,0,0,51,0,0,0,0,0,0,0x03
2026-09-06T16:50:32.913,2063,0,2,51,0,0,0,0,0,0,0x03
2026-09-06T16:50:32.979,2062,0,0,51,0,0,0,0,0,0,0x03
2026-09-06T16:50:32.979,2065,0,2,51,0,0,0,0,0,0,0x03
2026-09-06T16:50:33.059,2064,0,0,54,0,0,0,0,0,0,0x03
2026-09-06T16:50:33.059,2067,0,2,50,0,0,0,0,0,0,0x03
2026-09-06T16:50:33.124,2066,0,0,51,0,0,0,0,0,0,0x03
2026-09-06T16:50:33.124,2069,0,2,50,0,0,0,0,0,0,0x03
2026-09-06T16:50:33.189,2068,0,0,51,0,0,0,0,0,0,0x03
2026-09-06T16:50:33.189,2071,0,2,55,0,0,0,0,0,0,0x03
2026-09-06T16:50:33.254,2070,0,0,51,0,0,0,0,0,0,0x03
2026-09-06T16:50:33.254,2073,0,2,52,0,0,0,0,0,0,0x03
2026-09-06T16:50:33.318,2072,0,0,52,0,0,0,0,0,0,0x03
2026-09-06T16:50:33.318,2075,0,2,50,0,0,0,0,0,0,0x03
2026-09-06T16:50:33.384,2074,0,0,51,0,0,0,0,0,0,0x03
2026-09-06T16:50:33.384,2077,0,2,51,0,0,0,0,0,0,0x03
2026-09-06T16:50:33.449,2076,0,0,52,0,0,0,0,0,0,0x03
2026-09-06T16:50:33.449,2079,0,2,50,0,0,0,0,0,0,0x03
2026-09-06T16:50:33.465,2078,0,0,50,0,0,0,0,0,0,0x03
2026-09-06T16:50:33.468,2081,0,2,50,0,0,0,0,0,0,0x03
