timestamp,sequence,team,robot_id,interval_ms,left_target_eps,left_measured_eps,left_duty,right_target_eps,right_measured_eps,right_duty,flags
2026-09-06T16:08:57.120,502,0,2,50,0,0,0,0,0,0,0x03
2026-09-06T16:08:57.185,503,0,2,51,0,0,0,0,0,0,0x03
2026-09-06T16:08:57.250,504,0,2,50,0,0,0,0,0,0,0x03
2026-09-06T16:08:57.315,505,0,2,50,0,0,0,0,0,0,0x03
2026-09-06T16:08:57.396,0,0,2,51,0,0,0,0,0,0,0x03
2026-09-06T16:08:57.462,1,0,2,51,0,0,0,0,0,0,0x03
2026-09-06T16:08:57.527,2,0,2,51,0,0,0,0,0,0,0x03
2026-09-06T16:08:57.592,3,0,2,55,0,0,0,0,0,0,0x03
2026-09-06T16:08:57.658,4,0,2,51,0,0,0,0,0,0,0x03
2026-09-06T16:08:57.722,5,0,2,51,0,0,0,0,0,0,0x03
2026-09-06T16:08:57.787,6,0,2,50,0,0,0,0,0,0,0x03
2026-09-06T16:08:57.852,7,0,2,52,0,0,0,0,0,0,0x03
2026-09-06T16:08:57.917,8,0,2,52,0,0,0,0,0,0,0x03
2026-09-06T16:08:57.998,9,0,2,51,0,0,0,0,0,0,0x03
2026-09-06T16:08:58.064,10,0,2,51,0,0,0,0,0,0,0x03
2026-09-06T16:08:58.129,11,0,2,51,0,0,0,0,0,0,0x03
2026-09-06T16:08:58.194,12,0,2,52,0,0,0,0,0,0,0x03
2026-09-06T16:08:58.258,13,0,2,54,0,0,0,0,0,0,0x03
2026-09-06T16:08:58.323,14,0,2,51,0,0,0,0,0,0,0x03
2026-09-06T16:08:58.388,15,0,2,52,0,0,0,0,0,0,0x03
2026-09-06T16:08:58.469,16,0,2,50,0,0,0,0,0,0,0x03
2026-09-06T16:08:58.534,17,0,2,51,0,0,0,0,0,0,0x03
2026-09-06T16:08:58.599,18,0,2,50,0,0,0,0,0,0,0x03
2026-09-06T16:08:58.664,19,0,2,51,0,0,0,0,0,0,0x03
2026-09-06T16:08:58.729,20,0,2,50,0,0,0,0,0,0,0x03
2026-09-06T16:08:58.793,21,0,2,51,0,0,0,0,0,0,0x03
2026-09-06T16:08:58.858,22,0,2,50,0,0,0,0,0,0,0x03
2026-09-06T16:08:58.922,23,0,2,51,0,0,0,0,0,0,0x03
2026-09-06T16:08:59.003,24,0,2,51,0,0,0,0,0,0,0x03
2026-09-06T16:08:59.068,25,0,2,52,0,0,0,0,0,0,0x03
2026-09-06T16:08:59.133,26,0,2,50,0,0,0,0,0,0,0x03
2026-09-06T16:08:59.197,27,0,2,50,0,0,0,0,0,0,0x03
2026-09-06T16:08:59.262,28,0,2,50,0,0,0,0,0,0,0x03
2026-09-06T16:08:59.327,29,0,2,50,0,0,0,0,0,0,0x03
2026-09-06T16:08:59.391,30,0,2,50,0,0,0,0,0,0,0x03
2026-09-06T16:08:59.472,31,0,2,50,0,0,0,0,0,0,0x03
2026-09-06T16:08:59.537,32,0,2,52,0,0,0,0,0,0,0x03
2026-09-06T16:08:59.602,33,0,2,51,0,0,0,0,0,0,0x03
2026-09-06T16:08:59.666,34,0,2,50,0,0,0,0,0,0,0x03
2026-09-06T16:08:59.731,35,0,2,54,0,0,0,0,0,0,0x03
2026-09-06T16:08:59.796,36,0,2,51,0,0,0,0,0,0,0x03
2026-09-06T16:08:59.861,37,0,2,51,0,0,0,0,0,0,0x03
2026-09-06T16:08:59.925,38,0,2,52,0,0,0,0,0,0,0x03
2026-09-06T16:09:00.006,39,0,2,55,0,0,0,0,0,0,0x03
2026-09-06T16:09:00.072,40,0,2,51,0,0,0,0,0,0,0x03
2026-09-06T16:09:00.136,41,0,2,52,0,0,0,0,0,0,0x03
2026-09-06T16:09:00.202,42,0,2,50,0,0,0,0,0,0,0x03
2026-09-06T16:09:00.266,43,0,2,50,0,0,0,0,0,0,0x03
2026-09-06T16:09:00.331,44,0,2,50,0,0,0,0,0,0,0x03
2026-09-06T16:09:00.396,45,0,2,51,0,0,0,0,0,0,0x03
2026-09-06T16:09:00.461,46,0,2,51,0,0,0,0,0,0,0x03
2026-09-06T16:09:00.542,47,0,2,51,0,0,0,0,0,0,0x03
2026-09-06T16:09:00.608,48,0,2,50,0,0,0,0,0,0,0x03
2026-09-06T16:09:00.672,49,0,2,50,0,0,0,0,0,0,0x03
2026-09-06T16:09:00.738,50,0,2,51,0,0,0,0,0,0,0x03
2026-09-06T16:09:00.802,51,0,2,51,0,0,0,0,0,0,0x03
2026-09-06T16:09:00.867,52,0,2,51,0,0,0,0,0,0,0x03
2026-09-06T16:09:00.932,53,0,2,52,0,0,0,0,0,0,0x03
2026-09-06T16:09:00.997,54,0,2,50,0,0,0,0,0,0,0x03
2026-09-06T16:09:01.078,55,0,2,50,0,0,0,0,0,0,0x03
2026-09-06T16:09:01.143,56,0,2,50,0,0,0,0,0,0,0x03
2026-09-06T16:09:01.208,57,0,2,51,0,0,0,0,0,0,0x03
2026-09-06T16:09:01.273,58,0,2,50,0,0,0,0,0,0,0x03
2026-09-06T16:09:01.338,59,0,2,50,0,0,0,0,0,0,0x03
2026-09-06T16:09:01.403,60,0,2,52,0,0,0,0,0,0,0x03
2026-09-06T16:09:01.469,61,0,2,55,0,0,0,0,0,0,0x03
2026-09-06T16:09:01.534,62,0,2,52,0,0,0,0,0,0,0x03
2026-09-06T16:09:01.616,63,0,2,52,0,0,0,0,0,0,0x03
2026-09-06T16:09:01.681,64,0,2,51,0,0,0,0,0,0,0x03
2026-09-06T16:09:01.746,65,0,2,53,0,0,0,0,0,0,0x03
2026-09-06T16:09:01.811,66,0,2,52,0,0,0,0,0,0,0x03
2026-09-06T16:09:01.876,67,0,2,50,0,0,0,0,0,0,0x03
2026-09-06T16:09:01.942,68,0,2,50,0,0,0,0,0,0,0x03
2026-09-06T16:09:02.007,69,0,2,50,0,0,0,0,0,0,0x03
2026-09-06T16:09:02.072,70,0,2,51,0,0,0,0,0,0,0x03
2026-09-06T16:09:02.137,71,0,2,50,0,0,0,0,0,0,0x03
2026-09-06T16:09:02.202,72,0,2,50,0,0,0,0,0,0,0x03
2026-09-06T16:09:02.284,73,0,2,51,0,0,0,0,0,0,0x03
2026-09-06T16:09:02.349,74,0,2,50,0,0,0,0,0,0,0x03
2026-09-06T16:09:02.414,75,0,2,50,0,0,0,0,0,0,0x03
2026-09-06T16:09:02.479,76,0,2,50,0,0,0,0,0,0,0x03
2026-09-06T16:09:02.544,77,0,2,51,0,0,0,0,0,0,0x03
2026-09-06T16:09:02.609,78,0,2,52,0,0,0,0,0,0,0x03
2026-09-06T16:09:02.674,79,0,2,52,0,0,0,0,0,0,0x03
2026-09-06T16:09:02.739,80,0,2,52,0,0,0,0,0,0,0x03
2026-09-06T16:09:02.820,81,0,2,51,0,0,0,0,0,0,0x03
2026-09-06T16:09:02.884,82,0,2,50,0,0,0,0,0,0,0x03
2026-09-06T16:09:02.950,83,0,2,51,0,0,0,0,0,0,0x03
2026-09-06T16:09:03.015,84,0,2,52,0,0,0,0,0,0,0x03
2026-09-06T16:09:03.079,85,0,2,52,0,0,0,0,0,0,0x03
2026-09-06T16:09:03.145,86,0,2,50,0,0,0,0,0,0,0x03
2026-09-06T16:09:03.210,87,0,2,50,0,0,0,0,0,0,0x03
2026-09-06T16:09:03.274,88,0,2,51,0,0,0,0,0,0,0x03
2026-09-06T16:09:03.355,89,0,2,50,0,0,0,0,0,0,0x03
2026-09-06T16:09:03.421,90,0,2,50,0,0,0,0,0,0,0x03
2026-09-06T16:09:03.485,91,0,2,52,0,0,0,0,0,0,0x03
2026-09-06T16:09:03.550,92,0,2,52,0,0,0,0,0,0,0x03
2026-09-06T16:09:03.616,93,0,2,50,0,0,0,0,0,0,0x03
2026-09-06T16:09:03.681,94,0,2,50,0,0,0,0,0,0,0x03
2026-09-06T16:09:03.746,95,0,2,51,0,0,0,0,0,0,0x03
2026-09-06T16:09:03.811,96,0,2,50,0,0,0,0,0,0,0x03
2026-09-06T16:09:03.892,97,0,2,51,0,0,0,0,0,0,0x03
2026-09-06T16:09:03.957,98,0,2,50,0,0,0,0,0,0,0x03
2026-09-06T16:09:04.022,99,0,2,51,0,0,0,0,0,0,0x03
2026-09-06T16:09:04.087,100,0,2,52,0,0,0,0,0,0,0x03
2026-09-06T16:09:04.152,101,0,2,51,0,0,0,0,0,0,0x03
2026-09-06T16:09:04.217,102,0,2,52,0,0,0,0,0,0,0x03
2026-09-06T16:09:04.282,103,0,2,50,0,0,0,0,0,0,0x03
2026-09-06T16:09:04.347,104,0,2,52,0,0,0,0,0,0,0x03
2026-09-06T16:09:04.428,105,0,2,50,0,0,0,0,0,0,0x03
2026-09-06T16:09:04.477,106,0,2,51,0,0,0,0,0,0,0x03
2026-09-06T16:09:04.558,107,0,2,51,0,0,0,0,0,0,0x03
2026-09-06T16:09:04.623,108,0,2,52,0,0,0,0,0,0,0x03
2026-09-06T16:09:04.688,109,0,2,50,0,0,0,0,0,0,0x03
2026-09-06T16:09:04.753,110,0,2,51,0,0,0,0,0,0,0x03
2026-09-06T16:09:04.818,111,0,2,51,0,0,0,0,0,0,0x03
2026-09-06T16:09:04.884,112,0,2,52,0,0,0,0,0,0,0x03
2026-09-06T16:09:04.965,113,0,2,51,0,0,0,0,0,0,0x03
2026-09-06T16:09:05.013,114,0,2,51,0,0,0,0,0,0,0x03
2026-09-06T16:09:05.094,115,0,2,51,0,0,0,0,0,0,0x03
2026-09-06T16:09:05.159,116,0,2,51,0,0,0,0,0,0,0x03
2026-09-06T16:09:05.223,117,0,2,51,0,0,0,0,0,0,0x03
2026-09-06T16:09:05.288,118,0,2,55,0,0,0,0,0,0,0x03
2026-09-06T16:09:05.353,119,0,2,51,0,0,0,0,0,0,0x03
2026-09-06T16:09:05.418,120,0,2,51,0,0,0,0,0,0,0x03
2026-09-06T16:09:05.500,121,0,2,50,0,0,0,0,0,0,0x03
2026-09-06T16:09:05.564,122,0,2,51,0,0,0,0,0,0,0x03
2026-09-06T16:09:05.629,123,0,2,51,0,0,0,0,0,0,0x03
2026-09-06T16:09:05.694,124,0,2,51,0,0,0,0,0,0,0x03
2026-09-06T16:09:05.760,125,0,2,51,0,0,0,0,0,0,0x03
2026-09-06T16:09:05.825,126,0,2,52,0,0,0,0,0,0,0x03
2026-09-06T16:09:05.890,127,0,2,52,0,0,0,0,0,0,0x03
2026-09-06T16:09:05.954,128,0,2,51,0,0,0,0,0,0,0x03
2026-09-06T16:09:06.019,129,0,2,50,0,0,0,0,0,0,0x03
2026-09-06T16:09:06.101,130,0,2,52,0,0,0,0,0,0,0x03
2026-09-06T16:09:06.165,131,0,2,50,0,0,0,0,0,0,0x03
2026-09-06T16:09:06.230,132,0,2,54,0,0,0,0,0,0,0x03
2026-09-06T16:09:06.295,133,0,2,50,0,0,0,0,0,0,0x03
2026-09-06T16:09:06.360,134,0,2,52,0,0,0,0,0,0,0x03
2026-09-06T16:09:06.424,135,0,2,55,0,0,0,0,0,0,0x03
2026-09-06T16:09:06.489,136,0,2,51,0,0,0,0,0,0,0x03
2026-09-06T16:09:06.554,137,0,2,50,0,0,0,0,0,0,0x03
2026-09-06T16:09:06.635,138,0,2,50,0,0,0,0,0,0,0x03
2026-09-06T16:09:06.701,139,0,2,50,0,0,0,0,0,0,0x03
2026-09-06T16:09:06.766,140,0,2,51,0,0,0,0,0,0,0x03
2026-09-06T16:09:06.831,141,0,2,53,0,0,0,0,0,0,0x03
2026-09-06T16:09:06.896,142,0,2,50,0,0,0,0,0,0,0x03
2026-09-06T16:09:06.961,143,0,2,52,0,0,0,0,0,0,0x03
2026-09-06T16:09:07.026,144,0,2,50,0,0,0,0,0,0,0x03
2026-09-06T16:09:07.091,145,0,2,50,0,0,0,0,0,0,0x03
2026-09-06T16:09:07.172,146,0,2,50,0,0,0,0,0,0,0x03
2026-09-06T16:09:07.237,147,0,2,50,0,0,0,0,0,0,0x03
2026-09-06T16:09:07.302,148,0,2,51,0,0,0,0,0,0,0x03
2026-09-06T16:09:07.367,149,0,2,50,0,0,0,0,0,0,0x03
2026-09-06T16:09:07.432,150,0,2,52,0,0,0,0,0,0,0x03
2026-09-06T16:09:07.497,151,0,2,51,0,0,0,0,0,0,0x03
2026-09-06T16:09:07.578,152,0,2,50,0,0,0,0,0,0,0x03
2026-09-06T16:09:07.626,153,0,2,51,0,0,0,0,0,0,0x03
2026-09-06T16:09:07.707,154,0,2,52,0,0,0,0,0,0,0x03
2026-09-06T16:09:07.772,155,0,2,50,0,0,0,0,0,0,0x03
2026-09-06T16:09:07.837,156,0,2,50,0,0,0,0,0,0,0x03
2026-09-06T16:09:07.902,157,0,2,51,0,0,0,0,0,0,0x03
2026-09-06T16:09:07.967,158,0,2,50,0,0,0,0,0,0,0x03
2026-09-06T16:09:08.032,159,0,2,51,0,0,0,0,0,0,0x03
2026-09-06T16:09:08.097,160,0,2,51,0,0,0,0,0,0,0x03
2026-09-06T16:09:08.162,161,0,2,50,0,0,0,0,0,0,0x03
2026-09-06T16:09:08.243,162,0,2,50,0,0,0,0,0,0,0x03
2026-09-06T16:09:08.308,163,0,2,51,0,0,0,0,0,0,0x03
2026-09-06T16:09:08.372,164,0,2,51,0,0,0,0,0,0,0x03
2026-09-06T16:09:08.438,165,0,2,50,0,0,0,0,0,0,0x03
2026-09-06T16:09:08.503,166,0,2,55,0,0,0,0,0,0,0x03
2026-09-06T16:09:08.567,167,0,2,52,0,0,0,0,0,0,0x03
2026-09-06T16:09:08.632,168,0,2,52,0,0,0,0,0,0,0x03
2026-09-06T16:09:08.697,169,0,2,51,0,0,0,0,0,0,0x03
2026-09-06T16:09:08.779,170,0,2,53,0,0,0,0,0,0,0x03
2026-09-06T16:09:08.844,171,0,2,51,0,0,0,0,0,0,0x03
2026-09-06T16:09:08.909,172,0,2,50,0,0,0,0,0,0,0x03
2026-09-06T16:09:08.974,173,0,2,51,0,0,0,0,0,0,0x03
2026-09-06T16:09:09.038,174,0,2,51,0,0,0,0,0,0,0x03
2026-09-06T16:09:09.104,175,0,2,50,0,0,0,0,0,0,0x03
2026-09-06T16:09:09.169,176,0,2,55,0,0,0,0,0,0,0x03
2026-09-06T16:09:09.234,177,0,2,50,0,0,0,0,0,0,0x03
2026-09-06T16:09:09.315,178,0,2,50,0,0,0,0,0,0,0x03
2026-09-06T16:09:09.380,179,0,2,50,0,0,0,0,0,0,0x03
2026-09-06T16:09:09.445,180,0,2,51,0,0,0,0,0,0,0x03
2026-09-06T16:09:09.511,181,0,2,51,0,0,0,0,0,0,0x03
2026-09-06T16:09:09.575,182,0,2,53,0,0,0,0,0,0,0x03
2026-09-06T16:09:09.641,183,0,2,50,0,0,0,0,0,0,0x03
2026-09-06T16:09:09.705,184,0,2,51,0,0,0,0,0,0,0x03
2026-09-06T16:09:09.770,185,0,2,50,0,0,0,0,0,0,0x03
2026-09-06T16:09:09.852,186,0,2,51,0,0,0,0,0,0,0x03
2026-09-06T16:09:09.901,187,0,2,52,0,0,0,0,0,0,0x03
2026-09-06T16:09:09.982,188,0,2,50,0,0,0,0,0,0,0x03
2026-09-06T16:09:10.047,189,0,2,50,0,0,0,0,0,0,0x03
2026-09-06T16:09:10.112,190,0,2,50,0,0,0,0,0,0,0x03
2026-09-06T16:09:10.177,191,0,2,50,0,0,0,0,0,0,0x03
2026-09-06T16:09:10.242,192,0,2,51,0,0,0,0,0,0,0x03
2026-09-06T16:09:10.307,193,0,2,51,0,0,0,0,0,0,0x03
2026-09-06T16:09:10.388,194,0,2,51,0,0,0,0,0,0,0x03
2026-09-06T16:09:10.437,195,0,2,52,0,0,0,0,0,0,0x03
2026-09-06T16:09:10.518,196,0,2,52,0,0,0,0,0,0,0x03
2026-09-06T16:09:10.583,197,0,2,50,0,0,0,0,0,0,0x03
2026-09-06T16:09:10.649,198,0,2,50,0,0,0,0,0,0,0x03
2026-09-06T16:09:10.714,199,0,2,51,0,0,0,0,0,0,0x03
2026-09-06T16:09:10.779,200,0,2,51,0,0,0,0,0,0,0x03
2026-09-06T16:09:10.843,201,0,2,50,0,0,0,0,0,0,0x03
2026-09-06T16:09:10.924,202,0,2,51,0,0,0,0,0,0,0x03
2026-09-06T16:09:10.989,203,0,2,52,0,0,0,0,0,0,0x03
2026-09-06T16:09:11.054,204,0,2,51,0,0,0,0,0,0,0x03
2026-09-06T16:09:11.119,205,0,2,51,0,0,0,0,0,0,0x03
2026-09-06T16:09:11.184,206,0,2,51,0,0,0,0,0,0,0x03
2026-09-06T16:09:11.249,207,0,2,50,0,0,0,0,0,0,0x03
2026-09-06T16:09:11.314,208,0,2,50,0,0,0,0,0,0,0x03
2026-09-06T16:09:11.379,209,0,2,50,0,0,0,0,0,0,0x03
2026-09-06T16:09:11.444,210,0,2,50,0,0,0,0,0,0,0x03
2026-09-06T16:09:11.509,211,0,2,50,0,0,0,0,0,0,0x03
2026-09-06T16:09:11.590,212,0,2,50,0,0,0,0,0,0,0x03
2026-09-06T16:09:11.655,213,0,2,50,0,0,0,0,0,0,0x03
2026-09-06T16:09:11.720,214,0,2,52,0,0,0,0,0,0,0x03
2026-09-06T16:09:11.785,215,0,2,57,0,0,0,0,0,0,0x03
2026-09-06T16:09:11.850,216,0,2,50,0,0,0,0,0,0,0x03
2026-09-06T16:09:11.914,217,0,2,53,0,0,0,0,0,0,0x03
2026-09-06T16:09:11.979,218,0,2,51,0,0,0,0,0,0,0x03
2026-09-06T16:09:12.061,219,0,2,50,0,0,0,0,0,0,0x03
2026-09-06T16:09:12.126,220,0,2,51,0,0,0,0,0,0,0x03
2026-09-06T16:09:12.191,221,0,2,50,0,0,0,0,0,0,0x03
2026-09-06T16:09:12.256,222,0,2,51,0,0,0,0,0,0,0x03
2026-09-06T16:09:12.321,223,0,2,51,0,0,0,0,0,0,0x03
2026-09-06T16:09:12.386,224,0,2,50,0,0,0,0,0,0,0x03
2026-09-06T16:09:12.451,225,0,2,50,0,0,0,0,0,0,0x03
2026-09-06T16:09:12.516,226,0,2,52,0,0,0,0,0,0,0x03
2026-09-06T16:09:12.581,227,0,2,55,0,0,0,0,0,0,0x03
2026-09-06T16:09:12.662,228,0,2,51,0,0,0,0,0,0,0x03
2026-09-06T16:09:12.727,229,0,2,51,0,0,0,0,0,0,0x03
2026-09-06T16:09:12.792,230,0,2,50,0,0,0,0,0,0,0x03
2026-09-06T16:09:12.857,231,0,2,50,0,0,0,0,0,0,0x03
2026-09-06T16:09:12.921,232,0,2,51,0,0,0,0,0,0,0x03
2026-09-06T16:09:12.987,233,0,2,53,0,0,0,0,0,0,0x03
2026-09-06T16:09:13.051,234,0,2,51,0,0,0,0,0,0,0x03
2026-09-06T16:09:13.133,235,0,2,50,0,0,0,0,0,0,0x03
2026-09-06T16:09:13.198,236,0,2,51,0,0,0,0,0,0,0x03
2026-09-06T16:09:13.263,237,0,2,50,0,0,0,0,0,0,0x03
2026-09-06T16:09:13.327,238,0,2,52,0,0,0,0,0,0,0x03
2026-09-06T16:09:13.393,239,0,2,52,0,0,0,0,0,0,0x03
2026-09-06T16:09:13.458,240,0,2,50,0,0,0,0,0,0,0x03
2026-09-06T16:09:13.524,241,0,2,51,0,0,0,0,0,0,0x03
2026-09-06T16:09:13.589,242,0,2,50,0,0,0,0,0,0,0x03
2026-09-06T16:09:13.654,243,0,2,52,0,0,0,0,0,0,0x03
2026-09-06T16:09:13.735,244,0,2,52,0,0,0,0,0,0,0x03
2026-09-06T16:09:13.800,245,0,2,50,0,0,0,0,0,0,0x03
2026-09-06T16:09:13.865,246,0,2,50,0,0,0,0,0,0,0x03
2026-09-06T16:09:13.929,247,0,2,50,0,0,0,0,0,0,0x03
2026-09-06T16:09:13.994,248,0,2,51,0,0,0,0,0,0,0x03
2026-09-06T16:09:14.059,249,0,2,53,0,0,0,0,0,0,0x03
2026-09-06T16:09:14.124,250,0,2,51,0,0,0,0,0,0,0x03
2026-09-06T16:09:14.189,251,0,2,50,0,0,0,0,0,0,0x03
2026-09-06T16:09:14.270,252,0,2,51,0,0,0,0,0,0,0x03
2026-09-06T16:09:14.335,253,0,2,51,0,0,0,0,0,0,0x03
2026-09-06T16:09:14.400,254,0,2,51,0,0,0,0,0,0,0x03
2026-09-06T16:09:14.465,255,0,2,52,0,0,0,0,0,0,0x03
2026-09-06T16:09:14.530,256,0,2,52,0,0,0,0,0,0,0x03
2026-09-06T16:09:14.595,257,0,2,51,0,0,0,0,0,0,0x03
2026-09-06T16:09:14.661,258,0,2,50,0,0,0,0,0,0,0x03
2026-09-06T16:09:14.726,259,0,2,55,0,0,0,0,0,0,0x03
2026-09-06T16:09:14.791,260,0,2,50,0,0,0,0,0,0,0x03
2026-09-06T16:09:14.872,261,0,2,52,0,0,0,0,0,0,0x03
2026-09-06T16:09:14.938,262,0,2,50,0,0,0,0,0,0,0x03
2026-09-06T16:09:15.003,263,0,2,50,0,0,0,0,0,0,0x03
2026-09-06T16:09:15.068,264,0,2,50,0,0,0,0,0,0,0x03
2026-09-06T16:09:15.133,265,0,2,54,0,0,0,0,0,0,0x03
2026-09-06T16:09:15.199,266,0,2,50,0,0,0,0,0,0,0x03
2026-09-06T16:09:15.264,267,0,2,50,0,0,0,0,0,0,0x03
2026-09-06T16:09:15.328,268,0,2,51,0,0,0,0,0,0,0x03
2026-09-06T16:09:15.393,269,0,2,51,0,0,0,0,0,0,0x03
2026-09-06T16:09:15.475,270,0,2,50,0,0,0,0,0,0,0x03
2026-09-06T16:09:15.540,271,0,2,52,0,0,0,0,0,0,0x03
2026-09-06T16:09:15.605,272,0,2,50,0,0,0,0,0,0,0x03
2026-09-06T16:09:15.669,273,0,2,52,0,0,0,0,0,0,0x03
2026-09-06T16:09:15.734,274,0,2,51,0,0,0,0,0,0,0x03
2026-09-06T16:09:15.798,275,0,2,50,0,0,0,0,0,0,0x03
2026-09-06T16:09:15.863,276,0,2,50,0,0,0,0,0,0,0x03
2026-09-06T16:09:15.944,277,0,2,51,0,0,0,0,0,0,0x03
2026-09-06T16:09:16.009,278,0,2,51,0,0,0,0,0,0,0x03
2026-09-06T16:09:16.073,279,0,2,51,0,0,0,0,0,0,0x03
2026-09-06T16:09:16.138,280,0,2,51,0,0,0,0,0,0,0x03
2026-09-06T16:09:16.203,281,0,2,50,0,0,0,0,0,0,0x03
2026-09-06T16:09:16.268,282,0,2,51,0,0,0,0,0,0,0x03
2026-09-06T16:09:16.333,283,0,2,50,0,0,0,0,0,0,0x03
2026-09-06T16:09:16.398,284,0,2,50,0,0,0,0,0,0,0x03
2026-09-06T16:09:16.479,285,0,2,51,0,0,0,0,0,0,0x03
2026-09-06T16:09:16.544,286,0,2,50,0,0,0,0,0,0,0x03
2026-09-06T16:09:16.609,287,0,2,51,0,0,0,0,0,0,0x03
2026-09-06T16:09:16.675,288,0,2,50,0,0,0,0,0,0,0x03
2026-09-06T16:09:16.740,289,0,2,51,0,0,0,0,0,0,0x03
2026-09-06T16:09:16.805,290,0,2,52,0,0,0,0,0,0,0x03
2026-09-06T16:09:16.869,291,0,2,51,0,0,0,0,0,0,0x03
2026-09-06T16:09:16.935,292,0,2,50,0,0,0,0,0,0,0x03
2026-09-06T16:09:17.016,293,0,2,51,0,0,0,0,0,0,0x03
2026-09-06T16:09:17.081,294,0,2,55,0,0,0,0,0,0,0x03
2026-09-06T16:09:17.146,295,0,2,51,0,0,0,0,0,0,0x03
2026-09-06T16:09:17.211,296,0,2,51,0,0,0,0,0,0,0x03
2026-09-06T16:09:17.276,297,0,2,52,0,0,0,0,0,0,0x03
2026-09-06T16:09:17.342,298,0,2,50,0,0,0,0,0,0,0x03
2026-09-06T16:09:17.407,299,0,2,50,0,0,0,0,0,0,0x03
2026-09-06T16:09:17.472,300,0,2,51,0,0,0,0,0,0,0x03
2026-09-06T16:09:17.537,301,0,2,50,0,0,0,0,0,0,0x03
2026-09-06T16:09:17.618,302,0,2,51,0,0,0,0,0,0,0x03
2026-09-06T16:09:17.683,303,0,2,51,0,0,0,0,0,0,0x03
2026-09-06T16:09:17.748,304,0,2,52,0,0,0,0,0,0,0x03
2026-09-06T16:09:17.813,305,0,2,50,0,0,0,0,0,0,0x03
2026-09-06T16:09:17.878,306,0,2,50,0,0,0,0,0,0,0x03
2026-09-06T16:09:17.943,307,0,2,50,0,0,0,0,0,0,0x03
2026-09-06T16:09:18.008,308,0,2,51,0,0,0,0,0,0,0x03
2026-09-06T16:09:18.073,309,0,2,51,0,0,0,0,0,0,0x03
2026-09-06T16:09:18.138,310,0,2,52,0,0,0,0,0,0,0x03
2026-09-06T16:09:18.219,311,0,2,50,0,0,0,0,0,0,0x03
2026-09-06T16:09:18.285,312,0,2,50,0,0,26496,0,0,21044,0x07
2026-09-06T16:09:18.349,313,0,2,51,2936,1373,32808,2778,1824,30847,0x07
2026-09-06T16:09:18.414,314,0,2,50,0,0,0,0,0,0,0x03
2026-09-06T16:09:18.479,315,0,2,51,0,0,24350,0,0,22192,0x07
2026-09-06T16:09:18.544,316,0,2,51,0,0,0,0,0,0,0x03
2026-09-06T16:09:18.609,317,0,2,51,0,0,24198,0,0,22283,0x07
2026-09-06T16:09:18.673,318,0,2,51,2864,608,35824,2674,490,34014,0x07
2026-09-06T16:09:18.755,319,0,2,51,3014,1216,37642,2913,1020,38617,0x07
2026-09-06T16:09:18.820,320,0,2,50,0,0,0,0,0,0,0x03
2026-09-06T16:09:18.885,321,0,2,50,0,0,26338,0,0,26150,0x07
2026-09-06T16:09:18.949,322,0,2,50,3144,2520,31765,3180,1960,35568,0x07
2026-09-06T16:09:19.014,323,0,2,50,0,0,0,0,0,0,0x03
2026-09-06T16:09:19.079,324,0,2,50,0,0,0,0,0,0,0x03
2026-09-06T16:09:19.144,325,0,2,51,0,0,0,0,0,0,0x03
2026-09-06T16:09:19.209,326,0,2,50,0,0,25820,0,0,28596,0x07
2026-09-06T16:09:19.290,327,0,2,51,0,0,0,0,0,0,0x03
2026-09-06T16:09:19.356,328,0,2,50,0,0,0,0,0,0,0x03
2026-09-06T16:09:19.421,329,0,2,51,0,0,0,0,0,0,0x03
2026-09-06T16:09:19.486,330,0,2,51,0,0,0,0,0,0,0x03
2026-09-06T16:09:19.551,331,0,2,55,2127,18,29583,2996,0,37480,0x07
2026-09-06T16:09:19.616,332,0,2,50,2127,1680,22916,2996,2060,29755,0x07
2026-09-06T16:09:19.681,333,0,2,50,1131,900,14586,1993,1260,22023,0x07
2026-09-06T16:09:19.745,334,0,2,51,472,686,7460,1280,588,17185,0x07
2026-09-06T16:09:19.827,335,0,2,55,419,636,6711,1315,727,18435,0x07
2026-09-06T16:09:19.891,336,0,2,51,419,549,6965,1315,765,18894,0x07
2026-09-06T16:09:19.956,337,0,2,50,403,480,6997,1332,820,19422,0x07
2026-09-06T16:09:20.021,338,0,2,50,408,360,7599,1327,920,19873,0x07
2026-09-06T16:09:20.086,339,0,2,51,426,353,7907,1309,1000,19663,0x07
2026-09-06T16:09:20.151,340,0,2,51,488,294,9071,1244,1098,18640,0x07
2026-09-06T16:09:20.216,341,0,2,53,570,321,10432,1158,1057,18061,0x07
2026-09-06T16:09:20.281,342,0,2,50,570,240,11068,1158,1020,18369,0x07
2026-09-06T16:09:20.362,343,0,2,51,862,314,14724,1294,941,20706,0x07
2026-09-06T16:09:20.426,344,0,2,50,0,0,0,0,0,0,0x03
2026-09-06T16:09:20.492,345,0,2,58,2817,0,38706,2862,17,39434,0x07
2026-09-06T16:09:20.557,346,0,2,50,2817,1520,33394,2862,1480,34737,0x07
2026-09-06T16:09:20.621,347,0,2,51,3366,1490,40000,3307,1392,40000,0x07
2026-09-06T16:09:20.686,348,0,2,51,3374,1608,39640,3390,1608,40000,0x07
2026-09-06T16:09:20.751,349,0,2,51,3374,1843,38640,3317,1686,39276,0x07
2026-09-06T16:09:20.816,350,0,2,50,3314,2140,37708,3153,1860,38013,0x07
2026-09-06T16:09:20.897,351,0,2,52,3215,2462,36643,3146,2096,39265,0x07
2026-09-06T16:09:20.961,352,0,2,50,3215,2560,36804,3146,2340,39115,0x07
2026-09-06T16:09:21.026,353,0,2,51,3226,2667,36984,3196,2490,39856,0x07
2026-09-06T16:09:21.221,354,0,2,51,3279,2922,37156,3372,2627,40000,0x07
2026-09-06T16:09:21.286,355,0,2,50,0,0,0,0,0,0,0x03
2026-09-06T16:09:21.368,356,0,2,51,0,0,0,0,0,0,0x03
2026-09-06T16:09:21.433,357,0,2,50,0,0,0,0,0,0,0x03
2026-09-06T16:09:21.498,358,0,2,50,0,0,0,0,0,0,0x03
2026-09-06T16:09:21.564,359,0,2,51,0,0,26702,0,0,23289,0x07
2026-09-06T16:09:21.629,360,0,2,50,3192,880,38573,2806,620,34982,0x07
2026-09-06T16:09:21.695,361,0,2,56,1819,1161,22719,-137,-36,3446,0x07
2026-09-06T16:09:21.760,362,0,2,52,0,0,0,0,0,0,0x03
2026-09-06T16:09:21.825,363,0,2,51,0,0,8968,0,0,20354,0x07
2026-09-06T16:09:21.891,364,0,2,51,0,0,0,0,0,0,0x03
2026-09-06T16:09:21.972,365,0,2,58,102,69,3260,1402,0,20310,0x07
2026-09-06T16:09:22.021,366,0,2,50,102,400,1589,1402,860,17251,0x07
2026-09-06T16:09:22.102,367,0,2,51,124,59,3358,1521,510,21284,0x07
2026-09-06T16:09:22.167,368,0,2,50,154,140,3293,1590,660,23604,0x07
2026-09-06T16:09:22.232,369,0,2,50,3374,20,40000,842,760,14380,0x07
2026-09-06T16:09:22.297,370,0,2,51,0,0,0,0,0,0,0x03
2026-09-06T16:09:22.362,371,0,2,50,0,0,0,0,0,0,0x03
2026-09-06T16:09:22.428,372,0,2,50,0,0,7614,0,0,8632,0x07
2026-09-06T16:09:22.493,373,0,2,52,0,0,2351,888,135,12695,0x07
2026-09-06T16:09:22.558,374,0,2,50,-6,-160,1559,811,780,9071,0x07
2026-09-06T16:09:22.640,375,0,2,50,0,0,0,0,0,0,0x03
2026-09-06T16:09:22.705,376,0,2,52,0,0,0,0,0,0,0x03
2026-09-06T16:09:22.770,377,0,2,50,0,0,0,0,0,0,0x03
2026-09-06T16:09:22.835,378,0,2,50,0,0,16978,0,0,14068,0x07
2026-09-06T16:09:22.901,379,0,2,51,1919,451,24545,-1599,-78,22237,0x07
2026-09-06T16:09:22.965,380,0,2,51,853,863,10106,-344,-1118,2030,0x07
2026-09-06T16:09:23.030,381,0,2,51,877,353,13634,-242,0,5691,0x07
2026-09-06T16:09:23.096,382,0,2,52,926,212,15483,-172,-115,4432,0x07
2026-09-06T16:09:23.161,383,0,2,51,928,294,15728,0,0,2539,0x07
2026-09-06T16:09:23.243,384,0,2,51,956,392,16760,249,0,5166,0x07
2026-09-06T16:09:23.308,385,0,2,52,0,0,0,0,0,0,0x03
2026-09-06T16:09:23.373,386,0,2,50,0,0,21475,0,0,24243,0x07
2026-09-06T16:09:23.438,387,0,2,51,0,0,25229,0,0,13742,0x07
2026-09-06T16:09:23.503,388,0,2,51,2999,961,35732,0,0,5819,0x07
2026-09-06T16:09:23.568,389,0,2,52,0,0,0,0,0,0,0x03
2026-09-06T16:09:23.633,390,0,2,52,0,0,10672,0,0,5861,0x07
2026-09-06T16:09:23.698,391,0,2,50,0,0,0,0,0,0,0x03
2026-09-06T16:09:23.779,392,0,2,50,0,0,0,0,0,0,0x03
2026-09-06T16:09:23.828,393,0,2,51,0,0,10680,0,0,3796,0x07
2026-09-06T16:09:23.909,394,0,2,53,1048,434,14451,206,170,3905,0x07
2026-09-06T16:09:23.974,395,0,2,52,1048,154,16464,206,135,4137,0x07
2026-09-06T16:09:24.039,396,0,2,52,982,288,15748,176,0,4551,0x07
2026-09-06T16:09:24.104,397,0,2,56,957,500,15528,5,0,2593,0x07
2026-09-06T16:09:24.169,398,0,2,51,957,608,15384,0,0,2456,0x07
2026-09-06T16:09:24.234,399,0,2,50,968,640,15667,-80,0,2883,0x07
2026-09-06T16:09:24.315,400,0,2,50,983,760,15538,-147,0,3844,0x07
2026-09-06T16:09:24.363,401,0,2,51,980,706,16206,-135,0,3998,0x07
2026-09-06T16:09:24.445,402,0,2,51,976,745,16199,-84,0,3483,0x07
2026-09-06T16:09:24.509,403,0,2,55,1043,745,17585,93,0,3070,0x07
2026-09-06T16:09:24.574,404,0,2,55,1043,745,17585,93,0,3070,0x07
2026-09-06T16:09:24.833,405,0,2,52,1483,904,23375,212,0,4967,0x07
2026-09-06T16:09:26.921,406,0,2,51,0,0,0,0,0,0,0x03
2026-09-06T16:09:26.986,407,0,2,51,0,0,0,0,0,0,0x03
2026-09-06T16:09:27.052,408,0,2,55,1081,0,16212,629,0,10087,0x07
2026-09-06T16:09:27.117,409,0,2,51,0,0,9767,0,0,7482,0x07
2026-09-06T16:09:27.182,410,0,2,53,0,0,0,0,0,0,0x03
2026-09-06T16:09:27.248,411,0,2,50,0,0,24291,0,0,28596,0x07
2026-09-06T16:09:27.313,412,0,2,51,2876,255,37798,3500,784,40000,0x07
2026-09-06T16:09:27.394,413,0,2,51,0,0,0,0,0,0,0x03
2026-09-06T16:09:27.459,414,0,2,50,0,0,27718,0,0,27427,0x07
2026-09-06T16:09:27.524,415,0,2,51,0,0,0,0,0,0,0x03
2026-09-06T16:09:27.589,416,0,2,52,0,0,0,0,0,0,0x03
2026-09-06T16:09:27.653,417,0,2,50,0,0,27793,0,0,27766,0x07
2026-09-06T16:09:27.719,418,0,2,50,3335,1080,39370,3392,720,39120,0x07
2026-09-06T16:09:27.783,419,0,2,50,3345,1660,38524,3464,1200,37942,0x07
2026-09-06T16:09:27.848,420,0,2,51,3332,1235,40000,3500,1569,39169,0x07
2026-09-06T16:09:27.913,421,0,2,50,3334,1540,38899,3500,1720,38526,0x07
2026-09-06T16:09:27.994,422,0,2,51,3289,1922,37973,3500,1647,38836,0x07
2026-09-06T16:09:28.059,423,0,2,52,3106,2115,36571,3332,1788,39897,0x07
2026-09-06T16:09:28.123,424,0,2,51,3106,2392,36040,3332,2176,39545,0x07
2026-09-06T16:09:28.188,425,0,2,51,2978,2451,34740,3325,2392,39592,0x07
2026-09-06T16:09:28.252,426,0,2,50,2737,2600,31480,3188,2620,38538,0x07
2026-09-06T16:09:28.317,427,0,2,51,2444,2686,27407,2959,2529,36674,0x07
2026-09-06T16:09:28.398,428,0,2,50,1963,2760,20675,2584,2880,30396,0x07
2026-09-06T16:09:28.462,429,0,2,52,366,1750,3402,1370,2519,15193,0x07
2026-09-06T16:09:28.528,430,0,2,50,366,1340,4283,1370,2120,16065,0x07
2026-09-06T16:09:28.593,431,0,2,51,1165,922,15779,1488,1706,18975,0x07
2026-09-06T16:09:28.658,432,0,2,54,447,1352,3828,1287,1648,16016,0x07
2026-09-06T16:09:28.722,433,0,2,52,447,1019,4715,1287,1500,16401,0x07
2026-09-06T16:09:28.787,434,0,2,52,445,942,4564,1288,1404,16698,0x07
2026-09-06T16:09:28.851,435,0,2,50,293,740,3223,1446,1240,19494,0x07
2026-09-06T16:09:28.932,436,0,2,64,500,641,5874,1231,1016,18373,0x07
2026-09-06T16:09:28.997,437,0,2,57,561,544,7024,1168,965,18089,0x07
2026-09-06T16:09:29.061,438,0,2,50,561,440,7573,1168,980,18232,0x07
2026-09-06T16:09:29.126,439,0,2,51,512,529,6592,1219,1078,18579,0x07
2026-09-06T16:09:29.190,440,0,2,50,529,500,6955,1201,1000,19252,0x07
2026-09-06T16:09:29.255,441,0,2,50,555,480,7415,1174,920,19553,0x07
2026-09-06T16:09:29.319,442,0,2,51,739,294,10790,1264,882,21205,0x07
2026-09-06T16:09:29.400,443,0,2,51,1183,353,16573,1654,902,26611,0x07
2026-09-06T16:09:29.465,444,0,2,50,1853,680,25501,2193,1060,35032,0x07
2026-09-06T16:09:29.529,445,0,2,51,2150,863,29414,2518,1176,39909,0x07
2026-09-06T16:09:29.594,446,0,2,54,0,0,0,0,0,0,0x03
2026-09-06T16:09:29.659,447,0,2,50,0,0,26800,0,0,26629,0x07
2026-09-06T16:09:29.723,448,0,2,51,0,0,0,0,0,0,0x03
2026-09-06T16:09:29.788,449,0,2,50,0,0,28094,0,0,27614,0x07
2026-09-06T16:09:29.868,450,0,2,57,3326,1754,35990,3096,1947,31836,0x07
2026-09-06T16:09:29.933,451,0,2,51,3326,1667,37860,3096,1431,35897,0x07
2026-09-06T16:09:29.998,452,0,2,50,2206,1620,25254,1798,1700,19416,0x07
2026-09-06T16:09:30.063,453,0,2,50,0,0,0,0,0,0,0x03
2026-09-06T16:09:30.128,454,0,2,50,0,0,0,0,0,0,0x03
2026-09-06T16:09:30.193,455,0,2,51,0,0,0,0,0,0,0x03
2026-09-06T16:09:30.258,456,0,2,50,0,0,0,0,0,0,0x03
2026-09-06T16:09:30.339,457,0,2,52,0,0,0,0,0,0,0x03
2026-09-06T16:09:30.404,458,0,2,51,0,0,0,0,0,0,0x03
2026-09-06T16:09:30.469,459,0,2,51,0,0,0,0,0,0,0x03
2026-09-06T16:09:30.534,460,0,2,50,0,0,0,0,0,0,0x03
2026-09-06T16:09:30.598,461,0,2,50,0,0,0,0,0,0,0x03
2026-09-06T16:09:30.663,462,0,2,51,0,0,22282,0,0,28596,0x07
2026-09-06T16:09:30.728,463,0,2,51,0,0,0,0,0,0,0x03
2026-09-06T16:09:30.792,464,0,2,51,0,0,0,0,0,0,0x03
2026-09-06T16:09:30.873,465,0,2,51,0,0,17274,0,0,23193,0x07
2026-09-06T16:09:30.937,466,0,2,52,0,0,0,0,0,0,0x03
2026-09-06T16:09:31.002,467,0,2,52,0,0,0,0,0,0,0x03
2026-09-06T16:09:31.066,468,0,2,50,0,0,12150,0,0,17481,0x07
2026-09-06T16:09:31.131,469,0,2,54,0,0,0,0,0,0,0x03
2026-09-06T16:09:31.196,470,0,2,52,0,0,0,0,0,0,0x03
2026-09-06T16:09:31.260,471,0,2,50,0,0,11018,0,0,15368,0x07
2026-09-06T16:09:31.342,472,0,2,52,0,0,0,0,0,0,0x03
2026-09-06T16:09:31.407,473,0,2,54,0,0,0,0,0,0,0x03
2026-09-06T16:09:31.472,474,0,2,51,0,0,8086,0,0,12974,0x07
2026-09-06T16:09:31.537,475,0,2,51,756,216,10871,1456,157,19953,0x07
2026-09-06T16:09:31.603,476,0,2,50,516,120,9015,1215,200,19052,0x07
2026-09-06T16:09:31.667,477,0,2,50,525,220,8964,1206,260,19724,0x07
2026-09-06T16:09:31.733,478,0,2,50,528,280,8964,1203,340,20295,0x07
2026-09-06T16:09:31.798,479,0,2,50,503,400,8436,1228,520,21490,0x07
2026-09-06T16:09:31.879,480,0,2,51,0,0,0,0,0,0,0x03
2026-09-06T16:09:31.944,481,0,2,51,0,0,6263,0,0,11117,0x07
2026-09-06T16:09:32.009,482,0,2,50,518,20,8818,1213,60,17286,0x07
2026-09-06T16:09:32.074,483,0,2,50,0,0,0,0,0,0,0x03
2026-09-06T16:09:32.140,484,0,2,51,0,0,0,0,0,0,0x03
2026-09-06T16:09:32.205,485,0,2,56,832,0,13023,1355,0,19632,0x07
2026-09-06T16:09:32.270,486,0,2,51,0,0,0,0,0,0,0x03
2026-09-06T16:09:32.335,487,0,2,50,0,0,14180,0,0,16564,0x07
2026-09-06T16:09:32.400,488,0,2,50,1553,120,21540,1926,20,26759,0x07
2026-09-06T16:09:32.481,489,0,2,51,2117,431,30067,2432,490,35103,0x07
2026-09-06T16:09:32.546,490,0,2,50,0,0,0,0,0,0,0x03
2026-09-06T16:09:32.611,491,0,2,50,0,0,19345,0,0,22328,0x07
2026-09-06T16:09:32.676,492,0,2,51,0,0,0,0,0,0,0x03
2026-09-06T16:09:32.741,493,0,2,52,0,0,0,0,0,0,0x03
2026-09-06T16:09:32.806,494,0,2,50,0,0,0,0,0,0,0x03
2026-09-06T16:09:32.871,495,0,2,51,0,0,3813,0,0,16783,0x07
2026-09-06T16:09:32.937,496,0,2,50,0,0,0,0,0,0,0x03
2026-09-06T16:09:33.019,497,0,2,50,0,0,5079,0,0,12346,0x07
2026-09-06T16:09:33.067,498,0,2,51,343,353,5175,1394,235,20174,0x07
2026-09-06T16:09:33.149,499,0,2,51,343,373,5066,1394,118,22106,0x07
2026-09-06T16:09:33.214,500,0,2,51,349,196,6022,1388,196,23039,0x07
2026-09-06T16:09:33.279,501,0,2,51,393,39,7526,1343,294,23261,0x07
2026-09-06T16:09:33.344,502,0,2,51,365,176,7003,1372,471,24967,0x07
2026-09-06T16:09:33.409,503,0,2,50,429,240,7666,1305,540,24719,0x07
2026-09-06T16:09:33.473,504,0,2,53,510,415,8141,1221,736,24182,0x07
2026-09-06T16:09:33.555,505,0,2,50,510,420,8199,1221,780,24479,0x07
2026-09-06T16:09:33.603,506,0,2,50,543,480,8390,1187,860,24095,0x07
2026-09-06T16:09:33.684,507,0,2,50,585,520,8783,1143,920,23562,0x07
2026-09-06T16:09:33.749,508,0,2,50,581,520,8863,1147,1080,23174,0x07
2026-09-06T16:09:33.814,509,0,2,51,806,490,11947,1350,1216,25163,0x07
2026-09-06T16:09:33.879,510,0,2,52,1778,654,24470,2156,1269,36047,0x07
2026-09-06T16:09:33.944,511,0,2,51,1778,824,24611,2156,1353,36593,0x07
2026-09-06T16:09:34.009,512,0,2,51,2315,1059,31124,2606,1471,40000,0x07
2026-09-06T16:09:34.090,513,0,2,51,2744,1333,36339,2970,1667,40000,0x07
2026-09-06T16:09:34.139,514,0,2,50,3167,1720,39728,1821,1900,30200,0x07
2026-09-06T16:09:34.220,515,0,2,51,2188,2098,26557,1623,2039,26782,0x07
2026-09-06T16:09:34.285,516,0,2,51,1212,2059,13804,493,1765,11931,0x07
2026-09-06T16:09:34.350,517,0,2,50,1282,1840,15084,420,1600,10458,0x07
2026-09-06T16:09:34.416,518,0,2,50,1282,1700,15309,420,1260,10979,0x07
2026-09-06T16:09:34.481,519,0,2,50,1268,1660,14964,434,1000,11637,0x07
2026-09-06T16:09:34.546,520,0,2,51,1236,1647,13891,468,1235,9622,0x07
2026-09-06T16:09:34.611,521,0,2,50,1214,1540,13793,491,1120,9699,0x07
2026-09-06T16:09:34.676,522,0,2,50,1179,1500,13265,527,980,10221,0x07
2026-09-06T16:09:34.757,523,0,2,54,1133,1259,13408,574,833,10732,0x07
2026-09-06T16:09:34.822,524,0,2,50,1133,1300,13088,574,860,10304,0x07
2026-09-06T16:09:34.887,525,0,2,51,1816,1078,22808,1748,804,25563,0x07
2026-09-06T16:09:34.952,526,0,2,50,2217,1280,28492,1963,1320,27072,0x07
2026-09-06T16:09:35.017,527,0,2,50,2480,1220,32983,2291,940,34082,0x07
2026-09-06T16:09:35.082,528,0,2,50,2623,1300,35524,2420,1180,35954,0x07
2026-09-06T16:09:35.147,529,0,2,53,3009,1906,39688,2971,1660,40000,0x07
2026-09-06T16:09:35.212,530,0,2,51,3009,2039,39995,2971,1824,39770,0x07
2026-09-06T16:09:35.293,531,0,2,50,3154,2240,40000,3186,2080,40000,0x07
2026-09-06T16:09:35.357,532,0,2,50,3252,2500,40000,3310,2120,40000,0x07
2026-09-06T16:09:35.423,533,0,2,50,3309,2800,40000,3386,2580,40000,0x07
2026-09-06T16:09:35.488,534,0,2,51,3337,2824,40000,3475,2549,40000,0x07
2026-09-06T16:09:35.553,535,0,2,54,3335,2981,39917,3500,2648,40000,0x07
2026-09-06T16:09:35.618,536,0,2,51,3335,3314,38505,3500,3039,40000,0x07
2026-09-06T16:09:35.683,537,0,2,51,0,0,0,0,0,0,0x03
2026-09-06T16:09:35.748,538,0,2,52,0,0,0,0,0,0,0x03
2026-09-06T16:09:35.829,539,0,2,58,2398,259,31918,3166,86,39133,0x07
2026-09-06T16:09:35.894,540,0,2,51,2398,3235,18511,3166,2647,28831,0x07
2026-09-06T16:09:35.959,541,0,2,51,3374,2882,32067,2771,3373,20374,0x07
2026-09-06T16:09:36.024,542,0,2,57,-81,-53,3079,2163,982,24787,0x07
2026-09-06T16:09:36.089,543,0,2,51,-81,-765,53,2163,1627,22647,0x07
2026-09-06T16:09:36.154,544,0,2,50,-322,-780,2440,1431,2240,10441,0x07
2026-09-06T16:09:36.219,545,0,2,50,0,0,0,0,0,0,0x03
2026-09-06T16:09:36.284,546,0,2,58,67,34,2992,1680,69,23593,0x07
2026-09-06T16:09:36.365,547,0,2,51,0,0,0,0,0,0,0x03
2026-09-06T16:09:36.430,548,0,2,50,0,0,3403,0,0,14084,0x07
2026-09-06T16:09:36.495,549,0,2,51,143,118,3536,1601,216,21527,0x07
2026-09-06T16:09:36.560,550,0,2,51,270,255,4520,1470,725,18866,0x07
2026-09-06T16:09:36.625,551,0,2,51,331,157,5816,1407,667,19197,0x07
2026-09-06T16:09:36.690,552,0,2,52,416,212,6778,1319,712,18652,0x07
2026-09-06T16:09:36.755,553,0,2,51,474,196,7911,1259,627,19639,0x07
2026-09-06T16:09:36.820,554,0,2,50,507,140,8871,1224,640,19812,0x07
2026-09-06T16:09:36.901,555,0,2,52,574,135,10097,1154,635,19600,0x07
2026-09-06T16:09:36.966,556,0,2,52,946,288,14808,1394,712,23358,0x07
2026-09-06T16:09:37.031,557,0,2,51,946,314,15271,1394,725,24049,0x07
2026-09-06T16:09:37.096,558,0,2,50,1342,440,20244,1799,780,29754,0x07
2026-09-06T16:09:37.161,559,0,2,51,0,0,0,0,0,0,0x03
2026-09-06T16:09:37.226,560,0,2,52,0,0,0,0,0,0,0x03
2026-09-06T16:09:37.291,561,0,2,50,0,0,0,0,0,0,0x03
2026-09-06T16:09:37.356,562,0,2,52,0,0,0,0,0,0,0x03
2026-09-06T16:09:37.438,563,0,2,50,0,0,0,0,0,0,0x03
2026-09-06T16:09:37.503,564,0,2,51,0,0,0,0,0,0,0x03
2026-09-06T16:09:37.568,565,0,2,52,0,0,0,0,0,0,0x03
2026-09-06T16:09:37.633,566,0,2,52,0,0,0,0,0,0,0x03
2026-09-06T16:09:37.698,567,0,2,51,0,0,0,0,0,0,0x03
2026-09-06T16:09:37.763,568,0,2,50,0,0,0,0,0,0,0x03
2026-09-06T16:09:37.829,569,0,2,50,0,0,0,0,0,0,0x03
2026-09-06T16:09:37.894,570,0,2,50,0,0,0,0,0,0,0x03
2026-09-06T16:09:37.959,571,0,2,51,0,0,0,0,0,0,0x03
2026-09-06T16:09:38.024,572,0,2,55,0,0,0,0,0,0,0x03
2026-09-06T16:09:38.106,573,0,2,50,0,0,0,0,0,0,0x03
2026-09-06T16:09:38.171,574,0,2,51,0,0,0,0,0,0,0x03
2026-09-06T16:09:38.237,575,0,2,51,0,0,0,0,0,0,0x03
2026-09-06T16:09:38.302,576,0,2,50,0,0,0,0,0,0,0x03
2026-09-06T16:09:38.367,577,0,2,51,0,0,0,0,0,0,0x03
2026-09-06T16:09:38.432,578,0,2,51,0,0,0,0,0,0,0x03
2026-09-06T16:09:38.497,579,0,2,51,0,0,0,0,0,0,0x03
2026-09-06T16:09:38.562,580,0,2,50,0,0,0,0,0,0,0x03
2026-09-06T16:09:38.628,581,0,2,52,0,0,0,0,0,0,0x03
2026-09-06T16:09:38.708,582,0,2,51,0,0,0,0,0,0,0x03
2026-09-06T16:09:38.773,583,0,2,50,0,0,0,0,0,0,0x03
2026-09-06T16:09:38.837,584,0,2,50,0,0,0,0,0,0,0x03
2026-09-06T16:09:38.903,585,0,2,51,0,0,0,0,0,0,0x03
2026-09-06T16:09:38.967,586,0,2,52,0,0,0,0,0,0,0x03
2026-09-06T16:09:39.032,587,0,2,50,0,0,0,0,0,0,0x03
2026-09-06T16:09:39.097,588,0,2,52,0,0,0,0,0,0,0x03
2026-09-06T16:09:39.178,589,0,2,50,0,0,0,0,0,0,0x03
2026-09-06T16:09:39.243,590,0,2,51,0,0,0,0,0,0,0x03
2026-09-06T16:09:39.308,591,0,2,52,0,0,0,0,0,0,0x03
2026-09-06T16:09:39.373,592,0,2,50,0,0,0,0,0,0,0x03
2026-09-06T16:09:39.438,593,0,2,50,0,0,0,0,0,0,0x03
2026-09-06T16:09:39.503,594,0,2,55,0,0,0,0,0,0,0x03
2026-09-06T16:09:39.568,595,0,2,50,0,0,0,0,0,0,0x03
2026-09-06T16:09:39.634,596,0,2,51,0,0,0,0,0,0,0x03
2026-09-06T16:09:39.699,597,0,2,51,0,0,0,0,0,0,0x03
2026-09-06T16:09:39.765,598,0,2,50,0,0,0,0,0,0,0x03
2026-09-06T16:09:39.846,599,0,2,52,0,0,0,0,0,0,0x03
2026-09-06T16:09:39.912,600,0,2,50,0,0,0,0,0,0,0x03
2026-09-06T16:09:39.977,601,0,2,50,0,0,0,0,0,0,0x03
2026-09-06T16:09:40.042,602,0,2,50,0,0,0,0,0,0,0x03
2026-09-06T16:09:40.107,603,0,2,51,0,0,0,0,0,0,0x03
2026-09-06T16:09:40.172,604,0,2,52,0,0,0,0,0,0,0x03
2026-09-06T16:09:40.237,605,0,2,52,0,0,0,0,0,0,0x03
2026-09-06T16:09:40.302,606,0,2,51,0,0,0,0,0,0,0x03
2026-09-06T16:09:40.367,607,0,2,51,0,0,0,0,0,0,0x03
2026-09-06T16:09:40.449,608,0,2,51,0,0,0,0,0,0,0x03
2026-09-06T16:09:40.514,609,0,2,50,0,0,0,0,0,0,0x03
2026-09-06T16:09:40.579,610,0,2,51,0,0,0,0,0,0,0x03
2026-09-06T16:09:40.644,611,0,2,51,0,0,0,0,0,0,0x03
2026-09-06T16:09:40.709,612,0,2,51,0,0,0,0,0,0,0x03
2026-09-06T16:09:40.774,613,0,2,51,0,0,0,0,0,0,0x03
2026-09-06T16:09:40.839,614,0,2,50,0,0,0,0,0,0,0x03
2026-09-06T16:09:40.904,615,0,2,51,0,0,0,0,0,0,0x03
2026-09-06T16:09:40.985,616,0,2,50,0,0,0,0,0,0,0x03
2026-09-06T16:09:41.050,617,0,2,51,0,0,0,0,0,0,0x03
2026-09-06T16:09:41.115,618,0,2,52,0,0,0,0,0,0,0x03
2026-09-06T16:09:41.180,619,0,2,51,0,0,0,0,0,0,0x03
2026-09-06T16:09:41.245,620,0,2,50,0,0,0,0,0,0,0x03
2026-09-06T16:09:41.310,621,0,2,50,0,0,0,0,0,0,0x03
2026-09-06T16:09:41.375,622,0,2,52,0,0,0,0,0,0,0x03
2026-09-06T16:09:41.441,623,0,2,50,0,0,0,0,0,0,0x03
2026-09-06T16:09:41.522,624,0,2,52,0,0,0,0,0,0,0x03
2026-09-06T16:09:41.571,625,0,2,52,0,0,0,0,0,0,0x03
2026-09-06T16:09:41.652,626,0,2,50,0,0,0,0,0,0,0x03
2026-09-06T16:09:41.717,627,0,2,50,0,0,0,0,0,0,0x03
2026-09-06T16:09:41.782,628,0,2,52,0,0,0,0,0,0,0x03
2026-09-06T16:09:41.847,629,0,2,51,0,0,0,0,0,0,0x03
2026-09-06T16:09:41.912,630,0,2,51,0,0,0,0,0,0,0x03
2026-09-06T16:09:41.978,631,0,2,50,0,0,0,0,0,0,0x03
2026-09-06T16:09:42.059,632,0,2,51,0,0,0,0,0,0,0x03
2026-09-06T16:09:42.107,633,0,2,52,0,0,0,0,0,0,0x03
2026-09-06T16:09:42.189,634,0,2,50,0,0,0,0,0,0,0x03
2026-09-06T16:09:42.254,635,0,2,51,0,0,0,0,0,0,0x03
2026-09-06T16:09:42.319,636,0,2,51,0,0,0,0,0,0,0x03
2026-09-06T16:09:42.384,637,0,2,50,0,0,0,0,0,0,0x03
2026-09-06T16:09:42.449,638,0,2,50,0,0,0,0,0,0,0x03
2026-09-06T16:09:42.514,639,0,2,51,0,0,0,0,0,0,0x03
2026-09-06T16:09:42.579,640,0,2,50,0,0,0,0,0,0,0x03
2026-09-06T16:09:42.644,641,0,2,52,0,0,24342,0,0,24232,0x07
2026-09-06T16:09:42.725,642,0,2,51,0,0,0,0,0,0,0x03
2026-09-06T16:09:42.790,643,0,2,50,0,0,0,0,0,0,0x03
2026-09-06T16:09:42.855,644,0,2,52,0,0,0,0,0,0,0x03
2026-09-06T16:09:42.920,645,0,2,50,0,0,26493,0,0,26897,0x07
2026-09-06T16:09:42.984,646,0,2,50,0,0,0,0,0,0,0x03
2026-09-06T16:09:43.049,647,0,2,52,0,0,0,0,0,0,0x03
2026-09-06T16:09:43.114,648,0,2,54,0,0,0,0,0,0,0x03
2026-09-06T16:09:43.179,649,0,2,51,0,0,0,0,0,0,0x03
2026-09-06T16:09:43.261,650,0,2,51,0,0,0,0,0,0,0x03
2026-09-06T16:09:43.326,651,0,2,51,0,0,0,0,0,0,0x03
2026-09-06T16:09:43.391,652,0,2,51,0,0,0,0,0,0,0x03
2026-09-06T16:09:43.456,653,0,2,50,0,0,0,0,0,0,0x03
2026-09-06T16:09:43.521,654,0,2,50,0,0,0,0,0,0,0x03
2026-09-06T16:09:43.586,655,0,2,50,0,0,0,0,0,0,0x03
2026-09-06T16:09:43.651,656,0,2,50,0,0,0,0,0,0,0x03
2026-09-06T16:09:43.716,657,0,2,51,0,0,0,0,0,0,0x03
2026-09-06T16:09:43.797,658,0,2,50,0,0,0,0,0,0,0x03
2026-09-06T16:09:43.862,659,0,2,50,0,0,0,0,0,0,0x03
2026-09-06T16:09:43.927,660,0,2,50,0,0,26511,0,0,27737,0x07
2026-09-06T16:09:43.992,661,0,2,50,3167,1220,36508,3388,1260,39120,0x07
2026-09-06T16:09:44.057,662,0,2,51,0,0,0,0,0,0,0x03
2026-09-06T16:09:44.122,663,0,2,50,0,0,0,0,0,0,0x03
2026-09-06T16:09:44.186,664,0,2,50,0,0,0,0,0,0,0x03
2026-09-06T16:09:44.252,665,0,2,52,0,0,0,0,0,0,0x03
2026-09-06T16:09:44.333,666,0,2,51,0,0,0,0,0,0,0x03
2026-09-06T16:09:44.398,667,0,2,54,0,0,0,0,0,0,0x03
2026-09-06T16:09:44.463,668,0,2,51,0,0,0,0,0,0,0x03
2026-09-06T16:09:44.529,669,0,2,50,0,0,0,0,0,0,0x03
2026-09-06T16:09:44.594,670,0,2,52,0,0,0,0,0,0,0x03
2026-09-06T16:09:44.659,671,0,2,52,0,0,0,0,0,0,0x03
2026-09-06T16:09:44.724,672,0,2,51,0,0,0,0,0,0,0x03
2026-09-06T16:09:44.789,673,0,2,50,0,0,0,0,0,0,0x03
2026-09-06T16:09:44.870,674,0,2,50,0,0,0,0,0,0,0x03
2026-09-06T16:09:44.919,675,0,2,51,0,0,0,0,0,0,0x03
2026-09-06T16:09:45.000,676,0,2,50,0,0,0,0,0,0,0x03
2026-09-06T16:09:45.066,677,0,2,51,0,0,0,0,0,0,0x03
2026-09-06T16:09:45.131,678,0,2,50,0,0,0,0,0,0,0x03
2026-09-06T16:09:45.197,679,0,2,51,0,0,0,0,0,0,0x03
2026-09-06T16:09:45.262,680,0,2,52,0,0,0,0,0,0,0x03
2026-09-06T16:09:45.327,681,0,2,51,0,0,0,0,0,0,0x03
2026-09-06T16:09:45.392,682,0,2,50,0,0,0,0,0,0,0x03
2026-09-06T16:09:45.457,683,0,2,54,0,0,0,0,0,0,0x03
2026-09-06T16:09:45.539,684,0,2,52,0,0,0,0,0,0,0x03
2026-09-06T16:09:45.604,685,0,2,51,0,0,0,0,0,0,0x03
2026-09-06T16:09:45.670,686,0,2,51,0,0,0,0,0,0,0x03
2026-09-06T16:09:45.735,687,0,2,50,0,0,0,0,0,0,0x03
2026-09-06T16:09:45.800,688,0,2,52,0,0,0,0,0,0,0x03
2026-09-06T16:09:45.865,689,0,2,50,0,0,0,0,0,0,0x03
2026-09-06T16:09:45.930,690,0,2,51,0,0,0,0,0,0,0x03
2026-09-06T16:09:45.995,691,0,2,51,0,0,0,0,0,0,0x03
2026-09-06T16:09:46.060,692,0,2,50,0,0,0,0,0,0,0x03
2026-09-06T16:09:46.141,693,0,2,54,0,0,0,0,0,0,0x03
2026-09-06T16:09:46.205,694,0,2,52,0,0,0,0,0,0,0x03
2026-09-06T16:09:46.271,695,0,2,51,0,0,0,0,0,0,0x03
2026-09-06T16:09:46.335,696,0,2,50,0,0,0,0,0,0,0x03
2026-09-06T16:09:46.400,697,0,2,50,0,0,0,0,0,0,0x03
2026-09-06T16:09:46.465,698,0,2,51,0,0,0,0,0,0,0x03
2026-09-06T16:09:46.530,699,0,2,52,0,0,0,0,0,0,0x03
2026-09-06T16:09:46.595,700,0,2,52,0,0,0,0,0,0,0x03
2026-09-06T16:09:46.676,701,0,2,50,0,0,0,0,0,0,0x03
2026-09-06T16:09:46.741,702,0,2,50,0,0,0,0,0,0,0x03
2026-09-06T16:09:46.806,703,0,2,54,0,0,0,0,0,0,0x03
2026-09-06T16:09:46.871,704,0,2,50,0,0,0,0,0,0,0x03
2026-09-06T16:09:46.936,705,0,2,51,0,0,0,0,0,0,0x03
2026-09-06T16:09:47.001,706,0,2,50,0,0,0,0,0,0,0x03
2026-09-06T16:09:47.083,707,0,2,51,0,0,0,0,0,0,0x03
2026-09-06T16:09:47.147,708,0,2,50,0,0,0,0,0,0,0x03
2026-09-06T16:09:47.212,709,0,2,54,0,0,0,0,0,0,0x03
2026-09-06T16:09:47.277,710,0,2,52,0,0,0,0,0,0,0x03
2026-09-06T16:09:47.342,711,0,2,50,0,0,0,0,0,0,0x03
2026-09-06T16:09:47.407,712,0,2,52,0,0,0,0,0,0,0x03
2026-09-06T16:09:47.472,713,0,2,50,0,0,0,0,0,0,0x03
2026-09-06T16:09:47.537,714,0,2,50,0,0,0,0,0,0,0x03
2026-09-06T16:09:47.602,715,0,2,52,0,0,0,0,0,0,0x03
2026-09-06T16:09:47.683,716,0,2,51,0,0,0,0,0,0,0x03
2026-09-06T16:09:47.748,717,0,2,52,0,0,0,0,0,0,0x03
2026-09-06T16:09:47.812,718,0,2,51,0,0,0,0,0,0,0x03
2026-09-06T16:09:47.877,719,0,2,50,0,0,0,0,0,0,0x03
2026-09-06T16:09:47.942,720,0,2,51,0,0,0,0,0,0,0x03
2026-09-06T16:09:48.007,721,0,2,51,0,0,0,0,0,0,0x03
2026-09-06T16:09:48.072,722,0,2,50,0,0,0,0,0,0,0x03
2026-09-06T16:09:48.137,723,0,2,51,0,0,0,0,0,0,0x03
2026-09-06T16:09:48.218,724,0,2,50,0,0,0,0,0,0,0x03
2026-09-06T16:09:48.283,725,0,2,50,0,0,0,0,0,0,0x03
2026-09-06T16:09:48.348,726,0,2,50,0,0,0,0,0,0,0x03
2026-09-06T16:09:48.413,727,0,2,52,0,0,0,0,0,0,0x03
2026-09-06T16:09:48.478,728,0,2,51,0,0,0,0,0,0,0x03
2026-09-06T16:09:48.542,729,0,2,50,0,0,0,0,0,0,0x03
2026-09-06T16:09:48.607,730,0,2,50,0,0,0,0,0,0,0x03
2026-09-06T16:09:48.672,731,0,2,52,0,0,0,0,0,0,0x03
2026-09-06T16:09:48.752,732,0,2,50,0,0,0,0,0,0,0x03
2026-09-06T16:09:48.817,733,0,2,50,0,0,0,0,0,0,0x03
2026-09-06T16:09:48.882,734,0,2,50,0,0,0,0,0,0,0x03
2026-09-06T16:09:48.947,735,0,2,50,0,0,0,0,0,0,0x03
2026-09-06T16:09:49.012,736,0,2,50,0,0,0,0,0,0,0x03
2026-09-06T16:09:49.077,737,0,2,53,0,0,0,0,0,0,0x03
2026-09-06T16:09:49.141,738,0,2,52,0,0,0,0,0,0,0x03
2026-09-06T16:09:49.206,739,0,2,51,0,0,0,0,0,0,0x03
2026-09-06T16:09:49.287,740,0,2,51,0,0,0,0,0,0,0x03
2026-09-06T16:09:49.352,741,0,2,55,0,0,0,0,0,0,0x03
2026-09-06T16:09:49.416,742,0,2,50,0,0,0,0,0,0,0x03
2026-09-06T16:09:49.481,743,0,2,50,0,0,0,0,0,0,0x03
2026-09-06T16:09:49.546,744,0,2,52,0,0,0,0,0,0,0x03
2026-09-06T16:09:49.611,745,0,2,52,0,0,0,0,0,0,0x03
2026-09-06T16:09:49.676,746,0,2,51,0,0,0,0,0,0,0x03
2026-09-06T16:09:49.757,747,0,2,51,0,0,0,0,0,0,0x03
2026-09-06T16:09:49.806,748,0,2,51,0,0,0,0,0,0,0x03
2026-09-06T16:09:49.887,749,0,2,50,0,0,0,0,0,0,0x03
2026-09-06T16:09:49.952,750,0,2,51,0,0,0,0,0,0,0x03
2026-09-06T16:09:50.017,751,0,2,54,0,0,0,0,0,0,0x03
2026-09-06T16:09:50.082,752,0,2,50,0,0,0,0,0,0,0x03
2026-09-06T16:09:50.147,753,0,2,50,0,0,0,0,0,0,0x03
2026-09-06T16:09:50.212,754,0,2,51,0,0,0,0,0,0,0x03
2026-09-06T16:09:50.293,755,0,2,51,0,0,0,0,0,0,0x03
2026-09-06T16:09:50.358,756,0,2,52,0,0,0,0,0,0,0x03
2026-09-06T16:09:50.424,757,0,2,52,0,0,0,0,0,0,0x03
2026-09-06T16:09:50.489,758,0,2,50,0,0,0,0,0,0,0x03
2026-09-06T16:09:50.554,759,0,2,51,0,0,0,0,0,0,0x03
2026-09-06T16:09:50.619,760,0,2,51,0,0,0,0,0,0,0x03
2026-09-06T16:09:50.684,761,0,2,50,0,0,0,0,0,0,0x03
2026-09-06T16:09:50.749,762,0,2,51,0,0,0,0,0,0,0x03
2026-09-06T16:09:50.814,763,0,2,52,0,0,0,0,0,0,0x03
2026-09-06T16:09:50.880,764,0,2,50,0,0,0,0,0,0,0x03
2026-09-06T16:09:50.961,765,0,2,51,0,0,0,0,0,0,0x03
2026-09-06T16:09:51.026,766,0,2,50,0,0,0,0,0,0,0x03
2026-09-06T16:09:51.091,767,0,2,51,0,0,0,0,0,0,0x03
2026-09-06T16:09:51.156,768,0,2,52,0,0,0,0,0,0,0x03
2026-09-06T16:09:51.222,769,0,2,53,0,0,0,0,0,0,0x03
2026-09-06T16:09:51.287,770,0,2,50,0,0,0,0,0,0,0x03
2026-09-06T16:09:51.352,771,0,2,51,0,0,0,0,0,0,0x03
2026-09-06T16:09:51.417,772,0,2,50,0,0,0,0,0,0,0x03
2026-09-06T16:09:51.482,773,0,2,50,0,0,0,0,0,0,0x03
2026-09-06T16:09:51.564,774,0,2,52,0,0,0,0,0,0,0x03
2026-09-06T16:09:51.629,775,0,2,51,0,0,0,0,0,0,0x03
2026-09-06T16:09:51.694,776,0,2,52,0,0,0,0,0,0,0x03
2026-09-06T16:09:51.759,777,0,2,50,0,0,0,0,0,0,0x03
2026-09-06T16:09:51.824,778,0,2,50,0,0,0,0,0,0,0x03
2026-09-06T16:09:51.889,779,0,2,50,0,0,0,0,0,0,0x03
2026-09-06T16:09:51.954,780,0,2,51,0,0,0,0,0,0,0x03
2026-09-06T16:09:52.018,781,0,2,50,0,0,0,0,0,0,0x03
2026-09-06T16:09:52.100,782,0,2,52,0,0,0,0,0,0,0x03
2026-09-06T16:09:52.164,783,0,2,50,0,0,0,0,0,0,0x03
2026-09-06T16:09:52.229,784,0,2,50,0,0,0,0,0,0,0x03
2026-09-06T16:09:52.294,785,0,2,50,0,0,0,0,0,0,0x03
2026-09-06T16:09:52.359,786,0,2,50,0,0,0,0,0,0,0x03
2026-09-06T16:09:52.424,787,0,2,51,0,0,0,0,0,0,0x03
2026-09-06T16:09:52.489,788,0,2,52,0,0,0,0,0,0,0x03
2026-09-06T16:09:52.570,789,0,2,52,0,0,0,0,0,0,0x03
2026-09-06T16:09:52.635,790,0,2,51,0,0,0,0,0,0,0x03
2026-09-06T16:09:52.700,791,0,2,52,0,0,0,0,0,0,0x03
2026-09-06T16:09:52.765,792,0,2,50,0,0,0,0,0,0,0x03
2026-09-06T16:09:52.830,793,0,2,51,0,0,0,0,0,0,0x03
2026-09-06T16:09:52.895,794,0,2,51,0,0,0,0,0,0,0x03
2026-09-06T16:09:52.960,795,0,2,50,0,0,0,0,0,0,0x03
2026-09-06T16:09:53.025,796,0,2,51,0,0,0,0,0,0,0x03
2026-09-06T16:09:53.090,797,0,2,50,0,0,0,0,0,0,0x03
2026-09-06T16:09:53.155,798,0,2,53,0,0,0,0,0,0,0x03
2026-09-06T16:09:53.236,799,0,2,50,0,0,0,0,0,0,0x03
2026-09-06T16:09:53.301,800,0,2,51,0,0,0,0,0,0,0x03
2026-09-06T16:09:53.366,801,0,2,50,0,0,0,0,0,0,0x03
2026-09-06T16:09:53.431,802,0,2,52,0,0,0,0,0,0,0x03
2026-09-06T16:09:53.497,803,0,2,50,0,0,0,0,0,0,0x03
2026-09-06T16:09:53.562,804,0,2,53,0,0,0,0,0,0,0x03
2026-09-06T16:09:53.643,805,0,2,51,0,0,0,0,0,0,0x03
2026-09-06T16:09:53.692,806,0,2,51,0,0,0,0,0,0,0x03
2026-09-06T16:09:53.772,807,0,2,51,0,0,0,0,0,0,0x03
2026-09-06T16:09:53.837,808,0,2,52,0,0,0,0,0,0,0x03
2026-09-06T16:09:53.902,809,0,2,51,0,0,0,0,0,0,0x03
2026-09-06T16:09:53.966,810,0,2,51,0,0,0,0,0,0,0x03
2026-09-06T16:09:54.031,811,0,2,51,0,0,0,0,0,0,0x03
2026-09-06T16:09:54.096,812,0,2,51,0,0,0,0,0,0,0x03
2026-09-06T16:09:54.177,813,0,2,50,0,0,0,0,0,0,0x03
2026-09-06T16:09:54.241,814,0,2,52,0,0,0,0,0,0,0x03
2026-09-06T16:09:54.306,815,0,2,51,0,0,0,0,0,0,0x03
2026-09-06T16:09:54.371,816,0,2,51,0,0,0,0,0,0,0x03
2026-09-06T16:09:54.435,817,0,2,55,0,0,0,0,0,0,0x03
2026-09-06T16:09:54.500,818,0,2,50,0,0,0,0,0,0,0x03
2026-09-06T16:09:54.565,819,0,2,50,0,0,0,0,0,0,0x03
2026-09-06T16:09:54.646,820,0,2,50,0,0,0,0,0,0,0x03
2026-09-06T16:09:54.694,821,0,2,50,0,0,0,0,0,0,0x03
2026-09-06T16:09:54.775,822,0,2,52,0,0,0,0,0,0,0x03
2026-09-06T16:09:54.840,823,0,2,50,0,0,0,0,0,0,0x03
2026-09-06T16:09:54.905,824,0,2,53,0,0,0,0,0,0,0x03
2026-09-06T16:09:54.971,825,0,2,50,0,0,0,0,0,0,0x03
2026-09-06T16:09:55.035,826,0,2,50,0,0,0,0,0,0,0x03
2026-09-06T16:09:55.100,827,0,2,50,0,0,0,0,0,0,0x03
2026-09-06T16:09:55.181,828,0,2,50,0,0,0,0,0,0,0x03
2026-09-06T16:09:55.245,829,0,2,51,0,0,0,0,0,0,0x03
2026-09-06T16:09:55.310,830,0,2,50,0,0,0,0,0,0,0x03
2026-09-06T16:09:55.375,831,0,2,50,0,0,0,0,0,0,0x03
2026-09-06T16:09:55.440,832,0,2,50,0,0,0,0,0,0,0x03
2026-09-06T16:09:55.504,833,0,2,52,0,0,0,0,0,0,0x03
2026-09-06T16:09:55.569,834,0,2,51,0,0,0,0,0,0,0x03
2026-09-06T16:09:55.651,835,0,2,51,0,0,0,0,0,0,0x03
2026-09-06T16:09:55.715,836,0,2,51,0,0,0,0,0,0,0x03
2026-09-06T16:09:55.780,837,0,2,52,0,0,0,0,0,0,0x03
2026-09-06T16:09:55.845,838,0,2,50,0,0,0,0,0,0,0x03
2026-09-06T16:09:55.910,839,0,2,55,0,0,0,0,0,0,0x03
2026-09-06T16:09:55.975,840,0,2,52,0,0,0,0,0,0,0x03
2026-09-06T16:09:56.040,841,0,2,50,0,0,0,0,0,0,0x03
2026-09-06T16:09:56.105,842,0,2,50,0,0,0,0,0,0,0x03
2026-09-06T16:09:56.185,843,0,2,50,0,0,0,0,0,0,0x03
2026-09-06T16:09:56.250,844,0,2,52,0,0,0,0,0,0,0x03
2026-09-06T16:09:56.315,845,0,2,50,0,0,0,0,0,0,0x03
2026-09-06T16:09:56.380,846,0,2,52,0,0,0,0,0,0,0x03
2026-09-06T16:09:56.445,847,0,2,51,0,0,0,0,0,0,0x03
2026-09-06T16:09:56.510,848,0,2,52,0,0,0,0,0,0,0x03
2026-09-06T16:09:56.575,849,0,2,55,0,0,0,0,0,0,0x03
2026-09-06T16:09:56.640,850,0,2,51,0,0,0,0,0,0,0x03
2026-09-06T16:09:56.721,851,0,2,52,0,0,0,0,0,0,0x03
2026-09-06T16:09:56.786,852,0,2,51,0,0,0,0,0,0,0x03
2026-09-06T16:09:56.851,853,0,2,54,0,0,0,0,0,0,0x03
2026-09-06T16:09:56.915,854,0,2,50,0,0,0,0,0,0,0x03
2026-09-06T16:09:56.981,855,0,2,52,0,0,0,0,0,0,0x03
2026-09-06T16:09:57.048,856,0,2,52,0,0,0,0,0,0,0x03
2026-09-06T16:09:57.114,857,0,2,51,0,0,0,0,0,0,0x03
2026-09-06T16:09:57.178,858,0,2,52,0,0,0,0,0,0,0x03
2026-09-06T16:09:57.242,859,0,2,50,0,0,0,0,0,0,0x03
2026-09-06T16:09:57.307,860,0,2,50,0,0,0,0,0,0,0x03
2026-09-06T16:09:57.388,861,0,2,51,0,0,0,0,0,0,0x03
2026-09-06T16:09:57.453,862,0,2,50,0,0,0,0,0,0,0x03
2026-09-06T16:09:57.517,863,0,2,50,0,0,0,0,0,0,0x03
2026-09-06T16:09:57.582,864,0,2,50,0,0,0,0,0,0,0x03
2026-09-06T16:09:57.647,865,0,2,50,0,0,0,0,0,0,0x03
2026-09-06T16:09:57.711,866,0,2,50,0,0,0,0,0,0,0x03
2026-09-06T16:09:57.792,867,0,2,51,0,0,0,0,0,0,0x03
2026-09-06T16:09:57.857,868,0,2,50,0,0,0,0,0,0,0x03
2026-09-06T16:09:57.922,869,0,2,52,0,0,0,0,0,0,0x03
2026-09-06T16:09:57.987,870,0,2,52,0,0,0,0,0,0,0x03
2026-09-06T16:09:58.052,871,0,2,50,0,0,0,0,0,0,0x03
2026-09-06T16:09:58.117,872,0,2,52,0,0,0,0,0,0,0x03
2026-09-06T16:09:58.182,873,0,2,51,0,0,0,0,0,0,0x03
2026-09-06T16:09:58.247,874,0,2,50,0,0,0,0,0,0,0x03
2026-09-06T16:09:58.311,875,0,2,55,0,0,0,0,0,0,0x03
2026-09-06T16:09:58.392,876,0,2,52,0,0,0,0,0,0,0x03
2026-09-06T16:09:58.457,877,0,2,52,0,0,0,0,0,0,0x03
2026-09-06T16:09:58.522,878,0,2,50,0,0,0,0,0,0,0x03
2026-09-06T16:09:58.588,879,0,2,51,0,0,0,0,0,0,0x03
2026-09-06T16:09:58.652,880,0,2,50,0,0,0,0,0,0,0x03
2026-09-06T16:09:58.717,881,0,2,51,0,0,0,0,0,0,0x03
2026-09-06T16:09:58.798,882,0,2,50,0,0,0,0,0,0,0x03
2026-09-06T16:09:58.862,883,0,2,52,0,0,0,0,0,0,0x03
2026-09-06T16:09:58.927,884,0,2,51,0,0,0,0,0,0,0x03
2026-09-06T16:09:58.992,885,0,2,50,0,0,0,0,0,0,0x03
2026-09-06T16:09:59.056,886,0,2,52,0,0,0,0,0,0,0x03
2026-09-06T16:09:59.121,887,0,2,50,0,0,0,0,0,0,0x03
2026-09-06T16:09:59.186,888,0,2,50,0,0,0,0,0,0,0x03
2026-09-06T16:09:59.251,889,0,2,51,0,0,0,0,0,0,0x03
2026-09-06T16:09:59.332,890,0,2,50,0,0,0,0,0,0,0x03
2026-09-06T16:09:59.397,891,0,2,55,0,0,0,0,0,0,0x03
2026-09-06T16:09:59.462,892,0,2,52,0,0,0,0,0,0,0x03
2026-09-06T16:09:59.526,893,0,2,50,0,0,0,0,0,0,0x03
2026-09-06T16:09:59.591,894,0,2,51,0,0,0,0,0,0,0x03
2026-09-06T16:09:59.656,895,0,2,50,0,0,0,0,0,0,0x03
2026-09-06T16:09:59.721,896,0,2,52,0,0,0,0,0,0,0x03
2026-09-06T16:09:59.802,897,0,2,51,0,0,0,0,0,0,0x03
2026-09-06T16:09:59.851,898,0,2,51,0,0,0,0,0,0,0x03
2026-09-06T16:09:59.931,899,0,2,51,0,0,0,0,0,0,0x03
2026-09-06T16:09:59.996,900,0,2,55,0,0,0,0,0,0,0x03
2026-09-06T16:10:00.061,901,0,2,50,0,0,0,0,0,0,0x03
2026-09-06T16:10:00.125,902,0,2,52,0,0,0,0,0,0,0x03
2026-09-06T16:10:00.190,903,0,2,50,0,0,0,0,0,0,0x03
2026-09-06T16:10:00.255,904,0,2,52,0,0,0,0,0,0,0x03
2026-09-06T16:10:00.335,905,0,2,50,0,0,0,0,0,0,0x03
2026-09-06T16:10:00.400,906,0,2,52,0,0,0,0,0,0,0x03
2026-09-06T16:10:00.465,907,0,2,51,0,0,0,0,0,0,0x03
2026-09-06T16:10:00.530,908,0,2,52,0,0,0,0,0,0,0x03
2026-09-06T16:10:00.594,909,0,2,50,0,0,0,0,0,0,0x03
2026-09-06T16:10:00.659,910,0,2,55,0,0,0,0,0,0,0x03
2026-09-06T16:10:00.724,911,0,2,52,0,0,0,0,0,0,0x03
2026-09-06T16:10:00.805,912,0,2,51,0,0,0,0,0,0,0x03
2026-09-06T16:10:00.870,913,0,2,50,0,0,0,0,0,0,0x03
2026-09-06T16:10:00.935,914,0,2,55,0,0,0,0,0,0,0x03
2026-09-06T16:10:01.000,915,0,2,51,0,0,0,0,0,0,0x03
2026-09-06T16:10:01.065,916,0,2,51,0,0,0,0,0,0,0x03
2026-09-06T16:10:01.130,917,0,2,52,0,0,0,0,0,0,0x03
2026-09-06T16:10:01.195,918,0,2,50,0,0,0,0,0,0,0x03
2026-09-06T16:10:01.261,919,0,2,51,0,0,0,0,0,0,0x03
2026-09-06T16:10:01.342,920,0,2,51,0,0,0,0,0,0,0x03
2026-09-06T16:10:01.406,921,0,2,52,0,0,0,0,0,0,0x03
2026-09-06T16:10:01.471,922,0,2,51,0,0,0,0,0,0,0x03
2026-09-06T16:10:01.536,923,0,2,50,0,0,0,0,0,0,0x03
2026-09-06T16:10:01.600,924,0,2,50,0,0,0,0,0,0,0x03
2026-09-06T16:10:01.665,925,0,2,50,0,0,0,0,0,0,0x03
2026-09-06T16:10:01.730,926,0,2,50,0,0,0,0,0,0,0x03
2026-09-06T16:10:01.794,927,0,2,50,0,0,0,0,0,0,0x03
2026-09-06T16:10:01.875,928,0,2,51,0,0,0,0,0,0,0x03
2026-09-06T16:10:01.939,929,0,2,51,0,0,0,0,0,0,0x03
2026-09-06T16:10:02.004,930,0,2,50,0,0,0,0,0,0,0x03
2026-09-06T16:10:02.069,931,0,2,50,0,0,0,0,0,0,0x03
2026-09-06T16:10:02.134,932,0,2,51,0,0,0,0,0,0,0x03
2026-09-06T16:10:02.199,933,0,2,52,0,0,0,0,0,0,0x03
2026-09-06T16:10:02.263,934,0,2,52,0,0,0,0,0,0,0x03
2026-09-06T16:10:02.344,935,0,2,50,0,0,0,0,0,0,0x03
2026-09-06T16:10:02.409,936,0,2,54,0,0,0,0,0,0,0x03
2026-09-06T16:10:02.474,937,0,2,50,0,0,0,0,0,0,0x03
2026-09-06T16:10:02.539,938,0,2,51,0,0,0,0,0,0,0x03
2026-09-06T16:10:02.604,939,0,2,51,0,0,0,0,0,0,0x03
2026-09-06T16:10:02.668,940,0,2,50,0,0,0,0,0,0,0x03
2026-09-06T16:10:02.733,941,0,2,51,0,0,0,0,0,0,0x03
2026-09-06T16:10:02.814,942,0,2,52,0,0,0,0,0,0,0x03
2026-09-06T16:10:02.879,943,0,2,50,0,0,0,0,0,0,0x03
2026-09-06T16:10:02.943,944,0,2,51,0,0,0,0,0,0,0x03
2026-09-06T16:10:03.008,945,0,2,50,0,0,0,0,0,0,0x03
2026-09-06T16:10:03.073,946,0,2,51,0,0,0,0,0,0,0x03
2026-09-06T16:10:03.138,947,0,2,50,0,0,0,0,0,0,0x03
2026-09-06T16:10:03.203,948,0,2,51,0,0,0,0,0,0,0x03
2026-09-06T16:10:03.268,949,0,2,52,0,0,0,0,0,0,0x03
2026-09-06T16:10:03.349,950,0,2,50,0,0,0,0,0,0,0x03
2026-09-06T16:10:03.414,951,0,2,51,0,0,0,0,0,0,0x03
2026-09-06T16:10:03.479,952,0,2,54,0,0,0,0,0,0,0x03
2026-09-06T16:10:03.544,953,0,2,51,0,0,0,0,0,0,0x03
2026-09-06T16:10:03.608,954,0,2,52,0,0,0,0,0,0,0x03
2026-09-06T16:10:03.673,955,0,2,51,0,0,0,0,0,0,0x03
2026-09-06T16:10:03.738,956,0,2,52,0,0,0,0,0,0,0x03
2026-09-06T16:10:03.802,957,0,2,52,0,0,0,0,0,0,0x03
2026-09-06T16:10:03.883,958,0,2,50,0,0,0,0,0,0,0x03
2026-09-06T16:10:03.948,959,0,2,50,0,0,0,0,0,0,0x03
2026-09-06T16:10:04.012,960,0,2,51,0,0,0,0,0,0,0x03
2026-09-06T16:10:04.077,961,0,2,51,0,0,0,0,0,0,0x03
2026-09-06T16:10:04.142,962,0,2,50,0,0,0,0,0,0,0x03
2026-09-06T16:10:04.207,963,0,2,52,0,0,0,0,0,0,0x03
2026-09-06T16:10:04.289,964,0,2,50,0,0,0,0,0,0,0x03
2026-09-06T16:10:04.354,965,0,2,50,0,0,0,0,0,0,0x03
2026-09-06T16:10:04.418,966,0,2,50,0,0,0,0,0,0,0x03
2026-09-06T16:10:04.483,967,0,2,52,0,0,0,0,0,0,0x03
2026-09-06T16:10:04.548,968,0,2,50,0,0,0,0,0,0,0x03
2026-09-06T16:10:04.612,969,0,2,51,0,0,0,0,0,0,0x03
2026-09-06T16:10:04.677,970,0,2,51,0,0,0,0,0,0,0x03
2026-09-06T16:10:04.742,971,0,2,50,0,0,0,0,0,0,0x03
2026-09-06T16:10:04.806,972,0,2,50,0,0,0,0,0,0,0x03
2026-09-06T16:10:04.887,973,0,2,52,0,0,0,0,0,0,0x03
2026-09-06T16:10:04.952,974,0,2,50,0,0,0,0,0,0,0x03
2026-09-06T16:10:05.018,975,0,2,52,0,0,0,0,0,0,0x03
2026-09-06T16:10:05.083,976,0,2,52,0,0,0,0,0,0,0x03
2026-09-06T16:10:05.148,977,0,2,51,0,0,0,0,0,0,0x03
2026-09-06T16:10:05.213,978,0,2,51,0,0,0,0,0,0,0x03
2026-09-06T16:10:05.277,979,0,2,52,0,0,0,0,0,0,0x03
2026-09-06T16:10:05.359,980,0,2,51,0,0,0,0,0,0,0x03
2026-09-06T16:10:05.423,981,0,2,52,0,0,0,0,0,0,0x03
2026-09-06T16:10:05.489,982,0,2,50,0,0,0,0,0,0,0x03
2026-09-06T16:10:05.553,983,0,2,52,0,0,0,0,0,0,0x03
2026-09-06T16:10:05.618,984,0,2,51,0,0,0,0,0,0,0x03
2026-09-06T16:10:05.682,985,0,2,50,0,0,0,0,0,0,0x03
2026-09-06T16:10:05.747,986,0,2,51,0,0,0,0,0,0,0x03
2026-09-06T16:10:05.812,987,0,2,52,0,0,0,0,0,0,0x03
2026-09-06T16:10:05.893,988,0,2,50,0,0,0,0,0,0,0x03
2026-09-06T16:10:05.959,989,0,2,51,0,0,0,0,0,0,0x03
2026-09-06T16:10:06.023,990,0,2,52,0,0,0,0,0,0,0x03
2026-09-06T16:10:06.088,991,0,2,50,0,0,0,0,0,0,0x03
2026-09-06T16:10:06.153,992,0,2,50,0,0,0,0,0,0,0x03
2026-09-06T16:10:06.218,993,0,2,53,0,0,0,0,0,0,0x03
2026-09-06T16:10:06.282,994,0,2,52,0,0,0,0,0,0,0x03
2026-09-06T16:10:06.347,995,0,2,50,0,0,0,0,0,0,0x03
2026-09-06T16:10:06.428,996,0,2,51,0,0,0,0,0,0,0x03
2026-09-06T16:10:06.492,997,0,2,55,0,0,0,0,0,0,0x03
2026-09-06T16:10:06.557,998,0,2,50,0,0,0,0,0,0,0x03
2026-09-06T16:10:06.622,999,0,2,51,0,0,0,0,0,0,0x03
2026-09-06T16:10:06.703,1000,0,2,51,0,0,0,0,0,0,0x03
2026-09-06T16:10:06.753,1001,0,2,50,0,0,0,0,0,0,0x03
2026-09-06T16:10:06.818,1002,0,2,51,0,0,0,0,0,0,0x03
2026-09-06T16:10:06.883,1003,0,2,51,0,0,0,0,0,0,0x03
2026-09-06T16:10:06.963,1004,0,2,51,0,0,0,0,0,0,0x03
2026-09-06T16:10:07.028,1005,0,2,50,0,0,0,0,0,0,0x03
2026-09-06T16:10:07.093,1006,0,2,51,0,0,0,0,0,0,0x03
2026-09-06T16:10:07.158,1007,0,2,51,0,0,0,0,0,0,0x03
2026-09-06T16:10:07.223,1008,0,2,50,0,0,0,0,0,0,0x03
2026-09-06T16:10:07.288,1009,0,2,50,0,0,0,0,0,0,0x03
2026-09-06T16:10:07.353,1010,0,2,52,0,0,0,0,0,0,0x03
2026-09-06T16:10:07.417,1011,0,2,51,0,0,0,0,0,0,0x03
2026-09-06T16:10:07.498,1012,0,2,50,0,0,0,0,0,0,0x03
2026-09-06T16:10:07.563,1013,0,2,52,0,0,0,0,0,0,0x03
2026-09-06T16:10:07.628,1014,0,2,51,0,0,0,0,0,0,0x03
2026-09-06T16:10:07.692,1015,0,2,50,0,0,0,0,0,0,0x03
2026-09-06T16:10:07.757,1016,0,2,50,0,0,0,0,0,0,0x03
2026-09-06T16:10:07.821,1017,0,2,52,0,0,0,0,0,0,0x03
2026-09-06T16:10:07.886,1018,0,2,52,0,0,0,0,0,0,0x03
2026-09-06T16:10:07.967,1019,0,2,52,0,0,0,0,0,0,0x03
2026-09-06T16:10:08.032,1020,0,2,50,0,0,0,0,0,0,0x03
2026-09-06T16:10:08.096,1021,0,2,51,0,0,0,0,0,0,0x03
2026-09-06T16:10:08.161,1022,0,2,54,0,0,0,0,0,0,0x03
2026-09-06T16:10:08.226,1023,0,2,51,0,0,0,0,0,0,0x03
2026-09-06T16:10:08.291,1024,0,2,51,0,0,0,0,0,0,0x03
2026-09-06T16:10:08.356,1025,0,2,50,0,0,0,0,0,0,0x03
2026-09-06T16:10:08.437,1026,0,2,50,0,0,0,0,0,0,0x03
2026-09-06T16:10:08.502,1027,0,2,52,0,0,0,0,0,0,0x03
2026-09-06T16:10:08.566,1028,0,2,51,0,0,0,0,0,0,0x03
2026-09-06T16:10:08.632,1029,0,2,51,0,0,0,0,0,0,0x03
2026-09-06T16:10:08.697,1030,0,2,50,0,0,0,0,0,0,0x03
2026-09-06T16:10:08.762,1031,0,2,51,0,0,0,0,0,0,0x03
2026-09-06T16:10:08.828,1032,0,2,55,0,0,0,0,0,0,0x03
2026-09-06T16:10:08.891,1033,0,2,51,0,0,0,0,0,0,0x03
2026-09-06T16:10:08.972,1034,0,2,51,0,0,0,0,0,0,0x03
2026-09-06T16:10:09.037,1035,0,2,50,0,0,0,0,0,0,0x03
2026-09-06T16:10:09.102,1036,0,2,51,0,0,0,0,0,0,0x03
2026-09-06T16:10:09.167,1037,0,2,50,0,0,0,0,0,0,0x03
2026-09-06T16:10:09.231,1038,0,2,50,0,0,0,0,0,0,0x03
2026-09-06T16:10:09.296,1039,0,2,52,0,0,0,0,0,0,0x03
2026-09-06T16:10:09.361,1040,0,2,51,0,0,0,0,0,0,0x03
2026-09-06T16:10:09.426,1041,0,2,51,0,0,0,0,0,0,0x03
2026-09-06T16:10:09.506,1042,0,2,50,0,0,0,0,0,0,0x03
2026-09-06T16:10:09.571,1043,0,2,50,0,0,0,0,0,0,0x03
2026-09-06T16:10:09.636,1044,0,2,51,0,0,0,0,0,0,0x03
2026-09-06T16:10:09.701,1045,0,2,51,0,0,0,0,0,0,0x03
2026-09-06T16:10:09.766,1046,0,2,51,0,0,0,0,0,0,0x03
2026-09-06T16:10:09.831,1047,0,2,50,0,0,0,0,0,0,0x03
2026-09-06T16:10:09.896,1048,0,2,52,0,0,0,0,0,0,0x03
2026-09-06T16:10:09.977,1049,0,2,51,0,0,0,0,0,0,0x03
2026-09-06T16:10:10.041,1050,0,2,50,0,0,0,0,0,0,0x03
2026-09-06T16:10:10.106,1051,0,2,50,0,0,0,0,0,0,0x03
2026-09-06T16:10:10.171,1052,0,2,51,0,0,0,0,0,0,0x03
2026-09-06T16:10:10.236,1053,0,2,51,0,0,0,0,0,0,0x03
2026-09-06T16:10:10.301,1054,0,2,51,0,0,0,0,0,0,0x03
2026-09-06T16:10:10.367,1055,0,2,50,0,0,0,0,0,0,0x03
2026-09-06T16:10:10.433,1056,0,2,51,0,0,0,0,0,0,0x03
2026-09-06T16:10:10.497,1057,0,2,51,0,0,0,0,0,0,0x03
2026-09-06T16:10:10.578,1058,0,2,51,0,0,0,0,0,0,0x03
2026-09-06T16:10:10.643,1059,0,2,52,0,0,0,0,0,0,0x03
2026-09-06T16:10:10.708,1060,0,2,51,0,0,0,0,0,0,0x03
2026-09-06T16:10:10.772,1061,0,2,51,0,0,0,0,0,0,0x03
2026-09-06T16:10:10.837,1062,0,2,51,0,0,0,0,0,0,0x03
2026-09-06T16:10:10.902,1063,0,2,50,0,0,0,0,0,0,0x03
2026-09-06T16:10:10.967,1064,0,2,51,0,0,0,0,0,0,0x03
2026-09-06T16:10:11.048,1065,0,2,51,0,0,0,0,0,0,0x03
2026-09-06T16:10:11.113,1066,0,2,52,0,0,0,0,0,0,0x03
2026-09-06T16:10:11.178,1067,0,2,51,0,0,0,0,0,0,0x03
2026-09-06T16:10:11.243,1068,0,2,50,0,0,0,0,0,0,0x03
2026-09-06T16:10:11.307,1069,0,2,52,0,0,0,0,0,0,0x03
2026-09-06T16:10:11.372,1070,0,2,51,0,0,0,0,0,0,0x03
2026-09-06T16:10:11.437,1071,0,2,52,0,0,0,0,0,0,0x03
2026-09-06T16:10:11.502,1072,0,2,50,0,0,0,0,0,0,0x03
2026-09-06T16:10:11.583,1073,0,2,51,0,0,0,0,0,0,0x03
2026-09-06T16:10:11.647,1074,0,2,50,0,0,0,0,0,0,0x03
2026-09-06T16:10:11.712,1075,0,2,51,0,0,0,0,0,0,0x03
2026-09-06T16:10:11.777,1076,0,2,51,0,0,0,0,0,0,0x03
2026-09-06T16:10:11.841,1077,0,2,51,0,0,0,0,0,0,0x03
2026-09-06T16:10:11.922,1078,0,2,52,0,0,0,0,0,0,0x03
2026-09-06T16:10:11.971,1079,0,2,51,0,0,0,0,0,0,0x03
2026-09-06T16:10:12.052,1080,0,2,50,0,0,0,0,0,0,0x03
2026-09-06T16:10:12.116,1081,0,2,50,0,0,0,0,0,0,0x03
2026-09-06T16:10:12.181,1082,0,2,50,0,0,0,0,0,0,0x03
2026-09-06T16:10:12.246,1083,0,2,52,0,0,0,0,0,0,0x03
2026-09-06T16:10:12.311,1084,0,2,50,0,0,0,0,0,0,0x03
2026-09-06T16:10:12.375,1085,0,2,50,0,0,0,0,0,0,0x03
2026-09-06T16:10:12.456,1086,0,2,50,0,0,0,0,0,0,0x03
2026-09-06T16:10:12.505,1087,0,2,51,0,0,0,0,0,0,0x03
2026-09-06T16:10:12.586,1088,0,2,51,0,0,0,0,0,0,0x03
2026-09-06T16:10:12.651,1089,0,2,51,0,0,0,0,0,0,0x03
2026-09-06T16:10:12.716,1090,0,2,51,0,0,0,0,0,0,0x03
2026-09-06T16:10:12.780,1091,0,2,51,0,0,0,0,0,0,0x03
2026-09-06T16:10:12.846,1092,0,2,51,0,0,0,0,0,0,0x03
2026-09-06T16:10:12.910,1093,0,2,50,0,0,0,0,0,0,0x03
2026-09-06T16:10:12.975,1094,0,2,50,0,0,0,0,0,0,0x03
2026-09-06T16:10:13.056,1095,0,2,50,0,0,0,0,0,0,0x03
2026-09-06T16:10:13.120,1096,0,2,50,0,0,0,0,0,0,0x03
2026-09-06T16:10:13.185,1097,0,2,51,0,0,0,0,0,0,0x03
2026-09-06T16:10:13.250,1098,0,2,51,0,0,0,0,0,0,0x03
2026-09-06T16:10:13.314,1099,0,2,51,0,0,0,0,0,0,0x03
2026-09-06T16:10:13.379,1100,0,2,51,0,0,0,0,0,0,0x03
2026-09-06T16:10:13.460,1101,0,2,51,0,0,0,0,0,0,0x03
2026-09-06T16:10:13.524,1102,0,2,50,0,0,0,0,0,0,0x03
2026-09-06T16:10:13.589,1103,0,2,50,0,0,0,0,0,0,0x03
2026-09-06T16:10:13.654,1104,0,2,50,0,0,0,0,0,0,0x03
2026-09-06T16:10:13.719,1105,0,2,52,0,0,0,0,0,0,0x03
2026-09-06T16:10:13.784,1106,0,2,51,0,0,0,0,0,0,0x03
2026-09-06T16:10:13.849,1107,0,2,51,0,0,0,0,0,0,0x03
2026-09-06T16:10:13.914,1108,0,2,51,0,0,0,0,0,0,0x03
2026-09-06T16:10:13.994,1109,0,2,50,0,0,0,0,0,0,0x03
2026-09-06T16:10:14.059,1110,0,2,51,0,0,0,0,0,0,0x03
2026-09-06T16:10:14.125,1111,0,2,51,0,0,0,0,0,0,0x03
2026-09-06T16:10:14.189,1112,0,2,51,0,0,0,0,0,0,0x03
2026-09-06T16:10:14.254,1113,0,2,51,0,0,0,0,0,0,0x03
2026-09-06T16:10:14.321,1114,0,2,52,0,0,0,0,0,0,0x03
2026-09-06T16:10:14.385,1115,0,2,50,0,0,0,0,0,0,0x03
2026-09-06T16:10:14.450,1116,0,2,50,0,0,0,0,0,0,0x03
2026-09-06T16:10:14.531,1117,0,2,50,0,0,0,0,0,0,0x03
2026-09-06T16:10:14.596,1118,0,2,50,0,0,0,0,0,0,0x03
2026-09-06T16:10:14.660,1119,0,2,50,0,0,0,0,0,0,0x03
2026-09-06T16:10:14.725,1120,0,2,50,0,0,0,0,0,0,0x03
2026-09-06T16:10:14.789,1121,0,2,51,0,0,0,0,0,0,0x03
2026-09-06T16:10:14.854,1122,0,2,51,0,0,0,0,0,0,0x03
2026-09-06T16:10:14.918,1123,0,2,52,0,0,0,0,0,0,0x03
2026-09-06T16:10:15.000,1124,0,2,51,0,0,0,0,0,0,0x03
2026-09-06T16:10:15.065,1125,0,2,51,0,0,0,0,0,0,0x03
2026-09-06T16:10:15.130,1126,0,2,51,0,0,0,0,0,0,0x03
2026-09-06T16:10:15.195,1127,0,2,50,0,0,0,0,0,0,0x03
2026-09-06T16:10:15.260,1128,0,2,50,0,0,0,0,0,0,0x03
2026-09-06T16:10:15.325,1129,0,2,50,0,0,0,0,0,0,0x03
2026-09-06T16:10:15.389,1130,0,2,52,0,0,0,0,0,0,0x03
2026-09-06T16:10:15.454,1131,0,2,50,0,0,0,0,0,0,0x03
2026-09-06T16:10:15.535,1132,0,2,53,0,0,0,0,0,0,0x03
2026-09-06T16:10:15.600,1133,0,2,52,0,0,0,0,0,0,0x03
2026-09-06T16:10:15.665,1134,0,2,50,0,0,0,0,0,0,0x03
2026-09-06T16:10:15.729,1135,0,2,50,0,0,0,0,0,0,0x03
2026-09-06T16:10:15.794,1136,0,2,51,0,0,0,0,0,0,0x03
2026-09-06T16:10:15.858,1137,0,2,52,0,0,0,0,0,0,0x03
2026-09-06T16:10:15.923,1138,0,2,50,0,0,0,0,0,0,0x03
2026-09-06T16:10:16.004,1139,0,2,50,0,0,0,0,0,0,0x03
2026-09-06T16:10:16.069,1140,0,2,50,0,0,0,0,0,0,0x03
2026-09-06T16:10:16.133,1141,0,2,50,0,0,0,0,0,0,0x03
2026-09-06T16:10:16.198,1142,0,2,50,0,0,0,0,0,0,0x03
2026-09-06T16:10:16.263,1143,0,2,52,0,0,0,0,0,0,0x03
2026-09-06T16:10:16.328,1144,0,2,51,0,0,0,0,0,0,0x03
2026-09-06T16:10:16.393,1145,0,2,50,0,0,0,0,0,0,0x03
2026-09-06T16:10:16.458,1146,0,2,50,0,0,0,0,0,0,0x03
2026-09-06T16:10:16.539,1147,0,2,51,0,0,0,0,0,0,0x03
2026-09-06T16:10:16.604,1148,0,2,51,0,0,0,0,0,0,0x03
2026-09-06T16:10:16.669,1149,0,2,52,0,0,0,0,0,0,0x03
2026-09-06T16:10:16.733,1150,0,2,51,0,0,0,0,0,0,0x03
2026-09-06T16:10:16.798,1151,0,2,51,0,0,0,0,0,0,0x03
2026-09-06T16:10:16.863,1152,0,2,51,0,0,0,0,0,0,0x03
2026-09-06T16:10:16.928,1153,0,2,50,0,0,0,0,0,0,0x03
2026-09-06T16:10:17.009,1154,0,2,51,0,0,0,0,0,0,0x03
2026-09-06T16:10:17.074,1155,0,2,50,0,0,0,0,0,0,0x03
2026-09-06T16:10:17.139,1156,0,2,51,0,0,0,0,0,0,0x03
2026-09-06T16:10:17.204,1157,0,2,50,0,0,0,0,0,0,0x03
2026-09-06T16:10:17.269,1158,0,2,52,0,0,0,0,0,0,0x03
2026-09-06T16:10:17.333,1159,0,2,50,0,0,0,0,0,0,0x03
2026-09-06T16:10:17.398,1160,0,2,52,0,0,0,0,0,0,0x03
2026-09-06T16:10:17.463,1161,0,2,50,0,0,0,0,0,0,0x03
2026-09-06T16:10:17.544,1162,0,2,51,0,0,0,0,0,0,0x03
2026-09-06T16:10:17.609,1163,0,2,51,0,0,0,0,0,0,0x03
2026-09-06T16:10:17.674,1164,0,2,52,0,0,0,0,0,0,0x03
2026-09-06T16:10:17.739,1165,0,2,52,0,0,0,0,0,0,0x03
2026-09-06T16:10:17.803,1166,0,2,50,0,0,0,0,0,0,0x03
2026-09-06T16:10:17.868,1167,0,2,51,0,0,0,0,0,0,0x03
2026-09-06T16:10:17.933,1168,0,2,50,0,0,0,0,0,0,0x03
2026-09-06T16:10:18.016,1169,0,2,51,0,0,0,0,0,0,0x03
2026-09-06T16:10:18.079,1170,0,2,51,0,0,0,0,0,0,0x03
2026-09-06T16:10:18.144,1171,0,2,50,0,0,0,0,0,0,0x03
2026-09-06T16:10:18.209,1172,0,2,50,0,0,0,0,0,0,0x03
2026-09-06T16:10:18.273,1173,0,2,50,0,0,0,0,0,0,0x03
2026-09-06T16:10:18.338,1174,0,2,52,0,0,0,0,0,0,0x03
2026-09-06T16:10:18.403,1175,0,2,50,0,0,0,0,0,0,0x03
2026-09-06T16:10:18.468,1176,0,2,51,0,0,0,0,0,0,0x03
2026-09-06T16:10:18.549,1177,0,2,51,0,0,0,0,0,0,0x03
2026-09-06T16:10:18.615,1178,0,2,50,0,0,0,0,0,0,0x03
2026-09-06T16:10:18.678,1179,0,2,50,0,0,0,0,0,0,0x03
2026-09-06T16:10:18.743,1180,0,2,50,0,0,0,0,0,0,0x03
2026-09-06T16:10:18.809,1181,0,2,50,0,0,0,0,0,0,0x03
2026-09-06T16:10:18.874,1182,0,2,51,0,0,0,0,0,0,0x03
2026-09-06T16:10:18.940,1183,0,2,51,0,0,0,0,0,0,0x03
2026-09-06T16:10:19.004,1184,0,2,50,0,0,0,0,0,0,0x03
2026-09-06T16:10:19.069,1185,0,2,51,0,0,0,0,0,0,0x03
2026-09-06T16:10:19.150,1186,0,2,50,0,0,0,0,0,0,0x03
2026-09-06T16:10:19.215,1187,0,2,52,0,0,0,0,0,0,0x03
2026-09-06T16:10:19.280,1188,0,2,50,0,0,0,0,0,0,0x03
2026-09-06T16:10:19.345,1189,0,2,51,0,0,0,0,0,0,0x03
2026-09-06T16:10:19.410,1190,0,2,50,0,0,0,0,0,0,0x03
2026-09-06T16:10:19.475,1191,0,2,51,0,0,0,0,0,0,0x03
2026-09-06T16:10:19.540,1192,0,2,53,0,0,0,0,0,0,0x03
2026-09-06T16:10:19.620,1193,0,2,50,0,0,0,0,0,0,0x03
2026-09-06T16:10:19.685,1194,0,2,51,0,0,0,0,0,0,0x03
2026-09-06T16:10:19.750,1195,0,2,51,0,0,0,0,0,0,0x03
2026-09-06T16:10:19.814,1196,0,2,50,0,0,0,0,0,0,0x03
2026-09-06T16:10:19.879,1197,0,2,50,0,0,0,0,0,0,0x03
2026-09-06T16:10:19.944,1198,0,2,50,0,0,0,0,0,0,0x03
2026-09-06T16:10:20.008,1199,0,2,51,0,0,0,0,0,0,0x03
2026-09-06T16:10:20.089,1200,0,2,51,0,0,0,0,0,0,0x03
2026-09-06T16:10:20.154,1201,0,2,51,0,0,0,0,0,0,0x03
2026-09-06T16:10:20.218,1202,0,2,55,0,0,0,0,0,0,0x03
2026-09-06T16:10:20.284,1203,0,2,52,0,0,0,0,0,0,0x03
2026-09-06T16:10:20.347,1204,0,2,50,0,0,0,0,0,0,0x03
2026-09-06T16:10:20.412,1205,0,2,51,0,0,0,0,0,0,0x03
2026-09-06T16:10:20.477,1206,0,2,51,0,0,0,0,0,0,0x03
2026-09-06T16:10:20.542,1207,0,2,51,0,0,0,0,0,0,0x03
2026-09-06T16:10:20.623,1208,0,2,51,0,0,0,0,0,0,0x03
2026-09-06T16:10:20.688,1209,0,2,50,0,0,0,0,0,0,0x03
2026-09-06T16:10:20.753,1210,0,2,50,0,0,0,0,0,0,0x03
2026-09-06T16:10:20.818,1211,0,2,50,0,0,0,0,0,0,0x03
2026-09-06T16:10:20.883,1212,0,2,51,0,0,0,0,0,0,0x03
2026-09-06T16:10:20.948,1213,0,2,51,0,0,0,0,0,0,0x03
2026-09-06T16:10:21.013,1214,0,2,52,0,0,0,0,0,0,0x03
2026-09-06T16:10:21.093,1215,0,2,52,0,0,0,0,0,0,0x03
2026-09-06T16:10:21.158,1216,0,2,51,0,0,0,0,0,0,0x03
2026-09-06T16:10:21.223,1217,0,2,50,0,0,0,0,0,0,0x03
2026-09-06T16:10:21.288,1218,0,2,52,0,0,0,0,0,0,0x03
2026-09-06T16:10:21.352,1219,0,2,50,0,0,0,0,0,0,0x03
2026-09-06T16:10:21.417,1220,0,2,51,0,0,0,0,0,0,0x03
2026-09-06T16:10:21.483,1221,0,2,51,0,0,0,0,0,0,0x03
2026-09-06T16:10:21.547,1222,0,2,50,0,0,0,0,0,0,0x03
2026-09-06T16:10:21.630,1223,0,2,51,0,0,0,0,0,0,0x03
2026-09-06T16:10:21.695,1224,0,2,51,0,0,0,0,0,0,0x03
2026-09-06T16:10:21.759,1225,0,2,52,0,0,0,0,0,0,0x03
2026-09-06T16:10:21.824,1226,0,2,51,0,0,0,0,0,0,0x03
2026-09-06T16:10:21.888,1227,0,2,50,0,0,0,0,0,0,0x03
2026-09-06T16:10:21.953,1228,0,2,52,0,0,0,0,0,0,0x03
2026-09-06T16:10:22.018,1229,0,2,50,0,0,0,0,0,0,0x03
2026-09-06T16:10:22.082,1230,0,2,50,0,0,0,0,0,0,0x03
2026-09-06T16:10:22.163,1231,0,2,52,0,0,0,0,0,0,0x03
2026-09-06T16:10:22.228,1232,0,2,50,0,0,0,0,0,0,0x03
2026-09-06T16:10:22.292,1233,0,2,52,0,0,0,0,0,0,0x03
2026-09-06T16:10:22.357,1234,0,2,51,0,0,0,0,0,0,0x03
2026-09-06T16:10:22.422,1235,0,2,52,0,0,0,0,0,0,0x03
2026-09-06T16:10:22.486,1236,0,2,50,0,0,0,0,0,0,0x03
2026-09-06T16:10:22.551,1237,0,2,50,0,0,0,0,0,0,0x03
2026-09-06T16:10:22.632,1238,0,2,51,0,0,0,0,0,0,0x03
2026-09-06T16:10:22.697,1239,0,2,51,0,0,0,0,0,0,0x03
2026-09-06T16:10:22.761,1240,0,2,51,0,0,0,0,0,0,0x03
2026-09-06T16:10:22.826,1241,0,2,51,0,0,0,0,0,0,0x03
2026-09-06T16:10:22.892,1242,0,2,52,0,0,0,0,0,0,0x03
2026-09-06T16:10:22.955,1243,0,2,55,0,0,0,0,0,0,0x03
2026-09-06T16:10:23.020,1244,0,2,50,0,0,0,0,0,0,0x03
2026-09-06T16:10:23.084,1245,0,2,50,0,0,0,0,0,0,0x03
2026-09-06T16:10:23.165,1246,0,2,51,0,0,0,0,0,0,0x03
2026-09-06T16:10:23.230,1247,0,2,50,0,0,0,0,0,0,0x03
2026-09-06T16:10:23.294,1248,0,2,51,0,0,0,0,0,0,0x03
2026-09-06T16:10:23.359,1249,0,2,52,0,0,0,0,0,0,0x03
2026-09-06T16:10:23.424,1250,0,2,52,0,0,0,0,0,0,0x03
2026-09-06T16:10:23.504,1251,0,2,51,0,0,0,0,0,0,0x03
2026-09-06T16:10:23.553,1252,0,2,52,0,0,0,0,0,0,0x03
2026-09-06T16:10:23.634,1253,0,2,51,0,0,0,0,0,0,0x03
2026-09-06T16:10:23.698,1254,0,2,50,0,0,0,0,0,0,0x03
2026-09-06T16:10:23.763,1255,0,2,51,0,0,0,0,0,0,0x03
2026-09-06T16:10:23.844,1256,0,2,54,0,0,0,0,0,0,0x03
2026-09-06T16:10:23.893,1257,0,2,50,0,0,0,0,0,0,0x03
2026-09-06T16:10:23.973,1258,0,2,52,0,0,0,0,0,0,0x03
2026-09-06T16:10:24.038,1259,0,2,50,0,0,0,0,0,0,0x03
2026-09-06T16:10:24.103,1260,0,2,50,0,0,0,0,0,0,0x03
2026-09-06T16:10:24.168,1261,0,2,51,0,0,0,0,0,0,0x03
2026-09-06T16:10:24.232,1262,0,2,53,3040,0,38465,3387,0,40000,0x07
2026-09-06T16:10:24.297,1263,0,2,50,3040,1340,34275,3387,2100,34621,0x07
2026-09-06T16:10:24.362,1264,0,2,52,3105,615,38129,3366,1750,37708,0x07
2026-09-06T16:10:24.427,1265,0,2,52,3060,615,39842,3362,1942,38469,0x07
2026-09-06T16:10:24.508,1266,0,2,52,0,0,0,0,0,0,0x03
2026-09-06T16:10:24.573,1267,0,2,51,0,0,0,0,0,0,0x03
2026-09-06T16:10:24.638,1268,0,2,51,0,0,26021,0,0,27491,0x07
2026-09-06T16:10:24.703,1269,0,2,51,3103,2392,31915,3355,2529,31928,0x07
2026-09-06T16:10:24.768,1270,0,2,51,0,0,0,0,0,0,0x03
2026-09-06T16:10:24.833,1271,0,2,50,0,0,0,0,0,0,0x03
2026-09-06T16:10:24.898,1272,0,2,52,0,0,0,0,0,0,0x03
2026-09-06T16:10:24.963,1273,0,2,51,0,0,0,0,0,0,0x03
2026-09-06T16:10:25.044,1274,0,2,52,0,0,0,0,0,0,0x03
2026-09-06T16:10:25.093,1275,0,2,50,0,0,0,0,0,0,0x03
2026-09-06T16:10:25.175,1276,0,2,50,0,0,25464,0,0,27491,0x07
2026-09-06T16:10:25.240,1277,0,2,50,0,0,0,0,0,0,0x03
2026-09-06T16:10:25.305,1278,0,2,51,0,0,0,0,0,0,0x03
2026-09-06T16:10:25.371,1279,0,2,50,0,0,24977,0,0,27130,0x07
2026-09-06T16:10:25.436,1280,0,2,50,0,0,0,0,0,0,0x03
2026-09-06T16:10:25.501,1281,0,2,50,0,0,0,0,0,0,0x03
2026-09-06T16:10:25.566,1282,0,2,50,0,0,19133,0,0,22098,0x07
2026-09-06T16:10:25.632,1283,0,2,51,0,0,0,0,0,0,0x03
2026-09-06T16:10:25.696,1284,0,2,50,0,0,0,0,0,0,0x03
2026-09-06T16:10:25.778,1285,0,2,51,0,0,0,0,0,0,0x03
2026-09-06T16:10:25.843,1286,0,2,52,0,0,15508,0,0,18455,0x07
2026-09-06T16:10:25.908,1287,0,2,50,0,0,0,0,0,0,0x03
2026-09-06T16:10:25.974,1288,0,2,51,0,0,13746,0,0,16631,0x07
2026-09-06T16:10:26.039,1289,0,2,51,0,0,0,0,0,0,0x03
2026-09-06T16:10:26.103,1290,0,2,52,0,0,0,0,0,0,0x03
2026-09-06T16:10:26.169,1291,0,2,56,1446,0,20943,1819,0,25723,0x07
2026-09-06T16:10:26.234,1292,0,2,50,1446,520,19553,1819,440,25371,0x07
2026-09-06T16:10:26.315,1293,0,2,52,0,0,0,0,0,0,0x03
2026-09-06T16:10:26.380,1294,0,2,51,0,0,11982,0,0,14937,0x07
2026-09-06T16:10:26.445,1295,0,2,50,1266,800,15477,1713,760,21875,0x07
2026-09-06T16:10:26.511,1296,0,2,51,0,0,0,0,0,0,0x03
2026-09-06T16:10:26.576,1297,0,2,50,0,0,0,0,0,0,0x03
2026-09-06T16:10:26.641,1298,0,2,50,0,0,0,0,0,0,0x03
2026-09-06T16:10:26.706,1299,0,2,51,0,0,4734,0,0,12704,0x07
2026-09-06T16:10:26.772,1300,0,2,50,317,40,6159,1421,60,19983,0x07
2026-09-06T16:10:26.837,1301,0,2,50,0,0,0,0,0,0,0x03
2026-09-06T16:10:26.902,1302,0,2,52,0,0,0,0,0,0,0x03
2026-09-06T16:10:26.983,1303,0,2,51,0,0,6314,0,0,11064,0x07
2026-09-06T16:10:27.049,1304,0,2,50,0,0,0,0,0,0,0x03
2026-09-06T16:10:27.114,1305,0,2,51,0,0,0,0,0,0,0x03
2026-09-06T16:10:27.179,1306,0,2,52,0,0,0,0,0,0,0x03
2026-09-06T16:10:27.244,1307,0,2,51,0,0,6500,0,0,10871,0x07
2026-09-06T16:10:27.309,1308,0,2,51,0,0,0,0,0,0,0x03
2026-09-06T16:10:27.374,1309,0,2,51,0,0,0,0,0,0,0x03
2026-09-06T16:10:27.439,1310,0,2,51,0,0,0,0,0,0,0x03
2026-09-06T16:10:27.504,1311,0,2,51,0,0,0,0,0,0,0x03
2026-09-06T16:10:27.586,1312,0,2,52,0,0,0,0,0,0,0x03
2026-09-06T16:10:27.650,1313,0,2,51,0,0,0,0,0,0,0x03
2026-09-06T16:10:27.715,1314,0,2,57,529,0,9137,1201,0,17632,0x07
2026-09-06T16:10:27.780,1315,0,2,50,0,0,0,0,0,0,0x03
2026-09-06T16:10:27.845,1316,0,2,52,0,0,6552,0,0,10818,0x07
2026-09-06T16:10:27.910,1317,0,2,50,0,0,0,0,0,0,0x03
2026-09-06T16:10:27.975,1318,0,2,51,0,0,0,0,0,0,0x03
2026-09-06T16:10:28.056,1319,0,2,50,0,0,0,0,0,0,0x03
2026-09-06T16:10:28.122,1320,0,2,51,0,0,0,0,0,0,0x03
2026-09-06T16:10:28.187,1321,0,2,50,0,0,6513,0,0,10858,0x07
2026-09-06T16:10:28.252,1322,0,2,50,550,20,9236,1179,40,16952,0x07
2026-09-06T16:10:28.317,1323,0,2,50,0,0,0,0,0,0,0x03
2026-09-06T16:10:28.382,1324,0,2,51,0,0,0,0,0,0,0x03
2026-09-06T16:10:28.447,1325,0,2,50,0,0,0,0,0,0,0x03
2026-09-06T16:10:28.512,1326,0,2,51,527,0,9051,1203,0,17506,0x07
2026-09-06T16:10:28.577,1327,0,2,52,527,135,8840,1203,173,17949,0x07
2026-09-06T16:10:28.658,1328,0,2,51,0,0,0,0,0,0,0x03
2026-09-06T16:10:28.723,1329,0,2,50,0,0,0,0,0,0,0x03
2026-09-06T16:10:28.788,1330,0,2,50,0,0,15201,0,0,15221,0x07
2026-09-06T16:10:28.853,1331,0,2,51,0,0,0,0,0,0,0x03
2026-09-06T16:10:28.918,1332,0,2,54,-1687,0,23983,1750,0,24738,0x07
2026-09-06T16:10:28.983,1333,0,2,52,-1687,-327,23846,1750,0,26740,0x07
2026-09-06T16:10:29.048,1334,0,2,51,0,0,0,0,0,0,0x03
2026-09-06T16:10:29.112,1335,0,2,50,0,0,15201,0,0,15221,0x07
2026-09-06T16:10:29.193,1336,0,2,52,0,0,0,0,0,0,0x03
2026-09-06T16:10:29.258,1337,0,2,50,0,0,6497,0,0,10874,0x07
2026-09-06T16:10:29.324,1338,0,2,50,548,220,8183,1181,0,17194,0x07
2026-09-06T16:10:29.389,1339,0,2,52,545,327,7908,1185,96,19388,0x07
2026-09-06T16:10:29.453,1340,0,2,52,627,96,10356,1221,115,21000,0x07
2026-09-06T16:10:29.518,1341,0,2,51,575,157,9854,1214,196,21721,0x07
2026-09-06T16:10:29.583,1342,0,2,50,521,220,9214,1210,220,22649,0x07
2026-09-06T16:10:29.664,1343,0,2,50,0,0,0,0,0,0,0x03
2026-09-06T16:10:29.712,1344,0,2,50,0,0,6245,0,0,11137,0x07
2026-09-06T16:10:29.794,1345,0,2,50,0,0,0,0,0,0,0x03
2026-09-06T16:10:29.859,1346,0,2,51,0,0,6516,0,0,10855,0x07
2026-09-06T16:10:29.924,1347,0,2,51,551,118,8747,1179,78,16766,0x07
2026-09-06T16:10:29.989,1348,0,2,51,521,118,8753,1210,98,18301,0x07
2026-09-06T16:10:30.053,1349,0,2,51,0,0,0,0,0,0,0x03
2026-09-06T16:10:30.118,1350,0,2,50,0,0,6304,0,0,11074,0x07
2026-09-06T16:10:30.199,1351,0,2,51,0,0,0,0,0,0,0x03
2026-09-06T16:10:30.248,1352,0,2,53,541,0,9242,1189,0,17376,0x07
2026-09-06T16:10:30.329,1353,0,2,51,541,118,9124,1189,157,17868,0x07
2026-09-06T16:10:30.394,1354,0,2,52,561,96,9884,1168,154,18792,0x07
2026-09-06T16:10:30.459,1355,0,2,50,516,160,9394,1215,220,20158,0x07
2026-09-06T16:10:30.523,1356,0,2,50,0,0,0,0,0,0,0x03
2026-09-06T16:10:30.588,1357,0,2,51,0,0,6915,0,0,10874,0x07
2026-09-06T16:10:30.653,1358,0,2,51,0,0,0,0,0,0,0x03
2026-09-06T16:10:30.734,1359,0,2,50,0,0,8664,0,0,12455,0x07
2026-09-06T16:10:30.799,1360,0,2,50,0,0,0,0,0,0,0x03
2026-09-06T16:10:30.864,1361,0,2,50,0,0,0,0,0,0,0x03
2026-09-06T16:10:30.929,1362,0,2,51,0,0,0,0,0,0,0x03
2026-09-06T16:10:30.995,1363,0,2,51,0,0,10662,0,0,14194,0x07
2026-09-06T16:10:31.060,1364,0,2,52,1093,38,16115,1616,115,22286,0x07
2026-09-06T16:10:31.125,1365,0,2,51,0,0,0,0,0,0,0x03
2026-09-06T16:10:31.190,1366,0,2,50,0,0,0,0,0,0,0x03
2026-09-06T16:10:31.271,1367,0,2,50,0,0,14757,0,0,18321,0x07
2026-09-06T16:10:31.336,1368,0,2,51,1766,863,21883,2242,1294,26431,0x07
2026-09-06T16:10:31.401,1369,0,2,51,1766,373,25224,2242,588,31286,0x07
2026-09-06T16:10:31.466,1370,0,2,50,2036,620,28639,2442,520,36067,0x07
2026-09-06T16:10:31.531,1371,0,2,50,2139,1140,29710,2564,980,39266,0x07
2026-09-06T16:10:31.597,1372,0,2,50,1993,1320,27804,2502,1140,39347,0x07
2026-09-06T16:10:31.662,1373,0,2,50,0,0,0,0,0,0,0x03
2026-09-06T16:10:31.728,1374,0,2,57,1009,70,14958,1758,53,24664,0x07
2026-09-06T16:10:31.793,1375,0,2,50,1009,1180,10090,1758,1560,18475,0x07
2026-09-06T16:10:31.858,1376,0,2,50,0,0,0,0,0,0,0x03
2026-09-06T16:10:31.939,1377,0,2,51,0,0,5404,0,0,12008,0x07
2026-09-06T16:10:32.005,1378,0,2,50,405,900,3098,1330,1160,14290,0x07
2026-09-06T16:10:32.070,1379,0,2,51,410,608,4213,1325,1196,14228,0x07
2026-09-06T16:10:32.134,1380,0,2,54,-284,-37,5764,2045,833,26221,0x07
2026-09-06T16:10:32.199,1381,0,2,52,0,0,4102,2045,885,27330,0x07
2026-09-06T16:10:32.265,1382,0,2,50,235,180,4384,1506,720,22493,0x07
2026-09-06T16:10:32.329,1383,0,2,50,212,200,4040,1530,720,23663,0x07
2026-09-06T16:10:32.395,1384,0,2,50,267,200,4848,1473,860,23825,0x07
2026-09-06T16:10:32.460,1385,0,2,52,315,231,5366,1423,827,24056,0x07
2026-09-06T16:10:32.541,1386,0,2,50,374,340,5629,1362,880,23637,0x07
2026-09-06T16:10:32.606,1387,0,2,52,468,385,6691,1265,981,22606,0x07
2026-09-06T16:10:32.671,1388,0,2,52,468,423,6568,1265,981,22931,0x07
2026-09-06T16:10:32.736,1389,0,2,51,498,431,6955,1233,1020,22631,0x07
2026-09-06T16:10:32.801,1390,0,2,54,619,167,10318,1108,1074,21125,0x07
2026-09-06T16:10:32.866,1391,0,2,51,619,216,10474,1108,1039,21350,0x07
2026-09-06T16:10:32.931,1392,0,2,50,1037,220,16150,1479,960,26679,0x07
2026-09-06T16:10:33.012,1393,0,2,51,1924,333,27650,2205,1000,36484,0x07
2026-09-06T16:10:33.060,1394,0,2,51,2573,922,36193,2780,1431,40000,0x07
2026-09-06T16:10:33.141,1395,0,2,50,3089,1360,40000,3186,1560,40000,0x07
2026-09-06T16:10:33.206,1396,0,2,54,3374,1852,40000,3334,1778,40000,0x07
2026-09-06T16:10:33.271,1397,0,2,54,3374,1852,40000,3334,1778,40000,0x07
2026-09-06T16:10:33.336,1398,0,2,50,3351,2320,39503,3162,2020,40000,0x07
2026-09-06T16:10:33.401,1399,0,2,50,3181,2460,37519,2971,2340,39901,0x07
2026-09-06T16:10:33.466,1400,0,2,54,2943,2056,37571,2744,2741,35833,0x07
2026-09-06T16:10:33.547,1401,0,2,51,2943,2745,34820,2744,2451,37394,0x07
2026-09-06T16:10:33.597,1402,0,2,50,1925,2640,22519,0,0,2873,0x07
2026-09-06T16:10:33.678,1403,0,2,50,886,1020,16931,0,0,4133,0x07
2026-09-06T16:10:33.743,1404,0,2,50,1061,320,23140,0,0,2202,0x07
2026-09-06T16:10:33.808,1405,0,2,51,1145,529,23810,-47,-20,2347,0x07
2026-09-06T16:10:33.874,1406,0,2,52,1034,769,21952,-300,0,6118,0x07
2026-09-06T16:10:33.939,1407,0,2,50,1034,700,22247,-300,-40,6234,0x07
2026-09-06T16:10:34.004,1408,0,2,50,918,180,23084,-203,-160,4610,0x07
2026-09-06T16:10:34.069,1409,0,2,50,848,0,23011,-54,-40,3366,0x07
2026-09-06T16:10:34.134,1410,0,2,51,847,0,22999,0,0,2437,0x07
2026-09-06T16:10:34.216,1411,0,2,50,798,0,22421,77,0,2851,0x07
2026-09-06T16:10:34.282,1412,0,2,50,825,0,22742,98,0,3204,0x07
2026-09-06T16:10:34.347,1413,0,2,56,861,0,23172,158,0,4185,0x07
2026-09-06T16:10:34.412,1414,0,2,50,861,0,23172,158,0,4360,0x07
2026-09-06T16:10:34.477,1415,0,2,51,882,0,23412,148,20,4295,0x07
2026-09-06T16:10:34.543,1416,0,2,54,874,0,23320,112,0,4216,0x07
2026-09-06T16:10:34.608,1417,0,2,50,874,0,23320,112,0,4339,0x07
2026-09-06T16:10:34.673,1418,0,2,51,876,0,23344,108,0,4414,0x07
2026-09-06T16:10:34.738,1419,0,2,50,885,0,23457,145,0,5011,0x07
2026-09-06T16:10:34.819,1420,0,2,50,887,0,23477,91,0,4578,0x07
2026-09-06T16:10:34.868,1421,0,2,52,877,0,23360,101,0,4806,0x07
2026-09-06T16:10:34.949,1422,0,2,51,0,0,15201,98,0,4878,0x07
2026-09-06T16:10:35.014,1423,0,2,51,-1687,-1353,18327,1750,706,24626,0x07
2026-09-06T16:10:35.079,1424,0,2,50,-1687,-160,24748,1750,300,27946,0x07
2026-09-06T16:10:35.144,1425,0,2,52,-1687,-481,24495,1750,500,28526,0x07
2026-09-06T16:10:35.209,1426,0,2,51,-1687,-843,24679,1750,196,32848,0x07
2026-09-06T16:10:35.274,1427,0,2,50,-1687,-760,25853,1750,540,32718,0x07
2026-09-06T16:10:35.355,1428,0,2,51,0,0,0,0,0,0,0x03
2026-09-06T16:10:35.404,1429,0,2,54,1392,0,20189,-498,0,8355,0x07
2026-09-06T16:10:35.485,1430,0,2,51,1392,157,20637,-498,0,8914,0x07
2026-09-06T16:10:35.550,1431,0,2,51,0,0,0,0,0,0,0x03
2026-09-06T16:10:35.615,1432,0,2,52,0,0,19840,0,0,26846,0x07
2026-09-06T16:10:35.681,1433,0,2,51,0,0,3643,3271,1745,35044,0x07
2026-09-06T16:10:35.746,1434,0,2,51,0,0,0,0,0,0,0x03
2026-09-06T16:10:35.811,1435,0,2,50,0,0,0,0,0,0,0x03
2026-09-06T16:10:35.877,1436,0,2,51,0,0,2872,0,0,8258,0x07
2026-09-06T16:10:35.942,1437,0,2,51,74,0,3253,839,118,12133,0x07
2026-09-06T16:10:36.023,1438,0,2,51,111,0,3798,849,431,11393,0x07
2026-09-06T16:10:36.088,1439,0,2,56,170,0,4768,927,18,16184,0x07
2026-09-06T16:10:36.153,1440,0,2,51,170,20,4821,927,137,16562,0x07
2026-09-06T16:10:36.218,1441,0,2,52,3374,0,40000,2857,96,39697,0x07
2026-09-06T16:10:36.283,1442,0,2,50,3249,1740,37105,3466,580,40000,0x07
2026-09-06T16:10:36.349,1443,0,2,51,3238,1176,39372,3468,902,40000,0x07
2026-09-06T16:10:36.414,1444,0,2,50,3257,880,40000,3467,1420,40000,0x07
2026-09-06T16:10:36.479,1445,0,2,53,3345,1396,39710,3469,1660,40000,0x07
2026-09-06T16:10:36.560,1446,0,2,52,3345,1712,39873,3469,1538,40000,0x07
2026-09-06T16:10:36.625,1447,0,2,51,3374,1843,39655,3470,1824,39644,0x07
2026-09-06T16:10:36.690,1448,0,2,51,3374,2000,38988,3476,1706,40000,0x07
2026-09-06T16:10:36.755,1449,0,2,50,0,0,8083,3500,2300,39294,0x07
2026-09-06T16:10:36.819,1450,0,2,51,-756,-647,8643,1737,2255,17933,0x07
2026-09-06T16:10:36.884,1451,0,2,51,0,0,28094,963,2000,8650,0x07
2026-09-06T16:10:36.949,1452,0,2,51,3374,2686,31638,2726,2078,31560,0x07
2026-09-06T16:10:37.014,1453,0,2,50,3052,1720,33092,3406,2580,38419,0x07
2026-09-06T16:10:37.095,1454,0,2,51,3045,1922,33173,3354,1941,40000,0x07
2026-09-06T16:10:37.160,1455,0,2,52,3258,2154,36828,3423,2173,40000,0x07
2026-09-06T16:10:37.225,1456,0,2,50,3258,2380,36645,3423,2180,40000,0x07
2026-09-06T16:10:37.290,1457,0,2,50,3374,2340,39105,2983,2400,34797,0x07
2026-09-06T16:10:37.355,1458,0,2,51,3149,2706,35608,2914,2490,34550,0x07
2026-09-06T16:10:37.420,1459,0,2,50,3056,2900,33818,2899,2520,34661,0x07
2026-09-06T16:10:37.485,1460,0,2,51,3221,2765,36768,3481,2510,40000,0x07
2026-09-06T16:10:37.549,1461,0,2,52,2921,2923,32752,3500,2712,40000,0x07
2026-09-06T16:10:37.809,1462,0,2,50,2921,3120,31738,3500,2860,40000,0x07
2026-09-06T16:10:53.029,1463,0,2,51,1669,2941,16463,2084,2824,23446,0x07
2026-09-06T16:10:53.288,1464,0,2,50,781,2560,5948,1231,2780,11783,0x07
2026-09-06T16:10:54.971,1465,0,2,53,3246,151,40000,3500,75,40000,0x07
2026-09-06T16:10:55.036,1466,0,2,52,0,0,25838,0,0,28344,0x07
2026-09-06T16:10:55.101,1467,0,2,52,0,0,0,0,0,0,0x03
2026-09-06T16:10:55.166,1468,0,2,52,0,0,19917,0,0,6738,0x07
2026-09-06T16:10:55.425,1469,0,2,53,0,0,0,0,0,0,0x03
2026-09-06T16:10:56.172,1470,0,2,52,0,0,0,0,0,0,0x03
2026-09-06T16:10:56.237,1471,0,2,51,0,0,0,0,0,0,0x03
2026-09-06T16:10:56.302,1472,0,2,50,0,0,14963,0,0,5813,0x07
2026-09-06T16:10:56.367,1473,0,2,50,0,0,9087,0,0,28596,0x07
2026-09-06T16:10:56.432,1474,0,2,50,0,0,0,0,0,0,0x03
2026-09-06T16:10:56.497,1475,0,2,51,0,0,0,0,0,0,0x03
2026-09-06T16:10:56.563,1476,0,2,57,2449,18,33805,2850,0,39315,0x07
2026-09-06T16:10:56.644,1477,0,2,51,0,0,0,0,0,0,0x03
2026-09-06T16:10:56.709,1478,0,2,50,0,0,0,0,0,0,0x03
2026-09-06T16:10:56.774,1479,0,2,51,0,0,0,0,0,0,0x03
2026-09-06T16:10:56.839,1480,0,2,50,0,0,0,0,0,0,0x03
2026-09-06T16:10:56.968,1481,0,2,52,0,0,0,0,0,0,0x03
2026-09-06T16:10:57.033,1482,0,2,50,0,0,0,0,0,0,0x03
2026-09-06T16:10:57.114,1483,0,2,50,0,0,0,0,0,0,0x03
2026-09-06T16:10:57.179,1484,0,2,51,0,0,28094,0,0,26683,0x07
2026-09-06T16:10:57.244,1485,0,2,55,3374,745,39265,3463,1636,38290,0x07
2026-09-06T16:10:57.310,1486,0,2,51,3374,725,39350,3463,1588,38494,0x07
2026-09-06T16:10:57.375,1487,0,2,51,3374,1078,39922,3446,1824,39115,0x07
2026-09-06T16:10:57.440,1488,0,2,51,3374,1804,38256,3464,1451,40000,0x07
2026-09-06T16:10:57.505,1489,0,2,50,3374,1860,39358,3464,1500,40000,0x07
2026-09-06T16:10:57.570,1490,0,2,51,3368,2000,39931,3495,1725,40000,0x07
2026-09-06T16:10:57.635,1491,0,2,54,3185,2407,37623,3500,2352,38937,0x07
2026-09-06T16:10:57.716,1492,0,2,50,3185,2660,37014,3500,2300,39157,0x07
2026-09-06T16:10:57.781,1493,0,2,51,2870,2627,33628,3361,2431,37994,0x07
2026-09-06T16:10:57.846,1494,0,2,52,2452,2885,27162,3024,2558,33977,0x07
2026-09-06T16:10:57.911,1495,0,2,51,1753,2451,19204,2461,2549,26938,0x07
2026-09-06T16:10:57.976,1496,0,2,50,412,2220,2634,1365,2560,12545,0x07
2026-09-06T16:10:58.041,1497,0,2,52,274,1135,3659,1466,1538,17594,0x07
2026-09-06T16:10:58.106,1498,0,2,50,274,1160,2767,1466,1660,16863,0x07
2026-09-06T16:10:58.171,1499,0,2,50,159,1000,1335,1585,1620,18414,0x07
2026-09-06T16:10:58.252,1500,0,2,51,206,765,2388,1536,1647,17597,0x07
2026-09-06T16:10:58.317,1501,0,2,55,376,491,5162,1360,1473,15870,0x07
2026-09-06T16:10:58.382,1502,0,2,51,376,431,5365,1360,1235,17019,0x07
2026-09-06T16:10:58.447,1503,0,2,51,450,412,6367,1283,1216,16261,0x07
2026-09-06T16:10:58.512,1504,0,2,50,538,480,7246,1192,1080,15848,0x07
2026-09-06T16:10:58.577,1505,0,2,50,0,0,0,0,0,0,0x03
2026-09-06T16:10:58.642,1506,0,2,50,0,0,12542,0,0,14346,0x07
2026-09-06T16:10:58.707,1507,0,2,54,2181,426,29262,2417,1315,28046,0x07
2026-09-06T16:10:58.788,1508,0,2,50,0,0,0,0,0,0,0x03
2026-09-06T16:10:58.853,1509,0,2,50,0,0,24835,0,0,25012,0x07
2026-09-06T16:10:58.917,1510,0,2,51,2948,294,38507,3031,196,37060,0x07
2026-09-06T16:10:58.983,1511,0,2,50,3224,1540,39242,3320,920,39667,0x07
2026-09-06T16:10:59.047,1512,0,2,51,3325,1235,40000,3431,1196,39817,0x07
2026-09-06T16:10:59.112,1513,0,2,51,3340,1922,39010,3494,1686,38478,0x07
2026-09-06T16:10:59.177,1514,0,2,51,3340,2157,39078,3494,1824,39769,0x07
2026-09-06T16:10:59.259,1515,0,2,50,3279,2280,38707,3500,2000,39095,0x07
2026-09-06T16:10:59.324,1516,0,2,50,3246,2640,37325,3495,2160,39825,0x07
2026-09-06T16:10:59.389,1517,0,2,50,2884,2700,33228,3239,2520,37142,0x07
2026-09-06T16:10:59.454,1518,0,2,51,0,0,3710,2134,2588,23197,0x07
2026-09-06T16:10:59.519,1519,0,2,54,-414,-574,4392,1382,1741,15917,0x07
2026-09-06T16:10:59.584,1520,0,2,51,0,0,6191,1382,1333,17703,0x07
2026-09-06T16:10:59.649,1521,0,2,52,508,365,6929,1223,1808,13124,0x07
2026-09-06T16:10:59.714,1522,0,2,50,544,940,4566,1185,1520,13532,0x07
2026-09-06T16:10:59.779,1523,0,2,57,441,719,3375,1293,1333,15810,0x07
2026-09-06T16:10:59.844,1524,0,2,51,441,608,3698,1293,1451,15132,0x07
2026-09-06T16:10:59.925,1525,0,2,50,491,440,5050,1241,1200,15629,0x07
2026-09-06T16:11:00.055,1526,0,2,51,505,412,5427,1226,980,16663,0x07
2026-09-06T16:11:00.120,1527,0,2,50,504,360,5829,1227,780,18427,0x07
2026-09-06T16:11:00.185,1528,0,2,51,561,314,6930,1168,725,18448,0x07
2026-09-06T16:11:00.250,1529,0,2,51,0,0,0,0,0,0,0x03
2026-09-06T16:11:00.315,1530,0,2,51,0,0,0,0,0,0,0x03
2026-09-06T16:11:00.380,1532,0,2,52,0,0,0,0,0,0,0x03
2026-09-06T16:11:00.461,1533,0,2,50,0,0,0,0,0,0,0x03
2026-09-06T16:11:00.526,1534,0,2,52,0,0,14035,0,0,15726,0x07
2026-09-06T16:11:00.591,1535,0,2,50,0,0,0,0,0,0,0x03
2026-09-06T16:11:00.656,1536,0,2,50,0,0,22210,0,0,22564,0x07
2026-09-06T16:11:00.721,1537,0,2,50,2604,220,34452,2711,160,36211,0x07
2026-09-06T16:11:00.786,1538,0,2,51,3008,353,38686,3148,392,40000,0x07
2026-09-06T16:11:00.867,1539,0,2,51,3195,1157,39332,3340,1059,39878,0x07
2026-09-06T16:11:00.916,1540,0,2,51,3282,1529,38792,3428,1275,39998,0x07
2026-09-06T16:11:00.997,1541,0,2,50,3245,1680,39091,3467,1480,39599,0x07
2026-09-06T16:11:01.062,1542,0,2,51,3210,2255,38353,3464,2039,38780,0x07
2026-09-06T16:11:01.127,1543,0,2,50,3178,2280,38652,3447,2140,39585,0x07
2026-09-06T16:11:01.192,1544,0,2,51,3374,2569,39760,3024,2235,35041,0x07
2026-09-06T16:11:01.257,1545,0,2,51,3305,2706,39418,3376,2451,39451,0x07
2026-09-06T16:11:01.322,1546,0,2,50,0,0,4094,2274,2720,24710,0x07
2026-09-06T16:11:01.402,1547,0,2,51,-234,-725,1561,968,2412,8873,0x07
2026-09-06T16:11:01.451,1548,0,2,52,3374,38,40000,1909,1327,25152,0x07
2026-09-06T16:11:01.532,1549,0,2,50,3374,2800,31041,1909,2000,22191,0x07
2026-09-06T16:11:01.597,1550,0,2,51,839,2176,2342,1310,2235,13027,0x07
2026-09-06T16:11:01.662,1551,0,2,51,3374,1157,38819,2755,1667,33855,0x07
2026-09-06T16:11:01.728,1552,0,2,52,1872,1808,17920,0,0,4885,0x07
2026-09-06T16:11:01.793,1553,0,2,51,1037,1784,7418,-398,-294,5441,0x07
2026-09-06T16:11:01.858,1554,0,2,51,1293,1353,12243,-368,-314,5060,0x07
2026-09-06T16:11:01.923,1555,0,2,50,1440,1400,14101,0,0,3290,0x07
2026-09-06T16:11:01.987,1556,0,2,50,1505,920,17432,189,140,3552,0x07
2026-09-06T16:11:02.068,1557,0,2,51,1483,1000,17271,211,196,3598,0x07
2026-09-06T16:11:02.133,1558,0,2,55,1398,836,18065,300,36,5820,0x07
2026-09-06T16:11:02.198,1559,0,2,51,1398,863,18436,300,39,6101,0x07
2026-09-06T16:11:02.263,1560,0,2,51,1330,882,17946,370,0,7523,0x07
2026-09-06T16:11:02.328,1561,0,2,50,1249,940,17259,454,0,9527,0x07
2026-09-06T16:11:02.393,1562,0,2,50,0,0,0,0,0,0,0x03
2026-09-06T16:11:02.458,1563,0,2,51,0,0,10642,0,0,6578,0x07
2026-09-06T16:11:02.539,1564,0,2,51,0,0,0,0,0,0,0x03
2026-09-06T16:11:02.604,1565,0,2,51,0,0,11897,0,0,10355,0x07
2026-09-06T16:11:02.669,1566,0,2,50,1255,440,16081,1113,360,14385,0x07
2026-09-06T16:11:02.734,1567,0,2,55,2710,800,34789,2692,1055,33712,0x07
2026-09-06T16:11:02.799,1568,0,2,52,2710,885,36109,2692,673,37643,0x07
2026-09-06T16:11:02.864,1569,0,2,50,3020,1120,38797,3053,1020,40000,0x07
2026-09-06T16:11:02.928,1570,0,2,51,3197,1373,39830,3275,1137,40000,0x07
2026-09-06T16:11:02.994,1571,0,2,51,3144,1961,38988,3500,1706,40000,0x07
2026-09-06T16:11:03.075,1572,0,2,51,3143,2118,39239,3500,1843,40000,0x07
2026-09-06T16:11:03.140,1573,0,2,50,2901,2300,36114,3351,1960,40000,0x07
2026-09-06T16:11:03.205,1574,0,2,52,2310,2538,28192,2868,2308,34296,0x07
2026-09-06T16:11:03.270,1575,0,2,50,2310,2620,27571,2868,2500,33883,0x07
2026-09-06T16:11:03.335,1576,0,2,50,1817,2520,21511,2456,2460,29159,0x07
2026-09-06T16:11:03.400,1577,0,2,50,1034,1880,12837,1810,2400,20354,0x07
2026-09-06T16:11:03.465,1578,0,2,51,401,1529,5785,1334,2157,14798,0x07
2026-09-06T16:11:03.530,1579,0,2,50,335,1680,3169,1402,1900,16159,0x07
2026-09-06T16:11:03.595,1580,0,2,51,265,941,3799,1475,1569,18300,0x07
2026-09-06T16:11:03.677,1581,0,2,51,265,686,4502,1475,1471,18722,0x07
2026-09-06T16:11:03.742,1582,0,2,50,896,540,12947,820,1440,10382,0x07
2026-09-06T16:11:03.806,1583,0,2,50,469,820,6371,1263,1100,17272,0x07
2026-09-06T16:11:03.871,1584,0,2,50,772,480,11632,1222,1240,16130,0x07
2026-09-06T16:11:03.936,1585,0,2,51,1335,373,19646,1758,1098,23845,0x07
2026-09-06T16:11:04.001,1586,0,2,53,2838,755,39293,2969,1038,39876,0x07
2026-09-06T16:11:04.066,1587,0,2,51,2838,1255,38595,2969,1235,39036,0x07
2026-09-06T16:11:04.147,1588,0,2,50,3309,1600,40000,3314,1520,40000,0x07
2026-09-06T16:11:04.212,1589,0,2,50,3374,1660,40000,3386,1840,40000,0x07
2026-09-06T16:11:04.276,1590,0,2,50,3374,2280,40000,3274,2000,39403,0x07
2026-09-06T16:11:04.342,1591,0,2,50,3260,2420,39411,3030,2240,36359,0x07
2026-09-06T16:11:04.406,1592,0,2,52,2486,2788,28637,2020,2423,23445,0x07
2026-09-06T16:11:04.471,1593,0,2,50,2486,2700,28824,2020,2360,23339,0x07
2026-09-06T16:11:04.536,1594,0,2,51,1948,2725,21622,1344,2216,14933,0x07
2026-09-06T16:11:04.601,1595,0,2,50,1192,2500,12422,307,1920,2082,0x07
2026-09-06T16:11:04.682,1596,0,2,51,1290,1784,15557,186,510,5480,0x07
2026-09-06T16:11:04.747,1597,0,2,51,1412,1961,15759,0,0,2954,0x07
2026-09-06T16:11:04.812,1598,0,2,51,0,0,19670,0,0,28596,0x07
2026-09-06T16:11:04.877,1599,0,2,50,0,0,28094,0,0,19492,0x07
2026-09-06T16:11:04.942,1600,0,2,51,3374,1039,38017,0,0,4283,0x07
2026-09-06T16:11:05.007,1601,0,2,51,1380,1627,11575,319,196,4943,0x07
2026-09-06T16:11:05.073,1602,0,2,50,1332,640,16390,369,140,6253,0x07
2026-09-06T16:11:05.138,1603,0,2,51,1273,784,15516,430,373,6057,0x07
2026-09-06T16:11:05.268,1604,0,2,51,1331,608,17617,369,98,6804,0x07
2026-09-06T16:11:05.350,1605,0,2,50,1294,700,17928,408,440,6140,0x07
2026-09-06T16:11:05.415,1606,0,2,50,1294,780,18043,408,220,7282,0x07
2026-09-06T16:11:05.480,1607,0,2,51,1264,882,18020,439,20,9062,0x07
2026-09-06T16:11:05.545,1608,0,2,51,1229,902,18074,475,39,10418,0x07
2026-09-06T16:11:05.610,1610,0,2,52,1173,885,17752,533,462,9392,0x07
2026-09-06T16:11:05.675,1611,0,2,52,1914,904,27542,1787,115,28148,0x07
2026-09-06T16:11:05.740,1612,0,2,50,1914,1120,27327,1787,360,28678,0x07
2026-09-06T16:11:05.805,1613,0,2,52,2718,1000,38976,2831,558,40000,0x07
2026-09-06T16:11:05.886,1614,0,2,50,3150,1260,40000,3375,1200,40000,0x07
2026-09-06T16:11:05.950,1615,0,2,51,3274,1882,40000,3500,1333,40000,0x07
2026-09-06T16:11:06.016,1616,0,2,50,3152,1980,39976,3500,1720,40000,0x07
2026-09-06T16:11:06.081,1617,0,2,54,2429,2481,29882,3011,2204,36356,0x07
2026-09-06T16:11:06.146,1618,0,2,50,2429,2380,30357,3011,2260,36943,0x07
2026-09-06T16:11:06.211,1619,0,2,51,1871,2549,22389,2531,2373,30932,0x07
2026-09-06T16:11:06.276,1620,0,2,50,0,0,0,0,0,0,0x03
2026-09-06T16:11:06.341,1621,0,2,59,144,169,3273,1541,85,21700,0x07
2026-09-06T16:11:06.422,1622,0,2,50,144,1560,6234,1541,1780,14232,0x07
2026-09-06T16:11:06.487,1623,0,2,50,514,860,4430,1217,1400,11794,0x07
2026-09-06T16:11:06.552,1624,0,2,51,306,431,3672,1432,725,18014,0x07
2026-09-06T16:11:06.617,1625,0,2,50,0,0,0,0,0,0,0x03
2026-09-06T16:11:06.682,1626,0,2,50,0,0,5216,0,0,12203,0x07
2026-09-06T16:11:06.747,1627,0,2,53,382,358,5670,1354,623,17677,0x07
2026-09-06T16:11:06.812,1628,0,2,50,382,440,5272,1354,1200,15393,0x07
2026-09-06T16:11:06.877,1629,0,2,50,457,340,6695,1276,460,18508,0x07
2026-09-06T16:11:06.959,1630,0,2,50,177,360,3121,1566,560,22640,0x07
2026-09-06T16:11:07.024,1631,0,2,50,0,0,0,0,0,0,0x03
2026-09-06T16:11:07.089,1632,0,2,52,0,0,0,0,0,0,0x03
2026-09-06T16:11:07.154,1633,0,2,53,442,0,7983,1291,0,18706,0x07
2026-09-06T16:11:07.220,1634,0,2,51,0,0,0,0,0,0,0x03
2026-09-06T16:11:07.285,1635,0,2,50,0,0,0,0,0,0,0x03
2026-09-06T16:11:07.350,1636,0,2,50,0,0,0,0,0,0,0x03
2026-09-06T16:11:07.415,1637,0,2,51,0,0,0,0,0,0,0x03
2026-09-06T16:11:07.480,1638,0,2,50,0,0,0,0,0,0,0x03
2026-09-06T16:11:07.561,1639,0,2,50,0,0,6438,0,0,10935,0x07
2026-09-06T16:11:07.626,1640,0,2,51,0,0,0,0,0,0,0x03
2026-09-06T16:11:07.691,1641,0,2,51,0,0,0,0,0,0,0x03
2026-09-06T16:11:07.756,1642,0,2,51,0,0,0,0,0,0,0x03
2026-09-06T16:11:07.821,1643,0,2,50,0,0,0,0,0,0,0x03
2026-09-06T16:11:07.887,1644,0,2,50,0,0,7882,0,0,9438,0x07
2026-09-06T16:11:07.952,1645,0,2,52,0,0,0,0,0,0,0x03
2026-09-06T16:11:08.017,1646,0,2,52,0,0,0,0,0,0,0x03
2026-09-06T16:11:08.098,1647,0,2,52,0,0,0,0,0,0,0x03
2026-09-06T16:11:08.147,1648,0,2,52,0,0,0,0,0,0,0x03
2026-09-06T16:11:08.228,1649,0,2,51,0,0,0,0,0,0,0x03
2026-09-06T16:11:08.293,1650,0,2,50,0,0,0,0,0,0,0x03
2026-09-06T16:11:08.359,1651,0,2,51,0,0,0,0,0,0,0x03
2026-09-06T16:11:08.424,1652,0,2,51,0,0,7862,0,0,11819,0x07
2026-09-06T16:11:08.489,1653,0,2,50,0,0,0,0,0,0,0x03
2026-09-06T16:11:08.554,1654,0,2,52,0,0,0,0,0,0,0x03
2026-09-06T16:11:08.619,1655,0,2,51,0,0,0,0,0,0,0x03
2026-09-06T16:11:08.685,1656,0,2,54,783,0,12373,1380,0,19903,0x07
2026-09-06T16:11:08.766,1657,0,2,50,0,0,0,0,0,0,0x03
2026-09-06T16:11:08.831,1658,0,2,50,0,0,0,0,0,0,0x03
2026-09-06T16:11:08.896,1659,0,2,50,0,0,0,0,0,0,0x03
2026-09-06T16:11:08.962,1660,0,2,51,0,0,0,0,0,0,0x03
2026-09-06T16:11:09.027,1661,0,2,52,0,0,0,0,0,0,0x03
2026-09-06T16:11:09.092,1662,0,2,50,0,0,0,0,0,0,0x03
2026-09-06T16:11:09.157,1663,0,2,51,0,0,0,0,0,0,0x03
2026-09-06T16:11:09.222,1664,0,2,50,0,0,7918,0,0,12238,0x07
2026-09-06T16:11:09.286,1665,0,2,51,734,20,11600,1360,59,19227,0x07
2026-09-06T16:11:09.368,1666,0,2,51,0,0,0,0,0,0,0x03
2026-09-06T16:11:09.432,1667,0,2,50,0,0,0,0,0,0,0x03
2026-09-06T16:11:09.498,1668,0,2,51,0,0,0,0,0,0,0x03
2026-09-06T16:11:09.563,1669,0,2,50,0,0,6926,0,0,11721,0x07
2026-09-06T16:11:09.628,1670,0,2,51,0,0,0,0,0,0,0x03
2026-09-06T16:11:09.693,1671,0,2,50,0,0,15201,0,0,15221,0x07
2026-09-06T16:11:09.758,1672,0,2,55,1687,145,24723,-1750,-982,21357,0x07
2026-09-06T16:11:09.823,1673,0,2,51,0,0,0,0,0,0,0x03
2026-09-06T16:11:09.888,1674,0,2,50,0,0,0,0,0,0,0x03
2026-09-06T16:11:09.970,1675,0,2,50,0,0,15201,0,0,15221,0x07
2026-09-06T16:11:10.035,1676,0,2,50,0,0,0,0,0,0,0x03
2026-09-06T16:11:10.099,1677,0,2,51,0,0,0,0,0,0,0x03
2026-09-06T16:11:10.165,1678,0,2,55,0,0,0,0,0,0,0x03
2026-09-06T16:11:10.230,1679,0,2,52,0,0,0,0,0,0,0x03
2026-09-06T16:11:10.295,1680,0,2,50,0,0,0,0,0,0,0x03
2026-09-06T16:11:10.360,1681,0,2,50,0,0,0,0,0,0,0x03
2026-09-06T16:11:10.426,1682,0,2,55,0,0,0,0,0,0,0x03
2026-09-06T16:11:10.491,1683,0,2,51,0,0,0,0,0,0,0x03
2026-09-06T16:11:10.573,1684,0,2,51,0,0,0,0,0,0,0x03
2026-09-06T16:11:10.638,1685,0,2,50,0,0,3514,0,0,13969,0x07
2026-09-06T16:11:10.703,1686,0,2,50,0,0,0,0,0,0,0x03
2026-09-06T16:11:10.768,1687,0,2,50,0,0,4816,0,0,12618,0x07
2026-09-06T16:11:10.833,1688,0,2,56,344,179,6092,1394,232,20372,0x07
2026-09-06T16:11:10.898,1689,0,2,50,344,80,6744,1394,240,21608,0x07
2026-09-06T16:11:10.963,1690,0,2,50,376,40,7596,1360,360,21793,0x07
2026-09-06T16:11:11.028,1691,0,2,50,386,80,7818,1349,440,22329,0x07
2026-09-06T16:11:11.110,1692,0,2,52,0,0,0,0,0,0,0x03
2026-09-06T16:11:11.174,1693,0,2,51,0,0,5685,0,0,11716,0x07
2026-09-06T16:11:11.239,1694,0,2,50,0,0,0,0,0,0,0x03
2026-09-06T16:11:11.305,1695,0,2,52,0,0,0,0,0,0,0x03
2026-09-06T16:11:11.370,1696,0,2,50,0,0,0,0,0,0,0x03
2026-09-06T16:11:11.434,1697,0,2,50,0,0,0,0,0,0,0x03
2026-09-06T16:11:11.499,1698,0,2,50,0,0,0,0,0,0,0x03
2026-09-06T16:11:11.564,1699,0,2,50,0,0,0,0,0,0,0x03
2026-09-06T16:11:11.645,1700,0,2,51,0,0,0,0,0,0,0x03
2026-09-06T16:11:11.694,1701,0,2,51,0,0,0,0,0,0,0x03
2026-09-06T16:11:11.775,1702,0,2,50,0,0,6866,0,0,10491,0x07
2026-09-06T16:11:11.840,1703,0,2,51,0,0,0,0,0,0,0x03
2026-09-06T16:11:11.905,1704,0,2,50,0,0,0,0,0,0,0x03
2026-09-06T16:11:11.970,1705,0,2,52,0,0,0,0,0,0,0x03
2026-09-06T16:11:12.035,1706,0,2,50,0,0,6928,0,0,10427,0x07
2026-09-06T16:11:12.100,1707,0,2,51,0,0,0,0,0,0,0x03
2026-09-06T16:11:12.181,1708,0,2,50,0,0,6673,0,0,10692,0x07
2026-09-06T16:11:12.245,1709,0,2,51,571,0,9616,1157,0,16910,0x07
2026-09-06T16:11:12.311,1710,0,2,50,0,0,0,0,0,0,0x03
2026-09-06T16:11:12.376,1711,0,2,51,0,0,8003,0,0,12094,0x07
2026-09-06T16:11:12.441,1712,0,2,51,0,0,0,0,0,0,0x03
2026-09-06T16:11:12.506,1713,0,2,50,0,0,0,0,0,0,0x03
2026-09-06T16:11:12.571,1714,0,2,50,0,0,9938,0,0,13584,0x07
2026-09-06T16:11:12.637,1715,0,2,52,0,0,0,0,0,0,0x03
2026-09-06T16:11:12.718,1716,0,2,51,0,0,9009,0,0,13305,0x07
2026-09-06T16:11:12.767,1717,0,2,54,771,37,12796,1408,74,21515,0x07
2026-09-06T16:11:12.848,1718,0,2,50,771,80,13225,1408,240,22095,0x07
2026-09-06T16:11:12.913,1719,0,2,50,751,300,13092,1396,500,23039,0x07
2026-09-06T16:11:12.978,1720,0,2,50,751,300,13092,1396,500,23039,0x07
2026-09-06T16:11:13.043,1721,0,2,52,766,462,13297,1380,788,23172,0x07
2026-09-06T16:11:13.108,1722,0,2,50,0,0,0,0,0,0,0x03
2026-09-06T16:11:13.173,1723,0,2,53,1687,0,23953,-1750,0,24699,0x07
2026-09-06T16:11:13.238,1724,0,2,50,1687,900,20825,-1750,-600,23414,0x07
2026-09-06T16:11:13.303,1725,0,2,50,1687,580,23165,-1750,-20,27782,0x07
2026-09-06T16:11:13.384,1726,0,2,51,1687,784,23111,-1750,-294,28250,0x07
2026-09-06T16:11:13.449,1727,0,2,51,1687,1098,22988,-1750,-882,28033,0x07
2026-09-06T16:11:13.514,1728,0,2,52,1687,1115,23441,-1750,-1058,28080,0x07
2026-09-06T16:11:13.579,1729,0,2,52,0,0,0,0,0,0,0x03
2026-09-06T16:11:13.644,1730,0,2,51,0,0,4801,0,0,12634,0x07
2026-09-06T16:11:13.709,1731,0,2,50,0,0,0,0,0,0,0x03
2026-09-06T16:11:13.774,1732,0,2,51,0,0,4651,0,0,17652,0x07
2026-09-06T16:11:13.839,1733,0,2,57,3349,0,40000,-1724,0,24508,0x07
2026-09-06T16:11:13.920,1734,0,2,50,3349,1720,36264,0,0,8116,0x07
2026-09-06T16:11:13.985,1735,0,2,51,896,627,11982,820,549,9574,0x07
2026-09-06T16:11:14.050,1736,0,2,51,1863,667,24391,1856,549,23353,0x07
2026-09-06T16:11:14.115,1737,0,2,50,2608,1000,34840,2617,600,35896,0x07
2026-09-06T16:11:14.179,1738,0,2,50,2934,1180,39511,2914,780,38669,0x07
2026-09-06T16:11:14.244,1739,0,2,51,3282,1588,40000,3500,1255,40000,0x07
2026-09-06T16:11:14.309,1740,0,2,50,3282,1920,40000,3500,1600,40000,0x07
2026-09-06T16:11:14.374,1741,0,2,50,3241,2020,39593,3500,1960,40000,0x07
2026-09-06T16:11:14.455,1742,0,2,50,2966,2220,36129,3471,2120,39596,0x07
2026-09-06T16:11:14.520,1743,0,2,50,2420,2380,28939,3055,2280,35765,0x07
2026-09-06T16:11:14.585,1744,0,2,50,1589,2540,17530,2354,2240,27723,0x07
2026-09-06T16:11:14.650,1745,0,2,56,1685,1750,20983,-1410,-36,20158,0x07
2026-09-06T16:11:14.715,1746,0,2,50,1685,1880,20258,-1410,-280,20363,0x07
2026-09-06T16:11:14.781,1747,0,2,51,1193,2157,12361,0,0,3409,0x07
2026-09-06T16:11:14.846,1748,0,2,51,1490,1686,17716,204,157,3664,0x07
2026-09-06T16:11:14.911,1749,0,2,57,-1756,-70,24592,3500,263,40000,0x07
2026-09-06T16:11:14.992,1750,0,2,51,0,0,3816,3500,1902,37035,0x07
2026-09-06T16:11:15.057,1751,0,2,52,197,481,2351,1545,2154,12021,0x07
2026-09-06T16:11:15.121,1752,0,2,51,89,471,761,0,0,19576,0x07
2026-09-06T16:11:15.186,1753,0,2,52,3374,1615,36582,0,0,4398,0x07
2026-09-06T16:11:15.251,1754,0,2,52,1365,1115,15046,334,327,4436,0x07
2026-09-06T16:11:15.316,1755,0,2,50,1386,820,17055,312,300,4300,0x07
2026-09-06T16:11:15.381,1756,0,2,52,1437,788,18899,260,0,5490,0x07
2026-09-06T16:11:15.462,1757,0,2,50,1494,820,20048,200,0,4998,0x07
2026-09-06T16:11:15.527,1758,0,2,52,1447,846,19928,249,0,5865,0x07
2026-09-06T16:11:15.592,1759,0,2,51,1383,922,19258,316,0,7018,0x07
2026-09-06T16:11:15.657,1760,0,2,50,847,880,12907,872,200,14530,0x07
2026-09-06T16:11:15.722,1761,0,2,50,1085,820,16229,625,940,8103,0x07
2026-09-06T16:11:15.788,1762,0,2,55,2165,764,31299,2035,218,30980,0x07
2026-09-06T16:11:15.853,1763,0,2,51,2165,961,31548,2035,490,31557,0x07
2026-09-06T16:11:15.918,1764,0,2,50,2769,1080,39727,2827,760,39831,0x07
2026-09-06T16:11:15.983,1765,0,2,50,3152,1320,40000,3358,1240,40000,0x07
2026-09-06T16:11:16.064,1766,0,2,50,3296,1880,40000,3500,1660,40000,0x07
2026-09-06T16:11:16.130,1767,0,2,50,3263,2220,40000,3500,1860,40000,0x07
2026-09-06T16:11:16.195,1768,0,2,50,3202,2240,39938,3500,2100,40000,0x07
2026-09-06T16:11:16.260,1769,0,2,51,3065,2529,38062,3437,2451,39899,0x07
2026-09-06T16:11:16.325,1770,0,2,50,2824,2760,34282,3277,2560,38318,0x07
2026-09-06T16:11:16.389,1771,0,2,51,1679,2745,19434,2413,2667,27709,0x07
2026-09-06T16:11:16.454,1772,0,2,50,1679,2580,19338,2413,2500,28322,0x07
2026-09-06T16:11:16.519,1773,0,2,50,367,2280,3327,1369,2780,13163,0x07
2026-09-06T16:11:16.584,1774,0,2,50,3374,1600,40000,2127,2060,25313,0x07
2026-09-06T16:11:16.665,1775,0,2,50,2351,2380,26106,1864,2280,20618,0x07
2026-09-06T16:11:16.730,1776,0,2,51,1054,2294,9931,0,0,3002,0x07
2026-09-06T16:11:16.795,1777,0,2,50,1356,1780,15328,0,0,7052,0x07
2026-09-06T16:11:16.859,1778,0,2,50,898,1560,9664,681,1120,5189,0x07
2026-09-06T16:11:16.924,1779,0,2,51,0,0,15920,234,824,476,0x07
2026-09-06T16:11:16.989,1780,0,2,50,0,0,2861,3500,500,40000,0x07
2026-09-06T16:11:17.070,1781,0,2,57,3374,579,40000,-2397,0,33357,0x07
2026-09-06T16:11:17.119,1782,0,2,51,3374,1627,37144,0,0,4024,0x07
2026-09-06T16:11:17.200,1783,0,2,51,1412,824,17763,285,235,4290,0x07
2026-09-06T16:11:17.264,1784,0,2,50,1403,820,18788,295,0,5868,0x07
2026-09-06T16:11:17.329,1785,0,2,56,1449,804,20047,247,0,5602,0x07
2026-09-06T16:11:17.395,1786,0,2,50,1449,880,20226,247,0,5874,0x07
2026-09-06T16:11:17.460,1787,0,2,50,1382,940,19563,317,0,7051,0x07
2026-09-06T16:11:17.525,1788,0,2,51,1308,941,19345,393,0,8826,0x07
2026-09-06T16:11:17.606,1789,0,2,52,1237,904,18955,467,0,10248,0x07
2026-09-06T16:11:17.655,1790,0,2,52,1155,904,18210,552,19,11787,0x07
2026-09-06T16:11:17.736,1791,0,2,50,1313,1020,19902,1072,0,19981,0x07
2026-09-06T16:11:17.801,1792,0,2,50,1313,1060,19957,1072,360,19235,0x07
2026-09-06T16:11:17.866,1793,0,2,50,2079,1020,30165,1938,1400,25701,0x07
2026-09-06T16:11:17.931,1794,0,2,50,2760,1340,39649,2849,760,39250,0x07
2026-09-06T16:11:17.996,1795,0,2,50,3136,1640,40000,3298,1000,40000,0x07
2026-09-06T16:11:18.061,1796,0,2,51,3249,1784,40000,3500,1353,40000,0x07
2026-09-06T16:11:18.191,1797,0,2,55,2459,2236,32477,3094,1909,38723,0x07
2026-09-06T16:11:18.272,1798,0,2,51,2459,2235,32672,3094,2078,39143,0x07
2026-09-06T16:11:18.337,1799,0,2,50,1781,2380,23470,2492,2140,32106,0x07
2026-09-06T16:11:18.403,1800,0,2,51,885,627,19290,1707,1078,27048,0x07
2026-09-06T16:11:18.468,1801,0,2,50,378,180,15340,1358,640,25547,0x07
2026-09-06T16:11:18.533,1803,0,2,53,309,245,14308,1429,19,32231,0x07
2026-09-06T16:11:18.598,1804,0,2,51,0,0,0,0,0,0,0x03
2026-09-06T16:11:18.663,1805,0,2,50,0,0,4909,0,0,12522,0x07
2026-09-06T16:11:18.729,1806,0,2,50,340,40,6452,1397,0,19995,0x07
2026-09-06T16:11:18.794,1807,0,2,51,312,39,6375,1427,0,23496,0x07
2026-09-06T16:11:18.875,1808,0,2,51,301,20,6576,1438,0,25247,0x07
2026-09-06T16:11:18.940,1809,0,2,50,307,0,7011,1431,0,26739,0x07
2026-09-06T16:11:19.005,1810,0,2,50,266,0,7013,1474,20,30394,0x07
2026-09-06T16:11:19.070,1811,0,2,50,266,0,7248,1474,0,32100,0x07
2026-09-06T16:11:19.135,1812,0,2,50,300,0,7919,1439,0,33262,0x07
2026-09-06T16:11:19.200,1813,0,2,50,307,0,8558,1432,0,36424,0x07
2026-09-06T16:11:19.265,1814,0,2,51,340,0,9258,1398,0,37584,0x07
2026-09-06T16:11:19.330,1815,0,2,52,343,0,9614,1394,0,38226,0x07
2026-09-06T16:11:19.411,1816,0,2,53,314,0,9844,1424,0,38587,0x07
2026-09-06T16:11:19.476,1817,0,2,52,314,0,10134,1424,0,38587,0x07
2026-09-06T16:11:19.542,1818,0,2,52,312,0,10396,1426,0,38608,0x07
2026-09-06T16:11:19.607,1819,0,2,55,311,0,10973,1427,0,38617,0x07
2026-09-06T16:11:19.672,1820,0,2,51,311,0,11254,1427,0,38617,0x07
2026-09-06T16:11:19.737,1821,0,2,50,0,0,15201,1427,0,38612,0x07
2026-09-06T16:11:19.803,1822,0,2,50,-1687,-200,22837,1750,0,40000,0x07
2026-09-06T16:11:19.868,1823,0,2,52,-1687,-173,24758,1750,0,40000,0x07
2026-09-06T16:11:19.933,1824,0,2,50,-1687,-280,25549,1750,0,40000,0x07
2026-09-06T16:11:19.998,1825,0,2,51,-1687,-431,26039,1750,0,40000,0x07
2026-09-06T16:11:20.079,1826,0,2,50,-1687,-760,26431,1750,460,40000,0x07
2026-09-06T16:11:20.145,1827,0,2,50,0,0,0,0,0,0,0x03
2026-09-06T16:11:20.210,1828,0,2,51,0,0,6536,0,0,10834,0x07
2026-09-06T16:11:20.275,1829,0,2,50,553,20,9756,1176,820,14036,0x07
2026-09-06T16:11:20.340,1830,0,2,50,594,40,10647,1134,1040,12700,0x07
2026-09-06T16:11:20.406,1831,0,2,51,1130,118,17600,1352,314,19554,0x07
2026-09-06T16:11:20.471,1832,0,2,54,3256,519,40000,3255,556,40000,0x07
2026-09-06T16:11:20.536,1833,0,2,51,3256,941,40000,3255,1039,40000,0x07
2026-09-06T16:11:20.617,1834,0,2,52,3374,1269,40000,3417,1135,40000,0x07
2026-09-06T16:11:20.683,1835,0,2,50,3374,1580,40000,3430,1200,40000,0x07
2026-09-06T16:11:20.748,1836,0,2,50,3374,1920,38897,3446,1940,40000,0x07
2026-09-06T16:11:20.813,1837,0,2,51,3359,2176,38704,3500,2000,40000,0x07
2026-09-06T16:11:20.879,1838,0,2,54,3152,2500,36274,3475,2352,39999,0x07
2026-09-06T16:11:20.944,1839,0,2,50,3152,2640,36132,3475,2300,40000,0x07
2026-09-06T16:11:21.009,1840,0,2,51,1743,2627,18630,2764,2667,30308,0x07
2026-09-06T16:11:21.074,1841,0,2,51,967,2471,8710,1793,2529,18528,0x07
2026-09-06T16:11:21.140,1842,0,2,50,0,0,5265,2928,2660,32579,0x07
2026-09-06T16:11:21.221,1843,0,2,51,0,0,28094,2151,2451,23899,0x07
2026-09-06T16:11:21.270,1844,0,2,50,3374,1200,39257,2272,2160,26695,0x07
2026-09-06T16:11:21.352,1845,0,2,53,0,0,0,0,0,0,0x03
2026-09-06T16:11:21.417,1846,0,2,52,0,0,23138,0,0,10080,0x07
2026-09-06T16:11:21.482,1847,0,2,51,2726,1059,31726,0,0,2801,0x07
2026-09-06T16:11:21.548,1848,0,2,50,0,0,20093,125,720,211,0x07
2026-09-06T16:11:21.613,1849,0,2,52,0,0,3529,3500,404,40000,0x07
2026-09-06T16:11:21.678,1850,0,2,50,160,320,2707,1584,2020,11560,0x07
2026-09-06T16:11:21.743,1851,0,2,51,3374,98,40000,-2430,-39,33258,0x07
2026-09-06T16:11:21.809,1852,0,2,50,3374,1460,37389,0,0,3769,0x07
2026-09-06T16:11:21.874,1853,0,2,50,1444,840,17611,252,300,3510,0x07
2026-09-06T16:11:21.955,1854,0,2,51,1391,706,18165,307,176,4840,0x07
2026-09-06T16:11:22.020,1855,0,2,51,1420,784,19277,277,39,5488,0x07
2026-09-06T16:11:22.085,1856,0,2,50,1460,860,19964,236,0,5417,0x07
2026-09-06T16:11:22.150,1857,0,2,53,1355,981,18986,344,0,7400,0x07
2026-09-06T16:11:22.215,1858,0,2,50,1355,1040,19015,344,0,7778,0x07
2026-09-06T16:11:22.280,1859,0,2,51,1311,1000,18945,390,0,8761,0x07
2026-09-06T16:11:22.345,1860,0,2,50,1217,1000,18009,488,0,10464,0x07
2026-09-06T16:11:22.411,1861,0,2,52,1161,1058,17346,546,19,12283,0x07
2026-09-06T16:11:22.492,1862,0,2,51,1045,1039,16042,666,0,14549,0x07
2026-09-06T16:11:22.557,1863,0,2,52,1362,981,20413,1110,154,20257,0x07
2026-09-06T16:11:22.622,1864,0,2,50,2874,1020,39417,2981,1380,38423,0x07
2026-09-06T16:11:22.687,1865,0,2,50,0,0,0,0,0,0,0x03
2026-09-06T16:11:22.752,1866,0,2,51,0,0,26828,0,0,28596,0x07
2026-09-06T16:11:22.817,1867,0,2,50,3208,2460,30671,3500,1700,38226,0x07
2026-09-06T16:11:22.882,1868,0,2,51,3003,1647,32910,3500,1275,40000,0x07
2026-09-06T16:11:22.947,1869,0,2,50,2328,1780,24797,3052,1400,35985,0x07
2026-09-06T16:11:23.028,1870,0,2,52,400,1385,2382,1335,1635,14881,0x07
2026-09-06T16:11:23.093,1871,0,2,51,400,863,4182,1335,1569,14899,0x07
2026-09-06T16:11:23.158,1872,0,2,51,323,980,2170,1415,1373,16734,0x07
2026-09-06T16:11:23.223,1873,0,2,50,301,640,2437,1438,1200,18018,0x07
2026-09-06T16:11:23.288,1874,0,2,50,267,540,2215,1473,1080,19382,0x07
2026-09-06T16:11:23.353,1875,0,2,50,257,320,2973,1484,960,20592,0x07
2026-09-06T16:11:23.418,1876,0,2,52,322,96,4998,1416,1115,19927,0x07
2026-09-06T16:11:23.483,1877,0,2,51,322,176,4789,1416,1157,20041,0x07
2026-09-06T16:11:23.548,1878,0,2,50,398,80,6383,1337,1040,19932,0x07
2026-09-06T16:11:23.629,1879,0,2,52,508,0,8494,1223,962,19208,0x07
2026-09-06T16:11:23.694,1880,0,2,54,1139,315,15720,1351,963,21302,0x07
2026-09-06T16:11:23.760,1881,0,2,50,1139,180,17142,1351,960,21744,0x07
2026-09-06T16:11:23.825,1882,0,2,51,2358,294,33026,2476,980,36719,0x07
2026-09-06T16:11:23.890,1883,0,2,50,3054,1260,38779,3107,1260,40000,0x07
2026-09-06T16:11:23.956,1884,0,2,50,3374,1260,40000,3363,1460,40000,0x07
2026-09-06T16:11:24.021,1885,0,2,50,3374,1600,40000,3326,1740,40000,0x07
2026-09-06T16:11:24.086,1886,0,2,56,3008,2179,35152,2645,1964,35382,0x07
2026-09-06T16:11:24.151,1887,0,2,51,3008,2333,35103,2645,2078,35533,0x07
2026-09-06T16:11:24.232,1888,0,2,50,0,0,0,0,0,0,0x03
2026-09-06T16:11:24.297,1889,0,2,51,0,0,19059,0,0,14788,0x07
2026-09-06T16:11:24.362,1890,0,2,51,2192,2471,19279,1693,1686,16490,0x07
2026-09-06T16:11:24.427,1891,0,2,51,1850,2569,14144,1307,1824,10727,0x07
2026-09-06T16:11:24.492,1892,0,2,53,1199,1528,10085,564,1358,2463,0x07
2026-09-06T16:11:24.557,1893,0,2,50,1199,1340,10760,564,1000,3507,0x07
2026-09-06T16:11:24.622,1894,0,2,50,1195,1440,10075,510,800,3394,0x07
2026-09-06T16:11:24.687,1895,0,2,52,1210,1135,11618,495,500,4483,0x07
2026-09-06T16:11:24.769,1896,0,2,57,1221,1123,12084,484,140,6669,0x07
2026-09-06T16:11:24.834,1897,0,2,51,1221,941,13108,484,333,6017,0x07
2026-09-06T16:11:24.899,1898,0,2,51,1161,745,13603,546,20,8682,0x07
2026-09-06T16:11:24.964,1899,0,2,50,1125,540,14967,583,0,10496,0x07
2026-09-06T16:11:25.029,1900,0,2,50,1442,520,19632,1154,0,18564,0x07
2026-09-06T16:11:25.095,1901,0,2,52,2062,558,28235,1876,269,27836,0x07
2026-09-06T16:11:25.160,1902,0,2,53,2944,887,39010,2957,1057,38551,0x07
2026-09-06T16:11:25.225,1903,0,2,50,2944,1160,39428,2957,900,39217,0x07
2026-09-06T16:11:25.290,1904,0,2,51,3173,1510,40000,3284,1039,40000,0x07
2026-09-06T16:11:25.355,1905,0,2,51,3290,1686,40000,3500,1392,40000,0x07
2026-09-06T16:11:25.437,1906,0,2,51,3235,2216,39316,3500,1745,40000,0x07
2026-09-06T16:11:25.502,1907,0,2,51,2945,2333,35917,3458,2000,40000,0x07
2026-09-06T16:11:25.568,1908,0,2,50,2502,2420,30357,3091,2240,36056,0x07
2026-09-06T16:11:25.633,1909,0,2,50,3170,2580,38679,2633,2280,31207,0x07
2026-09-06T16:11:25.698,1910,0,2,50,1910,2920,21360,2027,2340,23398,0x07
2026-09-06T16:11:25.763,1911,0,2,50,852,2520,8996,0,0,12367,0x07
2026-09-06T16:11:25.829,1912,0,2,51,1626,2157,19118,-1377,-78,20792,0x07
2026-09-06T16:11:25.894,1913,0,2,50,1219,2380,12303,0,0,3785,0x07
2026-09-06T16:11:25.959,1914,0,2,51,1429,1725,17313,254,0,5148,0x07
2026-09-06T16:11:26.041,1915,0,2,55,1455,1982,15998,241,127,4622,0x07
2026-09-06T16:11:26.106,1916,0,2,51,1455,1373,18662,241,216,4274,0x07
2026-09-06T16:11:26.171,1917,0,2,50,1407,1380,18088,290,180,5140,0x07
2026-09-06T16:11:26.236,1918,0,2,57,1222,1211,16727,482,0,9235,0x07
2026-09-06T16:11:26.301,1919,0,2,50,1222,1240,16586,482,0,9765,0x07
2026-09-06T16:11:26.366,1920,0,2,50,1120,1180,15576,588,0,11669,0x07
2026-09-06T16:11:26.431,1921,0,2,50,1042,1040,15246,669,0,13367,0x07
2026-09-06T16:11:26.497,1922,0,2,50,1597,1020,22967,1474,700,22443,0x07
2026-09-06T16:11:26.578,1923,0,2,50,2514,1140,34575,2568,1100,35370,0x07
2026-09-06T16:11:26.627,1924,0,2,50,3080,1220,40000,3324,520,40000,0x07
2026-09-06T16:11:26.708,1925,0,2,57,3016,1632,39862,3500,1614,40000,0x07
2026-09-06T16:11:26.773,1926,0,2,60,3016,1983,39464,3500,1400,40000,0x07
2026-09-06T16:11:26.838,1927,0,2,50,2315,2040,31128,3032,1660,38509,0x07
2026-09-06T16:11:26.903,1928,0,2,50,403,2100,5972,1332,2000,16330,0x07
2026-09-06T16:11:26.968,1929,0,2,51,403,1431,7885,1332,1824,16529,0x07
2026-09-06T16:11:27.033,1930,0,2,50,322,1160,7334,1416,1700,17741,0x07
2026-09-06T16:11:27.099,1931,0,2,52,255,1135,5837,1486,1712,18257,0x07
2026-09-06T16:11:27.163,1932,0,2,57,142,842,4017,1602,1509,20861,0x07
2026-09-06T16:11:27.244,1933,0,2,50,142,660,4333,1602,1460,21225,0x07
2026-09-06T16:11:27.309,1934,0,2,50,146,540,4535,1599,1380,21764,0x07
2026-09-06T16:11:27.374,1935,0,2,51,195,490,5061,1548,1353,21495,0x07
2026-09-06T16:11:27.440,1936,0,2,51,230,412,5497,1512,1353,21340,0x07
2026-09-06T16:11:27.505,1937,0,2,50,340,340,7114,1397,1300,20311,0x07
2026-09-06T16:11:27.570,1938,0,2,51,862,549,12758,855,1235,13788,0x07
2026-09-06T16:11:27.635,1939,0,2,50,862,640,12568,855,1120,13987,0x07
2026-09-06T16:11:27.700,1940,0,2,50,1482,400,21913,1746,1160,25050,0x07
2026-09-06T16:11:27.781,1941,0,2,50,2482,560,34824,2627,1120,37359,0x07
2026-09-06T16:11:27.846,1942,0,2,51,3077,1196,39199,3150,1294,40000,0x07
2026-09-06T16:11:27.911,1943,0,2,50,3374,1560,40000,3366,1480,40000,0x07
2026-09-06T16:11:27.976,1944,0,2,53,3283,2019,39344,3029,1868,38956,0x07
2026-09-06T16:11:28.041,1945,0,2,50,3283,2220,39430,3029,2180,38563,0x07
2026-09-06T16:11:28.107,1946,0,2,51,3050,2490,36014,2778,2353,35327,0x07
2026-09-06T16:11:28.172,1947,0,2,51,2923,2549,34584,2702,2275,35233,0x07
2026-09-06T16:11:28.237,1948,0,2,58,2860,2621,33805,2682,2431,34826,0x07
2026-09-06T16:11:28.302,1949,0,2,51,2860,2824,32975,2682,2765,33316,0x07
2026-09-06T16:11:28.383,1950,0,2,50,2829,2780,32843,2608,2580,33249,0x07
2026-09-06T16:11:28.448,1951,0,2,51,2463,2980,27167,3500,2706,40000,0x07
2026-09-06T16:11:28.513,1952,0,2,50,2206,2860,23552,2865,2880,35225,0x07
2026-09-06T16:11:28.579,1953,0,2,51,801,2647,6077,1736,2922,20290,0x07
2026-09-06T16:11:28.644,1954,0,2,54,2489,1130,33901,-832,-130,12019,0x07
2026-09-06T16:11:28.709,1955,0,2,51,2489,2588,27612,0,0,4093,0x07
2026-09-06T16:11:28.774,1956,0,2,51,1404,2373,14749,294,549,2723,0x07
2026-09-06T16:11:28.839,1957,0,2,51,1479,471,24646,215,196,3308,0x07
2026-09-06T16:11:28.921,1958,0,2,55,1588,127,30054,103,0,2971,0x07
2026-09-06T16:11:28.986,1959,0,2,51,1588,294,30513,103,0,3086,0x07
2026-09-06T16:11:29.051,1960,0,2,51,1501,549,28442,193,39,4171,0x07
2026-09-06T16:11:29.116,1961,0,2,51,1471,235,29419,224,275,3588,0x07
2026-09-06T16:11:29.180,1962,0,2,50,1426,0,29880,271,20,5504,0x07
2026-09-06T16:11:29.246,1963,0,2,52,1373,0,29250,326,0,6615,0x07
2026-09-06T16:11:29.311,1964,0,2,51,1367,0,29186,332,0,7444,0x07
2026-09-06T16:11:29.376,1965,0,2,51,1367,0,29186,332,0,7816,0x07
2026-09-06T16:11:29.441,1966,0,2,50,1373,0,29250,326,0,8108,0x07
2026-09-06T16:11:29.506,1967,0,2,51,1378,0,29315,321,0,8401,0x07
2026-09-06T16:11:29.587,1968,0,2,50,1382,0,29367,316,0,9042,0x07
2026-09-06T16:11:29.652,1969,0,2,51,1386,0,29411,312,0,9347,0x07
2026-09-06T16:11:29.718,1970,0,2,50,1388,0,29440,310,0,9658,0x07
2026-09-06T16:11:29.782,1971,0,2,50,1390,0,29459,308,0,10315,0x07
2026-09-06T16:11:29.847,1972,0,2,50,1391,0,29471,307,0,10641,0x07
2026-09-06T16:11:29.913,1973,0,2,52,1372,0,29247,327,0,11247,0x07
2026-09-06T16:11:29.978,1974,0,2,51,1391,0,29476,307,0,11698,0x07
2026-09-06T16:11:30.043,1975,0,2,52,1392,0,29487,306,0,12040,0x07
2026-09-06T16:11:30.124,1976,0,2,51,1392,0,29487,306,0,12378,0x07
2026-09-06T16:11:30.189,1977,0,2,50,1373,0,29255,326,0,13321,0x07
2026-09-06T16:11:30.253,1978,0,2,50,1373,0,29255,326,0,13679,0x07
2026-09-06T16:11:30.318,1979,0,2,50,1406,0,29648,292,20,13486,0x07
2026-09-06T16:11:30.384,1980,0,2,50,1392,0,29487,306,0,14415,0x07
2026-09-06T16:11:30.449,1981,0,2,50,0,0,15201,306,0,14756,0x07
2026-09-06T16:11:30.514,1982,0,2,52,-1687,-346,22134,1750,0,33933,0x07
2026-09-06T16:11:30.579,1983,0,2,53,-1687,-151,24942,1750,528,34575,0x07
2026-09-06T16:11:30.659,1984,0,2,50,-1687,-320,25433,1750,780,34572,0x07
2026-09-06T16:11:30.724,1985,0,2,50,-1687,-460,25924,1750,1020,34355,0x07
2026-09-06T16:11:30.789,1986,0,2,50,-1687,-940,24545,1750,500,37940,0x07
2026-09-06T16:11:30.854,1987,0,2,51,0,0,0,0,0,0,0x03
2026-09-06T16:11:30.919,1988,0,2,50,0,0,17625,0,0,28596,0x07
2026-09-06T16:11:30.984,1989,0,2,56,456,161,7342,1277,1446,10674,0x07
2026-09-06T16:11:31.049,1990,0,2,50,456,460,6066,1277,640,14802,0x07
2026-09-06T16:11:31.114,1991,0,2,52,641,154,10011,1085,538,13582,0x07
2026-09-06T16:11:31.195,1992,0,2,51,787,39,12919,933,431,12790,0x07
2026-09-06T16:11:31.260,1993,0,2,54,3186,574,40000,3117,574,40000,0x07
2026-09-06T16:11:31.325,1994,0,2,51,3186,902,39596,3117,725,39707,0x07
2026-09-06T16:11:31.390,1995,0,2,50,3374,1080,40000,3369,1260,40000,0x07
2026-09-06T16:11:31.455,1996,0,2,50,3374,1840,39205,3292,1460,38662,0x07
2026-09-06T16:11:31.519,1997,0,2,50,3280,1920,38945,3027,1740,35742,0x07
2026-09-06T16:11:31.584,1998,0,2,51,3070,2176,36165,2823,1784,34292,0x07
2026-09-06T16:11:31.649,1999,0,2,54,2519,2333,29495,3500,2000,40000,0x07
2026-09-06T16:11:31.730,2000,0,2,51,2519,2431,29158,3500,2294,40000,0x07
2026-09-06T16:11:31.795,2001,0,2,50,2297,2340,26876,2931,2400,34267,0x07
2026-09-06T16:11:31.859,2002,0,2,51,964,2490,9006,1871,2471,20699,0x07
2026-09-06T16:11:31.924,2003,0,2,51,123,980,4650,1398,1961,15583,0x07
2026-09-06T16:11:31.989,2004,0,2,50,117,1180,2785,1619,1660,19452,0x07
2026-09-06T16:11:32.054,2005,0,2,53,-232,-57,4996,1602,1830,18136,0x07
2026-09-06T16:11:32.118,2006,0,2,50,0,0,28094,0,0,20442,0x07
2026-09-06T16:11:32.199,2007,0,2,50,0,0,20124,0,0,28596,0x07
2026-09-06T16:11:32.264,2008,0,2,50,0,0,4159,3500,400,40000,0x07
2026-09-06T16:11:32.328,2009,0,2,57,281,316,4474,1458,877,15218,0x07
2026-09-06T16:11:32.393,2010,0,2,52,281,269,4683,1458,635,17191,0x07
2026-09-06T16:11:32.457,2011,0,2,51,343,118,6269,1394,647,17215,0x07
2026-09-06T16:11:32.522,2012,0,2,50,329,160,6155,1408,640,19093,0x07
2026-09-06T16:11:32.586,2013,0,2,51,384,118,7230,1351,667,19069,0x07
2026-09-06T16:11:32.667,2014,0,2,52,417,19,8408,1317,692,19267,0x07
2026-09-06T16:11:32.732,2015,0,2,51,492,39,9614,1240,686,18999,0x07
2026-09-06T16:11:32.796,2016,0,2,50,685,180,12278,1039,720,17169,0x07
2026-09-06T16:11:32.861,2017,0,2,50,745,300,12873,1196,720,19552,0x07
2026-09-06T16:11:32.926,2018,0,2,55,2018,509,29632,2350,873,35645,0x07
2026-09-06T16:11:32.991,2019,0,2,50,2018,780,29577,2350,1000,36588,0x07
2026-09-06T16:11:33.073,2020,0,2,51,2546,941,36616,2793,1216,40000,0x07
2026-09-06T16:11:33.121,2021,0,2,50,2893,1220,39556,3100,1460,40000,0x07
2026-09-06T16:11:33.202,2022,0,2,57,3249,1930,40000,3403,1965,40000,0x07
2026-09-06T16:11:33.267,2023,0,2,50,3249,2040,40000,3403,2120,40000,0x07
2026-09-06T16:11:33.332,2024,0,2,50,3374,2340,40000,3448,2260,40000,0x07
2026-09-06T16:11:33.397,2025,0,2,52,3374,2538,40000,3480,2596,40000,0x07
2026-09-06T16:11:33.462,2026,0,2,51,3374,2843,39508,3480,2784,40000,0x07
2026-09-06T16:11:33.527,2027,0,2,50,3362,2840,39840,3500,2760,40000,0x07
2026-09-06T16:11:33.591,2028,0,2,54,2163,2981,24293,2422,2981,28365,0x07
2026-09-06T16:11:33.672,2029,0,2,50,2163,3000,23473,2422,3000,27651,0x07
2026-09-06T16:11:33.737,2030,0,2,51,0,0,10897,989,2843,9197,0x07
2026-09-06T16:11:33.802,2031,0,2,50,-1124,-380,14717,1838,2040,22480,0x07
2026-09-06T16:11:33.867,2032,0,2,51,0,0,5884,1611,2118,18731,0x07
2026-09-06T16:11:33.932,2033,0,2,51,468,686,4759,1265,2000,14285,0x07
2026-09-06T16:11:33.996,2034,0,2,51,178,1000,3994,1565,1647,19264,0x07
2026-09-06T16:11:34.061,2035,0,2,50,221,380,2623,1521,1720,18086,0x07
2026-09-06T16:11:34.126,2036,0,2,50,291,360,3477,1449,1480,18209,0x07
2026-09-06T16:11:34.207,2037,0,2,50,382,260,5093,1354,1340,17701,0x07
2026-09-06T16:11:34.272,2038,0,2,52,563,327,7317,1166,19,22976,0x07
2026-09-06T16:11:34.337,2039,0,2,51,563,275,7801,1166,157,23523,0x07
2026-09-06T16:11:34.402,2040,0,2,51,627,137,9580,1100,235,23377,0x07
2026-09-06T16:11:34.466,2041,0,2,51,581,0,10581,1148,0,27454,0x07
2026-09-06T16:11:34.531,2042,0,2,51,561,0,10859,1168,0,29001,0x07
2026-09-06T16:11:34.612,2043,0,2,52,571,0,11493,1181,0,30509,0x07
2026-09-06T16:11:34.677,2044,0,2,50,683,0,13971,1290,0,34576,0x07
2026-09-06T16:11:34.743,2045,0,2,52,683,0,14599,1290,0,36052,0x07
2026-09-06T16:11:34.808,2046,0,2,52,0,0,0,0,0,0,0x03
2026-09-06T16:11:34.873,2047,0,2,50,0,0,6701,0,0,11171,0x07
2026-09-06T16:11:34.938,2048,0,2,51,575,20,9562,1220,78,17304,0x07
2026-09-06T16:11:35.003,2049,0,2,51,540,0,9711,1190,0,18619,0x07
2026-09-06T16:11:35.068,2050,0,2,50,504,0,10207,1227,0,21722,0x07
2026-09-06T16:11:35.134,2051,0,2,50,504,0,10653,1227,0,23073,0x07
2026-09-06T16:11:35.198,2052,0,2,52,535,0,11514,1195,0,24057,0x07
2026-09-06T16:11:35.280,2053,0,2,50,537,0,12014,1194,20,25242,0x07
2026-09-06T16:11:35.345,2054,0,2,51,538,0,12988,1192,0,27964,0x07
2026-09-06T16:11:35.410,2055,0,2,51,538,20,13376,1192,0,29293,0x07
2026-09-06T16:11:35.475,2056,0,2,52,538,0,14431,1192,0,31967,0x07
2026-09-06T16:11:35.540,2057,0,2,50,538,0,14907,1192,0,33278,0x07
2026-09-06T16:11:35.606,2058,0,2,50,548,0,15512,1181,0,34453,0x07
2026-09-06T16:11:35.671,2059,0,2,51,538,0,15878,1192,0,35819,0x07
2026-09-06T16:11:35.736,2060,0,2,51,537,0,16841,1192,0,35827,0x07
2026-09-06T16:11:35.801,2061,0,2,51,537,0,17321,1193,0,35831,0x07
2026-09-06T16:11:35.883,2062,0,2,52,515,0,17535,1216,0,36103,0x07
2026-09-06T16:11:35.948,2063,0,2,52,525,0,18139,1205,0,35977,0x07
2026-09-06T16:11:36.013,2064,0,2,51,548,0,19411,1182,0,35702,0x07
2026-09-06T16:11:36.078,2065,0,2,52,516,0,19063,1215,0,36093,0x07
2026-09-06T16:11:36.143,2066,0,2,56,539,0,19335,1191,0,35811,0x07
2026-09-06T16:11:36.209,2067,0,2,51,0,0,15201,1191,0,35811,0x07
2026-09-06T16:11:36.274,2068,0,2,52,0,0,0,0,0,0,0x03
2026-09-06T16:11:36.339,2069,0,2,51,0,0,15201,0,0,15221,0x07
2026-09-06T16:11:36.420,2070,0,2,54,0,0,0,0,0,0,0x03
2026-09-06T16:11:36.485,2071,0,2,51,0,0,15201,0,0,15221,0x07
2026-09-06T16:11:36.550,2072,0,2,50,-1687,-460,21502,1750,120,23942,0x07
2026-09-06T16:11:36.615,2073,0,2,51,0,0,0,0,0,0,0x03
2026-09-06T16:11:36.680,2074,0,2,51,0,0,12186,0,0,14552,0x07
2026-09-06T16:11:36.745,2075,0,2,50,1293,160,18002,1662,200,22376,0x07
2026-09-06T16:11:36.810,2076,0,2,55,2564,309,36302,2777,255,37152,0x07
2026-09-06T16:11:36.875,2077,0,2,51,2564,686,36394,2777,706,37557,0x07
2026-09-06T16:11:36.940,2078,0,2,50,3163,1000,40000,3213,840,40000,0x07
2026-09-06T16:11:37.021,2079,0,2,50,3374,1420,40000,3398,1000,40000,0x07
2026-09-06T16:11:37.086,2080,0,2,50,3374,1880,40000,3467,1340,40000,0x07
2026-09-06T16:11:37.151,2081,0,2,51,3330,2098,39507,3500,1627,40000,0x07
2026-09-06T16:11:37.216,2082,0,2,54,3018,1667,38920,3464,2315,38890,0x07
2026-09-06T16:11:37.281,2083,0,2,50,3018,1620,39119,3464,2200,39378,0x07
2026-09-06T16:11:37.346,2084,0,2,51,2696,1824,35210,3212,2176,37644,0x07
2026-09-06T16:11:37.411,2085,0,2,51,2290,2000,29895,2868,2059,34958,0x07
2026-09-06T16:11:37.476,2086,0,2,50,2202,2320,27327,2694,2400,32201,0x07
2026-09-06T16:11:37.557,2087,0,2,50,2161,2300,26799,2632,2280,32366,0x07
2026-09-06T16:11:37.622,2088,0,2,50,2155,2420,25982,2615,2400,31883,0x07
2026-09-06T16:11:37.687,2089,0,2,54,1787,2370,21117,2363,2481,28720,0x07
2026-09-06T16:11:37.752,2090,0,2,51,1787,1706,24014,2363,2137,30436,0x07
2026-09-06T16:11:37.816,2091,0,2,51,1169,1765,15879,1887,2176,24280,0x07
2026-09-06T16:11:37.881,2092,0,2,57,1466,2053,17745,2093,2140,26939,0x07
2026-09-06T16:11:37.946,2093,0,2,51,1466,1706,19002,2093,2039,27430,0x07
2026-09-06T16:11:38.203,2094,0,2,54,861,1889,10042,1603,2167,20390,0x07
2026-09-06T16:11:38.900,2095,0,2,51,522,1569,6430,1242,2078,15540,0x07
2026-09-06T16:11:38.949,2096,0,2,52,476,827,8255,1256,1692,16162,0x07
2026-09-06T16:11:39.014,2097,0,2,55,519,36,8790,1212,18,17632,0x07
2026-09-06T16:11:39.094,2098,0,2,51,0,0,3150,0,0,12948,0x07
2026-09-06T16:11:39.159,2099,0,2,51,0,0,0,0,0,0,0x03
2026-09-06T16:11:39.224,2100,0,2,51,0,0,24126,0,0,11104,0x07
2026-09-06T16:11:39.289,2101,0,2,50,2855,1100,35607,0,0,5286,0x07
2026-09-06T16:11:39.354,2102,0,2,51,1253,510,19742,450,235,6440,0x07
2026-09-06T16:11:39.419,2103,0,2,51,1247,627,19726,456,0,8027,0x07
2026-09-06T16:11:39.500,2104,0,2,50,1245,700,20358,459,140,8295,0x07
2026-09-06T16:11:39.549,2105,0,2,51,1238,765,20425,466,490,6862,0x07
2026-09-06T16:11:39.631,2106,0,2,51,1177,824,19772,529,431,7971,0x07
2026-09-06T16:11:39.695,2107,0,2,51,1105,922,18902,603,196,10956,0x07
2026-09-06T16:11:39.761,2108,0,2,50,1140,940,19414,755,380,12385,0x07
2026-09-06T16:11:39.826,2109,0,2,51,1929,922,29779,1772,216,26934,0x07
2026-09-06T16:11:39.891,2110,0,2,50,2574,1220,38351,2557,740,38533,0x07
2026-09-06T16:11:39.956,2111,0,2,50,3046,1360,40000,3206,1100,40000,0x07
2026-09-06T16:11:40.021,2112,0,2,50,3257,1560,40000,3500,1520,40000,0x07
2026-09-06T16:11:40.086,2113,0,2,57,3036,2140,39933,3483,1807,40000,0x07
2026-09-06T16:11:40.167,2114,0,2,50,3036,2320,39169,3483,2000,40000,0x07
2026-09-06T16:11:40.232,2115,0,2,51,2862,2471,36463,3297,2098,40000,0x07
2026-09-06T16:11:40.297,2116,0,2,51,2556,2686,31797,3066,2275,38946,0x07
2026-09-06T16:11:40.362,2117,0,2,51,1933,2627,23472,2600,2510,32599,0x07
2026-09-06T16:11:40.427,2118,0,2,50,944,2480,10970,1782,2640,21371,0x07
2026-09-06T16:11:40.492,2119,0,2,53,129,1321,3573,1616,2151,19860,0x07
2026-09-06T16:11:40.557,2120,0,2,51,0,0,3865,1616,2059,19755,0x07
2026-09-06T16:11:40.622,2121,0,2,51,0,0,0,0,0,0,0x03
2026-09-06T16:11:40.703,2122,0,2,51,0,0,3421,0,0,16157,0x07
2026-09-06T16:11:40.768,2123,0,2,59,855,34,13189,863,1695,5752,0x07
2026-09-06T16:11:40.833,2124,0,2,50,855,1080,8544,863,580,10802,0x07
2026-09-06T16:11:40.898,2125,0,2,51,291,667,3252,1448,588,18692,0x07
2026-09-06T16:11:40.963,2126,0,2,56,457,214,7529,1276,1036,15339,0x07
2026-09-06T16:11:41.028,2127,0,2,50,457,200,7817,1276,900,16330,0x07
2026-09-06T16:11:41.093,2128,0,2,51,517,196,8838,1214,686,17088,0x07
2026-09-06T16:11:41.158,2129,0,2,51,0,0,0,0,0,0,0x03
2026-09-06T16:11:41.240,2130,0,2,58,577,0,9765,1152,0,17010,0x07
2026-09-06T16:11:41.305,2131,0,2,51,0,0,0,0,0,0,0x03
2026-09-06T16:11:41.370,2132,0,2,51,0,0,0,0,0,0,0x03
2026-09-06T16:11:41.435,2133,0,2,50,0,0,9466,0,0,12088,0x07
2026-09-06T16:11:41.500,2134,0,2,51,937,20,14191,1340,20,19182,0x07
2026-09-06T16:11:41.566,2135,0,2,51,0,0,0,0,0,0,0x03
2026-09-06T16:11:41.631,2136,0,2,53,1561,0,22338,2029,0,28347,0x07
2026-09-06T16:11:41.697,2137,0,2,51,1561,39,23546,2029,39,30413,0x07
2026-09-06T16:11:41.761,2138,0,2,52,1510,0,24487,2050,0,33169,0x07
2026-09-06T16:11:41.826,2139,0,2,51,1550,0,26368,2073,0,35774,0x07
2026-09-06T16:11:41.907,2140,0,2,55,0,0,0,0,0,0,0x03
2026-09-06T16:11:41.972,2141,0,2,50,0,0,10799,0,0,15432,0x07
2026-09-06T16:11:42.037,2142,0,2,51,1111,39,16322,1778,0,24982,0x07
2026-09-06T16:11:42.102,2143,0,2,50,0,0,0,0,0,0,0x03
2026-09-06T16:11:42.167,2144,0,2,51,0,0,8530,0,0,13244,0x07
2026-09-06T16:11:42.232,2145,0,2,51,0,0,0,0,0,0,0x03
2026-09-06T16:11:42.297,2146,0,2,53,812,0,12727,1429,0,20512,0x07
2026-09-06T16:11:42.362,2147,0,2,52,812,0,13475,1429,0,22147,0x07
2026-09-06T16:11:42.442,2148,0,2,52,818,0,14296,1427,0,23746,0x07
2026-09-06T16:11:42.507,2149,0,2,50,0,0,0,0,0,0,0x03
2026-09-06T16:11:42.572,2150,0,2,56,703,0,11371,1331,0,19316,0x07
2026-09-06T16:11:42.637,2151,0,2,50,703,0,11994,1331,0,20780,0x07
2026-09-06T16:11:42.702,2152,0,2,51,744,0,13143,1353,0,22555,0x07
2026-09-06T16:11:42.961,2153,0,2,50,686,0,13674,0,0,15221,0x07
2026-09-06T16:11:43.301,2154,0,2,51,1687,0,27099,-1750,-392,22515,0x07
2026-09-06T16:11:44.498,2155,0,2,50,0,0,0,0,0,0,0x03
2026-09-06T16:11:44.515,2156,0,2,51,0,0,15201,0,0,15221,0x07
2026-09-06T16:11:44.579,2157,0,2,50,0,0,15201,0,0,15221,0x07
2026-09-06T16:11:44.644,2158,0,2,52,0,0,0,0,0,0,0x03
2026-09-06T16:11:44.709,2159,0,2,52,0,0,0,0,0,0,0x03
2026-09-06T16:11:44.774,2160,0,2,50,0,0,0,0,0,0,0x03
2026-09-06T16:11:44.855,2161,0,2,51,0,0,4924,0,0,12509,0x07
2026-09-06T16:11:44.920,2162,0,2,51,342,0,7004,1395,941,16521,0x07
2026-09-06T16:11:44.985,2163,0,2,52,0,0,0,0,0,0,0x03
2026-09-06T16:11:45.050,2164,0,2,52,483,0,8493,1249,0,18131,0x07
2026-09-06T16:11:45.115,2165,0,2,50,483,20,8818,1249,20,19398,0x07
2026-09-06T16:11:45.180,2166,0,2,51,508,0,9663,1223,0,20544,0x07
2026-09-06T16:11:45.245,2167,0,2,51,0,0,0,0,0,0,0x03
2026-09-06T16:11:45.310,2168,0,2,55,0,0,0,0,0,0,0x03
2026-09-06T16:11:45.392,2169,0,2,52,0,0,0,0,0,0,0x03
2026-09-06T16:11:45.457,2170,0,2,50,0,0,6038,0,0,11350,0x07
2026-09-06T16:11:45.522,2171,0,2,51,488,0,8554,1244,20,17925,0x07
2026-09-06T16:11:45.587,2172,0,2,51,439,0,8774,1294,0,21546,0x07
2026-09-06T16:11:45.652,2173,0,2,51,443,0,9213,1291,0,22951,0x07
2026-09-06T16:11:45.718,2174,0,2,51,492,0,10685,1240,0,25133,0x07
2026-09-06T16:11:45.783,2175,0,2,52,492,19,11039,1240,38,26344,0x07
2026-09-06T16:11:45.848,2176,0,2,50,502,60,11373,0,0,15221,0x07
2026-09-06T16:11:45.929,2177,0,2,52,1687,38,27078,-1750,-19,24557,0x07
2026-09-06T16:11:45.978,2178,0,2,50,1687,0,30157,-1750,-1280,20716,0x07
2026-09-06T16:11:46.059,2179,0,2,50,0,0,0,0,0,0,0x03
2026-09-06T16:11:46.124,2180,0,2,54,1687,0,23983,-1750,0,24738,0x07
2026-09-06T16:11:46.190,2181,0,2,54,1687,0,23983,-1750,0,24738,0x07
2026-09-06T16:11:46.255,2182,0,2,50,0,0,0,0,0,0,0x03
2026-09-06T16:11:46.320,2183,0,2,51,0,0,5768,0,0,11631,0x07
2026-09-06T16:11:46.385,2184,0,2,54,485,0,8954,1247,1056,13839,0x07
2026-09-06T16:11:46.450,2185,0,2,50,485,0,9383,1247,760,15631,0x07
2026-09-06T16:11:46.515,2186,0,2,52,0,0,0,0,0,0,0x03
2026-09-06T16:11:46.596,2187,0,2,50,0,0,0,0,0,0,0x03
2026-09-06T16:11:46.662,2188,0,2,51,0,0,0,0,0,0,0x03
2026-09-06T16:11:46.727,2189,0,2,51,0,0,0,0,0,0,0x03
2026-09-06T16:11:46.791,2190,0,2,50,0,0,0,0,0,0,0x03
2026-09-06T16:11:46.922,2191,0,2,51,0,0,0,0,0,0,0x03
2026-09-06T16:11:46.987,2192,0,2,50,0,0,6077,0,0,11310,0x07
2026-09-06T16:11:47.052,2193,0,2,51,0,0,0,0,0,0,0x03
2026-09-06T16:11:47.117,2194,0,2,50,0,0,0,0,0,0,0x03
2026-09-06T16:11:47.198,2195,0,2,51,0,0,0,0,0,0,0x03
2026-09-06T16:11:47.263,2197,0,2,51,0,0,0,0,0,0,0x03
2026-09-06T16:11:47.328,2198,0,2,51,0,0,0,0,0,0,0x03
2026-09-06T16:11:47.393,2199,0,2,50,0,0,0,0,0,0,0x03
2026-09-06T16:11:47.458,2200,0,2,50,0,0,0,0,0,0,0x03
2026-09-06T16:11:47.523,2201,0,2,51,0,0,7663,0,0,10253,0x07
2026-09-06T16:11:47.588,2202,0,2,52,0,0,0,0,0,0,0x03
2026-09-06T16:11:47.653,2203,0,2,51,1470,0,21113,1829,0,25656,0x07
2026-09-06T16:11:47.734,2204,0,2,51,1470,118,21834,1829,294,26128,0x07
2026-09-06T16:11:47.799,2205,0,2,51,0,0,0,0,0,0,0x03
2026-09-06T16:11:47.864,2206,0,2,50,0,0,15925,0,0,19070,0x07
2026-09-06T16:11:47.929,2207,0,2,51,1782,745,22822,2254,824,29237,0x07
2026-09-06T16:11:47.994,2208,0,2,51,1825,412,26033,2311,412,33796,0x07
2026-09-06T16:11:48.059,2209,0,2,50,1810,640,25923,2314,540,35235,0x07
2026-09-06T16:11:48.124,2210,0,2,51,1574,922,23221,2157,902,34923,0x07
2026-09-06T16:11:48.189,2211,0,2,51,1418,980,21513,2005,1098,33302,0x07
2026-09-06T16:11:48.270,2212,0,2,50,1285,1180,19177,1880,1180,32229,0x07
2026-09-06T16:11:48.335,2213,0,2,55,1022,1436,14424,1641,1436,28969,0x07
2026-09-06T16:11:48.400,2214,0,2,50,1022,1300,14758,1641,1500,28854,0x07
2026-09-06T16:11:48.465,2215,0,2,51,503,1275,7998,1252,1529,23784,0x07
2026-09-06T16:11:48.530,2216,0,2,50,496,880,8690,1235,1560,22639,0x07
2026-09-06T16:11:48.595,2217,0,2,50,461,860,8005,1272,1600,22540,0x07
2026-09-06T16:11:48.660,2218,0,2,50,463,840,7776,1270,1720,21515,0x07
2026-09-06T16:11:48.725,2219,0,2,53,503,755,8151,1228,1528,20982,0x07
2026-09-06T16:11:48.790,2220,0,2,50,503,760,7901,1228,1560,20482,0x07
2026-09-06T16:11:48.871,2221,0,2,50,555,700,8654,1174,1540,19520,0x07
2026-09-06T16:11:48.936,2222,0,2,51,997,706,14140,1414,1392,23028,0x07
2026-09-06T16:11:49.001,2223,0,2,50,1810,680,25601,2120,1540,32173,0x07
2026-09-06T16:11:49.066,2224,0,2,51,2533,863,34928,2734,1608,39189,0x07
2026-09-06T16:11:49.130,2225,0,2,52,3374,1538,40000,3393,1769,40000,0x07
2026-09-06T16:11:49.195,2226,0,2,50,3374,1940,40000,3393,2000,40000,0x07
2026-09-06T16:11:49.276,2227,0,2,50,3374,2080,39762,3351,1960,40000,0x07
2026-09-06T16:11:49.325,2228,0,2,50,3341,2300,39355,3080,2200,40000,0x07
2026-09-06T16:11:49.406,2229,0,2,50,2967,2640,34148,2555,2340,34317,0x07
2026-09-06T16:11:49.471,2230,0,2,51,2487,2843,27253,1994,2490,26453,0x07
2026-09-06T16:11:49.537,2231,0,2,51,1795,2686,18890,1106,2314,15288,0x07
2026-09-06T16:11:49.602,2232,0,2,50,1285,1920,14482,416,1160,9361,0x07
2026-09-06T16:11:49.667,2233,0,2,50,1349,1660,16066,351,700,10151,0x07
2026-09-06T16:11:49.733,2234,0,2,50,1363,1420,17204,336,720,9468,0x07
2026-09-06T16:11:49.798,2235,0,2,51,1399,922,20710,299,569,8890,0x07
2026-09-06T16:11:49.862,2236,0,2,50,875,1120,13409,843,540,15818,0x07
2026-09-06T16:11:49.944,2237,0,2,50,1147,860,18011,560,880,10657,0x07
2026-09-06T16:11:50.009,2238,0,2,54,1127,907,17851,581,463,12489,0x07
2026-09-06T16:11:50.074,2239,0,2,51,1127,706,19087,581,510,12370,0x07
2026-09-06T16:11:50.140,2240,0,2,50,1232,700,20826,715,580,13820,0x07
2026-09-06T16:11:50.205,2241,0,2,51,1724,863,27654,1436,745,23309,0x07
2026-09-06T16:11:50.270,2242,0,2,51,2279,961,35033,2141,784,33039,0x07
2026-09-06T16:11:50.335,2243,0,2,50,2605,1240,38635,2465,1180,36629,0x07
2026-09-06T16:11:50.400,2244,0,2,53,3107,1736,40000,3246,1415,40000,0x07
2026-09-06T16:11:50.465,2245,0,2,51,3107,2020,40000,3246,1569,40000,0x07
2026-09-06T16:11:50.546,2246,0,2,51,3200,2078,40000,3125,1882,40000,0x07
2026-09-06T16:11:50.612,2247,0,2,51,3033,2333,39077,2736,1902,37724,0x07
2026-09-06T16:11:50.677,2248,0,2,57,3159,2596,39459,3142,2421,40000,0x07
2026-09-06T16:11:50.742,2249,0,2,50,3159,2720,38934,3142,2420,40000,0x07
2026-09-06T16:11:50.807,2250,0,2,50,3252,2800,39701,3344,2520,40000,0x07
2026-09-06T16:11:50.872,2251,0,2,51,0,0,5541,3380,2882,40000,0x07
2026-09-06T16:11:50.937,2252,0,2,50,-423,-960,2784,1486,2960,16737,0x07
2026-09-06T16:11:51.002,2253,0,2,51,0,0,2454,1426,2294,17873,0x07
2026-09-06T16:11:51.083,2254,0,2,50,76,800,0,1672,2000,21494,0x07
2026-09-06T16:11:51.148,2255,0,2,50,76,460,734,1672,2180,20170,0x07
2026-09-06T16:11:51.213,2256,0,2,50,115,280,1821,0,0,16379,0x07
2026-09-06T16:11:51.278,2257,0,2,50,3374,1800,35513,0,0,3042,0x07
2026-09-06T16:11:51.343,2258,0,2,50,0,0,16039,156,440,1525,0x07
2026-09-06T16:11:51.409,2259,0,2,51,0,0,6510,3500,314,40000,0x07
2026-09-06T16:11:51.474,2260,0,2,55,619,800,6528,1108,582,12080,0x07
2026-09-06T16:11:51.539,2261,0,2,52,619,654,7117,1108,19,15716,0x07
2026-09-06T16:11:51.604,2262,0,2,50,555,500,7057,1174,140,17132,0x07
2026-09-06T16:11:51.669,2263,0,2,51,442,235,7029,1291,765,16456,0x07
2026-09-06T16:11:51.749,2264,0,2,57,399,175,7191,1336,404,20885,0x07
2026-09-06T16:11:51.814,2265,0,2,51,399,255,6983,1336,510,21361,0x07
2026-09-06T16:11:51.879,2266,0,2,51,407,255,7212,1328,608,21657,0x07
2026-09-06T16:11:51.944,2267,0,2,50,422,380,7023,1312,740,22236,0x07
2026-09-06T16:11:52.009,2268,0,2,51,457,353,7645,1276,765,22271,0x07
2026-09-06T16:11:52.075,2269,0,2,50,494,400,7966,1238,820,22042,0x07
2026-09-06T16:11:52.139,2270,0,2,51,504,353,8427,1227,843,22245,0x07
2026-09-06T16:11:52.204,2271,0,2,50,510,400,8496,1220,920,22568,0x07
2026-09-06T16:11:52.286,2272,0,2,51,558,471,8836,1171,1020,21731,0x07
2026-09-06T16:11:52.351,2273,0,2,50,605,420,9780,1122,1040,21148,0x07
2026-09-06T16:11:52.416,2274,0,2,53,1685,547,23775,2071,1094,33999,0x07
2026-09-06T16:11:52.481,2275,0,2,51,1685,706,23985,2071,1294,34022,0x07
2026-09-06T16:11:52.546,2276,0,2,51,2077,882,28976,2439,1471,38734,0x07
2026-09-06T16:11:52.610,2277,0,2,50,2532,1400,34447,2803,1660,40000,0x07
2026-09-06T16:11:52.675,2278,0,2,50,0,0,0,0,0,0,0x03
2026-09-06T16:11:52.756,2279,0,2,50,0,0,28082,0,0,27638,0x07
2026-09-06T16:11:52.821,2280,0,2,55,3374,2418,33087,3425,2600,32529,0x07
2026-09-06T16:11:52.886,2281,0,2,51,0,0,0,0,0,0,0x03
2026-09-06T16:11:52.951,2282,0,2,52,3374,288,40000,3311,212,40000,0x07
2026-09-06T16:11:53.016,2283,0,2,56,2276,2786,17028,2124,2571,15624,0x07
2026-09-06T16:11:53.081,2284,0,2,50,2276,1800,21639,2124,1700,19794,0x07
2026-09-06T16:11:53.146,2285,0,2,51,1063,1843,6325,0,0,10101,0x07
2026-09-06T16:11:53.210,2286,0,2,50,1423,1340,12818,-1080,-140,15131,0x07
2026-09-06T16:11:53.292,2287,0,2,50,1236,1300,10816,0,0,2296,0x07
2026-09-06T16:11:53.357,2288,0,2,50,1383,1220,13041,59,280,1113,0x07
2026-09-06T16:11:53.421,2289,0,2,50,0,0,18179,186,100,3482,0x07
2026-09-06T16:11:53.486,2290,0,2,51,0,0,2676,3500,1843,37348,0x07
2026-09-06T16:11:53.551,2291,0,2,51,48,216,1813,1700,1961,15148,0x07
2026-09-06T16:11:53.616,2292,0,2,51,131,196,2825,0,0,19747,0x07
2026-09-06T16:11:53.680,2293,0,2,58,1393,1293,13273,305,121,5194,0x07
2026-09-06T16:11:53.745,2294,0,2,51,1393,373,18107,305,196,4995,0x07
2026-09-06T16:11:53.826,2295,0,2,51,1482,569,19157,212,0,4968,0x07
2026-09-06T16:11:53.890,2296,0,2,51,1561,549,21097,130,0,4136,0x07
2026-09-06T16:11:53.955,2297,0,2,53,1521,717,21481,172,0,4960,0x07
2026-09-06T16:11:54.019,2298,0,2,50,1521,840,21561,172,0,5150,0x07
2026-09-06T16:11:54.085,2299,0,2,51,1492,863,21687,203,0,5739,0x07
2026-09-06T16:11:54.150,2300,0,2,52,1462,923,22107,233,0,6625,0x07
2026-09-06T16:11:54.214,2301,0,2,50,1381,1020,21043,318,0,7981,0x07
2026-09-06T16:11:54.295,2302,0,2,50,1333,1060,20545,368,0,8977,0x07
2026-09-06T16:11:54.360,2303,0,2,50,1219,1160,18875,486,0,11435,0x07
2026-09-06T16:11:54.425,2304,0,2,50,1219,1080,19338,486,0,11969,0x07
2026-09-06T16:11:54.490,2305,0,2,50,1106,1140,17713,603,0,14023,0x07
2026-09-06T16:11:54.554,2306,0,2,51,1025,1176,16374,687,431,14224,0x07
2026-09-06T16:11:54.619,2307,0,2,51,1829,1059,27136,1724,1098,24425,0x07
2026-09-06T16:11:54.700,2308,0,2,52,2687,1058,38837,2801,712,38876,0x07
2026-09-06T16:11:54.764,2309,0,2,50,895,1480,15216,2539,940,36545,0x07
2026-09-06T16:11:54.829,2310,0,2,50,895,1380,15212,2539,1160,37126,0x07
2026-09-06T16:11:54.894,2311,0,2,51,383,1412,8062,1352,1490,21462,0x07
2026-09-06T16:11:54.959,2312,0,2,51,307,882,8256,1432,1569,21811,0x07
2026-09-06T16:11:55.023,2313,0,2,50,241,860,7020,1500,1560,22593,0x07
2026-09-06T16:11:55.088,2314,0,2,50,211,880,5986,1531,1600,22718,0x07
2026-09-06T16:11:55.152,2315,0,2,50,386,600,8594,1350,1320,21750,0x07
2026-09-06T16:11:55.217,2316,0,2,50,386,580,8507,1350,1140,22746,0x07
2026-09-06T16:11:55.298,2317,0,2,50,674,700,11406,1050,1000,19837,0x07
2026-09-06T16:11:55.363,2318,0,2,51,0,0,0,0,0,0,0x03
2026-09-06T16:11:55.428,2319,0,2,54,0,0,0,0,0,0,0x03
2026-09-06T16:11:55.493,2320,0,2,52,0,0,0,0,0,0,0x03
2026-09-06T16:11:55.557,2321,0,2,50,0,0,15361,0,0,14725,0x07
2026-09-06T16:11:55.817,2322,0,2,50,1708,1220,19343,1685,1380,18146,0x07
2026-09-06T16:11:58.841,2323,0,2,52,0,0,0,0,0,0,0x03
2026-09-06T16:11:58.906,2324,0,2,50,0,0,28094,0,0,27526,0x07
2026-09-06T16:11:58.971,2325,0,2,51,0,0,28094,0,0,27111,0x07
2026-09-06T16:11:59.036,2326,0,2,50,0,0,27780,0,0,26158,0x07
2026-09-06T16:11:59.101,2327,0,2,51,0,0,0,0,0,0,0x03
2026-09-06T16:11:59.182,2328,0,2,50,0,0,23816,0,0,28596,0x07
2026-09-06T16:11:59.247,2329,0,2,50,2814,1120,35003,3500,780,40000,0x07
2026-09-06T16:11:59.312,2330,0,2,50,3059,1520,37575,3357,760,38539,0x07
2026-09-06T16:11:59.377,2331,0,2,52,2804,1173,38986,3205,1231,39525,0x07
2026-09-06T16:11:59.442,2332,0,2,50,2804,1520,38649,3205,1640,39508,0x07
2026-09-06T16:11:59.507,2333,0,2,51,2770,1922,37299,3146,1745,39929,0x07
2026-09-06T16:11:59.572,2334,0,2,51,2790,2000,37604,3139,2216,38878,0x07
2026-09-06T16:11:59.637,2335,0,2,51,2372,2118,32137,2816,1686,39567,0x07
2026-09-06T16:11:59.717,2336,0,2,51,1428,1941,21191,2037,1980,29115,0x07
2026-09-06T16:11:59.782,2337,0,2,51,426,1765,8818,1244,2098,18225,0x07
2026-09-06T16:11:59.847,2338,0,2,51,24,961,5480,785,1784,11664,0x07
2026-09-06T16:11:59.912,2339,0,2,50,0,0,2454,785,1480,12193,0x07
2026-09-06T16:11:59.977,2340,0,2,50,0,0,2562,805,1280,12757,0x07
2026-09-06T16:12:00.042,2341,0,2,50,33,380,724,771,1180,11791,0x07
2026-09-06T16:12:00.106,2342,0,2,50,68,140,2089,736,1140,11100,0x07
2026-09-06T16:12:00.187,2343,0,2,51,76,39,2643,713,1078,10673,0x07
2026-09-06T16:12:00.252,2344,0,2,51,816,176,11774,961,922,14055,0x07
2026-09-06T16:12:00.317,2345,0,2,51,816,686,9725,961,1078,13257,0x07
2026-09-06T16:12:00.382,2346,0,2,52,1630,212,22731,1127,1058,15398,0x07
2026-09-06T16:12:00.448,2347,0,2,55,1100,564,16983,209,545,6582,0x07
2026-09-06T16:12:00.513,2348,0,2,52,1100,692,16812,0,0,3441,0x07
2026-09-06T16:12:00.577,2349,0,2,52,878,769,13940,-209,-19,4462,0x07
2026-09-06T16:12:00.642,2350,0,2,50,1011,780,15679,-307,0,6046,0x07
2026-09-06T16:12:00.723,2351,0,2,57,1829,789,26669,2799,0,38638,0x07
2026-09-06T16:12:00.788,2352,0,2,50,1829,1000,26508,2799,1600,33157,0x07
2026-09-06T16:12:00.853,2353,0,2,50,2542,980,36450,2311,680,33062,0x07
2026-09-06T16:12:00.917,2354,0,2,50,2654,1320,38885,2457,1200,35645,0x07
2026-09-06T16:12:00.982,2355,0,2,52,2993,1673,40000,3078,1423,40000,0x07
2026-09-06T16:12:01.047,2356,0,2,50,3209,1940,40000,3500,1660,40000,0x07
2026-09-06T16:12:01.112,2357,0,2,53,2396,2340,31474,2667,2038,35307,0x07
2026-09-06T16:12:01.177,2358,0,2,50,2396,2360,31387,2667,2080,35773,0x07
2026-09-06T16:12:01.258,2359,0,2,50,1564,2320,21001,2005,2280,26750,0x07
2026-09-06T16:12:01.322,2360,0,2,51,464,2392,5864,1143,2471,14202,0x07
2026-09-06T16:12:01.387,2361,0,2,59,2615,2661,30254,2197,2322,27453,0x07
2026-09-06T16:12:01.452,2362,0,2,50,2615,2580,30629,2197,2120,28396,0x07
2026-09-06T16:12:01.517,2363,0,2,50,1626,1580,23167,904,1820,13292,0x07
2026-09-06T16:12:01.582,2364,0,2,51,1254,1078,21171,145,725,7243,0x07
2026-09-06T16:12:01.663,2365,0,2,50,1573,820,26724,119,60,9820,0x07
2026-09-06T16:12:01.712,2366,0,2,51,1368,882,24470,330,0,12964,0x07
2026-09-06T16:12:01.793,2367,0,2,51,1340,843,24744,360,0,13722,0x07
2026-09-06T16:12:01.858,2368,0,2,51,0,0,0,0,0,0,0x03
2026-09-06T16:12:01.923,2369,0,2,52,0,0,11113,0,0,6086,0x07
2026-09-06T16:12:01.989,2370,0,2,53,1152,0,18098,555,0,9703,0x07
2026-09-06T16:12:02.054,2371,0,2,50,0,0,0,0,0,0,0x03
2026-09-06T16:12:02.119,2372,0,2,51,0,0,11186,0,0,6011,0x07
2026-09-06T16:12:02.184,2373,0,2,50,1162,40,16946,545,0,8926,0x07
2026-09-06T16:12:02.249,2374,0,2,50,1174,0,19384,532,0,9966,0x07
2026-09-06T16:12:02.331,2375,0,2,52,1181,0,20555,525,0,10479,0x07
2026-09-06T16:12:02.395,2376,0,2,50,1144,0,21122,564,0,11561,0x07
2026-09-06T16:12:02.460,2377,0,2,51,1155,0,23353,552,0,12605,0x07
2026-09-06T16:12:02.526,2378,0,2,50,1155,0,24375,552,0,13212,0x07
2026-09-06T16:12:02.591,2379,0,2,52,1204,19,25961,502,0,13187,0x07
2026-09-06T16:12:02.657,2380,0,2,50,1208,0,27296,497,0,14221,0x07
2026-09-06T16:12:02.722,2381,0,2,50,1210,0,27321,495,0,14740,0x07
2026-09-06T16:12:02.787,2382,0,2,51,1210,0,27321,495,0,15295,0x07
2026-09-06T16:12:02.853,2383,0,2,53,1161,0,26731,546,0,17100,0x07
2026-09-06T16:12:02.934,2384,0,2,52,1161,0,26731,546,19,17621,0x07
2026-09-06T16:12:02.999,2385,0,2,52,1183,0,26992,523,0,18030,0x07
2026-09-06T16:12:03.064,2386,0,2,51,1207,0,27285,498,0,18284,0x07
2026-09-06T16:12:03.129,2387,0,2,51,1185,0,27020,521,0,19729,0x07
2026-09-06T16:12:03.194,2388,0,2,50,0,0,0,0,0,0,0x03
2026-09-06T16:12:03.259,2389,0,2,51,1185,0,17470,521,0,8625,0x07
2026-09-06T16:12:03.324,2390,0,2,51,1185,98,18034,521,20,9104,0x07
2026-09-06T16:12:03.390,2391,0,2,51,1185,0,19524,520,0,9767,0x07
2026-09-06T16:12:03.455,2392,0,2,50,1209,0,20879,496,0,10015,0x07
2026-09-06T16:12:03.520,2393,0,2,56,1209,0,23170,496,0,11219,0x07
2026-09-06T16:12:03.601,2394,0,2,52,1209,0,24283,496,0,11786,0x07
2026-09-06T16:12:03.666,2395,0,2,52,1186,0,25102,519,0,12665,0x07
2026-09-06T16:12:03.732,2396,0,2,51,1208,0,26453,0,0,15221,0x07
2026-09-06T16:12:03.797,2397,0,2,50,1687,0,32991,-1750,-1300,19526,0x07
2026-09-06T16:12:03.862,2398,0,2,51,1687,0,32991,-1750,-824,22590,0x07
2026-09-06T16:12:03.928,2399,0,2,50,1687,0,32991,-1750,-380,27660,0x07
2026-09-06T16:12:03.993,2400,0,2,50,1687,40,32821,-1750,-640,27776,0x07
2026-09-06T16:12:04.058,2401,0,2,50,1687,240,31971,-1750,-780,28248,0x07
2026-09-06T16:12:04.139,2402,0,2,50,0,0,0,0,0,0,0x03
2026-09-06T16:12:04.205,2403,0,2,51,0,0,10280,0,0,6950,0x07
2026-09-06T16:12:04.270,2404,0,2,51,1043,392,13635,668,0,10537,0x07
2026-09-06T16:12:04.336,2405,0,2,54,2582,537,33922,2642,56,38582,0x07
2026-09-06T16:12:04.401,2406,0,2,50,2582,580,35511,2642,600,38515,0x07
2026-09-06T16:12:04.466,2407,0,2,50,3149,800,40000,3500,640,40000,0x07
2026-09-06T16:12:04.531,2408,0,2,50,3015,1120,38363,3500,980,40000,0x07
2026-09-06T16:12:04.597,2409,0,2,50,2407,1560,31011,3112,1680,39511,0x07
2026-09-06T16:12:04.662,2410,0,2,50,1970,1720,25360,2606,1800,33869,0x07
2026-09-06T16:12:04.743,2411,0,2,51,1584,1824,20113,2221,1784,29846,0x07
2026-09-06T16:12:04.792,2412,0,2,54,908,1648,11464,1583,1833,21752,0x07
2026-09-06T16:12:04.873,2413,0,2,50,908,1460,11775,1583,1780,21763,0x07
2026-09-06T16:12:04.939,2414,0,2,50,434,1340,5838,1300,1900,17226,0x07
2026-09-06T16:12:05.004,2415,0,2,50,414,1080,6120,1321,1680,18007,0x07
2026-09-06T16:12:05.069,2416,0,2,50,350,1080,3908,1387,1460,19432,0x07
2026-09-06T16:12:05.134,2417,0,2,50,0,0,0,0,0,0,0x03
2026-09-06T16:12:05.199,2418,0,2,57,309,35,6115,1429,18,20537,0x07
2026-09-06T16:12:05.264,2419,0,2,51,309,529,3815,1429,1020,16738,0x07
2026-09-06T16:12:05.330,2420,0,2,52,357,442,4672,1380,1308,15009,0x07
2026-09-06T16:12:05.411,2421,0,2,50,412,380,5615,1323,1060,15676,0x07
2026-09-06T16:12:05.476,2422,0,2,54,484,333,6908,1248,944,15938,0x07
2026-09-06T16:12:05.541,2423,0,2,50,0,0,0,0,0,0,0x03
2026-09-06T16:12:05.607,2424,0,2,50,0,0,6887,0,0,10470,0x07
2026-09-06T16:12:05.672,2425,0,2,51,599,451,8213,1128,529,15003,0x07
2026-09-06T16:12:05.737,2426,0,2,50,681,340,9957,1119,1100,12482,0x07
2026-09-06T16:12:05.802,2427,0,2,51,1638,216,23149,1942,706,25339,0x07
2026-09-06T16:12:05.867,2428,0,2,53,2454,642,34364,2766,642,37589,0x07
2026-09-06T16:12:05.931,2429,0,2,50,2454,820,35051,2766,860,38758,0x07
2026-09-06T16:12:06.013,2430,0,2,50,2730,1140,38388,3003,1140,40000,0x07
2026-09-06T16:12:06.078,2431,0,2,50,2864,1260,39464,3144,1480,40000,0x07
2026-09-06T16:12:06.143,2432,0,2,51,3023,2020,39035,3258,1765,40000,0x07
2026-09-06T16:12:06.209,2433,0,2,52,3008,2115,39273,3303,1942,40000,0x07
2026-09-06T16:12:06.274,2434,0,2,52,3094,2654,38449,3366,2250,39981,0x07
2026-09-06T16:12:06.339,2435,0,2,51,0,0,10103,3366,2490,39943,0x07
2026-09-06T16:12:06.404,2436,0,2,51,-1020,-392,13338,1481,3059,13345,0x07
2026-09-06T16:12:06.469,2437,0,2,50,-479,-700,5397,1353,2720,11762,0x07
2026-09-06T16:12:06.549,2438,0,2,50,0,0,28094,0,0,20306,0x07
2026-09-06T16:12:06.807,2439,0,2,50,0,0,19701,0,0,28596,0x07
2026-09-06T16:12:08.149,2440,0,2,52,0,0,23115,0,0,18160,0x07
2026-09-06T16:12:08.213,2441,0,2,51,2722,1686,30735,-2135,-1353,24468,0x07
2026-09-06T16:12:08.278,2442,0,2,50,0,0,11155,0,0,2988,0x07
2026-09-06T16:12:08.343,2443,0,2,50,0,0,10920,0,0,3076,0x07
2026-09-06T16:12:08.409,2444,0,2,50,0,0,0,0,0,0,0x03
2026-09-06T16:12:08.490,2445,0,2,50,0,0,14461,0,0,2613,0x07
2026-09-06T16:12:08.555,2446,0,2,52,0,0,0,0,0,0,0x03
2026-09-06T16:12:08.620,2447,0,2,51,0,0,13648,0,0,3457,0x07
2026-09-06T16:12:08.685,2448,0,2,52,1484,77,22244,211,0,4830,0x07
2026-09-06T16:12:08.750,2449,0,2,52,0,0,0,0,0,0,0x03
2026-09-06T16:12:08.816,2450,0,2,50,1547,0,22070,146,0,3738,0x07
2026-09-06T16:12:08.881,2451,0,2,51,0,0,19814,146,0,3901,0x07
2026-09-06T16:12:08.946,2452,0,2,50,0,0,28094,0,0,20432,0x07
2026-09-06T16:12:09.027,2453,0,2,51,3374,431,40000,0,0,3175,0x07
2026-09-06T16:12:09.092,2454,0,2,56,1522,375,19756,171,18,3878,0x07
2026-09-06T16:12:09.157,2455,0,2,50,1522,40,22492,171,0,4142,0x07
2026-09-06T16:12:09.223,2456,0,2,50,1539,0,24220,154,0,4107,0x07
2026-09-06T16:12:09.288,2457,0,2,50,1560,0,27289,132,0,4142,0x07
2026-09-06T16:12:09.353,2458,0,2,51,1555,0,28632,137,0,4358,0x07
2026-09-06T16:12:09.418,2459,0,2,52,1538,0,29851,154,0,4738,0x07
2026-09-06T16:12:09.483,2460,0,2,55,-2341,0,32426,3500,0,40000,0x07
2026-09-06T16:12:09.548,2461,0,2,51,0,0,28094,0,0,19046,0x07
2026-09-06T16:12:09.629,2462,0,2,51,3374,980,38267,-2250,-373,29134,0x07
2026-09-06T16:12:09.694,2463,0,2,50,1687,1460,16367,-1750,-1540,18452,0x07
2026-09-06T16:12:09.760,2464,0,2,55,1687,109,24778,-1750,-418,25782,0x07
2026-09-06T16:12:09.825,2465,0,2,51,1687,78,26360,-1750,-608,26258,0x07
2026-09-06T16:12:09.890,2466,0,2,51,1687,333,26499,-1750,-765,26697,0x07
2026-09-06T16:12:09.955,2467,0,2,51,1687,706,26846,-1750,-961,27744,0x07
2026-09-06T16:12:10.020,2468,0,2,51,0,0,0,0,0,0,0x03
2026-09-06T16:12:10.085,2469,0,2,51,0,0,13213,0,0,3908,0x07
2026-09-06T16:12:10.149,2470,0,2,51,0,0,0,0,0,0,0x03
2026-09-06T16:12:10.230,2471,0,2,52,0,0,10234,0,0,6998,0x07
2026-09-06T16:12:10.295,2472,0,2,50,1037,480,13095,674,0,10604,0x07
2026-09-06T16:12:10.360,2473,0,2,51,897,686,10747,967,20,15063,0x07
2026-09-06T16:12:10.425,2474,0,2,51,2604,608,35042,2961,765,38079,0x07
2026-09-06T16:12:10.490,2475,0,2,50,3181,860,40000,3500,1300,40000,0x07
2026-09-06T16:12:10.555,2476,0,2,50,3166,1120,39554,3500,1160,40000,0x07
2026-09-06T16:12:10.686,2477,0,2,51,2924,1706,36645,3420,1471,40000,0x07
2026-09-06T16:12:10.767,2478,0,2,51,2548,1863,32123,3101,1686,37418,0x07
2026-09-06T16:12:10.832,2479,0,2,59,1942,2034,24093,2610,1712,32637,0x07
2026-09-06T16:12:10.898,2480,0,2,51,1531,2039,17965,2183,2039,26699,0x07
2026-09-06T16:12:10.963,2481,0,2,50,949,2000,10285,1683,2080,20145,0x07
2026-09-06T16:12:11.028,2483,0,2,55,384,927,6711,1352,1691,16702,0x07
2026-09-06T16:12:11.092,2484,0,2,50,384,1280,4419,1352,1600,16816,0x07
2026-09-06T16:12:11.157,2485,0,2,50,325,1120,3692,1413,1620,17232,0x07
2026-09-06T16:12:11.222,2486,0,2,50,344,800,4874,1393,1440,17713,0x07
2026-09-06T16:12:11.287,2487,0,2,51,384,529,6050,1352,1235,18323,0x07
2026-09-06T16:12:11.369,2488,0,2,52,371,462,6103,1365,1154,19070,0x07
2026-09-06T16:12:11.434,2489,0,2,51,441,333,7579,1293,1098,18659,0x07
2026-09-06T16:12:11.499,2490,0,2,50,507,360,8378,1224,1020,18404,0x07
2026-09-06T16:12:11.565,2491,0,2,51,567,137,10491,1162,1137,17363,0x07
2026-09-06T16:12:11.630,2492,0,2,50,636,100,11946,1090,960,17407,0x07
2026-09-06T16:12:11.695,2493,0,2,55,2336,327,34247,2537,1000,37319,0x07
2026-09-06T16:12:11.760,2494,0,2,50,2336,700,34110,2537,1020,38902,0x07
2026-09-06T16:12:11.825,2495,0,2,51,3011,1020,40000,3093,1157,40000,0x07
2026-09-06T16:12:11.907,2496,0,2,51,3374,1353,40000,3361,1392,40000,0x07
2026-09-06T16:12:11.956,2497,0,2,50,3374,1980,40000,3302,1660,40000,0x07
2026-09-06T16:12:12.037,2498,0,2,50,3293,1980,40000,3005,1960,40000,0x07
2026-09-06T16:12:12.102,2499,0,2,50,3034,2480,35903,2750,2300,37058,0x07
2026-09-06T16:12:12.167,2500,0,2,58,2826,2534,33496,2611,2379,35355,0x07
2026-09-06T16:12:12.232,2501,0,2,51,2826,2725,32775,2611,2451,35229,0x07
2026-09-06T16:12:12.297,2502,0,2,51,2738,2647,32138,2463,2608,32643,0x07
2026-09-06T16:12:12.362,2503,0,2,51,2641,2686,30614,2348,2667,30270,0x07
2026-09-06T16:12:12.443,2504,0,2,50,2496,2840,27935,2144,2640,27410,0x07
2026-09-06T16:12:12.492,2505,0,2,51,2137,2647,24025,1620,2490,20836,0x07
2026-09-06T16:12:12.572,2506,0,2,50,1577,2060,18221,-859,-60,12680,0x07
2026-09-06T16:12:12.637,2507,0,2,51,1577,1961,18296,0,0,2111,0x07
2026-09-06T16:12:12.702,2508,0,2,50,0,0,11877,35,160,1440,0x07
2026-09-06T16:12:12.767,2509,0,2,50,-1252,-80,18544,2533,1640,27997,0x07
2026-09-06T16:12:12.832,2510,0,2,51,-644,0,12234,1460,1706,14671,0x07
2026-09-06T16:12:12.897,2511,0,2,52,0,0,2490,1592,731,21382,0x07
2026-09-06T16:12:12.979,2512,0,2,51,24,20,2512,0,0,19532,0x07
2026-09-06T16:12:13.027,2513,0,2,50,3374,1400,38234,0,0,3708,0x07
2026-09-06T16:12:13.109,2514,0,2,52,1452,769,18688,244,308,3362,0x07
2026-09-06T16:12:13.174,2515,0,2,53,1359,774,17849,341,472,4496,0x07
2026-09-06T16:12:13.239,2516,0,2,50,1439,920,18637,258,460,3332,0x07
2026-09-06T16:12:13.304,2517,0,2,51,1439,922,19097,258,216,4417,0x07
2026-09-06T16:12:13.369,2518,0,2,50,1403,1000,18691,295,0,6109,0x07
2026-09-06T16:12:13.434,2519,0,2,50,1297,1000,17948,405,80,7897,0x07
2026-09-06T16:12:13.499,2520,0,2,50,1228,1000,17336,476,140,8853,0x07
2026-09-06T16:12:13.645,2521,0,2,50,1182,960,17148,524,460,8138,0x07
2026-09-06T16:12:13.711,2522,0,2,52,1246,981,18168,943,327,14626,0x07
2026-09-06T16:12:13.776,2523,0,2,50,1246,1000,18304,943,660,13522,0x07
2026-09-06T16:12:13.841,2524,0,2,50,2101,1100,31091,2007,740,30800,0x07
2026-09-06T16:12:13.906,2525,0,2,50,2723,1260,39110,2756,780,39537,0x07
2026-09-06T16:12:13.971,2527,0,2,50,3135,1540,40000,3352,1000,40000,0x07
2026-09-06T16:12:14.036,2528,0,2,56,2654,1911,36254,3220,1482,40000,0x07
2026-09-06T16:12:14.100,2529,0,2,51,2654,2196,35154,3220,1765,40000,0x07
2026-09-06T16:12:14.181,2530,0,2,51,1967,2078,27392,2666,2059,33713,0x07
2026-09-06T16:12:14.247,2531,0,2,50,1063,1640,17994,1877,2100,23920,0x07
2026-09-06T16:12:14.312,2532,0,2,57,160,1158,6960,1475,1825,19054,0x07
2026-09-06T16:12:14.377,2533,0,2,51,160,784,7984,1475,1804,18772,0x07
2026-09-06T16:12:14.442,2534,0,2,50,288,1160,7132,1451,1740,18452,0x07
2026-09-06T16:12:14.507,2535,0,2,50,406,840,9000,1329,1520,17382,0x07
2026-09-06T16:12:14.572,2536,0,2,51,3374,784,40000,1498,1431,19844,0x07
2026-09-06T16:12:14.637,2537,0,2,51,2403,1863,28900,1971,1392,26284,0x07
2026-09-06T16:12:14.719,2538,0,2,51,1221,1314,17651,405,1157,7582,0x07
2026-09-06T16:12:14.784,2539,0,2,51,1221,1392,17163,405,941,7897,0x07
2026-09-06T16:12:14.849,2540,0,2,51,1362,1314,19226,337,686,7772,0x07
2026-09-06T16:12:14.914,2541,0,2,50,1846,1500,25006,3500,1500,40000,0x07
2026-09-06T16:12:14.979,2542,0,2,51,3374,1451,40000,3330,2157,38431,0x07
2026-09-06T16:12:15.044,2543,0,2,51,3360,1608,40000,3186,1471,39646,0x07
2026-09-06T16:12:15.109,2544,0,2,52,3103,2154,38056,2972,1808,38527,0x07
2026-09-06T16:12:15.174,2545,0,2,51,3103,2176,38797,2972,2000,38800,0x07
2026-09-06T16:12:15.239,2546,0,2,50,3101,2420,38341,2858,2120,37757,0x07
2026-09-06T16:12:15.304,2547,0,2,50,3112,2600,38154,3076,2320,39496,0x07
2026-09-06T16:12:15.385,2548,0,2,50,3212,2880,38884,3259,2520,40000,0x07
2026-09-06T16:12:15.451,2549,0,2,51,3292,2961,39499,3409,2490,40000,0x07
2026-09-06T16:12:15.516,2550,0,2,50,3332,3100,39377,3500,2800,40000,0x07
2026-09-06T16:12:15.645,2551,0,2,50,3331,3080,39454,3500,2860,40000,0x07
2026-09-06T16:12:15.710,2552,0,2,50,3287,3360,37670,3500,2880,40000,0x07
2026-09-06T16:12:15.775,2553,0,2,50,3110,3160,36377,3500,2940,40000,0x07
2026-09-06T16:12:15.840,2554,0,2,50,2829,1500,40000,3310,1040,40000,0x07
2026-09-06T16:12:15.921,2555,0,2,52,2292,1212,35040,0,0,13942,0x07
2026-09-06T16:12:15.986,2556,0,2,51,0,0,0,0,0,0,0x03
2026-09-06T16:12:16.050,2557,0,2,50,0,0,3073,0,0,9293,0x07
2026-09-06T16:12:16.115,2558,0,2,50,100,480,1123,974,500,11831,0x07
2026-09-06T16:12:16.180,2559,0,2,57,2229,1281,24533,2303,965,28133,0x07
2026-09-06T16:12:16.244,2560,0,2,50,2229,1340,25068,2303,1360,27491,0x07
2026-09-06T16:12:16.325,2561,0,2,50,2495,840,31815,2695,680,37268,0x07
2026-09-06T16:12:16.390,2562,0,2,50,2532,1060,32620,3017,760,40000,0x07
2026-09-06T16:12:16.454,2563,0,2,50,2346,1340,31074,2995,1300,38196,0x07
2026-09-06T16:12:16.519,2564,0,2,50,1851,1580,24408,2609,1500,33980,0x07
2026-09-06T16:12:16.584,2565,0,2,54,457,1556,6300,1276,1630,17463,0x07
2026-09-06T16:12:16.649,2566,0,2,50,457,1140,7462,1276,1580,17339,0x07
2026-09-06T16:12:16.713,2567,0,2,52,462,885,8219,1271,1615,16737,0x07
2026-09-06T16:12:16.794,2568,0,2,50,425,1300,5234,1309,1400,18010,0x07
2026-09-06T16:12:16.859,2569,0,2,54,291,759,5073,1449,1315,20162,0x07
2026-09-06T16:12:16.923,2570,0,2,51,291,549,5733,1449,1255,20634,0x07
2026-09-06T16:12:16.988,2571,0,2,52,414,538,6994,1320,1154,19851,0x07
2026-09-06T16:12:17.053,2572,0,2,50,414,480,7184,1320,1240,19573,0x07
2026-09-06T16:12:17.312,2573,0,2,50,483,520,7804,1248,1200,18944,0x07
2026-09-06T16:12:18.722,2574,0,2,51,546,569,8323,1183,1235,17961,0x07
2026-09-06T16:12:18.787,2575,0,2,51,658,627,9425,1068,1118,17032,0x07
2026-09-06T16:12:18.868,2576,0,2,54,2332,19,32171,2552,0,35221,0x07
2026-09-06T16:12:18.933,2577,0,2,51,0,0,25954,0,0,25766,0x07
2026-09-06T16:12:18.998,2578,0,2,51,0,0,0,0,0,0,0x03
2026-09-06T16:12:19.063,2579,0,2,50,0,0,22530,0,0,10259,0x07
2026-09-06T16:12:19.128,2580,0,2,50,2646,520,33446,1101,180,15185,0x07
2026-09-06T16:12:19.193,2581,0,2,52,1985,615,27618,1544,346,22628,0x07
2026-09-06T16:12:19.258,2582,0,2,51,1985,824,27782,1544,471,23303,0x07
2026-09-06T16:12:19.323,2583,0,2,50,2057,1000,28834,1705,600,25888,0x07
2026-09-06T16:12:19.404,2584,0,2,52,0,0,0,0,0,0,0x03
2026-09-06T16:12:19.469,2585,0,2,57,2122,35,29495,1774,0,25166,0x07
2026-09-06T16:12:19.534,2586,0,2,51,2122,1569,23476,1774,1275,20310,0x07
2026-09-06T16:12:19.599,2587,0,2,51,2307,1235,28072,2051,1176,25008,0x07
2026-09-06T16:12:19.664,2588,0,2,51,0,0,0,0,0,0,0x03
2026-09-06T16:12:19.729,2589,0,2,51,0,0,21343,0,0,18757,0x07
2026-09-06T16:12:19.794,2590,0,2,50,2491,960,29203,2213,500,27920,0x07
2026-09-06T16:12:19.875,2591,0,2,50,2360,1460,26869,1990,920,25484,0x07
2026-09-06T16:12:19.940,2592,0,2,51,2360,1569,27122,1990,1078,25833,0x07
2026-09-06T16:12:20.005,2593,0,2,51,2161,1608,25083,1718,1059,23430,0x07
2026-09-06T16:12:20.070,2594,0,2,50,2448,1720,29314,2295,1340,31445,0x07
2026-09-06T16:12:20.135,2595,0,2,51,2103,1804,25125,1544,1471,22032,0x07
2026-09-06T16:12:20.200,2596,0,2,50,1952,1940,22765,1514,1480,21674,0x07
2026-09-06T16:12:20.265,2597,0,2,53,1693,1811,19995,1179,1415,17550,0x07
2026-09-06T16:12:20.329,2598,0,2,51,1693,1667,20634,1179,1216,18356,0x07
2026-09-06T16:12:20.410,2599,0,2,50,1384,1540,17354,763,1100,13528,0x07
2026-09-06T16:12:20.459,2600,0,2,50,2644,1560,33212,3500,1020,40000,0x07
2026-09-06T16:12:20.540,2601,0,2,55,1354,1727,17273,2063,1636,28970,0x07
2026-09-06T16:12:20.605,2602,0,2,51,1354,1706,17046,2063,1667,29285,0x07
2026-09-06T16:12:20.669,2603,0,2,51,270,1725,2760,1218,1686,18633,0x07
2026-09-06T16:12:20.734,2604,0,2,50,35,740,2660,1183,1540,18014,0x07
2026-09-06T16:12:20.799,2605,0,2,50,72,1020,1064,1350,1500,20005,0x07
2026-09-06T16:12:20.864,2606,0,2,52,179,673,3360,1443,1308,22079,0x07
2026-09-06T16:12:20.945,2607,0,2,52,245,423,4775,1496,1385,22645,0x07
2026-09-06T16:12:21.011,2608,0,2,51,245,235,5582,1496,1353,22939,0x07
2026-09-06T16:12:21.076,2609,0,2,51,288,235,6144,0,0,12030,0x07
2026-09-06T16:12:21.140,2610,0,2,51,2314,824,30864,0,0,4328,0x07
2026-09-06T16:12:21.205,2611,0,2,51,860,510,15215,325,353,4177,0x07
2026-09-06T16:12:21.270,2612,0,2,51,982,804,15582,202,353,2552,0x07
2026-09-06T16:12:21.335,2613,0,2,50,1426,720,22325,271,0,5305,0x07
2026-09-06T16:12:21.400,2614,0,2,50,1426,760,22744,271,0,5602,0x07
2026-09-06T16:12:21.481,2615,0,2,51,1397,922,22143,301,0,6298,0x07
2026-09-06T16:12:21.546,2616,0,2,51,1321,961,21398,380,0,7664,0x07
2026-09-06T16:12:21.611,2617,0,2,50,1246,1080,20282,457,0,9600,0x07
2026-09-06T16:12:21.676,2618,0,2,52,1154,1019,19569,553,0,11369,0x07
2026-09-06T16:12:21.741,2619,0,2,50,1699,1040,26538,1603,0,26329,0x07
2026-09-06T16:12:21.806,2620,0,2,50,1699,1160,26506,1603,840,23599,0x07
2026-09-06T16:12:21.872,2621,0,2,52,2764,1173,39110,3009,1288,38413,0x07
2026-09-06T16:12:21.936,2622,0,2,51,3181,1294,40000,3500,627,40000,0x07
2026-09-06T16:12:22.001,2623,0,2,51,2915,1686,39832,3500,1196,40000,0x07
2026-09-06T16:12:22.083,2624,0,2,50,2186,1880,30616,2926,1680,37138,0x07
2026-09-06T16:12:22.148,2625,0,2,51,1005,1961,15367,1905,1765,24794,0x07
2026-09-06T16:12:22.212,2626,0,2,50,314,1320,7665,1424,1620,19118,0x07
2026-09-06T16:12:22.277,2627,0,2,50,314,1280,6980,1424,1760,18154,0x07
2026-09-06T16:12:22.342,2628,0,2,50,269,1480,4525,1471,1440,20101,0x07
2026-09-06T16:12:22.408,2629,0,2,51,216,922,4777,0,0,10507,0x07
2026-09-06T16:12:22.473,2630,0,2,51,2780,725,37957,0,0,4914,0x07
2026-09-06T16:12:22.538,2631,0,2,51,1300,1941,14616,401,59,6755,0x07
2026-09-06T16:12:22.603,2632,0,2,53,1409,981,20801,288,585,2228,0x07
2026-09-06T16:12:22.684,2633,0,2,51,1409,941,21394,288,392,2931,0x07
2026-09-06T16:12:22.749,2634,0,2,51,1494,1039,22399,200,216,2619,0x07
2026-09-06T16:12:22.814,2635,0,2,51,1556,980,23903,136,20,2816,0x07
2026-09-06T16:12:22.879,2636,0,2,50,1540,1120,23936,152,0,3430,0x07
2026-09-06T16:12:22.944,2637,0,2,50,1477,1240,22881,218,0,4452,0x07
2026-09-06T16:12:23.009,2638,0,2,50,1309,1200,21260,392,0,7272,0x07
2026-09-06T16:12:23.074,2639,0,2,51,1309,1275,20975,392,0,7712,0x07
2026-09-06T16:12:23.140,2640,0,2,50,0,0,0,0,0,0,0x03
2026-09-06T16:12:23.221,2641,0,2,50,0,0,9716,0,0,7539,0x07
2026-09-06T16:12:23.286,2642,0,2,50,969,1080,9899,745,360,10417,0x07
2026-09-06T16:12:23.351,2643,0,2,51,1806,1039,20721,1884,569,24559,0x07
2026-09-06T16:12:23.416,2644,0,2,55,3162,1036,38348,3358,855,40000,0x07
2026-09-06T16:12:23.481,2645,0,2,51,3162,1275,39040,3358,863,40000,0x07
2026-09-06T16:12:23.546,2646,0,2,50,3250,1480,39209,3500,1180,40000,0x07
2026-09-06T16:12:23.611,2647,0,2,51,2993,1686,36455,3500,1333,40000,0x07
2026-09-06T16:12:23.675,2648,0,2,57,1742,1982,20630,2487,1982,30156,0x07
2026-09-06T16:12:23.757,2649,0,2,51,1742,2020,20222,2487,1902,31154,0x07
2026-09-06T16:12:23.822,2650,0,2,51,862,2098,8308,1686,1980,20966,0x07
2026-09-06T16:12:23.887,2651,0,2,51,426,1412,5151,1308,1922,16028,0x07
2026-09-06T16:12:23.951,2652,0,2,50,393,1000,5381,1342,1600,17151,0x07
2026-09-06T16:12:24.016,2653,0,2,51,344,1137,3495,1393,1588,17587,0x07
2026-09-06T16:12:24.081,2654,0,2,53,281,717,3681,1458,1264,19967,0x07
2026-09-06T16:12:24.145,2655,0,2,50,281,600,3896,1458,1200,20523,0x07
2026-09-06T16:12:24.210,2656,0,2,50,318,520,4490,1420,1180,20423,0x07
2026-09-06T16:12:24.292,2657,0,2,50,329,400,5074,1408,1140,20747,0x07
2026-09-06T16:12:24.357,2658,0,2,57,481,421,6834,1251,1088,19579,0x07
2026-09-06T16:12:24.422,2659,0,2,51,481,451,6734,1251,1176,19286,0x07
2026-09-06T16:12:24.487,2660,0,2,51,540,490,7319,1190,1078,19094,0x07
2026-09-06T16:12:24.552,2661,0,2,50,615,200,9927,1112,960,18768,0x07
2026-09-06T16:12:24.616,2662,0,2,51,950,235,14403,1356,1020,21789,0x07
2026-09-06T16:12:24.681,2663,0,2,50,1884,280,26735,2157,940,32994,0x07
2026-09-06T16:12:24.762,2664,0,2,52,3235,827,40000,3247,1154,40000,0x07
2026-09-06T16:12:24.828,2665,0,2,51,3235,1235,40000,3247,1176,40000,0x07
2026-09-06T16:12:24.892,2666,0,2,50,3374,1620,40000,3390,1460,40000,0x07
2026-09-06T16:12:25.021,2667,0,2,51,3374,2039,38875,3296,1980,40000,0x07
2026-09-06T16:12:25.086,2668,0,2,50,3276,2300,37463,3021,2040,39674,0x07
2026-09-06T16:12:25.152,2669,0,2,50,2998,2480,33849,2675,2200,35405,0x07
2026-09-06T16:12:25.216,2670,0,2,51,2576,2510,28704,2107,2353,27499,0x07
2026-09-06T16:12:25.297,2671,0,2,51,2108,2686,21858,1563,2255,20667,0x07
2026-09-06T16:12:25.362,2673,0,2,50,1741,2420,18027,1174,2080,15794,0x07
2026-09-06T16:12:25.427,2674,0,2,50,1226,1800,13102,603,1340,9917,0x07
2026-09-06T16:12:25.492,2675,0,2,51,1185,1725,12442,521,765,11114,0x07
2026-09-06T16:12:25.557,2676,0,2,54,1162,1407,12645,545,1093,8439,0x07
2026-09-06T16:12:25.622,2677,0,2,51,1162,1451,12199,545,941,8638,0x07
2026-09-06T16:12:25.687,2678,0,2,51,1123,1275,12342,586,765,9675,0x07
2026-09-06T16:12:25.752,2679,0,2,50,1149,1180,13025,559,660,9687,0x07
2026-09-06T16:12:25.833,2680,0,2,56,1275,929,15914,767,661,12212,0x07
2026-09-06T16:12:25.898,2681,0,2,51,1275,902,16364,767,745,11878,0x07
2026-09-06T16:12:25.963,2682,0,2,50,1316,840,17539,786,860,11532,0x07
2026-09-06T16:12:26.028,2683,0,2,50,1209,920,16512,496,320,10355,0x07
2026-09-06T16:12:26.093,2684,0,2,51,1224,980,16653,480,157,11229,0x07
2026-09-06T16:12:26.158,2685,0,2,51,1199,941,16751,506,0,12776,0x07
2026-09-06T16:12:26.224,2686,0,2,53,1135,906,16642,572,0,14785,0x07
2026-09-06T16:12:26.289,2687,0,2,50,1135,880,16977,572,0,15415,0x07
2026-09-06T16:12:26.371,2688,0,2,50,1131,1000,16527,577,0,16108,0x07
2026-09-06T16:12:26.419,2689,0,2,50,1280,920,18964,856,0,20368,0x07
2026-09-06T16:12:26.500,2690,0,2,51,1844,863,27688,1597,353,30256,0x07
2026-09-06T16:12:26.565,2691,0,2,52,2521,904,37056,2512,558,40000,0x07
2026-09-06T16:12:26.631,2692,0,2,51,3017,1196,40000,3162,902,40000,0x07
2026-09-06T16:12:26.696,2693,0,2,50,3242,1760,40000,3500,1620,40000,0x07
2026-09-06T16:12:26.761,2694,0,2,50,3157,1920,40000,3500,1600,40000,0x07
2026-09-06T16:12:26.827,2695,0,2,51,2680,2255,33583,3299,1804,40000,0x07
2026-09-06T16:12:26.892,2696,0,2,50,1701,2160,21382,2516,2040,35033,0x07
2026-09-06T16:12:26.957,2697,0,2,50,301,2320,2263,1438,2220,20583,0x07
2026-09-06T16:12:27.023,2698,0,2,51,123,1176,4065,1622,2118,22647,0x07
2026-09-06T16:12:27.104,2699,0,2,55,132,1073,3027,1614,2000,21973,0x07
2026-09-06T16:12:27.169,2700,0,2,50,132,960,2773,1614,1820,22511,0x07
2026-09-06T16:12:27.234,2701,0,2,51,134,686,3466,1611,1667,23102,0x07
2026-09-06T16:12:27.299,2702,0,2,51,130,412,3935,1615,1725,22679,0x07
2026-09-06T16:12:27.364,2703,0,2,51,153,275,4682,1591,1510,23436,0x07
2026-09-06T16:12:27.429,2704,0,2,50,267,280,6003,1473,1480,22174,0x07
2026-09-06T16:12:27.493,2705,0,2,52,529,385,8899,1201,1423,18831,0x07
2026-09-06T16:12:27.558,2706,0,2,50,529,620,7818,1201,1240,19592,0x07
2026-09-06T16:12:27.640,2707,0,2,51,641,529,9633,1085,1235,18052,0x07
2026-09-06T16:12:27.705,2708,0,2,50,834,340,13165,1114,1260,18155,0x07
2026-09-06T16:12:27.770,2709,0,2,57,2873,702,39399,2946,1175,40000,0x07
2026-09-06T16:12:27.835,2710,0,2,51,2873,1059,39519,2946,1373,40000,0x07
2026-09-06T16:12:27.900,2711,0,2,50,3374,1380,40000,3327,1540,40000,0x07
2026-09-06T16:12:27.965,2712,0,2,51,3374,2078,40000,3296,1824,40000,0x07
2026-09-06T16:12:28.031,2713,0,2,51,3244,2118,39438,2865,2157,37312,0x07
2026-09-06T16:12:28.096,2714,0,2,50,2792,2440,33002,2352,2260,30793,0x07
2026-09-06T16:12:28.177,2715,0,2,52,1698,2519,18698,1027,2192,13259,0x07
2026-09-06T16:12:28.242,2716,0,2,51,1698,2373,18713,1027,1784,14165,0x07
2026-09-06T16:12:28.307,2717,0,2,50,1220,2180,13000,529,1500,8301,0x07
2026-09-06T16:12:28.372,2718,0,2,51,1195,1725,13567,510,1196,8065,0x07
2026-09-06T16:12:28.437,2719,0,2,50,1178,1820,12389,529,1240,7333,0x07
2026-09-06T16:12:28.502,2720,0,2,51,1233,1588,13740,471,1000,7059,0x07
2026-09-06T16:12:28.567,2721,0,2,55,1581,1564,18132,110,545,3385,0x07
2026-09-06T16:12:28.632,2722,0,2,50,1581,1240,19844,110,420,3577,0x07
2026-09-06T16:12:28.697,2723,0,2,51,1417,1157,18469,280,275,6265,0x07
2026-09-06T16:12:28.778,2724,0,2,51,1347,1196,17626,353,20,8609,0x07
2026-09-06T16:12:28.843,2725,0,2,56,1256,1089,17388,447,0,10822,0x07
2026-09-06T16:12:28.908,2726,0,2,50,1256,980,18125,447,0,11314,0x07
2026-09-06T16:12:28.973,2727,0,2,52,1141,1058,16497,566,0,13398,0x07
2026-09-06T16:12:29.038,2728,0,2,51,1034,961,15663,678,20,16151,0x07
2026-09-06T16:12:29.104,2729,0,2,50,1513,900,22238,1309,360,23397,0x07
2026-09-06T16:12:29.169,2730,0,2,51,2439,882,34869,2479,1490,33866,0x07
2026-09-06T16:12:29.234,2731,0,2,51,3241,1314,40000,3500,725,40000,0x07
2026-09-06T16:12:29.299,2732,0,2,51,3241,1490,40000,3500,1157,40000,0x07
2026-09-06T16:12:29.380,2733,0,2,51,3062,1608,39282,3500,1686,40000,0x07
2026-09-06T16:12:29.445,2734,0,2,50,2576,1980,32378,3196,1740,40000,0x07
2026-09-06T16:12:29.511,2735,0,2,51,1981,2039,24770,2656,2078,35048,0x07
2026-09-06T16:12:29.576,2736,0,2,51,1241,2196,14315,1999,2157,26572,0x07
2026-09-06T16:12:29.641,2737,0,2,52,324,1173,5551,1414,1885,19189,0x07
2026-09-06T16:12:29.706,2738,0,2,51,324,1078,5272,1414,1941,18384,0x07
2026-09-06T16:12:29.772,2739,0,2,50,0,0,2486,1651,1720,22121,0x07
2026-09-06T16:12:29.837,2740,0,2,51,0,0,3129,1767,1667,23910,0x07
2026-09-06T16:12:29.918,2741,0,2,50,99,460,1275,1647,1340,24482,0x07
2026-09-06T16:12:29.984,2742,0,2,50,196,180,3650,1547,1460,22866,0x07
2026-09-06T16:12:30.049,2743,0,2,51,246,255,3922,1495,1529,21930,0x07
2026-09-06T16:12:30.114,2744,0,2,50,348,200,5685,1389,1300,21744,0x07
2026-09-06T16:12:30.179,2745,0,2,52,420,327,6106,1314,1250,21130,0x07
2026-09-06T16:12:30.244,2746,0,2,50,513,260,7734,1218,1180,20313,0x07
2026-09-06T16:12:30.309,2747,0,2,50,1836,320,26344,1580,1020,26535,0x07
2026-09-06T16:12:30.375,2748,0,2,50,1285,620,19009,1880,1040,31068,0x07
2026-09-06T16:12:30.440,2749,0,2,50,2773,740,38241,2785,1160,40000,0x07
2026-09-06T16:12:30.505,2750,0,2,55,3374,1491,40000,3336,1600,40000,0x07
2026-09-06T16:12:30.586,2751,0,2,51,3374,1784,40000,3336,1647,40000,0x07
2026-09-06T16:12:30.651,2752,0,2,50,3373,2100,39698,3109,1820,40000,0x07
2026-09-06T16:12:30.716,2753,0,2,50,3051,2340,35427,2694,2040,37558,0x07
2026-09-06T16:12:30.781,2754,0,2,50,2703,2480,31166,2310,2300,32098,0x07
2026-09-06T16:12:30.846,2755,0,2,50,2459,2440,28406,2073,2360,28602,0x07
2026-09-06T16:12:30.912,2756,0,2,55,1469,2545,14756,641,2418,8267,0x07
2026-09-06T16:12:30.977,2757,0,2,50,1469,2100,16091,641,1520,11129,0x07
2026-09-06T16:12:31.042,2758,0,2,51,1476,1804,17140,218,902,7768,0x07
2026-09-06T16:12:31.107,2759,0,2,50,1407,1900,15452,291,1480,4898,0x07
2026-09-06T16:12:31.188,2760,0,2,51,1326,1627,14824,375,902,6858,0x07
2026-09-06T16:12:31.253,2761,0,2,51,1342,1490,15469,358,706,7094,0x07
2026-09-06T16:12:31.318,2762,0,2,50,1321,1560,14712,379,540,7886,0x07
2026-09-06T16:12:31.383,2763,0,2,50,1314,1180,16127,387,520,7937,0x07
2026-09-06T16:12:31.449,2764,0,2,51,1251,1137,15659,452,353,9558,0x07
2026-09-06T16:12:31.514,2765,0,2,52,1202,1115,15233,504,327,10511,0x07
2026-09-06T16:12:31.579,2766,0,2,50,1108,1080,14338,601,500,11163,0x07
2026-09-06T16:12:31.644,2767,0,2,50,1044,1020,13840,667,260,13458,0x07
2026-09-06T16:12:31.725,2768,0,2,50,1917,860,25990,1820,120,30177,0x07
2026-09-06T16:12:31.790,2769,0,2,52,3151,1077,40000,3416,712,40000,0x07
2026-09-06T16:12:31.855,2770,0,2,51,3151,1412,40000,3416,902,40000,0x07
2026-09-06T16:12:31.920,2771,0,2,50,3233,1580,40000,3500,1320,40000,0x07
2026-09-06T16:12:31.986,2772,0,2,51,2989,2118,37130,3500,1765,40000,0x07
2026-09-06T16:12:32.051,2773,0,2,51,2588,2314,31712,3162,1980,38873,0x07
2026-09-06T16:12:32.116,2774,0,2,52,2133,2269,26282,2745,2096,33970,0x07
2026-09-06T16:12:32.181,2775,0,2,50,856,2200,9287,1651,2180,19684,0x07
2026-09-06T16:12:32.246,2776,0,2,51,856,1647,10922,1651,2098,19558,0x07
2026-09-06T16:12:32.311,2777,0,2,51,390,1510,4885,1345,2000,15456,0x07
2026-09-06T16:12:32.393,2778,0,2,51,383,1667,2965,1353,1745,16221,0x07
2026-09-06T16:12:32.458,2779,0,2,57,364,1053,3744,1372,1404,17700,0x07
2026-09-06T16:12:32.523,2780,0,2,51,364,765,4606,1372,1216,18696,0x07
2026-09-06T16:12:32.717,2781,0,2,52,220,635,3036,1522,1250,20730,0x07
2026-09-06T16:12:32.782,2782,0,2,51,240,412,3865,1501,1255,21048,0x07
2026-09-06T16:12:32.848,2783,0,2,50,242,360,4005,1499,1200,21607,0x07
2026-09-06T16:12:32.929,2784,0,2,50,0,0,4807,0,0,13778,0x07
2026-09-06T16:12:32.994,2785,0,2,51,314,0,6424,1424,588,18270,0x07
2026-09-06T16:12:33.058,2786,0,2,50,477,20,8717,1255,1040,14466,0x07
2026-09-06T16:12:33.123,2787,0,2,51,0,0,0,0,0,0,0x03
2026-09-06T16:12:33.188,2788,0,2,51,0,0,0,0,0,0,0x03
2026-09-06T16:12:33.253,2789,0,2,50,0,0,0,0,0,0,0x03
2026-09-06T16:12:33.334,2790,0,2,50,0,0,0,0,0,0,0x03
2026-09-06T16:12:33.382,2791,0,2,50,0,0,0,0,0,0,0x03
2026-09-06T16:12:33.463,2792,0,2,50,0,0,28275,0,0,27645,0x07
2026-09-06T16:12:33.528,2793,0,2,51,3319,1098,39721,3101,1843,34404,0x07
2026-09-06T16:12:33.594,2794,0,2,50,3374,600,40000,3041,800,38079,0x07
2026-09-06T16:12:33.659,2795,0,2,50,2986,1220,36750,2750,1020,37825,0x07
2026-09-06T16:12:33.723,2796,0,2,51,2986,1529,36750,2750,1431,37556,0x07
2026-09-06T16:12:33.788,2797,0,2,51,2853,1824,34822,2594,1392,37127,0x07
2026-09-06T16:12:33.854,2798,0,2,50,2849,1920,35186,2673,1580,38520,0x07
2026-09-06T16:12:33.919,2799,0,2,51,2917,2275,35929,2789,2039,39878,0x07
2026-09-06T16:12:34.000,2800,0,2,50,3053,2360,37814,3029,2160,40000,0x07
2026-09-06T16:12:34.065,2801,0,2,50,3223,2440,39529,3378,2300,40000,0x07
2026-09-06T16:12:34.129,2802,0,2,54,3331,2593,40000,3500,2481,40000,0x07
2026-09-06T16:12:34.194,2803,0,2,50,3331,3040,39069,3500,2800,40000,0x07
2026-09-06T16:12:34.259,2804,0,2,51,3276,2922,39234,3500,2706,40000,0x07
2026-09-06T16:12:34.325,2805,0,2,57,3013,3088,35285,3400,2825,40000,0x07
2026-09-06T16:12:34.390,2806,0,2,52,3013,3269,34278,3400,3173,40000,0x07
2026-09-06T16:12:34.455,2807,0,2,50,2810,3200,31776,3248,3020,40000,0x07
2026-09-06T16:12:34.536,2808,0,2,50,2582,3080,29100,3059,3040,39023,0x07
2026-09-06T16:12:34.601,2809,0,2,57,1707,2947,16937,2343,3211,27655,0x07
2026-09-06T16:12:34.666,2810,0,2,51,1707,2392,18678,2343,3059,27496,0x07
2026-09-06T16:12:34.731,2811,0,2,51,980,2216,9550,1745,2902,19384,0x07
2026-09-06T16:12:34.796,2812,0,2,50,461,1740,2489,1272,1980,15007,0x07
2026-09-06T16:12:34.861,2813,0,2,50,444,1560,2059,1289,1540,16825,0x07
2026-09-06T16:12:34.926,2814,0,2,51,430,1020,3652,1304,1588,16485,0x07
2026-09-06T16:12:34.991,2815,0,2,50,465,660,5058,1268,1560,15492,0x07
2026-09-06T16:12:35.072,2816,0,2,50,465,520,5604,1268,1480,15598,0x07
2026-09-06T16:12:35.137,2817,0,2,50,522,480,6507,1208,1440,14765,0x07
2026-09-06T16:12:35.202,2818,0,2,50,608,520,7448,1119,1400,13513,0x07
2026-09-06T16:12:35.267,2819,0,2,51,1265,980,14306,1629,1529,19843,0x07
2026-09-06T16:12:35.332,2820,0,2,50,2147,660,27628,2387,1420,30863,0x07
2026-09-06T16:12:35.397,2821,0,2,55,3218,1145,40000,3275,1327,40000,0x07
2026-09-06T16:12:35.462,2822,0,2,51,3218,1275,39740,3275,1667,40000,0x07
2026-09-06T16:12:35.527,2823,0,2,50,3374,1640,40000,3403,1700,40000,0x07
2026-09-06T16:12:35.608,2824,0,2,50,3374,2040,39549,3346,1780,40000,0x07
2026-09-06T16:12:35.673,2825,0,2,51,3347,2392,39663,3165,2059,39194,0x07
2026-09-06T16:12:35.738,2826,0,2,50,3140,2720,36139,2872,2220,35549,0x07
2026-09-06T16:12:35.804,2827,0,2,55,2737,2800,31140,2433,2382,29643,0x07
2026-09-06T16:12:35.869,2828,0,2,51,2737,2745,31366,2433,2412,29540,0x07
2026-09-06T16:12:35.934,2829,0,2,51,2630,2961,28860,2336,2353,28562,0x07
2026-09-06T16:12:35.999,2830,0,2,51,2463,2824,27100,2092,2451,24679,0x07
2026-09-06T16:12:36.064,2831,0,2,55,1136,2473,10583,269,2000,690,0x07
2026-09-06T16:12:36.145,2832,0,2,51,0,0,12479,269,1039,3909,0x07
2026-09-06T16:12:36.210,2833,0,2,51,0,0,6103,3095,490,40000,0x07
2026-09-06T16:12:36.275,2834,0,2,50,480,280,7129,1252,2460,8855,0x07
2026-09-06T16:12:36.340,2835,0,2,50,137,780,296,1608,1060,19557,0x07
2026-09-06T16:12:36.406,2836,0,2,51,101,569,337,1646,1373,19005,0x07
2026-09-06T16:12:36.471,2837,0,2,53,3374,208,40000,-2155,-75,31086,0x07
2026-09-06T16:12:36.536,2838,0,2,52,3374,1558,37088,0,0,2947,0x07
2026-09-06T16:12:36.601,2839,0,2,50,0,0,20119,115,340,1742,0x07
2026-09-06T16:12:36.666,2840,0,2,52,0,0,5125,3500,154,40000,0x07
2026-09-06T16:12:36.732,2841,0,2,54,349,722,3404,1388,833,15707,0x07
2026-09-06T16:12:36.813,2842,0,2,51,349,373,4869,1388,118,20174,0x07
2026-09-06T16:12:36.878,2843,0,2,51,296,157,5277,1443,431,20659,0x07
2026-09-06T16:12:36.943,2844,0,2,50,234,300,3862,1507,320,23244,0x07
2026-09-06T16:12:37.008,2845,0,2,50,244,60,5241,1497,60,26982,0x07
2026-09-06T16:12:37.074,2846,0,2,52,261,135,5249,1479,0,28706,0x07
2026-09-06T16:12:37.139,2847,0,2,50,333,0,7255,1405,0,30966,0x07
2026-09-06T16:12:37.205,2848,0,2,50,333,0,7550,1405,0,32512,0x07
2026-09-06T16:12:37.270,2849,0,2,50,343,0,7980,1394,0,33910,0x07
2026-09-06T16:12:37.335,2850,0,2,50,306,0,7802,1433,0,35966,0x07
2026-09-06T16:12:37.417,2851,0,2,50,321,0,8554,1417,0,38923,0x07
2026-09-06T16:12:37.466,2852,0,2,52,294,0,8499,1445,0,39890,0x07
2026-09-06T16:12:37.547,2853,0,2,50,314,0,9018,1424,0,39632,0x07
2026-09-06T16:12:37.612,2854,0,2,52,289,0,9248,1450,0,39953,0x07
2026-09-06T16:12:37.677,2855,0,2,52,290,0,9527,1449,0,39939,0x07
2026-09-06T16:12:37.742,2856,0,2,52,324,0,10227,1415,0,39509,0x07
2026-09-06T16:12:37.807,2857,0,2,52,325,0,10826,1413,0,39492,0x07
2026-09-06T16:12:37.872,2858,0,2,50,324,0,11108,1414,0,39496,0x07
2026-09-06T16:12:37.953,2859,0,2,51,310,0,11221,1428,0,39676,0x07
2026-09-06T16:12:38.002,2860,0,2,54,-1687,0,24312,1750,0,40000,0x07
2026-09-06T16:12:38.083,2861,0,2,50,-1687,-1260,19335,1750,0,40000,0x07
2026-09-06T16:12:38.148,2862,0,2,51,-1687,-216,25102,1750,0,40000,0x07
2026-09-06T16:12:38.213,2863,0,2,51,-1687,-255,26228,1750,118,40000,0x07
2026-09-06T16:12:38.277,2864,0,2,52,-1687,-635,26693,1750,327,40000,0x07
2026-09-06T16:12:38.343,2865,0,2,50,-1687,-860,26467,1750,600,40000,0x07
2026-09-06T16:12:38.408,2866,0,2,50,0,0,0,0,0,0,0x03
2026-09-06T16:12:38.489,2867,0,2,51,0,0,7513,0,0,10805,0x07
2026-09-06T16:12:38.554,2868,0,2,50,660,280,9466,1065,0,16503,0x07
2026-09-06T16:12:38.619,2869,0,2,52,714,269,10568,1009,827,12502,0x07
2026-09-06T16:12:38.685,2870,0,2,51,2774,412,39316,2625,1549,32500,0x07
2026-09-06T16:12:38.750,2871,0,2,51,3374,765,40000,3186,1235,40000,0x07
2026-09-06T16:12:38.815,2872,0,2,51,3190,1157,40000,2628,1392,34598,0x07
2026-09-06T16:12:38.881,2873,0,2,52,2563,1654,33284,2039,1135,30222,0x07
2026-09-06T16:12:38.946,2874,0,2,50,2199,1700,29148,1729,1180,26754,0x07
2026-09-06T16:12:39.011,2875,0,2,51,2115,1882,27570,1726,1392,26184,0x07
2026-09-06T16:12:39.077,2876,0,2,54,2214,1963,28778,1903,1630,27833,0x07
2026-09-06T16:12:39.142,2877,0,2,50,2214,2060,28502,1903,1600,28293,0x07
2026-09-06T16:12:39.223,2878,0,2,50,2054,2040,26674,1591,1700,23839,0x07
2026-09-06T16:12:39.288,2879,0,2,50,2262,2160,28753,2021,1720,29471,0x07
2026-09-06T16:12:39.353,2880,0,2,51,2564,2176,32961,2420,1941,34864,0x07
2026-09-06T16:12:39.419,2881,0,2,51,2787,2373,35200,2677,2137,37862,0x07
2026-09-06T16:12:39.484,2882,0,2,56,3091,2536,39164,3080,2268,40000,0x07
2026-09-06T16:12:39.549,2883,0,2,51,3091,2824,38182,3080,2471,40000,0x07
2026-09-06T16:12:39.614,2884,0,2,51,3168,2686,39762,3132,2608,40000,0x07
2026-09-06T16:12:39.679,2885,0,2,51,3208,2980,38993,3178,2902,40000,0x07
2026-09-06T16:12:39.761,2886,0,2,55,3168,3182,37634,3036,2836,39629,0x07
2026-09-06T16:12:39.810,2887,0,2,50,0,0,12966,3036,3000,38974,0x07
2026-09-06T16:12:39.891,2888,0,2,50,0,0,2807,2638,3100,33057,0x07
2026-09-06T16:12:39.957,2889,0,2,51,58,843,28701,0,0,21868,0x07
2026-09-06T16:12:40.022,2890,0,2,50,3374,1360,39042,0,0,3645,0x07
2026-09-06T16:12:40.087,2891,0,2,50,1495,2820,9008,199,480,2142,0x07
2026-09-06T16:12:40.152,2892,0,2,54,1523,1000,17246,170,963,0,0x07
2026-09-06T16:12:40.218,2893,0,2,51,1523,1627,14485,170,686,115,0x07
2026-09-06T16:12:40.283,2894,0,2,51,1614,1667,15377,75,412,89,0x07
2026-09-06T16:12:40.348,2895,0,2,51,1614,1216,17654,75,235,659,0x07
2026-09-06T16:12:40.430,2896,0,2,56,1478,1125,17180,216,0,3824,0x07
2026-09-06T16:12:40.495,2897,0,2,51,1478,1059,17840,216,0,4067,0x07
2026-09-06T16:12:40.560,2898,0,2,51,1375,922,17583,324,0,5776,0x07
2026-09-06T16:12:40.625,2899,0,2,51,1262,902,16949,441,0,8224,0x07
2026-09-06T16:12:40.690,2900,0,2,50,1131,920,15476,577,0,10564,0x07
2026-09-06T16:12:40.756,2901,0,2,51,1057,1000,14306,653,20,12142,0x07
2026-09-06T16:12:40.822,2902,0,2,52,1830,827,25392,1623,77,26672,0x07
2026-09-06T16:12:40.887,2903,0,2,51,1830,902,25911,1623,1490,20814,0x07
2026-09-06T16:12:40.952,2904,0,2,52,2550,962,35802,2562,788,37582,0x07
2026-09-06T16:12:41.034,2905,0,2,51,3072,1176,40000,3288,647,40000,0x07
2026-09-06T16:12:41.083,2906,0,2,51,3242,1569,40000,3500,1176,40000,0x07
2026-09-06T16:12:41.164,2907,0,2,50,3124,1720,39495,3500,1480,40000,0x07
2026-09-06T16:12:41.229,2908,0,2,54,2217,2111,27719,2857,2019,37045,0x07
2026-09-06T16:12:41.294,2909,0,2,54,2217,2111,27719,2857,2019,37045,0x07
2026-09-06T16:12:41.359,2910,0,2,50,1593,2240,18477,2296,2220,29583,0x07
2026-09-06T16:12:41.424,2911,0,2,50,930,2100,10037,1690,2160,21740,0x07
2026-09-06T16:12:41.489,2912,0,2,54,2108,1037,28709,2202,1907,28721,0x07
2026-09-06T16:12:41.554,2913,0,2,51,2108,2392,22693,2202,2196,27501,0x07
2026-09-06T16:12:41.619,2914,0,2,51,1493,2157,15678,2127,1961,27745,0x07
2026-09-06T16:12:41.701,2915,0,2,50,1048,1800,11162,1740,1900,22975,0x07
2026-09-06T16:12:41.766,2916,0,2,51,742,1098,9561,1433,1706,19274,0x07
2026-09-06T16:12:41.831,2917,0,2,50,842,960,11251,1437,1760,18736,0x07
2026-09-06T16:12:41.896,2918,0,2,54,1226,1241,14461,1733,1500,23714,0x07
2026-09-06T16:12:41.961,2919,0,2,51,1226,1255,14374,1733,1569,23607,0x07
2026-09-06T16:12:42.026,2920,0,2,50,1442,1340,16708,1933,1560,26564,0x07
2026-09-06T16:12:42.091,2921,0,2,50,1586,1460,18042,2076,1520,29133,0x07
2026-09-06T16:12:42.157,2922,0,2,51,1792,1118,23257,2245,1745,31604,0x07
2026-09-06T16:12:42.222,2923,0,2,51,2052,1216,26737,2456,1667,35465,0x07
2026-09-06T16:12:42.303,2924,0,2,50,2305,1400,29806,2670,1680,39175,0x07
2026-09-06T16:12:42.368,2925,0,2,54,3046,1759,39430,3225,1852,40000,0x07
2026-09-06T16:12:42.433,2926,0,2,50,3046,1960,39538,3225,2040,40000,0x07
2026-09-06T16:12:42.498,2927,0,2,50,3205,2360,39759,3363,2320,40000,0x07
2026-09-06T16:12:42.563,2928,0,2,50,3256,2680,39522,3432,2360,40000,0x07
2026-09-06T16:12:42.628,2929,0,2,51,3298,2725,39838,3463,2373,40000,0x07
2026-09-06T16:12:42.693,2930,0,2,50,3278,2980,38776,3485,2560,40000,0x07
2026-09-06T16:12:42.758,2931,0,2,54,2171,3056,24361,2706,2630,35680,0x07
2026-09-06T16:12:42.840,2932,0,2,50,2171,2820,24787,2706,2760,35067,0x07
2026-09-06T16:12:42.905,2933,0,2,56,568,2804,3311,1738,2696,22035,0x07
2026-09-06T16:12:42.970,2934,0,2,51,267,1824,2446,1473,2608,17820,0x07
2026-09-06T16:12:43.036,2935,0,2,51,174,1490,534,1570,1980,20547,0x07
2026-09-06T16:12:43.101,2936,0,2,51,142,1196,445,1603,1961,20645,0x07
2026-09-06T16:12:43.166,2937,0,2,51,150,922,1018,1594,1961,20125,0x07
2026-09-06T16:12:43.231,2938,0,2,50,158,400,2704,1586,1660,21053,0x07
2026-09-06T16:12:43.296,2939,0,2,50,231,200,4460,1511,1500,20803,0x07
2026-09-06T16:12:43.378,2940,0,2,50,313,160,5763,1425,1340,20502,0x07
2026-09-06T16:12:43.426,2941,0,2,56,564,339,8502,1165,1268,17354,0x07
2026-09-06T16:12:43.508,2942,0,2,51,564,314,8837,1165,1078,18256,0x07
2026-09-06T16:12:43.573,2943,0,2,50,679,140,11439,1045,1100,16611,0x07
2026-09-06T16:12:43.638,2944,0,2,51,1625,118,24295,1799,1078,26945,0x07
2026-09-06T16:12:43.703,2945,0,2,50,2695,700,38621,2770,1300,39776,0x07
2026-09-06T16:12:43.768,2946,0,2,51,3292,1137,40000,3267,1275,40000,0x07
2026-09-06T16:12:43.834,2947,0,2,53,3374,1792,40000,3113,1604,40000,0x07
2026-09-06T16:12:43.899,2948,0,2,50,3374,2120,40000,3113,1700,40000,0x07
2026-09-06T16:12:43.963,2949,0,2,50,3078,2100,38164,2743,1940,37602,0x07
2026-09-06T16:12:44.045,2950,0,2,51,2764,2353,33673,2399,2216,32323,0x07
2026-09-06T16:12:44.110,2951,0,2,50,2517,2500,30077,2138,2200,28972,0x07
2026-09-06T16:12:44.175,2952,0,2,51,0,0,0,0,0,0,0x03
2026-09-06T16:12:44.240,2953,0,2,51,0,0,0,0,0,0,0x03
2026-09-06T16:12:44.305,2954,0,2,50,0,0,20688,0,0,18479,0x07
2026-09-06T16:12:44.370,2955,0,2,51,2348,1510,25005,1993,1176,22865,0x07
2026-09-06T16:12:44.500,2956,0,2,50,2236,2440,19524,1844,1920,17753,0x07
2026-09-06T16:12:44.581,2957,0,2,50,1889,1660,18888,1334,1200,13983,0x07
2026-09-06T16:12:44.646,2958,0,2,51,1331,1667,11828,0,0,6910,0x07
2026-09-06T16:12:44.711,2959,0,2,55,-336,-73,6352,3127,0,40000,0x07
2026-09-06T16:12:44.776,2960,0,2,51,0,0,2844,3127,2098,33389,0x07
2026-09-06T16:12:44.841,2961,0,2,50,62,340,1419,1206,1280,12736,0x07
2026-09-06T16:12:44.906,2962,0,2,56,381,482,4708,1354,696,18395,0x07
2026-09-06T16:12:44.971,2963,0,2,50,381,420,4938,1354,780,18672,0x07
2026-09-06T16:12:45.036,2964,0,2,51,0,0,3885,1408,686,20556,0x07
2026-09-06T16:12:45.116,2965,0,2,51,0,0,4373,1717,706,25471,0x07
2026-09-06T16:12:45.182,2966,0,2,51,258,314,4315,1279,863,20362,0x07
2026-09-06T16:12:45.247,2967,0,2,50,334,260,5523,0,0,12349,0x07
2026-09-06T16:12:45.312,2968,0,2,54,1021,1074,12322,259,56,5251,0x07
2026-09-06T16:12:45.377,2969,0,2,50,1021,380,15839,259,660,2242,0x07
2026-09-06T16:12:45.442,2970,0,2,51,1033,529,15801,256,59,4968,0x07
2026-09-06T16:12:45.507,2971,0,2,51,1142,490,17865,261,216,4428,0x07
2026-09-06T16:12:45.572,2972,0,2,56,1259,804,18950,444,36,8022,0x07
2026-09-06T16:12:45.652,2973,0,2,50,1259,680,19987,444,100,8128,0x07
2026-09-06T16:12:45.717,2974,0,2,51,1209,745,19523,496,333,7972,0x07
2026-09-06T16:12:45.782,2975,0,2,51,1162,765,19233,545,333,8818,0x07
2026-09-06T16:12:45.848,2976,0,2,50,1091,880,18307,618,440,9658,0x07
2026-09-06T16:12:45.913,2977,0,2,50,1502,900,23711,1268,380,19028,0x07
2026-09-06T16:12:45.979,2978,0,2,53,2986,1075,40000,3173,849,40000,0x07
2026-09-06T16:12:46.044,2979,0,2,51,2986,1275,40000,3173,1176,40000,0x07
2026-09-06T16:12:46.109,2980,0,2,51,3073,1627,40000,3427,1353,40000,0x07
2026-09-06T16:12:46.174,2981,0,2,50,2635,1920,34866,3119,1360,39716,0x07
2026-09-06T16:12:46.239,2982,0,2,51,1763,2020,23550,2490,1706,32192,0x07
2026-09-06T16:12:46.320,2983,0,2,51,603,2098,7880,1525,1725,19793,0x07
2026-09-06T16:12:46.385,2984,0,2,51,8,1431,2251,1281,1725,16250,0x07
2026-09-06T16:12:46.450,2985,0,2,52,148,808,5337,1597,1673,20416,0x07
2026-09-06T16:12:46.515,2986,0,2,51,148,569,5973,1597,784,25105,0x07
2026-09-06T16:12:46.580,2987,0,2,50,148,620,5347,1596,780,26017,0x07
2026-09-06T16:12:46.645,2988,0,2,52,105,538,4265,1641,404,30952,0x07
2026-09-06T16:12:46.710,2989,0,2,50,123,460,4520,0,0,21993,0x07
2026-09-06T16:12:46.775,2990,0,2,51,3374,392,40000,0,0,3818,0x07
2026-09-06T16:12:46.856,2991,0,2,52,1485,981,19046,209,58,4327,0x07
2026-09-06T16:12:46.921,2992,0,2,50,1485,500,21961,209,80,4374,0x07
2026-09-06T16:12:46.986,2993,0,2,50,1468,360,23334,227,360,3256,0x07
2026-09-06T16:12:47.051,2994,0,2,51,1455,294,25379,241,196,4245,0x07
2026-09-06T16:12:47.116,2995,0,2,50,1467,560,25197,228,320,3460,0x07
2026-09-06T16:12:47.182,2996,0,2,52,1454,519,26076,242,0,5263,0x07
2026-09-06T16:12:47.246,2997,0,2,53,1466,811,26242,230,170,4673,0x07
2026-09-06T16:12:47.312,2998,0,2,51,1466,961,26062,230,275,4178,0x07
2026-09-06T16:12:47.393,2999,0,2,52,1422,1058,25457,275,0,6233,0x07
2026-09-06T16:12:47.458,3000,0,2,51,1340,1196,24018,359,0,7689,0x07
2026-09-06T16:12:47.523,3001,0,2,55,1110,1218,21079,599,0,11902,0x07
2026-09-06T16:12:47.589,3002,0,2,51,1110,1275,20691,599,0,12574,0x07
2026-09-06T16:12:47.654,3003,0,2,51,1057,1294,19756,653,0,13991,0x07
2026-09-06T16:12:47.720,3004,0,2,50,1332,1280,23228,1098,240,20692,0x07
2026-09-06T16:12:47.785,3005,0,2,50,2393,1260,36479,2466,1320,34492,0x07
2026-09-06T16:12:47.850,3006,0,2,51,3052,1451,40000,3313,333,40000,0x07
2026-09-06T16:12:47.916,3007,0,2,54,2735,1648,38955,3419,981,40000,0x07
2026-09-06T16:12:47.997,3008,0,2,51,2735,1784,38377,3419,1627,40000,0x07
2026-09-06T16:12:48.046,3009,0,2,50,1751,1640,27122,2585,2480,31159,0x07
2026-09-06T16:12:48.307,3010,0,2,51,539,137,18895,1474,1863,19437,0x07
2026-09-06T16:12:52.272,3011,0,2,51,381,0,17566,1355,20,28422,0x07
2026-09-06T16:12:52.338,3012,0,2,51,395,0,17745,1340,20,29711,0x07
2026-09-06T16:12:52.403,3013,0,2,51,0,0,5968,0,0,12501,0x07
2026-09-06T16:12:52.468,3014,0,2,52,0,0,5868,0,0,12612,0x07
2026-09-06T16:12:52.533,3015,0,2,52,0,0,0,0,0,0,0x03
2026-09-06T16:12:52.614,3016,0,2,50,0,0,15530,0,0,16470,0x07
2026-09-06T16:12:52.679,3017,0,2,52,-1687,-1327,18844,1750,0,27873,0x07
2026-09-06T16:12:52.744,3018,0,2,51,-1687,-157,25198,1750,0,29836,0x07
2026-09-06T16:12:52.809,3019,0,2,51,-1687,-510,24760,1750,0,31800,0x07
2026-09-06T16:12:52.874,3020,0,2,51,-1687,-843,25032,1750,255,34319,0x07
2026-09-06T16:12:52.939,3021,0,2,51,-1687,-961,25188,1750,451,34943,0x07
2026-09-06T16:12:53.004,3022,0,2,50,0,0,0,0,0,0,0x03
2026-09-06T16:12:53.085,3023,0,2,50,0,0,0,0,0,0,0x03
2026-09-06T16:12:53.150,3024,0,2,52,0,0,17189,0,0,16961,0x07
2026-09-06T16:12:53.215,3025,0,2,52,1900,96,26513,1810,558,23713,0x07
2026-09-06T16:12:53.281,3026,0,2,56,3374,821,40000,3019,464,40000,0x07
2026-09-06T16:12:53.345,3027,0,2,51,3374,1235,39450,3019,784,39668,0x07
2026-09-06T16:12:53.410,3028,0,2,51,2909,1137,35861,2365,1118,31465,0x07
2026-09-06T16:12:53.476,3029,0,2,50,2403,1440,29324,1915,1320,25625,0x07
2026-09-06T16:12:53.541,3030,0,2,57,1853,1772,21679,1337,1316,18757,0x07
2026-09-06T16:12:53.606,3031,0,2,50,1853,1780,21709,1337,1280,18972,0x07
2026-09-06T16:12:53.671,3032,0,2,50,1812,1900,20625,1371,1320,19279,0x07
2026-09-06T16:12:53.753,3033,0,2,51,1924,1824,22393,1551,1373,21513,0x07
2026-09-06T16:12:53.818,3034,0,2,51,2193,1824,26350,1938,1353,27857,0x07
2026-09-06T16:12:53.883,3035,0,2,51,2614,1784,32339,2542,1588,35494,0x07
2026-09-06T16:12:53.948,3036,0,2,53,0,0,0,0,0,0,0x03
2026-09-06T16:12:54.013,3037,0,2,50,0,0,27329,0,0,30074,0x07
2026-09-06T16:12:54.078,3038,0,2,51,3198,1529,35928,3395,1451,38336,0x07
2026-09-06T16:12:54.143,3039,0,2,51,3308,2490,33905,3500,2039,38789,0x07
2026-09-06T16:12:54.209,3040,0,2,57,3323,2351,36975,3500,2211,39678,0x07
2026-09-06T16:12:54.274,3041,0,2,50,3323,2480,37172,3500,2280,39383,0x07
2026-09-06T16:12:54.355,3042,0,2,51,0,0,0,0,0,0,0x03
2026-09-06T16:12:54.421,3043,0,2,51,0,0,0,0,0,0,0x03
2026-09-06T16:12:54.486,3044,0,2,50,0,0,24787,0,0,29840,0x07
2026-09-06T16:12:54.551,3045,0,2,51,2873,2078,28879,3367,1706,38762,0x07
2026-09-06T16:12:54.617,3046,0,2,55,1525,2000,12125,2309,2455,21954,0x07
2026-09-06T16:12:54.682,3047,0,2,51,1525,1765,12909,2309,1843,25075,0x07
2026-09-06T16:12:54.747,3048,0,2,50,454,1460,396,1351,2020,11598,0x07
2026-09-06T16:12:54.812,3049,0,2,51,473,941,2406,1260,1725,11184,0x07
2026-09-06T16:12:54.877,3050,0,2,50,221,780,52,1521,1420,16043,0x07
2026-09-06T16:12:54.959,3051,0,2,50,284,580,1410,1455,1360,15575,0x07
2026-09-06T16:12:55.024,3052,0,2,51,304,373,2465,1435,1137,16601,0x07
2026-09-06T16:12:55.089,3053,0,2,52,430,231,4825,1304,1019,16184,0x07
2026-09-06T16:12:55.154,3054,0,2,50,430,280,4748,1304,1120,15958,0x07
2026-09-06T16:12:55.219,3055,0,2,50,502,260,5910,1230,960,16004,0x07
2026-09-06T16:12:55.283,3056,0,2,52,567,404,6502,1162,865,16099,0x07
2026-09-06T16:12:55.348,3057,0,2,52,666,442,7736,1059,808,15348,0x07
2026-09-06T16:12:55.413,3058,0,2,51,1394,176,18741,1760,804,25214,0x07
2026-09-06T16:12:55.478,3059,0,2,51,2638,647,35056,2861,922,40000,0x07
2026-09-06T16:12:55.559,3060,0,2,51,2638,941,35337,2861,1098,39526,0x07
2026-09-06T16:12:55.624,3061,0,2,51,3033,1176,39097,3184,1275,40000,0x07
2026-09-06T16:12:55.689,3062,0,2,51,3285,1471,40000,3370,1412,40000,0x07
2026-09-06T16:12:55.754,3063,0,2,51,3374,2039,39547,3448,2078,40000,0x07
2026-09-06T16:12:55.819,3064,0,2,51,3369,2216,39773,3487,2098,40000,0x07
2026-09-06T16:12:55.884,3065,0,2,51,3374,2529,39302,3488,2235,40000,0x07
2026-09-06T16:12:55.949,3066,0,2,51,3374,2863,38347,3488,2471,40000,0x07
2026-09-06T16:12:56.014,3067,0,2,51,3346,2824,38648,3500,2686,40000,0x07
2026-09-06T16:12:56.095,3068,0,2,51,3338,3000,38106,3500,2627,40000,0x07
2026-09-06T16:12:56.161,3069,0,2,55,2526,2818,28036,1160,2491,10296,0x07
2026-09-06T16:12:56.226,3070,0,2,50,2526,2940,27153,1160,2060,11137,0x07
2026-09-06T16:12:56.291,3071,0,2,51,2020,3059,19608,1613,1216,20841,0x07
2026-09-06T16:12:56.356,3072,0,2,51,1985,2412,21173,1568,1941,16308,0x07
2026-09-06T16:12:56.421,3073,0,2,50,1744,2420,17639,1200,1700,12178,0x07
2026-09-06T16:12:56.486,3074,0,2,51,1486,2196,14840,903,1647,7838,0x07
2026-09-06T16:12:56.551,3075,0,2,54,2280,1574,27157,-615,-56,10130,0x07
2026-09-06T16:12:56.632,3076,0,2,50,2280,2140,24876,0,0,4241,0x07
2026-09-06T16:12:56.697,3077,0,2,51,1426,1549,16970,271,98,5171,0x07
2026-09-06T16:12:56.762,3078,0,2,51,1385,1392,17139,314,98,5943,0x07
2026-09-06T16:12:56.828,3079,0,2,51,1350,1510,16000,349,59,6937,0x07
2026-09-06T16:12:56.893,3080,0,2,50,1277,1300,15989,425,0,8606,0x07
2026-09-06T16:12:56.957,3081,0,2,51,1182,1196,15274,524,0,10430,0x07
2026-09-06T16:12:57.022,3082,0,2,51,1038,1118,13706,673,0,13842,0x07
2026-09-06T16:12:57.088,3083,0,2,51,1380,1059,18372,1242,0,22351,0x07
2026-09-06T16:12:57.153,3084,0,2,50,2220,980,29931,2134,680,32230,0x07
2026-09-06T16:12:57.234,3085,0,2,53,3214,1094,40000,3500,1453,40000,0x07
2026-09-06T16:12:57.298,3086,0,2,50,3214,1440,40000,3500,1700,40000,0x07
2026-09-06T16:12:57.363,3087,0,2,50,3009,1740,39058,3500,1180,40000,0x07
2026-09-06T16:12:57.427,3088,0,2,50,2257,1840,30365,3009,1740,38676,0x07
2026-09-06T16:12:57.492,3089,0,2,51,1186,2118,15438,2052,2078,25232,0x07
2026-09-06T16:12:57.556,3090,0,2,50,309,1780,4990,1430,1960,17361,0x07
2026-09-06T16:12:57.621,3091,0,2,54,260,1185,5272,1480,1796,17911,0x07
2026-09-06T16:12:57.702,3092,0,2,50,260,1060,5097,1480,1740,17864,0x07
2026-09-06T16:12:57.766,3093,0,2,51,231,1078,3904,1510,1569,18907,0x07
2026-09-06T16:12:57.831,3094,0,2,51,224,824,4361,1517,1588,18833,0x07
2026-09-06T16:12:57.896,3095,0,2,51,239,529,5092,1503,1333,19989,0x07
2026-09-06T16:12:57.960,3096,0,2,51,267,412,5804,1473,1353,19673,0x07
2026-09-06T16:12:58.025,3097,0,2,51,420,353,7900,1315,1275,18202,0x07
2026-09-06T16:12:58.090,3098,0,2,52,420,462,7400,1315,1212,18587,0x07
2026-09-06T16:12:58.171,3099,0,2,51,518,118,10406,1213,1294,16870,0x07
2026-09-06T16:12:58.236,3100,0,2,51,598,98,11906,1130,1157,16384,0x07
2026-09-06T16:12:58.300,3101,0,2,54,2190,259,32825,2314,1037,33256,0x07
2026-09-06T16:12:58.365,3102,0,2,51,2190,569,32973,2314,980,34993,0x07
2026-09-06T16:12:58.430,3103,0,2,51,3109,922,40000,3092,1137,40000,0x07
2026-09-06T16:12:58.495,3104,0,2,51,3374,1686,40000,3360,1510,40000,0x07
2026-09-06T16:12:58.576,3105,0,2,50,3374,1980,40000,3200,1580,40000,0x07
2026-09-06T16:12:58.641,3106,0,2,51,3163,1961,39875,2820,1882,38552,0x07
2026-09-06T16:12:58.706,3107,0,2,52,2668,2500,32215,2346,2192,31909,0x07
2026-09-06T16:12:58.771,3108,0,2,50,2668,2460,32569,2346,2240,31823,0x07
2026-09-06T16:12:58.836,3109,0,2,51,2626,2647,31255,2368,2275,32058,0x07
2026-09-06T16:12:58.901,3110,0,2,51,2628,2745,30866,2376,2549,30854,0x07
2026-09-06T16:12:58.966,3111,0,2,50,2665,2580,32091,2441,2440,32134,0x07
2026-09-06T16:12:59.031,3112,0,2,51,2742,2784,32108,2558,2510,33360,0x07
2026-09-06T16:12:59.097,3113,0,2,53,2703,2868,31243,2428,2604,31283,0x07
2026-09-06T16:12:59.162,3114,0,2,51,2703,2804,31424,0,0,10554,0x07
2026-09-06T16:12:59.243,3115,0,2,51,1490,2843,15405,-1035,-686,12425,0x07
2026-09-06T16:12:59.308,3116,0,2,50,1357,2240,15589,0,0,3445,0x07
2026-09-06T16:12:59.373,3117,0,2,51,0,0,17576,175,588,1330,0x07
2026-09-06T16:12:59.438,3118,0,2,50,0,0,3353,3500,500,40000,0x07
2026-09-06T16:12:59.503,3119,0,2,52,66,769,0,1681,1115,17926,0x07
2026-09-06T16:12:59.568,3120,0,2,50,66,480,828,0,0,21040,0x07
2026-09-06T16:12:59.633,3121,0,2,50,3374,320,40000,0,0,4990,0x07
2026-09-06T16:12:59.698,3122,0,2,50,1338,1720,10558,362,60,6605,0x07
2026-09-06T16:12:59.779,3123,0,2,50,1367,540,17303,332,180,5987,0x07
2026-09-06T16:12:59.845,3124,0,2,50,1409,700,17747,289,380,4497,0x07
2026-09-06T16:12:59.909,3125,0,2,50,1443,540,19640,253,40,5730,0x07
2026-09-06T16:12:59.975,3126,0,2,50,1459,740,20303,237,320,4359,0x07
2026-09-06T16:13:00.040,3127,0,2,51,1509,765,21472,185,39,5063,0x07
2026-09-06T16:13:00.105,3128,0,2,52,1441,904,20561,255,0,6398,0x07
2026-09-06T16:13:00.169,3129,0,2,50,1316,880,19919,385,0,8901,0x07
2026-09-06T16:13:00.234,3130,0,2,51,1267,902,19565,436,0,10026,0x07
2026-09-06T16:13:00.315,3131,0,2,51,1213,922,19093,492,78,10862,0x07
2026-09-06T16:13:00.380,3132,0,2,52,1081,1058,17064,628,654,10108,0x07
2026-09-06T16:13:00.445,3133,0,2,51,1081,1078,16979,628,451,11169,0x07
2026-09-06T16:13:00.510,3134,0,2,51,1156,1000,18347,802,255,14783,0x07
2026-09-06T16:13:00.574,3135,0,2,50,1978,1080,29618,1843,500,29908,0x07
2026-09-06T16:13:00.640,3136,0,2,50,2613,1180,38121,2606,700,38616,0x07
2026-09-06T16:13:00.705,3137,0,2,50,3024,1440,40000,3123,960,40000,0x07
2026-09-06T16:13:00.770,3138,0,2,53,3297,1849,40000,3500,1585,40000,0x07
2026-09-06T16:13:00.851,3139,0,2,51,3297,2196,40000,3500,1588,40000,0x07
2026-09-06T16:13:00.916,3140,0,2,51,3191,2118,40000,3500,1843,40000,0x07
2026-09-06T16:13:00.981,3141,0,2,51,2926,2471,36819,3390,2196,40000,0x07
2026-09-06T16:13:01.045,3142,0,2,50,1662,2320,20842,2314,2180,28846,0x07
2026-09-06T16:13:01.110,3143,0,2,50,509,2340,5230,1582,2260,18606,0x07
2026-09-06T16:13:01.175,3144,0,2,53,351,1358,5515,1387,1830,16742,0x07
2026-09-06T16:13:01.240,3145,0,2,50,351,1180,5539,1387,1760,16630,0x07
2026-09-06T16:13:01.305,3146,0,2,50,0,0,4868,1438,1600,17781,0x07
2026-09-06T16:13:01.386,3147,0,2,50,0,0,28701,0,0,22198,0x07
2026-09-06T16:13:01.451,3148,0,2,58,-2335,-103,32367,3500,52,40000,0x07
2026-09-06T16:13:01.516,3149,0,2,50,0,0,4146,3500,1800,38167,0x07
2026-09-06T16:13:01.581,3150,0,2,51,229,608,2194,1512,2000,11884,0x07
2026-09-06T16:13:01.646,3151,0,2,52,332,115,5583,1405,846,16621,0x07
2026-09-06T16:13:01.711,3152,0,2,52,384,212,5956,1352,615,17774,0x07
2026-09-06T16:13:01.776,3153,0,2,51,391,333,5571,1345,118,21178,0x07
2026-09-06T16:13:01.840,3154,0,2,50,442,200,6971,1292,120,21791,0x07
2026-09-06T16:13:01.921,3155,0,2,51,453,0,8778,1280,0,25023,0x07
2026-09-06T16:13:01.986,3156,0,2,52,436,0,8963,1298,0,26741,0x07
2026-09-06T16:13:02.051,3157,0,2,50,465,0,9733,1267,0,27750,0x07
2026-09-06T16:13:02.116,3158,0,2,50,449,0,10340,1284,0,30813,0x07
2026-09-06T16:13:02.181,3159,0,2,50,0,0,0,0,0,0,0x03
2026-09-06T16:13:02.246,3160,0,2,50,437,0,8012,1297,0,19659,0x07
2026-09-06T16:13:02.311,3161,0,2,51,437,0,8406,1297,0,21114,0x07
2026-09-06T16:13:02.392,3162,0,2,52,417,0,8555,1317,0,22875,0x07
2026-09-06T16:13:02.440,3163,0,2,50,426,0,9033,1309,0,24209,0x07
2026-09-06T16:13:02.521,3164,0,2,56,410,0,9613,1325,0,27538,0x07
2026-09-06T16:13:02.586,3165,0,2,51,410,0,9982,1325,0,29025,0x07
2026-09-06T16:13:02.650,3166,0,2,52,438,0,10731,1295,0,30135,0x07
2026-09-06T16:13:02.715,3167,0,2,56,406,0,11110,1329,0,33681,0x07
2026-09-06T16:13:02.779,3168,0,2,51,406,0,11476,1329,0,35173,0x07
2026-09-06T16:13:02.860,3169,0,2,50,402,0,11787,1333,0,36686,0x07
2026-09-06T16:13:02.925,3170,0,2,51,428,0,12492,1306,0,37815,0x07
2026-09-06T16:13:02.990,3171,0,2,55,352,0,12289,1385,0,39137,0x07
2026-09-06T16:13:03.055,3172,0,2,51,352,0,12607,1385,0,39137,0x07
2026-09-06T16:13:03.119,3173,0,2,51,421,0,13826,1313,0,38235,0x07
2026-09-06T16:13:03.185,3174,0,2,56,430,0,14740,1304,0,38124,0x07
2026-09-06T16:13:03.250,3175,0,2,52,0,0,15530,1304,0,38124,0x07
2026-09-06T16:13:03.315,3176,0,2,50,-1687,-500,21625,1750,0,40000,0x07
2026-09-06T16:13:03.396,3177,0,2,51,-1687,-922,20525,1750,39,40000,0x07
2026-09-06T16:13:03.462,3178,0,2,51,-1687,-569,24244,1750,647,40000,0x07
2026-09-06T16:13:03.527,3179,0,2,50,-1687,-700,24559,1750,860,40000,0x07
2026-09-06T16:13:03.592,3180,0,2,55,-1687,-873,25420,1750,1236,38453,0x07
2026-09-06T16:13:03.658,3181,0,2,51,0,0,0,0,0,0,0x03
2026-09-06T16:13:03.723,3182,0,2,50,0,0,18203,0,0,16959,0x07
2026-09-06T16:13:03.788,3183,0,2,52,2029,115,28100,1809,423,24435,0x07
2026-09-06T16:13:03.853,3184,0,2,52,3357,173,40000,3115,1250,38825,0x07
2026-09-06T16:13:03.918,3185,0,2,50,3374,740,40000,2715,1240,35490,0x07
2026-09-06T16:13:03.983,3186,0,2,51,1732,1039,21215,587,1784,5186,0x07
2026-09-06T16:13:04.049,3187,0,2,50,1514,620,21156,180,480,5298,0x07
2026-09-06T16:13:04.131,3188,0,2,52,1543,19,26638,150,38,6818,0x07
2026-09-06T16:13:04.196,3189,0,2,51,1559,137,27615,133,0,6922,0x07
2026-09-06T16:13:04.261,3190,0,2,51,1525,39,28971,168,0,7543,0x07
2026-09-06T16:13:04.326,3191,0,2,50,1549,80,31320,143,0,7551,0x07
2026-09-06T16:13:04.391,3192,0,2,50,1510,80,30843,184,0,8262,0x07
2026-09-06T16:13:04.456,3193,0,2,50,1500,80,30722,194,0,8607,0x07
2026-09-06T16:13:04.521,3194,0,2,50,1490,380,29328,204,60,8881,0x07
2026-09-06T16:13:04.586,3195,0,2,51,1485,627,28211,210,118,8809,0x07
2026-09-06T16:13:04.668,3196,0,2,51,1461,784,27264,234,20,9769,0x07
2026-09-06T16:13:04.733,3197,0,2,55,1405,945,25900,293,236,9560,0x07
2026-09-06T16:13:04.798,3198,0,2,50,1405,1100,25243,293,580,7784,0x07
2026-09-06T16:13:04.864,3199,0,2,50,1309,1100,24091,392,400,9779,0x07
2026-09-06T16:13:04.929,3200,0,2,50,1271,1300,22748,432,420,10453,0x07
2026-09-06T16:13:04.994,3201,0,2,50,1241,1320,22235,463,280,11635,0x07
2026-09-06T16:13:05.059,3202,0,2,50,1191,1360,21313,514,260,12649,0x07
2026-09-06T16:13:05.124,3203,0,2,55,1018,1255,19259,694,291,15581,0x07
2026-09-06T16:13:05.189,3204,0,2,50,1018,1220,19227,694,380,15548,0x07
2026-09-06T16:13:05.271,3205,0,2,51,1872,1314,29630,1718,490,29274,0x07
2026-09-06T16:13:05.336,3206,0,2,51,2657,1275,39600,2736,686,40000,0x07
2026-09-06T16:13:05.401,3207,0,2,51,3132,1725,40000,3379,1510,40000,0x07
2026-09-06T16:13:05.465,3208,0,2,50,3261,2040,40000,3500,1700,40000,0x07
2026-09-06T16:13:05.531,3209,0,2,54,2840,2407,36989,3334,1926,40000,0x07
2026-09-06T16:13:05.596,3210,0,2,50,2840,2400,37021,3334,2020,40000,0x07
2026-09-06T16:13:05.661,3211,0,2,51,2401,2529,31058,2983,2078,39380,0x07
2026-09-06T16:13:05.726,3212,0,2,50,1675,2660,20880,2396,2500,30125,0x07
2026-09-06T16:13:05.791,3213,0,2,50,0,0,0,0,0,0,0x03
2026-09-06T16:13:05.857,3214,0,2,51,0,0,4538,0,0,14073,0x07
2026-09-06T16:13:05.938,3215,0,2,51,0,0,0,0,0,0,0x03
2026-09-06T16:13:06.003,3216,0,2,52,-92,0,3552,1846,0,27216,0x07
2026-09-06T16:13:06.068,3217,0,2,51,0,0,28701,0,0,20378,0x07
2026-09-06T16:13:06.133,3218,0,2,50,3374,340,40000,0,0,5343,0x07
2026-09-06T16:13:06.198,3219,0,2,51,1297,627,16643,405,20,7724,0x07
2026-09-06T16:13:06.263,3220,0,2,51,1332,706,17295,368,0,7765,0x07
2026-09-06T16:13:06.328,3221,0,2,51,1381,706,18498,317,0,7481,0x07
2026-09-06T16:13:06.393,3222,0,2,51,1366,745,19257,332,0,8420,0x07
2026-09-06T16:13:06.474,3223,0,2,50,1321,740,19243,380,0,9430,0x07
2026-09-06T16:13:06.539,3224,0,2,50,1288,780,19124,414,0,10315,0x07
2026-09-06T16:13:06.605,3225,0,2,52,1220,750,18866,485,0,11755,0x07
2026-09-06T16:13:06.670,3226,0,2,51,1154,824,18396,553,0,13857,0x07
2026-09-06T16:13:06.735,3227,0,2,52,1101,865,17788,608,0,15249,0x07
2026-09-06T16:13:06.800,3228,0,2,50,1542,960,23313,1239,1040,19354,0x07
2026-09-06T16:13:06.865,3229,0,2,51,1542,922,24036,1239,804,20845,0x07
2026-09-06T16:13:06.930,3230,0,2,52,2258,942,33784,2170,288,36844,0x07
2026-09-06T16:13:07.011,3231,0,2,50,2813,1220,39296,2863,580,40000,0x07
2026-09-06T16:13:07.075,3232,0,2,57,3243,1596,40000,3500,1333,40000,0x07
2026-09-06T16:13:07.140,3233,0,2,51,3243,1608,40000,3500,1745,40000,0x07
2026-09-06T16:13:07.206,3234,0,2,51,3033,2020,39465,3500,1824,40000,0x07
2026-09-06T16:13:07.271,3235,0,2,50,2690,2240,35266,3227,2120,40000,0x07
2026-09-06T16:13:07.336,3236,0,2,50,2262,2520,28690,2853,2240,37774,0x07
2026-09-06T16:13:07.401,3237,0,2,50,1729,2220,23094,2390,2520,30648,0x07
2026-09-06T16:13:07.467,3238,0,2,53,102,1679,2958,1266,1849,18216,0x07
2026-09-06T16:13:07.547,3239,0,2,51,102,980,5135,0,0,6586,0x07
2026-09-06T16:13:07.596,3240,0,2,51,2379,1176,32849,0,0,13674,0x07
2026-09-06T16:13:07.677,3241,0,2,51,789,2333,7356,0,0,10250,0x07
2026-09-06T16:13:07.742,3242,0,2,51,1242,1176,17628,-998,-216,15285,0x07
2026-09-06T16:13:07.807,3243,0,2,51,0,0,22187,0,0,30942,0x07
2026-09-06T16:13:07.872,3244,0,2,51,155,39,4162,879,2098,2720,0x07
2026-09-06T16:13:07.938,3245,0,2,52,155,538,1687,879,269,11191,0x07
2026-09-06T16:13:08.002,3246,0,2,52,265,154,4750,921,404,11732,0x07
2026-09-06T16:13:08.084,3247,0,2,51,329,39,6268,1039,294,14516,0x07
2026-09-06T16:13:08.133,3248,0,2,55,538,436,7326,1192,255,18829,0x07
2026-09-06T16:13:08.214,3249,0,2,51,538,373,7746,1192,314,19563,0x07
2026-09-06T16:13:08.279,3250,0,2,51,564,176,9250,1164,373,19856,0x07
2026-09-06T16:13:08.344,3251,0,2,50,598,240,9704,1129,480,19675,0x07
2026-09-06T16:13:08.409,3252,0,2,52,736,327,11760,1294,615,22794,0x07
2026-09-06T16:13:08.474,3253,0,2,51,1256,392,18545,1708,706,28717,0x07
2026-09-06T16:13:08.539,3254,0,2,50,1962,680,28001,2371,860,39502,0x07
2026-09-06T16:13:08.620,3255,0,2,51,1962,902,28014,2371,1078,38574,0x07
2026-09-06T16:13:08.668,3256,0,2,51,2393,1078,33645,2700,1275,40000,0x07
2026-09-06T16:13:08.749,3257,0,2,51,2738,1314,38101,2989,1510,40000,0x07
2026-09-06T16:13:08.814,3258,0,2,51,2962,1765,39958,3187,1980,40000,0x07
2026-09-06T16:13:08.879,3259,0,2,50,3013,2020,39489,3279,1980,40000,0x07
2026-09-06T16:13:08.944,3260,0,2,50,3319,2400,40000,3420,2220,40000,0x07
2026-09-06T16:13:09.009,3261,0,2,51,3319,2667,40000,3420,2412,40000,0x07
2026-09-06T16:13:09.074,3262,0,2,51,3344,2667,40000,3472,2686,40000,0x07
2026-09-06T16:13:09.139,3263,0,2,50,3363,2860,40000,3488,2620,40000,0x07
2026-09-06T16:13:09.204,3264,0,2,58,3316,3207,38213,3500,2793,40000,0x07
2026-09-06T16:13:09.286,3265,0,2,50,3316,3120,38756,3500,3040,40000,0x07
2026-09-06T16:13:09.351,3266,0,2,50,3251,3220,37578,3500,2980,40000,0x07
2026-09-06T16:13:09.416,3267,0,2,51,3175,3275,36342,3477,3000,40000,0x07
2026-09-06T16:13:09.481,3268,0,2,50,3022,3360,33563,3398,3260,40000,0x07
2026-09-06T16:13:09.546,3269,0,2,50,2820,3160,31680,3254,3140,40000,0x07
2026-09-06T16:13:09.611,3270,0,2,51,1249,2765,11913,2055,2980,25065,0x07
2026-09-06T16:13:09.676,3271,0,2,51,1249,863,20346,2055,1922,29715,0x07
2026-09-06T16:13:09.741,3272,0,2,50,351,500,10922,1386,1400,23542,0x07
2026-09-06T16:13:09.822,3273,0,2,51,2854,118,40000,1732,314,34083,0x07
2026-09-06T16:13:09.887,3274,0,2,51,0,0,3942,693,235,22621,0x07
2026-09-06T16:13:09.952,3275,0,2,52,0,0,3959,1961,404,39553,0x07
2026-09-06T16:13:10.017,3276,0,2,50,218,220,4149,1524,840,33956,0x07
2026-09-06T16:13:10.082,3277,0,2,50,218,300,3737,1524,960,34066,0x07
2026-09-06T16:13:10.147,3278,0,2,51,237,255,4141,1504,1118,33583,0x07
2026-09-06T16:13:10.212,3279,0,2,51,275,255,4610,1465,1216,32960,0x07
2026-09-06T16:13:10.278,3280,0,2,51,298,78,5926,1442,1235,33332,0x07
2026-09-06T16:13:10.359,3281,0,2,50,369,40,7239,1367,740,35199,0x07
2026-09-06T16:13:10.424,3282,0,2,51,411,196,7278,1324,39,38204,0x07
2026-09-06T16:13:10.489,3283,0,2,50,538,0,10538,1192,0,36722,0x07
2026-09-06T16:13:10.554,3284,0,2,51,538,0,11024,1192,0,36722,0x07
2026-09-06T16:13:10.619,3285,0,2,52,528,0,11386,1203,0,36854,0x07
2026-09-06T16:13:10.684,3286,0,2,56,481,0,11741,1251,0,37463,0x07
2026-09-06T16:13:10.749,3287,0,2,50,481,0,12166,1251,0,37463,0x07
2026-09-06T16:13:10.814,3288,0,2,50,0,0,0,0,0,0,0x03
2026-09-06T16:13:10.895,3289,0,2,52,0,0,5803,0,0,12683,0x07
2026-09-06T16:13:10.944,3290,0,2,51,441,0,8475,1292,0,21075,0x07
2026-09-06T16:13:11.025,3291,0,2,52,442,0,8895,1292,0,22544,0x07
2026-09-06T16:13:11.090,3292,0,2,51,442,0,9294,1291,0,23988,0x07
2026-09-06T16:13:11.155,3293,0,2,54,439,0,9677,1294,0,25566,0x07
2026-09-06T16:13:11.220,3294,0,2,51,433,0,10376,1301,0,28573,0x07
2026-09-06T16:13:11.285,3295,0,2,50,434,0,10777,1300,0,29991,0x07
2026-09-06T16:13:11.350,3296,0,2,53,430,0,11517,1304,0,33025,0x07
2026-09-06T16:13:11.431,3297,0,2,51,430,0,11905,1304,0,34489,0x07
2026-09-06T16:13:11.496,3298,0,2,51,429,0,12288,1305,0,35958,0x07
2026-09-06T16:13:11.561,3299,0,2,52,429,0,12683,0,0,16470,0x07
2026-09-06T16:13:11.626,3300,0,2,50,1687,60,30558,-1750,-1400,20262,0x07
2026-09-06T16:13:11.691,3301,0,2,50,0,0,0,0,0,0,0x03
2026-09-06T16:13:11.757,3302,0,2,51,1687,0,24223,-1750,0,25871,0x07
2026-09-06T16:13:11.822,3303,0,2,52,1687,96,25278,-1750,-577,24761,0x07
2026-09-06T16:13:11.887,3304,0,2,52,1687,19,27140,-1750,-462,26725,0x07
2026-09-06T16:13:11.952,3305,0,2,51,0,0,0,0,0,0,0x03
2026-09-06T16:13:12.018,3306,0,2,55,364,0,7101,1372,36,20641,0x07
2026-09-06T16:13:12.099,3307,0,2,51,364,294,5914,1372,784,18122,0x07
2026-09-06T16:13:12.165,3308,0,2,52,349,96,6810,1388,0,23237,0x07
2026-09-06T16:13:12.230,3309,0,2,51,258,59,6054,1482,275,24603,0x07
2026-09-06T16:13:12.295,3310,0,2,51,164,137,4691,1580,647,26617,0x07
2026-09-06T16:13:12.361,3311,0,2,51,77,78,3891,1670,725,28469,0x07
2026-09-06T16:13:12.426,3312,0,2,51,94,0,4507,1653,471,30664,0x07
2026-09-06T16:13:12.491,3313,0,2,50,102,0,4782,1645,0,36112,0x07
2026-09-06T16:13:12.556,3314,0,2,51,169,0,5753,1574,0,36994,0x07
2026-09-06T16:13:12.621,3315,0,2,50,182,0,6060,1562,0,38554,0x07
2026-09-06T16:13:12.702,3316,0,2,56,265,0,7556,1475,0,39179,0x07
2026-09-06T16:13:12.767,3317,0,2,51,265,0,7796,1475,0,39179,0x07
2026-09-06T16:13:12.832,3318,0,2,52,321,0,8766,1417,0,39535,0x07
2026-09-06T16:13:12.897,3319,0,2,54,0,0,0,0,0,0,0x03
2026-09-06T16:13:12.961,3320,0,2,51,0,0,4409,0,0,14215,0x07
2026-09-06T16:13:13.028,3321,0,2,50,0,0,0,0,0,0,0x03
2026-09-06T16:13:13.093,3322,0,2,52,0,0,4836,0,0,13747,0x07
2026-09-06T16:13:13.158,3323,0,2,56,269,0,6157,1471,18,23718,0x07
2026-09-06T16:13:13.240,3324,0,2,52,269,0,6405,1471,0,25477,0x07
2026-09-06T16:13:13.288,3325,0,2,51,228,0,6119,1513,20,27600,0x07
2026-09-06T16:13:13.369,3326,0,2,51,222,0,6238,1520,0,29476,0x07
2026-09-06T16:13:13.434,3327,0,2,50,253,0,7068,1488,0,32375,0x07
2026-09-06T16:13:13.499,3328,0,2,52,0,0,0,0,0,0,0x03
2026-09-06T16:13:13.564,3329,0,2,52,248,0,5575,1493,0,22395,0x07
2026-09-06T16:13:13.629,3330,0,2,52,248,0,5803,1493,38,23895,0x07
2026-09-06T16:13:13.694,3331,0,2,51,236,0,5874,1505,0,25900,0x07
2026-09-06T16:13:13.759,3332,0,2,50,234,0,6058,0,0,16470,0x07
2026-09-06T16:13:13.824,3333,0,2,50,1687,120,25946,-1750,-1320,20630,0x07
2026-09-06T16:13:13.906,3334,0,2,52,1687,154,27214,-1750,-1096,22329,0x07
2026-09-06T16:13:13.971,3335,0,2,52,1687,442,27133,-1750,-481,26396,0x07
2026-09-06T16:13:14.036,3336,0,2,52,1687,750,26688,-1750,-558,27433,0x07
2026-09-06T16:13:14.101,3337,0,2,51,1687,1078,26515,-1750,-784,28659,0x07
2026-09-06T16:13:14.166,3338,0,2,50,0,0,0,0,0,0,0x03
2026-09-06T16:13:14.231,3339,0,2,56,3374,54,40000,-2148,0,31531,0x07
2026-09-06T16:13:14.296,3340,0,2,51,3374,1804,36791,0,0,6250,0x07
2026-09-06T16:13:14.361,3341,0,2,50,1191,1340,12314,514,300,7396,0x07
2026-09-06T16:13:14.442,3342,0,2,52,1042,1058,11696,669,38,11170,0x07
2026-09-06T16:13:14.507,3343,0,2,54,2741,1259,32700,3164,19,40000,0x07
2026-09-06T16:13:14.573,3344,0,2,52,2741,731,36796,3164,327,40000,0x07
2026-09-06T16:13:14.638,3345,0,2,50,2983,120,40000,3500,900,40000,0x07
2026-09-06T16:13:14.703,3346,0,2,51,1626,20,29220,2691,608,37757,0x07
2026-09-06T16:13:14.768,3347,0,2,51,247,98,12393,1494,510,24292,0x07
2026-09-06T16:13:14.833,3348,0,2,51,257,39,12961,1483,333,26200,0x07
2026-09-06T16:13:14.898,3349,0,2,52,378,0,15224,1358,0,29151,0x07
2026-09-06T16:13:14.979,3350,0,2,52,378,0,15572,1358,0,30704,0x07
2026-09-06T16:13:15.044,3351,0,2,50,382,0,15959,1353,0,32141,0x07
2026-09-06T16:13:15.109,3352,0,2,51,388,0,16374,1348,0,33582,0x07
2026-09-06T16:13:15.174,3353,0,2,50,389,0,17085,1346,0,36556,0x07
2026-09-06T16:13:15.239,3354,0,2,51,392,0,17477,1343,0,38024,0x07
2026-09-06T16:13:15.304,3355,0,2,52,1687,0,33320,-1750,0,25910,0x07
2026-09-06T16:13:15.369,3356,0,2,50,1687,20,33235,-1750,-1360,20558,0x07
2026-09-06T16:13:15.435,3357,0,2,51,1687,0,33320,-1750,-1078,22509,0x07
2026-09-06T16:13:15.516,3358,0,2,50,1687,0,33320,-1750,-240,27733,0x07
2026-09-06T16:13:15.565,3359,0,2,57,1687,35,33171,-1750,-561,29403,0x07
2026-09-06T16:13:15.646,3360,0,2,51,1687,235,32320,-1750,-745,29750,0x07
2026-09-06T16:13:15.711,3361,0,2,54,0,0,0,0,0,0,0x03
2026-09-06T16:13:15.776,3362,0,2,54,0,0,4975,0,0,13593,0x07
2026-09-06T16:13:15.841,3363,0,2,50,0,0,0,0,0,0,0x03
2026-09-06T16:13:15.906,3364,0,2,51,0,0,0,0,0,0,0x03
2026-09-06T16:13:15.972,3365,0,2,51,-109,0,3774,1863,0,27418,0x07
2026-09-06T16:13:16.037,3366,0,2,51,0,0,28701,0,0,17775,0x07
2026-09-06T16:13:16.102,3367,0,2,50,3374,1000,38790,0,0,7659,0x07
2026-09-06T16:13:16.183,3368,0,2,51,1027,824,11426,685,431,9019,0x07
2026-09-06T16:13:16.249,3369,0,2,51,1094,549,14428,616,510,8201,0x07
2026-09-06T16:13:16.314,3370,0,2,50,1151,560,15600,556,520,7448,0x07
2026-09-06T16:13:16.379,3371,0,2,52,1187,596,17012,518,231,8681,0x07
2026-09-06T16:13:16.444,3372,0,2,50,1187,660,17207,518,360,8306,0x07
2026-09-06T16:13:16.509,3373,0,2,50,1157,680,17178,550,260,9444,0x07
2026-09-06T16:13:16.574,3374,0,2,50,1095,720,16591,614,380,9999,0x07
2026-09-06T16:13:16.639,3375,0,2,52,1460,731,22304,1093,423,17424,0x07
2026-09-06T16:13:16.704,3376,0,2,51,1916,804,28494,1645,412,25766,0x07
2026-09-06T16:13:16.785,3377,0,2,51,2304,941,33819,2109,529,32852,0x07
2026-09-06T16:13:16.850,3378,0,2,50,2918,1380,40000,2926,980,40000,0x07
2026-09-06T16:13:16.916,3379,0,2,50,2918,1660,39483,2926,1340,40000,0x07
2026-09-06T16:13:16.980,3380,0,2,50,3141,1800,40000,3208,1580,40000,0x07
2026-09-06T16:13:17.046,3381,0,2,57,3317,2211,40000,3500,2123,40000,0x07
2026-09-06T16:13:17.111,3382,0,2,50,3317,2360,40000,3500,2240,40000,0x07
2026-09-06T16:13:17.176,3383,0,2,50,3262,2600,39642,3500,2320,40000,0x07
2026-09-06T16:13:17.241,3384,0,2,50,3116,2640,38124,3500,2480,40000,0x07
2026-09-06T16:13:17.323,3385,0,2,50,2952,2780,35770,3361,2800,40000,0x07
2026-09-06T16:13:17.388,3386,0,2,52,2742,2923,32461,3193,2846,38888,0x07
2026-09-06T16:13:17.453,3387,0,2,50,2379,2840,28028,2924,2880,35422,0x07
2026-09-06T16:13:17.518,3388,0,2,50,1944,2540,22533,2556,2900,30018,0x07
2026-09-06T16:13:17.583,3389,0,2,51,1230,2471,13092,1973,2843,21983,0x07
2026-09-06T16:13:17.648,3390,0,2,50,503,2080,4588,1311,2680,12885,0x07
2026-09-06T16:13:17.713,3391,0,2,51,395,1059,6381,1340,1608,16619,0x07
2026-09-06T16:13:17.778,3392,0,2,50,366,1380,3778,1370,1640,16553,0x07
2026-09-06T16:13:17.859,3393,0,2,51,367,1039,4622,1370,1706,15893,0x07
2026-09-06T16:13:17.908,3394,0,2,53,430,943,5305,1304,1642,14957,0x07
2026-09-06T16:13:17.989,3395,0,2,50,451,660,6241,1282,1340,15609,0x07
2026-09-06T16:13:18.054,3396,0,2,51,537,549,7732,1194,863,16903,0x07
2026-09-06T16:13:18.119,3397,0,2,50,556,520,8123,1173,160,20746,0x07
2026-09-06T16:13:18.185,3398,0,2,50,577,40,11385,1152,0,23657,0x07
2026-09-06T16:13:18.250,3399,0,2,52,744,0,14258,1264,0,26500,0x07
2026-09-06T16:13:18.315,3400,0,2,51,1036,0,18721,1554,0,31881,0x07
2026-09-06T16:13:18.395,3401,0,2,51,1277,0,23932,1782,0,38727,0x07
2026-09-06T16:13:18.444,3402,0,2,50,1416,0,26852,1927,0,40000,0x07
2026-09-06T16:13:18.525,3403,0,2,50,1468,20,28679,1994,20,40000,0x07
2026-09-06T16:13:18.590,3404,0,2,51,1623,0,32542,2110,0,40000,0x07
2026-09-06T16:13:18.655,3405,0,2,51,1542,0,31570,2088,0,40000,0x07
2026-09-06T16:13:18.720,3406,0,2,51,0,0,0,0,0,0,0x03
2026-09-06T16:13:18.785,3407,0,2,51,0,0,13846,0,0,18798,0x07
2026-09-06T16:13:18.850,3408,0,2,51,1471,39,21226,2031,0,29711,0x07
2026-09-06T16:13:18.915,3409,0,2,52,1409,0,21937,1972,0,31226,0x07
2026-09-06T16:13:18.980,3410,0,2,50,1335,0,23430,1898,0,34505,0x07
2026-09-06T16:13:19.061,3411,0,2,51,1335,0,24635,1898,0,36635,0x07
2026-09-06T16:13:19.126,3412,0,2,51,1318,0,25622,1880,0,38516,0x07
2026-09-06T16:13:19.191,3413,0,2,50,1207,20,25247,1800,20,39395,0x07
2026-09-06T16:13:19.256,3414,0,2,51,1251,0,28059,1809,0,39585,0x07
2026-09-06T16:13:19.321,3415,0,2,50,1172,0,27107,1760,0,38981,0x07
2026-09-06T16:13:19.386,3416,0,2,52,1395,0,29799,1899,0,40000,0x07
2026-09-06T16:13:19.450,3417,0,2,51,1362,0,29405,1917,0,40000,0x07
2026-09-06T16:13:19.532,3418,0,2,51,1156,0,26911,1774,0,39155,0x07
2026-09-06T16:13:19.597,3419,0,2,51,1234,0,27859,0,0,16470,0x07
2026-09-06T16:13:19.661,3420,0,2,53,1687,0,33320,-1750,-1396,20223,0x07
2026-09-06T16:13:19.726,3421,0,2,50,1687,60,33065,-1750,-820,23695,0x07
2026-09-06T16:13:19.792,3422,0,2,51,1687,275,32153,-1750,-314,27458,0x07
2026-09-06T16:13:19.857,3423,0,2,57,1687,404,31605,-1750,-596,29133,0x07
2026-09-06T16:13:19.921,3424,0,2,50,1687,380,31705,-1750,-640,30169,0x07
2026-09-06T16:13:19.986,3425,0,2,50,0,0,0,0,0,0,0x03
2026-09-06T16:13:20.067,3426,0,2,50,0,0,4773,0,0,13816,0x07
2026-09-06T16:13:20.132,3427,0,2,52,309,365,4763,1429,423,20846,0x07
2026-09-06T16:13:20.197,3428,0,2,51,308,510,3955,1430,78,23840,0x07
2026-09-06T16:13:20.262,3429,0,2,52,17,77,2205,1732,404,29198,0x07
2026-09-06T16:13:20.327,3430,0,2,50,17,20,2445,0,0,20444,0x07
2026-09-06T16:13:20.392,3431,0,2,50,3374,0,40000,0,0,5089,0x07
2026-09-06T16:13:20.457,3432,0,2,50,1327,880,14978,374,620,3772,0x07
2026-09-06T16:13:20.522,3433,0,2,51,1368,196,20572,331,255,5043,0x07
2026-09-06T16:13:20.603,3434,0,2,50,1402,140,22329,296,80,5590,0x07
2026-09-06T16:13:20.668,3435,0,2,50,1438,220,23502,259,180,4782,0x07
2026-09-06T16:13:20.734,3436,0,2,51,1413,353,24670,285,39,5951,0x07
2026-09-06T16:13:20.799,3437,0,2,51,1413,490,24920,285,20,6332,0x07
2026-09-06T16:13:20.864,3438,0,2,51,1420,608,25238,277,157,5791,0x07
2026-09-06T16:13:20.929,3439,0,2,51,1372,882,24516,327,78,7045,0x07
2026-09-06T16:13:20.994,3440,0,2,50,1379,860,25155,320,120,7002,0x07
2026-09-06T16:13:21.059,3441,0,2,50,1316,1020,23979,385,460,6285,0x07
2026-09-06T16:13:21.124,3442,0,2,54,1207,1111,22486,499,315,8595,0x07
2026-09-06T16:13:21.206,3443,0,2,51,1207,1157,22337,499,451,8070,0x07
2026-09-06T16:13:21.271,3444,0,2,50,1141,1240,21110,566,340,9632,0x07
2026-09-06T16:13:21.336,3445,0,2,51,1098,1353,19871,611,235,11068,0x07
2026-09-06T16:13:21.401,3446,0,2,52,1159,1231,20925,795,327,13989,0x07
2026-09-06T16:13:21.466,3447,0,2,51,2045,1294,32022,1954,392,29969,0x07
2026-09-06T16:13:21.531,3448,0,2,50,3112,1520,40000,3301,920,40000,0x07
2026-09-06T16:13:21.596,3449,0,2,50,3112,1580,40000,3301,1220,40000,0x07
2026-09-06T16:13:21.662,3450,0,2,52,3248,1750,40000,3500,1654,40000,0x07
2026-09-06T16:13:21.743,3451,0,2,50,3090,2180,40000,3500,1980,40000,0x07
2026-09-06T16:13:21.792,3452,0,2,51,2474,2490,32213,3151,2000,39305,0x07
2026-09-06T16:13:21.873,3453,0,2,50,1656,2280,22683,2423,2860,26049,0x07
2026-09-06T16:13:21.938,3454,0,2,52,361,500,13512,1376,1673,15988,0x07
2026-09-06T16:13:22.003,3455,0,2,51,446,20,16974,1287,235,22165,0x07
2026-09-06T16:13:22.068,3456,0,2,52,446,96,16971,1287,173,23704,0x07
2026-09-06T16:13:22.133,3457,0,2,51,209,0,14698,1534,59,28934,0x07
2026-09-06T16:13:22.198,3458,0,2,50,115,0,13775,1631,0,33985,0x07
2026-09-06T16:13:22.263,3459,0,2,50,116,0,13895,1630,0,35764,0x07
2026-09-06T16:13:22.328,3460,0,2,52,113,0,13962,1632,0,37667,0x07
2026-09-06T16:13:22.409,3461,0,2,52,159,0,14653,1586,0,38893,0x07
2026-09-06T16:13:22.474,3462,0,2,53,173,0,15068,1570,0,38701,0x07
2026-09-06T16:13:22.539,3463,0,2,51,173,0,15068,1570,0,38701,0x07
2026-09-06T16:13:22.604,3464,0,2,52,222,0,15650,1520,0,39819,0x07
2026-09-06T16:13:22.669,3465,0,2,50,181,0,15158,1562,0,40000,0x07
2026-09-06T16:13:22.734,3466,0,2,51,202,0,15417,1540,0,40000,0x07
2026-09-06T16:13:22.799,3467,0,2,51,194,0,15320,1548,0,40000,0x07
2026-09-06T16:13:22.864,3468,0,2,50,189,0,15259,1554,0,40000,0x07
2026-09-06T16:13:22.945,3469,0,2,51,189,0,15259,1554,0,40000,0x07
2026-09-06T16:13:23.010,3470,0,2,52,223,0,15662,1519,0,39801,0x07
2026-09-06T16:13:23.076,3471,0,2,51,229,0,15744,1512,0,39713,0x07
2026-09-06T16:13:23.141,3472,0,2,50,204,0,15443,1538,0,40000,0x07
2026-09-06T16:13:23.206,3473,0,2,51,187,0,15235,1556,0,40000,0x07
2026-09-06T16:13:23.271,3474,0,2,51,220,0,15629,1522,0,39835,0x07
2026-09-06T16:13:23.336,3475,0,2,51,220,0,15629,1522,0,39835,0x07
2026-09-06T16:13:23.401,3476,0,2,52,202,0,15414,1540,0,40000,0x07
2026-09-06T16:13:23.482,3477,0,2,52,186,0,15223,1557,0,40000,0x07
2026-09-06T16:13:23.548,3478,0,2,56,187,0,15227,1556,0,40000,0x07
2026-09-06T16:13:23.613,3479,0,2,51,187,0,15227,1556,0,40000,0x07
2026-09-06T16:13:23.679,3480,0,2,52,186,0,15219,1557,0,40000,0x07
2026-09-06T16:13:23.744,3481,0,2,50,205,0,15451,1537,0,40000,0x07
2026-09-06T16:13:23.809,3482,0,2,50,188,0,15239,0,0,16470,0x07
2026-09-06T16:13:23.874,3483,0,2,50,1687,0,33320,-1750,-360,23906,0x07
2026-09-06T16:13:23.939,3484,0,2,51,1687,137,32736,-1750,-549,24698,0x07
2026-09-06T16:13:24.004,3485,0,2,51,1687,431,31486,-1750,-431,26678,0x07
2026-09-06T16:13:24.069,3486,0,2,50,1687,700,30345,-1750,-680,26798,0x07
2026-09-06T16:13:24.150,3487,0,2,50,1687,920,29410,-1750,-860,27012,0x07
2026-09-06T16:13:24.216,3488,0,2,51,0,0,0,0,0,0,0x03
2026-09-06T16:13:24.281,3489,0,2,50,0,0,28701,0,0,20421,0x07
2026-09-06T16:13:24.346,3490,0,2,54,1215,1741,9112,489,93,8201,0x07
2026-09-06T16:13:24.411,3491,0,2,50,1215,920,12861,489,340,7314,0x07
2026-09-06T16:13:24.476,3492,0,2,50,1002,1120,9330,711,340,10500,0x07
2026-09-06T16:13:24.541,3493,0,2,50,1456,1120,15109,1595,40,24555,0x07
2026-09-06T16:13:24.606,3494,0,2,50,2907,840,37172,3407,800,40000,0x07
2026-09-06T16:13:24.671,3495,0,2,50,2928,560,38607,3500,700,40000,0x07
2026-09-06T16:13:24.753,3496,0,2,50,1360,420,21137,2466,1060,32665,0x07
2026-09-06T16:13:24.818,3497,0,2,56,253,0,10022,1487,0,28235,0x07
2026-09-06T16:13:24.883,3498,0,2,52,253,0,10255,1487,0,29937,0x07
2026-09-06T16:13:24.948,3499,0,2,50,255,0,10505,1485,0,31544,0x07
2026-09-06T16:13:25.013,3500,0,2,50,301,0,11603,1438,0,34179,0x07
2026-09-06T16:13:25.078,3501,0,2,52,309,0,11977,1430,0,35714,0x07
2026-09-06T16:13:25.143,3502,0,2,51,280,0,11883,1460,0,37724,0x07
2026-09-06T16:13:25.208,3503,0,2,50,299,0,12376,1440,0,39062,0x07
2026-09-06T16:13:25.290,3504,0,2,50,288,0,12766,1451,0,39970,0x07
2026-09-06T16:13:25.355,3505,0,2,52,309,0,13303,1430,19,39617,0x07
2026-09-06T16:13:25.421,3506,0,2,50,296,0,13410,1443,0,39864,0x07
2026-09-06T16:13:25.486,3507,0,2,50,298,0,13972,1441,0,39834,0x07
2026-09-06T16:13:25.551,3508,0,2,51,319,0,14503,1420,0,39571,0x07
2026-09-06T16:13:25.616,3509,0,2,51,303,0,14585,1436,0,39777,0x07
2026-09-06T16:13:25.682,3510,0,2,51,321,0,15389,1417,0,39540,0x07
2026-09-06T16:13:25.747,3511,0,2,50,303,0,15446,1435,0,39768,0x07
2026-09-06T16:13:25.812,3512,0,2,51,321,0,15952,1417,0,39535,0x07
2026-09-06T16:13:25.877,3513,0,2,56,302,0,16309,1436,0,39782,0x07
2026-09-06T16:13:25.958,3514,0,2,52,302,0,16587,1436,0,39782,0x07
2026-09-06T16:13:26.023,3515,0,2,52,320,0,16834,1418,0,39553,0x07
2026-09-06T16:13:26.089,3516,0,2,52,320,0,16838,1418,0,39549,0x07
2026-09-06T16:13:26.154,3517,0,2,50,320,0,16834,0,0,16470,0x07
2026-09-06T16:13:26.218,3518,0,2,50,1687,0,33320,-1750,-400,23692,0x07
2026-09-06T16:13:26.283,3519,0,2,51,1687,0,33320,-1750,-529,24809,0x07
2026-09-06T16:13:26.348,3520,0,2,51,1687,0,33320,-1750,-294,27442,0x07
2026-09-06T16:13:26.414,3521,0,2,50,1687,0,33320,-1750,-500,27942,0x07
2026-09-06T16:13:26.495,3522,0,2,51,1687,98,32903,-1750,-647,28555,0x07
2026-09-06T16:13:26.560,3523,0,2,56,0,0,0,0,0,0,0x03
2026-09-06T16:13:26.625,3524,0,2,51,0,0,4085,0,0,14572,0x07
2026-09-06T16:13:26.690,3525,0,2,50,221,60,4913,1520,320,20994,0x07
2026-09-06T16:13:26.755,3526,0,2,51,191,294,3353,1552,59,25512,0x07
2026-09-06T16:13:26.821,3527,0,2,51,33,157,1920,0,0,20077,0x07
2026-09-06T16:13:26.886,3528,0,2,50,3374,60,40000,0,0,6473,0x07
2026-09-06T16:13:26.951,3529,0,2,52,1157,481,14458,550,423,7533,0x07
2026-09-06T16:13:27.016,3530,0,2,50,0,0,0,0,0,0,0x03
2026-09-06T16:13:27.098,3531,0,2,50,0,0,12062,0,0,5810,0x07
2026-09-06T16:13:27.163,3532,0,2,51,1243,137,17759,461,0,8286,0x07
2026-09-06T16:13:27.228,3533,0,2,51,1224,451,17328,481,373,7333,0x07
2026-09-06T16:13:27.293,3534,0,2,51,1249,471,18257,454,314,7407,0x07
2026-09-06T16:13:27.358,3535,0,2,52,0,0,0,0,0,0,0x03
2026-09-06T16:13:27.423,3536,0,2,52,0,0,0,0,0,0,0x03
2026-09-06T16:13:27.488,3537,0,2,51,0,0,11211,0,0,6742,0x07
2026-09-06T16:13:27.553,3538,0,2,50,1134,160,16212,574,0,9811,0x07
2026-09-06T16:13:27.634,3539,0,2,57,2160,140,30839,2291,193,33783,0x07
2026-09-06T16:13:27.699,3540,0,2,51,0,0,0,0,0,0,0x03
2026-09-06T16:13:27.764,3541,0,2,51,0,0,0,0,0,0,0x03
2026-09-06T16:13:27.829,3542,0,2,51,0,0,22991,0,0,22910,0x07
2026-09-06T16:13:27.894,3543,0,2,52,2643,558,33770,2529,423,34268,0x07
2026-09-06T16:13:27.959,3544,0,2,51,2873,314,39891,2798,392,37774,0x07
2026-09-06T16:13:28.024,3545,0,2,51,2997,667,39892,2913,902,39305,0x07
2026-09-06T16:13:28.089,3546,0,2,50,3052,1400,38905,2953,1180,38614,0x07
2026-09-06T16:13:28.170,3547,0,2,51,3070,1627,39448,2956,1255,38335,0x07
2026-09-06T16:13:28.219,3548,0,2,51,3066,1706,39070,2939,1804,37061,0x07
2026-09-06T16:13:28.300,3549,0,2,52,3119,2327,38728,3088,2000,39325,0x07
2026-09-06T16:13:28.365,3550,0,2,51,3119,2314,39510,3088,2137,39808,0x07
2026-09-06T16:13:28.431,3551,0,2,50,3141,2580,39140,3040,2220,39759,0x07
2026-09-06T16:13:28.495,3552,0,2,50,2438,2720,29689,2172,2460,27230,0x07
2026-09-06T16:13:28.560,3553,0,2,51,1486,2902,16160,0,0,4574,0x07
2026-09-06T16:13:28.626,3554,0,2,50,1042,2160,12963,-312,-600,3031,0x07
2026-09-06T16:13:28.707,3555,0,2,54,1475,1981,18081,220,37,4809,0x07
2026-09-06T16:13:28.755,3556,0,2,51,1475,2118,16923,220,922,262,0x07
2026-09-06T16:13:28.836,3557,0,2,50,1369,1860,16301,330,700,2178,0x07
2026-09-06T16:13:28.901,3558,0,2,50,1406,1460,18065,292,420,2432,0x07
2026-09-06T16:13:28.967,3559,0,2,50,769,1460,9772,1147,300,14584,0x07
2026-09-06T16:13:29.031,3560,0,2,50,1435,1240,18915,991,700,11250,0x07
2026-09-06T16:13:29.096,3561,0,2,53,2251,1358,29369,2131,755,27195,0x07
2026-09-06T16:13:29.161,3562,0,2,52,2251,1365,30155,2131,462,30351,0x07
2026-09-06T16:13:29.226,3563,0,2,51,2696,1412,36479,2643,843,37160,0x07
2026-09-06T16:13:29.307,3564,0,2,50,3115,1500,40000,3338,1220,40000,0x07
2026-09-06T16:13:29.372,3565,0,2,50,3245,2040,40000,3500,1680,40000,0x07
2026-09-06T16:13:29.438,3566,0,2,51,3004,2078,38187,3500,1725,40000,0x07
2026-09-06T16:13:29.503,3567,0,2,53,360,2283,3244,1339,2189,15091,0x07
2026-09-06T16:13:29.568,3568,0,2,51,360,1412,5998,1339,1980,15257,0x07
2026-09-06T16:13:29.633,3569,0,2,50,51,1200,2150,1386,1760,16360,0x07
2026-09-06T16:13:29.698,3570,0,2,50,71,1080,2009,1650,1740,19654,0x07
2026-09-06T16:13:29.763,3571,0,2,57,1732,2386,15831,2410,1789,30456,0x07
2026-09-06T16:13:29.828,3572,0,2,51,1732,1431,20159,2410,1765,31286,0x07
2026-09-06T16:13:29.909,3573,0,2,50,142,1420,1029,1144,1840,14346,0x07
2026-09-06T16:13:29.975,3574,0,2,50,123,660,3556,1042,1380,14659,0x07
2026-09-06T16:13:30.040,3575,0,2,50,51,1060,722,1197,1360,16215,0x07
2026-09-06T16:13:30.105,3576,0,2,50,199,640,3903,1236,1100,17966,0x07
2026-09-06T16:13:30.170,3577,0,2,53,336,509,5712,1402,1208,20138,0x07
2026-09-06T16:13:30.236,3578,0,2,51,336,471,5755,1402,1078,21050,0x07
2026-09-06T16:13:30.300,3579,0,2,51,340,373,6191,1398,1157,20938,0x07
2026-09-06T16:13:30.366,3580,0,2,50,357,360,6445,1380,1120,21158,0x07
2026-09-06T16:13:30.431,3581,0,2,50,426,480,6715,1308,1080,20916,0x07
2026-09-06T16:13:30.496,3582,0,2,52,459,423,7390,1274,1115,20519,0x07
2026-09-06T16:13:30.577,3583,0,2,50,500,220,8992,1232,1100,20198,0x07
2026-09-06T16:13:30.642,3584,0,2,53,589,302,10192,1139,1019,19591,0x07
2026-09-06T16:13:30.707,3585,0,2,51,589,333,10290,1139,1078,19405,0x07
2026-09-06T16:13:30.772,3586,0,2,50,893,400,14114,1326,1140,21688,0x07
2026-09-06T16:13:30.837,3587,0,2,51,1622,647,23789,1975,1294,30801,0x07
2026-09-06T16:13:30.903,3588,0,2,50,0,0,0,0,0,0,0x03
2026-09-06T16:13:30.968,3589,0,2,50,0,0,25541,0,0,27217,0x07
2026-09-06T16:13:31.033,3590,0,2,52,2857,2135,30891,2832,1942,30210,0x07
2026-09-06T16:13:31.114,3591,0,2,51,2857,1471,34965,2832,1412,34058,0x07
2026-09-06T16:13:31.179,3592,0,2,50,2196,1440,27786,2074,1340,25684,0x07
2026-09-06T16:13:31.244,3593,0,2,51,1386,1549,17416,0,0,2538,0x07
2026-09-06T16:13:31.309,3594,0,2,51,816,1314,10464,-65,-333,929,0x07
2026-09-06T16:13:31.374,3595,0,2,52,1363,1135,18030,-1093,-135,15741,0x07
2026-09-06T16:13:31.439,3596,0,2,50,1322,960,18297,-82,-40,3934,0x07
2026-09-06T16:13:31.504,3597,0,2,58,1322,931,18821,0,0,3381,0x07
2026-09-06T16:13:31.569,3598,0,2,52,1526,1019,21374,167,38,4076,0x07
2026-09-06T16:13:31.650,3599,0,2,50,1491,980,21569,204,20,4812,0x07
2026-09-06T16:13:31.715,3600,0,2,51,1362,1059,20312,337,0,7203,0x07
2026-09-06T16:13:31.780,3601,0,2,50,1362,1080,20472,337,0,7574,0x07
2026-09-06T16:13:31.845,3602,0,2,50,1227,1100,18873,477,0,9852,0x07
2026-09-06T16:13:31.910,3603,0,2,50,1130,1180,17310,578,260,10991,0x07
2026-09-06T16:13:31.975,3604,0,2,50,1057,1060,16939,653,820,9369,0x07
2026-09-06T16:13:32.040,3605,0,2,51,1123,1020,17996,817,686,12130,0x07
2026-09-06T16:13:32.105,3606,0,2,51,2897,1137,39955,3019,824,40000,0x07
2026-09-06T16:13:32.186,3607,0,2,51,2897,1412,38788,3019,1255,39697,0x07
2026-09-06T16:13:32.251,3608,0,2,50,3218,1560,40000,3500,1340,40000,0x07
2026-09-06T16:13:32.316,3609,0,2,51,3181,1745,40000,3500,1294,40000,0x07
2026-09-06T16:13:32.381,3610,0,2,50,2775,2120,35634,3375,2100,40000,0x07
2026-09-06T16:13:32.446,3611,0,2,51,2485,2216,31962,3024,2098,37214,0x07
2026-09-06T16:13:32.511,3612,0,2,54,324,2130,3749,1308,2241,14145,0x07
2026-09-06T16:13:32.576,3613,0,2,50,324,1380,6001,1308,1860,15155,0x07
2026-09-06T16:13:32.641,3614,0,2,50,183,1060,4888,1483,1740,17583,0x07
2026-09-06T16:13:32.722,3615,0,2,51,72,1333,1250,1675,1784,19674,0x07
2026-09-06T16:13:32.787,3616,0,2,50,126,1000,1593,1619,1640,19342,0x07
2026-09-06T16:13:32.852,3617,0,2,50,137,720,2403,1608,1400,20445,0x07
2026-09-06T16:13:32.917,3618,0,2,54,203,407,4035,1539,889,22877,0x07
2026-09-06T16:13:32.982,3619,0,2,52,203,250,4660,1539,423,26134,0x07
2026-09-06T16:13:33.047,3620,0,2,52,233,192,5310,1508,250,27914,0x07
2026-09-06T16:13:33.112,3621,0,2,50,306,260,5933,1433,160,28759,0x07
2026-09-06T16:13:33.177,3622,0,2,53,0,0,0,0,0,0,0x03
2026-09-06T16:13:33.258,3623,0,2,52,0,0,5518,0,0,13000,0x07
2026-09-06T16:13:33.322,3624,0,2,51,405,20,7503,1330,78,19725,0x07
2026-09-06T16:13:33.387,3625,0,2,52,432,0,8310,1302,0,21198,0x07
2026-09-06T16:13:33.452,3626,0,2,51,409,0,8777,1326,0,24466,0x07
2026-09-06T16:13:33.518,3627,0,2,51,382,0,8791,1354,0,26340,0x07
2026-09-06T16:13:33.583,3628,0,2,52,0,0,0,0,0,0,0x03
2026-09-06T16:13:33.648,3629,0,2,50,0,0,5360,0,0,13170,0x07
2026-09-06T16:13:33.713,3630,0,2,51,385,0,7342,1351,59,20112,0x07
2026-09-06T16:13:33.794,3631,0,2,52,373,0,7548,1363,0,22070,0x07
2026-09-06T16:13:33.843,3632,0,2,52,367,0,8156,1369,0,25274,0x07
2026-09-06T16:13:33.924,3633,0,2,52,367,0,8495,1369,0,26840,0x07
2026-09-06T16:13:33.990,3634,0,2,52,355,0,8671,1382,0,28583,0x07
2026-09-06T16:13:34.054,3635,0,2,51,366,0,9135,1370,0,29975,0x07
2026-09-06T16:13:34.119,3636,0,2,51,379,0,9980,1357,0,32827,0x07
2026-09-06T16:13:34.185,3637,0,2,50,356,0,10017,1381,0,34648,0x07
2026-09-06T16:13:34.250,3638,0,2,51,356,0,10331,1381,0,36202,0x07
2026-09-06T16:13:34.331,3639,0,2,51,380,0,11321,1356,0,38769,0x07
2026-09-06T16:13:34.380,3640,0,2,52,388,0,11772,1348,0,38668,0x07
2026-09-06T16:13:34.461,3641,0,2,51,369,0,11881,1367,0,38909,0x07
2026-09-06T16:13:34.526,3642,0,2,51,381,0,12696,1355,0,38765,0x07
2026-09-06T16:13:34.591,3643,0,2,51,368,0,12877,1368,0,38927,0x07
2026-09-06T16:13:34.656,3644,0,2,52,356,0,13054,1381,0,39089,0x07
2026-09-06T16:13:34.721,3645,0,2,52,355,19,13588,1382,0,39098,0x07
2026-09-06T16:13:34.787,3646,0,2,52,367,0,14154,1369,0,38940,0x07
2026-09-06T16:13:34.851,3647,0,2,51,357,0,14350,0,0,16470,0x07
2026-09-06T16:13:34.916,3648,0,2,50,1687,0,31885,-1750,-180,24870,0x07
2026-09-06T16:13:34.997,3649,0,2,52,1687,346,31849,-1750,-673,24363,0x07
2026-09-06T16:13:35.062,3650,0,2,51,1687,667,30486,-1750,-392,27081,0x07
2026-09-06T16:13:35.126,3651,0,2,50,0,0,0,0,0,0,0x03
2026-09-06T16:13:35.191,3652,0,2,52,0,0,15530,0,0,16470,0x07
2026-09-06T16:13:35.256,3653,0,2,50,0,0,0,0,0,0,0x03
2026-09-06T16:13:35.322,3654,0,2,52,0,0,2916,0,0,17084,0x07
2026-09-06T16:13:35.387,3655,0,2,58,35,0,2821,1713,1259,20681,0x07
2026-09-06T16:13:35.452,3656,0,2,50,35,80,2441,0,0,21121,0x07
2026-09-06T16:13:35.533,3657,0,2,51,0,0,0,0,0,0,0x03
2026-09-06T16:13:35.598,3658,0,2,51,0,0,12655,0,0,5156,0x07
2026-09-06T16:13:35.664,3659,0,2,57,1335,474,18484,365,298,5812,0x07
2026-09-06T16:13:35.729,3660,0,2,52,1335,250,20433,365,269,6045,0x07
2026-09-06T16:13:35.794,3661,0,2,51,0,0,0,0,0,0,0x03
2026-09-06T16:13:35.859,3662,0,2,52,0,0,12658,0,0,5153,0x07
2026-09-06T16:13:35.925,3663,0,2,50,0,0,0,0,0,0,0x03
2026-09-06T16:13:35.990,3664,0,2,51,0,0,12441,0,0,5390,0x07
2026-09-06T16:13:36.055,3665,0,2,52,1261,462,17430,442,0,8498,0x07
2026-09-06T16:13:36.136,3666,0,2,52,0,0,0,0,0,0,0x03
2026-09-06T16:13:36.201,3667,0,2,52,0,0,11949,0,0,5931,0x07
2026-09-06T16:13:36.267,3668,0,2,51,1228,196,17269,476,0,8486,0x07
2026-09-06T16:13:36.331,3669,0,2,52,1240,212,19142,464,0,9387,0x07
2026-09-06T16:13:36.396,3670,0,2,51,1225,353,19148,479,0,10119,0x07
2026-09-06T16:13:36.461,3671,0,2,51,1212,451,19264,492,0,10838,0x07
2026-09-06T16:13:36.526,3672,0,2,50,1214,680,19349,491,0,11906,0x07
2026-09-06T16:13:36.607,3673,0,2,50,1202,740,19361,503,0,12613,0x07
2026-09-06T16:13:36.672,3674,0,2,51,1210,863,19242,495,98,12546,0x07
2026-09-06T16:13:36.737,3675,0,2,53,1109,887,18377,599,189,13896,0x07
2026-09-06T16:13:36.802,3676,0,2,52,1109,865,18692,599,250,14035,0x07
2026-09-06T16:13:36.867,3677,0,2,50,1467,920,23261,1170,300,21926,0x07
2026-09-06T16:13:36.932,3678,0,2,50,2157,1180,32434,2025,720,34098,0x07
2026-09-06T16:13:36.996,3679,0,2,50,2746,1280,39109,2784,960,40000,0x07
2026-09-06T16:13:37.061,3680,0,2,51,3113,1431,40000,3255,1471,40000,0x07
2026-09-06T16:13:37.142,3681,0,2,52,3272,2096,40000,3500,1846,40000,0x07
2026-09-06T16:13:37.207,3682,0,2,51,0,0,0,0,0,0,0x03
2026-09-06T16:13:37.272,3683,0,2,50,0,0,26006,0,0,30937,0x07
2026-09-06T16:13:37.337,3684,0,2,50,3029,2980,28194,3499,2400,36818,0x07
2026-09-06T16:13:37.402,3685,0,2,51,2637,2157,27403,3195,2275,34571,0x07
2026-09-06T16:13:37.467,3686,0,2,50,2161,2260,21137,2777,2060,31040,0x07
2026-09-06T16:13:37.532,3687,0,2,52,347,1731,693,1390,2096,12608,0x07
2026-09-06T16:13:37.597,3688,0,2,51,347,882,3816,1390,1471,15176,0x07
2026-09-06T16:13:37.679,3689,0,2,52,247,288,5094,1494,212,23296,0x07
2026-09-06T16:13:37.728,3690,0,2,51,178,98,5140,1566,39,26638,0x07
2026-09-06T16:13:37.810,3691,0,2,56,391,36,8438,1345,321,25403,0x07
2026-09-06T16:13:37.874,3692,0,2,50,391,280,7497,1345,60,27928,0x07
2026-09-06T16:13:37.939,3693,0,2,50,327,20,8106,1411,60,30242,0x07
2026-09-06T16:13:38.005,3694,0,2,51,345,0,9010,1392,0,33353,0x07
2026-09-06T16:13:38.070,3695,0,2,52,375,0,9708,1362,0,34529,0x07
2026-09-06T16:13:38.135,3696,0,2,50,380,0,10110,1356,0,35951,0x07
2026-09-06T16:13:38.200,3697,0,2,52,361,0,10545,1375,0,39014,0x07
2026-09-06T16:13:38.265,3698,0,2,50,361,0,10865,1375,0,39014,0x07
2026-09-06T16:13:38.346,3699,0,2,51,361,0,11191,1376,0,39019,0x07
2026-09-06T16:13:38.412,3700,0,2,51,361,0,11513,1376,0,39019,0x07
2026-09-06T16:13:38.477,3701,0,2,50,383,0,12450,1353,0,38738,0x07
2026-09-06T16:13:38.542,3702,0,2,52,383,0,12806,1353,0,38733,0x07
2026-09-06T16:13:38.607,3703,0,2,54,359,0,13181,1378,0,39049,0x07
2026-09-06T16:13:38.672,3704,0,2,52,359,0,13511,1378,0,39049,0x07
2026-09-06T16:13:38.736,3705,0,2,51,358,0,13827,1379,0,39058,0x07
2026-09-06T16:13:38.801,3706,0,2,50,358,0,14144,1379,0,39058,0x07
2026-09-06T16:13:38.882,3707,0,2,55,359,0,14830,1378,0,39049,0x07
2026-09-06T16:13:38.947,3708,0,2,50,359,0,15148,1378,0,39049,0x07
2026-09-06T16:13:39.013,3709,0,2,50,359,0,15470,1378,0,39045,0x07
2026-09-06T16:13:39.078,3710,0,2,50,359,0,16109,1377,0,39040,0x07
2026-09-06T16:13:39.143,3711,0,2,50,360,20,16329,1377,0,39037,0x07
2026-09-06T16:13:39.208,3712,0,2,52,360,58,16452,1377,19,38950,0x07
2026-09-06T16:13:39.272,3713,0,2,54,382,111,17038,1353,0,38743,0x07
2026-09-06T16:13:39.338,3714,0,2,51,382,98,17170,1353,20,38660,0x07
2026-09-06T16:13:39.419,3715,0,2,51,360,137,16735,0,0,16470,0x07
2026-09-06T16:13:39.484,3716,0,2,50,1687,0,33320,-1750,-280,24334,0x07
2026-09-06T16:13:39.549,3717,0,2,50,1687,0,33320,-1750,-560,24794,0x07
2026-09-06T16:13:39.614,3718,0,2,50,1687,0,33320,-1750,-260,27708,0x07
2026-09-06T16:13:39.679,3719,0,2,52,1687,38,33156,-1750,-558,29375,0x07
2026-09-06T16:13:39.744,3720,0,2,51,1687,235,32320,-1750,-784,29495,0x07
2026-09-06T16:13:39.809,3721,0,2,51,0,0,0,0,0,0,0x03
2026-09-06T16:13:39.874,3722,0,2,50,0,0,3961,0,0,14707,0x07
2026-09-06T16:13:39.939,3723,0,2,50,205,340,3456,1537,360,22727,0x07
2026-09-06T16:13:40.020,3724,0,2,50,201,440,2767,1541,20,25903,0x07
2026-09-06T16:13:40.085,3725,0,2,51,56,98,2437,0,0,20137,0x07
2026-09-06T16:13:40.150,3726,0,2,51,1140,1412,9680,567,118,9100,0x07
2026-09-06T16:13:40.214,3727,0,2,50,0,0,0,0,0,0,0x03
2026-09-06T16:13:40.279,3728,0,2,52,0,0,11438,0,0,6492,0x07
2026-09-06T16:13:40.344,3729,0,2,51,1163,627,15209,544,412,7798,0x07
2026-09-06T16:13:40.409,3730,0,2,52,1251,423,17907,452,500,6221,0x07
2026-09-06T16:13:40.491,3731,0,2,50,0,0,0,0,0,0,0x03
2026-09-06T16:13:40.539,3732,0,2,51,1187,0,17746,518,0,9069,0x07
2026-09-06T16:13:40.620,3733,0,2,50,1187,700,15202,518,240,8355,0x07
2026-09-06T16:13:40.685,3734,0,2,50,1196,360,17488,510,240,8542,0x07
2026-09-06T16:13:40.750,3735,0,2,50,1178,440,17590,528,160,9514,0x07
2026-09-06T16:13:40.815,3736,0,2,50,1132,500,17929,576,180,10923,0x07
2026-09-06T16:13:40.880,3737,0,2,51,0,0,0,0,0,0,0x03
2026-09-06T16:13:40.945,3738,0,2,53,1275,0,18924,831,0,13373,0x07
2026-09-06T16:13:41.026,3739,0,2,51,1275,824,15832,831,333,12515,0x07
2026-09-06T16:13:41.075,3740,0,2,50,2166,560,29121,2129,300,30922,0x07
2026-09-06T16:13:41.157,3741,0,2,50,2532,660,34767,2362,500,35031,0x07
2026-09-06T16:13:41.221,3742,0,2,50,2723,1380,36908,2576,960,39794,0x07
2026-09-06T16:13:41.286,3743,0,2,50,2850,1340,39945,2717,1380,39779,0x07
2026-09-06T16:13:41.351,3744,0,2,54,3076,1852,40000,3020,1852,40000,0x07
2026-09-06T16:13:41.416,3745,0,2,51,3076,2157,39202,3020,2078,40000,0x07
2026-09-06T16:13:41.481,3746,0,2,50,3120,2220,39455,3038,2240,40000,0x07
2026-09-06T16:13:41.562,3747,0,2,50,3095,2480,38597,2950,2240,39829,0x07
2026-09-06T16:13:41.611,3748,0,2,58,2329,2776,28089,1796,2569,23064,0x07
2026-09-06T16:13:41.692,3749,0,2,50,2329,2820,27466,1796,2520,22475,0x07
2026-09-06T16:13:41.757,3750,0,2,51,1150,2765,12028,212,2490,226,0x07
2026-09-06T16:13:41.822,3751,0,2,50,1351,2220,15994,30,1420,963,0x07
2026-09-06T16:13:41.887,3752,0,2,51,1528,2157,17585,165,0,8790,0x07
2026-09-06T16:13:41.952,3753,0,2,50,1495,2160,16581,200,0,9443,0x07
2026-09-06T16:13:42.017,3754,0,2,51,1404,1863,15894,294,0,11225,0x07
2026-09-06T16:13:42.098,3755,0,2,50,1404,1780,15913,294,0,11549,0x07
2026-09-06T16:13:42.147,3756,0,2,50,1383,1680,15825,315,0,12162,0x07
2026-09-06T16:13:42.228,3757,0,2,50,864,1580,9357,854,0,19846,0x07
2026-09-06T16:13:42.294,3758,0,2,51,1119,1020,14805,589,0,17869,0x07
2026-09-06T16:13:42.358,3759,0,2,51,1083,980,14629,651,0,19365,0x07
2026-09-06T16:13:42.424,3760,0,2,51,1953,1118,25812,1651,0,35171,0x07
2026-09-06T16:13:42.489,3761,0,2,52,1953,1173,26294,1651,0,37060,0x07
2026-09-06T16:13:42.554,3762,0,2,51,2106,1216,28767,1772,0,38571,0x07
2026-09-06T16:13:42.619,3763,0,2,50,2419,1280,33270,2246,0,40000,0x07
2026-09-06T16:13:42.684,3764,0,2,50,2817,1700,38434,2814,0,40000,0x07
2026-09-06T16:13:42.765,3765,0,2,50,3144,1760,40000,3312,0,40000,0x07
2026-09-06T16:13:42.830,3766,0,2,50,3258,1900,40000,3500,0,40000,0x07
2026-09-06T16:13:42.895,3767,0,2,50,0,0,0,0,0,0,0x03
2026-09-06T16:13:42.961,3768,0,2,50,0,0,7352,0,0,17524,0x07
2026-09-06T16:13:43.026,3769,0,2,54,-44,-74,2538,1795,0,28711,0x07
2026-09-06T16:13:43.091,3770,0,2,52,-44,-750,3600,1795,0,30765,0x07
2026-09-06T16:13:43.156,3771,0,2,52,0,0,28701,0,0,18708,0x07
2026-09-06T16:13:43.221,3772,0,2,50,3374,900,39216,0,0,8053,0x07
2026-09-06T16:13:43.303,3773,0,2,51,1051,431,13386,978,0,16143,0x07
2026-09-06T16:13:43.367,3774,0,2,52,1051,577,13204,978,0,17261,0x07
2026-09-06T16:13:43.432,3775,0,2,50,2100,660,26770,2032,0,32701,0x07
2026-09-06T16:13:43.497,3776,0,2,50,2595,820,35462,2508,0,38660,0x07
2026-09-06T16:13:43.562,3777,0,2,51,2917,1020,38495,2910,0,40000,0x07
2026-09-06T16:13:43.627,3778,0,2,50,3137,1300,39964,3205,0,40000,0x07
2026-09-06T16:13:43.692,3779,0,2,52,3320,1788,40000,3500,0,40000,0x07
2026-09-06T16:13:43.758,3780,0,2,51,3320,1863,39777,3500,0,40000,0x07
2026-09-06T16:13:43.823,3781,0,2,50,3249,2060,39133,3500,0,40000,0x07
2026-09-06T16:13:43.888,3782,0,2,50,2785,2020,34377,3397,0,40000,0x07
2026-09-06T16:13:43.969,3783,0,2,50,1504,1960,18390,2431,0,37697,0x07
2026-09-06T16:13:44.035,3784,0,2,52,218,1769,2260,1524,0,28077,0x07
2026-09-06T16:13:44.100,3785,0,2,50,0,0,3403,1708,0,32266,0x07
2026-09-06T16:13:44.165,3786,0,2,51,0,0,28701,0,0,18618,0x07
2026-09-06T16:13:44.230,3787,0,2,51,3374,1078,38457,0,0,8424,0x07
2026-09-06T16:13:44.295,3788,0,2,51,938,1275,7947,777,0,12598,0x07
2026-09-06T16:13:44.361,3789,0,2,50,1626,760,20392,1773,0,29013,0x07
2026-09-06T16:13:44.426,3790,0,2,50,2822,800,36434,3114,0,40000,0x07
2026-09-06T16:13:44.492,3791,0,2,50,3216,920,40000,3468,0,40000,0x07
2026-09-06T16:13:44.573,3792,0,2,55,3165,1455,39456,3500,0,40000,0x07
2026-09-06T16:13:44.638,3793,0,2,50,3165,1640,38668,3500,0,40000,0x07
2026-09-06T16:13:44.703,3794,0,2,51,2812,1804,34625,3341,0,40000,0x07
2026-09-06T16:13:44.768,3795,0,2,51,2071,1804,26061,2785,0,40000,0x07
2026-09-06T16:13:44.833,3796,0,2,50,782,1760,9848,1714,0,30159,0x07
2026-09-06T16:13:44.898,3797,0,2,50,244,1460,3554,1497,0,29085,0x07
2026-09-06T16:13:44.963,3798,0,2,55,-120,-55,3633,1875,0,38003,0x07
2026-09-06T16:13:45.028,3799,0,2,51,0,0,28701,0,0,19141,0x07
2026-09-06T16:13:45.109,3800,0,2,51,3374,1196,39923,0,0,7115,0x07
2026-09-06T16:13:45.174,3801,0,2,51,1090,1451,10980,619,0,10439,0x07
2026-09-06T16:13:45.239,3802,0,2,55,1226,745,16483,938,0,16377,0x07
2026-09-06T16:13:45.304,3803,0,2,50,1226,720,17039,938,0,17409,0x07
2026-09-06T16:13:45.369,3804,0,2,51,1800,667,25205,1522,0,26431,0x07
2026-09-06T16:13:45.434,3805,0,2,50,2222,980,31330,2015,0,37038,0x07
2026-09-06T16:13:45.499,3806,0,2,50,2670,1260,36783,2625,0,40000,0x07
2026-09-06T16:13:45.564,3807,0,2,50,3005,1440,40000,3052,0,40000,0x07
2026-09-06T16:13:45.645,3808,0,2,54,3287,1759,40000,3500,0,40000,0x07
2026-09-06T16:13:45.710,3809,0,2,51,3287,2059,40000,3500,0,40000,0x07
2026-09-06T16:13:45.775,3810,0,2,51,3111,1922,39288,3500,0,40000,0x07
2026-09-06T16:13:45.840,3811,0,2,50,2379,2080,30285,3114,0,40000,0x07
2026-09-06T16:13:45.905,3812,0,2,51,534,1902,7556,1639,0,34161,0x07
2026-09-06T16:13:45.970,3813,0,2,50,0,0,2766,1605,0,35512,0x07
2026-09-06T16:13:46.035,3814,0,2,53,3374,57,40000,-2073,0,30369,0x07
2026-09-06T16:13:46.101,3815,0,2,51,3374,2275,34366,0,0,7795,0x07
2026-09-06T16:13:46.182,3816,0,2,50,1011,1120,10687,701,0,11546,0x07
2026-09-06T16:13:46.231,3817,0,2,51,833,980,8993,886,0,14859,0x07
2026-09-06T16:13:46.312,3818,0,2,56,3162,1161,39816,3500,0,40000,0x07
2026-09-06T16:13:46.377,3819,0,2,50,3162,1080,40000,3500,0,40000,0x07
2026-09-06T16:13:46.443,3820,0,2,51,3150,1392,38682,3500,0,40000,0x07
2026-09-06T16:13:46.508,3821,0,2,51,2741,1745,34089,3348,0,40000,0x07
2026-09-06T16:13:46.573,3822,0,2,50,2109,1880,26098,2794,0,38749,0x07
2026-09-06T16:13:46.639,3823,0,2,51,1058,1961,12271,1912,0,29842,0x07
2026-09-06T16:13:46.704,3824,0,2,52,133,923,3628,1612,0,29530,0x07
2026-09-06T16:13:46.770,3825,0,2,51,0,0,2768,1612,0,31339,0x07
2026-09-06T16:13:46.835,3826,0,2,51,0,0,7939,1805,0,35770,0x07
2026-09-06T16:13:46.917,3827,0,2,52,0,0,2752,1008,0,26955,0x07
2026-09-06T16:13:46.982,3828,0,2,51,0,0,28701,0,0,19888,0x07
2026-09-06T16:13:47.047,3829,0,2,51,3374,824,39540,0,0,5795,0x07
2026-09-06T16:13:47.112,3830,0,2,53,1112,491,14924,1779,0,26846,0x07
2026-09-06T16:13:47.177,3831,0,2,51,1112,647,14679,1779,0,28841,0x07
2026-09-06T16:13:47.242,3832,0,2,51,1946,706,25610,1640,0,28951,0x07
2026-09-06T16:13:47.307,3833,0,2,51,2138,745,29011,1827,0,33342,0x07
2026-09-06T16:13:47.373,3834,0,2,55,2734,1145,37404,2668,0,40000,0x07
2026-09-06T16:13:47.454,3835,0,2,50,2734,1280,38119,2668,0,40000,0x07
2026-09-06T16:13:47.503,3836,0,2,50,3057,1460,40000,3144,0,40000,0x07
2026-09-06T16:13:47.584,3837,0,2,50,3253,1720,40000,3500,0,40000,0x07
2026-09-06T16:13:47.649,3838,0,2,51,3165,1902,40000,3500,0,40000,0x07
2026-09-06T16:13:47.714,3839,0,2,50,2591,2100,33351,3271,0,40000,0x07
2026-09-06T16:13:47.779,3840,0,2,54,242,1778,4274,1499,0,31012,0x07
2026-09-06T16:13:47.844,3841,0,2,51,242,1157,6087,1499,0,32694,0x07
2026-09-06T16:13:47.909,3842,0,2,52,0,0,3321,1703,0,37197,0x07
2026-09-06T16:13:47.974,3843,0,2,51,0,0,7528,1878,0,39388,0x07
2026-09-06T16:13:48.039,3844,0,2,55,-140,-55,3893,1895,0,40000,0x07
2026-09-06T16:13:48.120,3845,0,2,50,0,0,28701,0,0,18557,0x07
2026-09-06T16:13:48.185,3846,0,2,50,3374,760,39810,0,0,29729,0x07
2026-09-06T16:13:48.250,3847,0,2,51,2053,902,24319,3353,0,40000,0x07
2026-09-06T16:13:48.315,3848,0,2,50,3131,980,38885,3378,0,40000,0x07
2026-09-06T16:13:48.380,3849,0,2,50,3291,1100,40000,3500,0,40000,0x07
2026-09-06T16:13:48.445,3850,0,2,52,3287,1558,39905,3500,0,40000,0x07
2026-09-06T16:13:48.525,3851,0,2,51,3287,1765,39026,3500,0,40000,0x07
2026-09-06T16:13:48.574,3852,0,2,50,3087,1800,37597,3495,0,40000,0x07
2026-09-06T16:13:48.655,3853,0,2,50,2442,1900,29886,3109,0,40000,0x07
2026-09-06T16:13:48.719,3854,0,2,50,1068,1560,13457,2018,0,31743,0x07
2026-09-06T16:13:48.784,3855,0,2,50,225,1420,2835,1517,0,27136,0x07
2026-09-06T16:13:48.849,3856,0,2,55,924,800,13267,791,0,20886,0x07
2026-09-06T16:13:48.913,3857,0,2,50,924,1120,11734,791,0,21756,0x07
2026-09-06T16:13:48.978,3858,0,2,51,0,0,2547,1630,0,34094,0x07
2026-09-06T16:13:49.043,3859,0,2,52,0,0,28701,0,0,20149,0x07
2026-09-06T16:13:49.124,3860,0,2,54,1271,1500,11085,432,0,7918,0x07
2026-09-06T16:13:49.189,3861,0,2,51,1271,549,15778,432,0,8402,0x07
2026-09-06T16:13:49.255,3862,0,2,50,1224,720,14939,480,0,9531,0x07
2026-09-06T16:13:49.319,3863,0,2,50,1176,600,15757,531,0,11345,0x07
2026-09-06T16:13:49.384,3864,0,2,50,2448,640,32533,3500,0,40000,0x07
2026-09-06T16:13:49.449,3865,0,2,51,3183,745,40000,3303,0,40000,0x07
2026-09-06T16:13:49.531,3866,0,2,51,3320,1333,40000,3500,0,40000,0x07
2026-09-06T16:13:49.579,3867,0,2,50,3320,1660,38716,3500,0,40000,0x07
2026-09-06T16:13:49.661,3868,0,2,51,3253,1824,38493,3500,0,40000,0x07
2026-09-06T16:13:49.726,3869,0,2,51,3059,2118,36802,3480,0,40000,0x07
2026-09-06T16:13:49.791,3870,0,2,51,2502,2020,30936,3128,0,40000,0x07
2026-09-06T16:13:49.857,3871,0,2,50,1143,1960,14079,2082,0,33065,0x07
2026-09-06T16:13:49.922,3872,0,2,53,-17,-19,2483,1768,0,32943,0x07
2026-09-06T16:13:49.987,3873,0,2,50,0,0,28701,0,0,19685,0x07
2026-09-06T16:13:50.052,3874,0,2,50,0,0,14667,0,0,29996,0x07
2026-09-06T16:13:50.118,3875,0,2,51,-1577,-412,20669,3386,0,40000,0x07
2026-09-06T16:13:50.183,3876,0,2,55,3374,0,40000,-2064,0,30330,0x07
2026-09-06T16:13:50.264,3877,0,2,51,3374,1549,38105,0,0,6846,0x07
2026-09-06T16:13:50.329,3878,0,2,52,1122,1038,13195,586,0,10008,0x07
2026-09-06T16:13:50.394,3879,0,2,51,1102,549,15531,607,0,10952,0x07
2026-09-06T16:13:50.459,3880,0,2,50,2653,820,36512,3500,0,40000,0x07
2026-09-06T16:13:50.524,3881,0,2,51,3306,1059,40000,3500,0,40000,0x07
2026-09-06T16:13:50.589,3882,0,2,51,3183,1392,40000,3500,0,40000,0x07
2026-09-06T16:13:50.654,3883,0,2,51,2931,1627,38879,3385,0,40000,0x07
2026-09-06T16:13:50.719,3884,0,2,50,2416,1840,32273,3023,0,40000,0x07
2026-09-06T16:13:50.801,3885,0,2,50,1407,1980,18998,2228,0,33695,0x07
2026-09-06T16:13:50.866,3886,0,2,55,148,1091,5402,1596,0,29286,0x07
2026-09-06T16:13:50.931,3887,0,2,51,0,0,2636,1596,0,31077,0x07
2026-09-06T16:13:50.996,3888,0,2,51,0,0,18138,1787,0,35471,0x07
2026-09-06T16:13:51.061,3889,0,2,51,2021,1667,21682,1225,0,31187,0x07
2026-09-06T16:13:51.126,3890,0,2,50,162,680,3000,1582,0,37393,0x07
2026-09-06T16:13:51.191,3891,0,2,50,0,0,2626,1735,0,39312,0x07
2026-09-06T16:13:51.255,3892,0,2,52,3374,0,40000,-2313,0,33604,0x07
2026-09-06T16:13:51.337,3893,0,2,51,3374,1451,38610,0,0,4545,0x07
2026-09-06T16:13:51.402,3894,0,2,50,1390,800,17977,308,0,6193,0x07
2026-09-06T16:13:51.467,3895,0,2,51,1355,745,18343,344,0,7030,0x07
2026-09-06T16:13:51.532,3896,0,2,50,1342,860,18563,358,0,8006,0x07
2026-09-06T16:13:51.598,3897,0,2,52,1346,904,18840,354,0,8349,0x07
2026-09-06T16:13:51.662,3898,0,2,51,1310,980,18373,391,0,9262,0x07
2026-09-06T16:13:51.727,3899,0,2,50,2413,1100,33511,3500,0,40000,0x07
2026-09-06T16:13:51.793,3900,0,2,51,3244,1235,40000,3401,0,40000,0x07
2026-09-06T16:13:51.874,3901,0,2,51,3265,1510,40000,3500,0,40000,0x07
2026-09-06T16:13:51.922,3902,0,2,53,2237,1887,29499,2979,0,40000,0x07
2026-09-06T16:13:52.003,3903,0,2,52,2237,1865,29932,2979,0,40000,0x07
2026-09-06T16:13:52.068,3904,0,2,50,832,1920,11795,1795,0,28807,0x07
2026-09-06T16:13:52.133,3905,0,2,51,181,1529,4386,1455,0,26180,0x07
2026-09-06T16:13:52.198,3906,0,2,51,0,0,3311,1659,0,32430,0x07
2026-09-06T16:13:52.263,3907,0,2,51,0,0,0,0,0,0,0x03
2026-09-06T16:13:52.328,3908,0,2,50,1055,0,16013,656,0,10926,0x07
2026-09-06T16:13:52.393,3909,0,2,50,0,0,3460,656,0,11647,0x07
2026-09-06T16:13:52.458,3910,0,2,51,0,0,28701,0,0,20392,0x07
2026-09-06T16:13:52.539,3911,0,2,57,3374,140,40000,0,0,4713,0x07
2026-09-06T16:13:52.604,3912,0,2,52,1408,519,18818,290,0,6318,0x07
2026-09-06T16:13:52.669,3913,0,2,51,1408,667,18860,290,0,6643,0x07
2026-09-06T16:13:52.734,3914,0,2,50,1398,720,19116,300,0,7102,0x07
2026-09-06T16:13:52.799,3915,0,2,50,1398,920,19211,300,0,7762,0x07
2026-09-06T16:13:52.864,3916,0,2,50,1350,1020,18497,350,0,8773,0x07
2026-09-06T16:13:52.929,3917,0,2,51,2286,1059,30721,3500,0,40000,0x07
2026-09-06T16:13:52.995,3918,0,2,54,3287,1333,40000,3500,0,40000,0x07
2026-09-06T16:13:53.077,3919,0,2,50,3287,1660,40000,3500,0,40000,0x07
2026-09-06T16:13:53.142,3920,0,2,51,3077,1863,37949,3500,0,40000,0x07
2026-09-06T16:13:53.207,3921,0,2,50,2451,1880,30831,3140,0,40000,0x07
2026-09-06T16:13:53.272,3922,0,2,50,1014,1580,13414,1938,0,33003,0x07
2026-09-06T16:13:53.338,3923,0,2,50,0,0,2654,1364,0,27326,0x07
2026-09-06T16:13:53.403,3924,0,2,51,-131,-490,1444,1871,0,37572,0x07
2026-09-06T16:13:53.468,3925,0,2,52,0,0,28701,0,0,19188,0x07
2026-09-06T16:13:53.534,3926,0,2,50,0,0,12571,0,0,27692,0x07
2026-09-06T16:13:53.599,3927,0,2,52,0,0,2486,3107,0,40000,0x07
2026-09-06T16:13:53.680,3928,0,2,57,-12,0,2520,1763,0,28225,0x07
2026-09-06T16:13:53.745,3929,0,2,51,0,0,28701,0,0,21321,0x07
2026-09-06T16:13:53.810,3930,0,2,50,3374,900,39216,0,0,4139,0x07
2026-09-06T16:13:53.876,3931,0,2,50,1437,520,18975,259,0,5821,0x07
2026-09-06T16:13:53.941,3932,0,2,52,1466,654,19496,230,0,5717,0x07
2026-09-06T16:13:54.006,3933,0,2,52,1469,731,19885,226,0,5936,0x07
2026-09-06T16:13:54.071,3934,0,2,51,1482,784,20450,212,0,5999,0x07
2026-09-06T16:13:54.136,3935,0,2,51,1884,1176,25239,3396,0,40000,0x07
2026-09-06T16:13:54.201,3936,0,2,50,2936,1080,39973,2908,0,39753,0x07
2026-09-06T16:13:54.266,3937,0,2,51,3142,1294,40000,3209,0,40000,0x07
2026-09-06T16:13:54.348,3938,0,2,53,3188,1868,39668,3500,0,40000,0x07
2026-09-06T16:13:54.413,3939,0,2,50,3188,1920,39446,3500,0,40000,0x07
2026-09-06T16:13:54.478,3940,0,2,50,2568,1980,32228,3178,0,40000,0x07
2026-09-06T16:13:54.543,3941,0,2,51,1345,1725,17591,2187,0,35624,0x07
2026-09-06T16:13:54.608,3942,0,2,50,0,0,3622,1293,0,25859,0x07
2026-09-06T16:13:54.673,3943,0,2,52,0,0,0,0,0,0,0x03
2026-09-06T16:13:54.738,3944,0,2,54,3374,56,40000,-2042,0,29988,0x07
2026-09-06T16:13:54.803,3945,0,2,51,3374,1980,35882,0,0,8739,0x07
2026-09-06T16:13:54.884,3946,0,2,50,901,840,10966,815,0,13100,0x07
2026-09-06T16:13:54.950,3947,0,2,51,0,0,14307,868,0,14740,0x07
2026-09-06T16:13:55.015,3948,0,2,58,3374,17,40000,1315,0,22014,0x07
2026-09-06T16:13:55.080,3949,0,2,51,3374,2020,35680,1315,0,23490,0x07
2026-09-06T16:13:55.145,3950,0,2,50,3172,1080,39084,3365,0,40000,0x07
2026-09-06T16:13:55.210,3951,0,2,50,3273,1160,39965,3500,0,40000,0x07
2026-09-06T16:13:55.275,3952,0,2,50,3110,1420,38398,3500,0,40000,0x07
2026-09-06T16:13:55.341,3953,0,2,51,2643,1804,31890,3128,0,40000,0x07
2026-09-06T16:13:55.406,3954,0,2,51,825,1686,9823,1661,0,29683,0x07
2026-09-06T16:13:55.487,3955,0,2,50,825,1320,10942,1661,0,31511,0x07
2026-09-06T16:13:55.552,3956,0,2,51,0,0,3835,1181,0,26828,0x07
2026-09-06T16:13:55.618,3957,0,2,50,-189,-220,3677,1441,0,31664,0x07
2026-09-06T16:13:55.683,3958,0,2,50,0,0,0,0,0,0,0x03
2026-09-06T16:13:55.748,3959,0,2,50,0,0,0,0,0,0,0x03
2026-09-06T16:13:55.813,3960,0,2,53,0,0,0,0,0,0,0x03
2026-09-06T16:13:55.877,3961,0,2,50,0,0,0,0,0,0,0x03
2026-09-06T16:13:55.943,3962,0,2,50,0,0,0,0,0,0,0x03
2026-09-06T16:13:56.008,3963,0,2,52,0,0,28701,0,0,18780,0x07
2026-09-06T16:13:56.089,3964,0,2,50,3374,1720,37194,0,0,7332,0x07
2026-09-06T16:13:56.155,3965,0,2,52,1065,731,13867,645,0,10811,0x07
2026-09-06T16:13:56.220,3966,0,2,51,1151,686,15505,556,0,10327,0x07
2026-09-06T16:13:56.285,3967,0,2,50,0,0,8161,527,0,11119,0x07
2026-09-06T16:13:56.350,3968,0,2,50,0,0,5603,2521,0,38857,0x07
2026-09-06T16:13:56.415,3969,0,2,52,416,154,6957,1319,0,25312,0x07
2026-09-06T16:13:56.480,3970,0,2,51,317,353,4546,1421,0,29755,0x07
2026-09-06T16:13:56.545,3971,0,2,50,234,220,4132,1507,0,32482,0x07
2026-09-06T16:13:56.626,3972,0,2,51,3361,255,40000,407,0,19174,0x07
2026-09-06T16:13:56.691,3973,0,2,54,2744,611,35645,2644,0,40000,0x07
2026-09-06T16:13:56.756,3974,0,2,50,2744,840,36357,2644,0,40000,0x07
2026-09-06T16:13:56.821,3975,0,2,51,2967,1039,39945,2936,0,40000,0x07
2026-09-06T16:13:56.886,3976,0,2,51,3115,1529,39639,3109,0,40000,0x07
2026-09-06T16:13:56.951,3977,0,2,51,3212,1843,39486,3239,0,40000,0x07
2026-09-06T16:13:57.016,3978,0,2,50,3288,1880,40000,3500,0,40000,0x07
2026-09-06T16:13:57.081,3979,0,2,53,1889,2000,23668,2664,0,40000,0x07
2026-09-06T16:13:57.146,3980,0,2,51,1889,1882,24174,2664,0,40000,0x07
2026-09-06T16:13:57.227,3981,0,2,51,0,0,4077,1293,0,31707,0x07
2026-09-06T16:13:57.292,3982,0,2,51,-220,-255,3899,1365,0,34150,0x07
2026-09-06T16:13:57.357,3983,0,2,53,0,0,0,0,0,0,0x03
2026-09-06T16:13:57.422,3984,0,2,50,0,0,28701,0,0,19321,0x07
2026-09-06T16:13:57.487,3985,0,2,51,3374,314,40000,0,0,8241,0x07
2026-09-06T16:13:57.552,3986,0,2,51,840,255,11363,755,0,13144,0x07
2026-09-06T16:13:57.617,3987,0,2,51,947,471,12166,708,0,13351,0x07
2026-09-06T16:13:57.682,3988,0,2,50,1410,420,18844,1055,0,18848,0x07
2026-09-06T16:13:57.763,3989,0,2,53,1664,698,22604,1288,0,24626,0x07
2026-09-06T16:13:57.829,3990,0,2,50,1664,800,22936,1288,0,26043,0x07
2026-09-06T16:13:57.894,3991,0,2,51,1687,824,23888,1314,0,27841,0x07
2026-09-06T16:13:57.959,3992,0,2,52,1657,1000,24083,1338,0,31211,0x07
2026-09-06T16:13:58.023,3993,0,2,50,1621,1120,23573,1386,0,33336,0x07
2026-09-06T16:13:58.089,3994,0,2,50,1668,1200,24215,1545,0,37025,0x07
2026-09-06T16:13:58.154,3995,0,2,52,1390,1250,21052,1560,0,38926,0x07
2026-09-06T16:13:58.218,3996,0,2,51,1390,1216,21355,1560,0,38926,0x07
2026-09-06T16:13:58.299,3997,0,2,51,1009,1314,16074,1314,0,37310,0x07
2026-09-06T16:13:58.430,3998,0,2,51,0,0,4710,973,0,33979,0x07
2026-09-06T16:13:58.495,3999,0,2,51,0,0,0,0,0,0,0x03
2026-09-06T16:13:58.560,4000,0,2,52,0,0,17342,0,0,15665,0x07
2026-09-06T16:13:58.625,4001,0,2,50,1919,580,26394,-1653,0,28143,0x07
2026-09-06T16:13:58.691,4002,0,2,50,644,700,10463,-138,0,9335,0x07
2026-09-06T16:13:58.756,4004,0,2,51,700,647,11413,0,0,2469,0x07
2026-09-06T16:13:58.838,4005,0,2,51,731,608,12147,57,0,2838,0x07
2026-09-06T16:13:58.887,4006,0,2,50,763,520,13117,83,0,3255,0x07
2026-09-06T16:13:58.968,4007,0,2,50,0,0,0,0,0,0,0x03
2026-09-06T16:13:59.033,4008,0,2,50,0,0,0,0,0,0,0x03
2026-09-06T16:13:59.098,4009,0,2,51,0,0,7916,0,0,3254,0x07
2026-09-06T16:13:59.163,4010,0,2,50,712,240,10339,152,0,4067,0x07
2026-09-06T16:13:59.228,4011,0,2,51,662,471,8849,194,0,5037,0x07
2026-09-06T16:13:59.294,4012,0,2,52,817,288,11973,378,0,7764,0x07
2026-09-06T16:13:59.359,4013,0,2,51,883,196,13787,436,0,8991,0x07
2026-09-06T16:13:59.425,4014,0,2,50,939,240,15523,510,0,11024,0x07
2026-09-06T16:13:59.490,4015,0,2,50,939,260,16039,510,0,11585,0x07
2026-09-06T16:13:59.571,4016,0,2,51,1008,333,17163,605,0,13455,0x07
2026-09-06T16:13:59.636,4017,0,2,50,1036,340,18097,640,0,14597,0x07
2026-09-06T16:13:59.701,4018,0,2,50,1151,480,20182,884,0,19616,0x07
2026-09-06T16:13:59.766,4019,0,2,51,1151,510,20626,916,0,21047,0x07
2026-09-06T16:13:59.831,4020,0,2,55,1227,745,21567,1326,0,29035,0x07
2026-09-06T16:13:59.896,4021,0,2,52,1227,827,21589,1326,0,30552,0x07
2026-09-06T16:13:59.961,4022,0,2,51,1120,922,20072,1308,0,31792,0x07
2026-09-06T16:14:00.026,4023,0,2,51,936,922,17872,1259,0,32585,0x07
2026-09-06T16:14:00.107,4024,0,2,56,4,857,5617,906,0,30497,0x07
2026-09-06T16:14:00.172,4025,0,2,50,4,660,5874,0,0,7563,0x07
2026-09-06T16:14:00.237,4026,0,2,51,1400,549,23950,0,0,3042,0x07
2026-09-06T16:14:00.303,4027,0,2,50,457,660,11273,0,0,4959,0x07
2026-09-06T16:14:00.367,4028,0,2,51,0,0,0,0,0,0,0x03
2026-09-06T16:14:00.432,4029,0,2,51,0,0,15287,0,0,14322,0x07
2026-09-06T16:14:00.562,4030,0,2,55,1392,1164,15819,15,0,2209,0x07
2026-09-06T16:14:00.627,4031,0,2,52,1392,712,18367,15,0,2227,0x07
2026-09-06T16:14:00.708,4032,0,2,50,1276,780,17108,372,0,7102,0x07
2026-09-06T16:14:00.773,4033,0,2,50,1232,560,18825,472,0,9908,0x07
2026-09-06T16:14:00.838,4034,0,2,50,1246,560,19598,457,0,10230,0x07
2026-09-06T16:14:00.903,4036,0,2,51,0,0,0,0,0,0,0x03
2026-09-06T16:14:00.967,4037,0,2,50,0,0,12039,0,0,10065,0x07
2026-09-06T16:14:01.032,4038,0,2,51,0,0,0,0,0,0,0x03
2026-09-06T16:14:01.098,4039,0,2,51,0,0,4183,0,0,19000,0x07
2026-09-06T16:14:01.163,4040,0,2,54,-230,-74,5177,915,0,16841,0x07
2026-09-06T16:14:01.244,4041,0,2,51,-230,-20,5599,915,0,17867,0x07
2026-09-06T16:14:01.309,4042,0,2,52,-324,-38,6907,965,0,19602,0x07
2026-09-06T16:14:01.374,4043,0,2,50,-215,-160,5125,830,0,18818,0x07
2026-09-06T16:14:01.440,4044,0,2,51,-196,-98,5320,850,0,20967,0x07
2026-09-06T16:14:01.505,4045,0,2,51,0,0,2631,808,0,21347,0x07
2026-09-06T16:14:01.570,4046,0,2,50,250,0,5611,739,0,22180,0x07
2026-09-06T16:14:01.635,4047,0,2,51,250,137,5129,739,0,23009,0x07
2026-09-06T16:14:01.701,4048,0,2,50,329,300,5411,848,0,25310,0x07
2026-09-06T16:14:01.766,4049,0,2,51,780,314,11219,1205,0,31137,0x07
2026-09-06T16:14:01.847,4050,0,2,52,1361,192,20698,1788,0,38429,0x07
2026-09-06T16:14:01.913,4051,0,2,50,1743,380,25716,2179,0,40000,0x07
2026-09-06T16:14:01.978,4052,0,2,51,1869,510,27901,2325,0,40000,0x07
2026-09-06T16:14:02.043,4053,0,2,50,1762,820,27137,2289,0,40000,0x07
2026-09-06T16:14:02.108,4054,0,2,51,1711,961,26609,2238,0,40000,0x07
2026-09-06T16:14:02.173,4055,0,2,51,1360,1118,21931,1993,0,40000,0x07
2026-09-06T16:14:02.238,4056,0,2,50,864,1140,15236,1582,0,39432,0x07
2026-09-06T16:14:02.303,4057,0,2,50,3374,1100,40000,2607,0,40000,0x07
2026-09-06T16:14:02.385,4058,0,2,51,3247,1216,40000,3500,0,40000,0x07
2026-09-06T16:14:02.433,4059,0,2,52,0,0,0,0,0,0,0x03
2026-09-06T16:14:02.514,4060,0,2,50,0,0,8795,0,0,23544,0x07
2026-09-06T16:14:02.579,4061,0,2,50,0,0,0,0,0,0,0x03
2026-09-06T16:14:02.644,4062,0,2,51,0,0,0,0,0,0,0x03
2026-09-06T16:14:02.709,4063,0,2,51,0,0,0,0,0,0,0x03
2026-09-06T16:14:02.774,4064,0,2,51,0,0,0,0,0,0,0x03
2026-09-06T16:14:02.839,4065,0,2,52,0,0,0,0,0,0,0x03
2026-09-06T16:14:02.920,4066,0,2,50,0,0,28701,0,0,17214,0x07
2026-09-06T16:14:02.986,4067,0,2,50,0,0,0,0,0,0,0x03
2026-09-06T16:14:03.051,4068,0,2,52,0,0,0,0,0,0,0x03
2026-09-06T16:14:03.116,4069,0,2,51,0,0,0,0,0,0,0x03
2026-09-06T16:14:03.181,4070,0,2,50,0,0,0,0,0,0,0x03
2026-09-06T16:14:03.311,4071,0,2,51,0,0,0,0,0,0,0x03
2026-09-06T16:14:03.376,4072,0,2,50,0,0,12629,0,0,5184,0x07
2026-09-06T16:14:03.457,4073,0,2,51,1316,294,17892,385,0,7254,0x07
2026-09-06T16:14:03.505,4074,0,2,50,1176,240,19134,0,0,2510,0x07
2026-09-06T16:14:03.587,4075,0,2,50,0,0,0,0,0,0,0x03
2026-09-06T16:14:03.652,4077,0,2,58,1184,0,17843,522,0,9202,0x07
2026-09-06T16:14:03.782,4078,0,2,58,0,0,0,0,0,0,0x03
2026-09-06T16:14:03.847,4079,0,2,51,0,0,0,0,0,0,0x03
2026-09-06T16:14:03.912,4080,0,2,50,0,0,0,0,0,0,0x03
2026-09-06T16:14:04.042,4081,0,2,51,0,0,0,0,0,0,0x03
2026-09-06T16:14:04.123,4082,0,2,50,0,0,0,0,0,0,0x03
2026-09-06T16:14:04.188,4083,0,2,51,0,0,0,0,0,0,0x03
2026-09-06T16:14:04.254,4084,0,2,50,0,0,0,0,0,0,0x03
2026-09-06T16:14:04.319,4085,0,2,55,0,0,0,0,0,0,0x03
2026-09-06T16:14:04.384,4087,0,2,50,0,0,0,0,0,0,0x03
2026-09-06T16:14:04.449,4088,0,2,51,0,0,0,0,0,0,0x03
2026-09-06T16:14:04.514,4089,0,2,51,0,0,0,0,0,0,0x03
2026-09-06T16:14:04.578,4090,0,2,51,0,0,0,0,0,0,0x03
2026-09-06T16:14:04.659,4091,0,2,50,0,0,0,0,0,0,0x03
2026-09-06T16:14:04.724,4092,0,2,50,0,0,0,0,0,0,0x03
2026-09-06T16:14:04.789,4093,0,2,52,0,0,0,0,0,0,0x03
2026-09-06T16:14:04.854,4094,0,2,50,0,0,0,0,0,0,0x03
2026-09-06T16:14:04.919,4095,0,2,50,0,0,0,0,0,0,0x03
2026-09-06T16:14:04.984,4096,0,2,52,0,0,0,0,0,0,0x03
2026-09-06T16:14:05.049,4097,0,2,51,0,0,0,0,0,0,0x03
2026-09-06T16:14:05.082,4098,0,2,52,0,0,0,0,0,0,0x03
