timestamp,sequence,team,robot_id,interval_ms,left_target_eps,left_measured_eps,left_duty,right_target_eps,right_measured_eps,right_duty,flags
2026-09-06T16:39:41.143,266,0,0,52,0,0,5114,0,0,17046,0x07
2026-09-06T16:39:41.143,269,0,2,52,0,0,0,0,0,0,0x03
2026-09-06T16:39:41.165,268,0,0,51,0,0,8787,1743,0,24455,0x07
2026-09-06T16:39:41.165,271,0,2,51,0,0,0,0,0,0,0x03
2026-09-06T16:39:41.228,270,0,0,56,623,0,11490,948,0,14571,0x07
2026-09-06T16:39:41.228,273,0,2,51,0,0,0,0,0,0,0x03
2026-09-06T16:39:41.293,272,0,0,52,0,0,0,0,0,0,0x03
2026-09-06T16:39:41.293,1,0,2,53,0,0,0,0,0,0,0x03
2026-09-06T16:39:41.358,0,0,0,51,0,0,0,0,0,0,0x03
2026-09-06T16:39:41.358,3,0,2,50,0,0,0,0,0,0,0x03
2026-09-06T16:39:41.423,2,0,0,51,0,0,0,0,0,0,0x03
2026-09-06T16:39:41.423,5,0,2,52,0,0,0,0,0,0,0x03
2026-09-06T16:39:41.488,4,0,0,51,0,0,0,0,0,0,0x03
2026-09-06T16:39:41.488,7,0,2,51,0,0,0,0,0,0,0x03
2026-09-06T16:39:41.569,6,0,0,50,0,0,0,0,0,0,0x03
2026-09-06T16:39:41.569,9,0,2,50,0,0,0,0,0,0,0x03
2026-09-06T16:39:41.618,8,0,0,52,0,0,0,0,0,0,0x03
2026-09-06T16:39:41.618,11,0,2,50,0,0,0,0,0,0,0x03
2026-09-06T16:39:41.699,10,0,0,52,0,0,0,0,0,0,0x03
2026-09-06T16:39:41.699,13,0,2,52,0,0,0,0,0,0,0x03
2026-09-06T16:39:41.764,12,0,0,51,0,0,0,0,0,0,0x03
2026-09-06T16:39:41.764,15,0,2,51,0,0,0,0,0,0,0x03
2026-09-06T16:39:41.828,14,0,0,51,0,0,0,0,0,0,0x03
2026-09-06T16:39:41.828,17,0,2,51,0,0,0,0,0,0,0x03
2026-09-06T16:39:41.894,16,0,0,52,0,0,0,0,0,0,0x03
2026-09-06T16:39:41.894,19,0,2,50,0,0,0,0,0,0,0x03
2026-09-06T16:39:41.959,18,0,0,50,0,0,0,0,0,0,0x03
2026-09-06T16:39:41.959,21,0,2,50,0,0,0,0,0,0,0x03
2026-09-06T16:39:42.024,20,0,0,53,0,0,0,0,0,0,0x03
2026-09-06T16:39:42.024,23,0,2,51,0,0,0,0,0,0,0x03
2026-09-06T16:39:42.105,22,0,0,50,0,0,0,0,0,0,0x03
2026-09-06T16:39:42.105,25,0,2,51,0,0,0,0,0,0,0x03
2026-09-06T16:39:42.154,24,0,0,50,0,0,0,0,0,0,0x03
2026-09-06T16:39:42.154,27,0,2,50,0,0,0,0,0,0,0x03
2026-09-06T16:39:42.235,26,0,0,55,0,0,0,0,0,0,0x03
2026-09-06T16:39:42.235,29,0,2,51,0,0,0,0,0,0,0x03
2026-09-06T16:39:42.300,28,0,0,51,0,0,0,0,0,0,0x03
2026-09-06T16:39:42.300,31,0,2,51,0,0,0,0,0,0,0x03
2026-09-06T16:39:42.365,30,0,0,50,0,0,0,0,0,0,0x03
2026-09-06T16:39:42.365,33,0,2,51,0,0,0,0,0,0,0x03
2026-09-06T16:39:42.430,32,0,0,51,0,0,0,0,0,0,0x03
2026-09-06T16:39:42.430,35,0,2,51,0,0,0,0,0,0,0x03
2026-09-06T16:39:42.495,34,0,0,50,0,0,0,0,0,0,0x03
2026-09-06T16:39:42.495,37,0,2,51,0,0,0,0,0,0,0x03
2026-09-06T16:39:42.560,36,0,0,50,0,0,0,0,0,0,0x03
2026-09-06T16:39:42.560,39,0,2,50,0,0,0,0,0,0,0x03
2026-09-06T16:39:42.625,38,0,0,52,0,0,0,0,0,0,0x03
2026-09-06T16:39:42.625,41,0,2,51,0,0,0,0,0,0,0x03
2026-09-06T16:39:42.690,40,0,0,50,0,0,0,0,0,0,0x03
2026-09-06T16:39:42.690,43,0,2,52,0,0,0,0,0,0,0x03
2026-09-06T16:39:42.771,42,0,0,50,0,0,0,0,0,0,0x03
2026-09-06T16:39:42.771,45,0,2,53,0,0,0,0,0,0,0x03
2026-09-06T16:39:42.836,44,0,0,51,0,0,0,0,0,0,0x03
2026-09-06T16:39:42.836,47,0,2,50,0,0,0,0,0,0,0x03
2026-09-06T16:39:42.901,46,0,0,51,0,0,0,0,0,0,0x03
2026-09-06T16:39:42.901,49,0,2,51,0,0,0,0,0,0,0x03
2026-09-06T16:39:42.966,48,0,0,52,0,0,0,0,0,0,0x03
2026-09-06T16:39:42.966,51,0,2,51,0,0,0,0,0,0,0x03
2026-09-06T16:39:43.031,50,0,0,51,0,0,0,0,0,0,0x03
2026-09-06T16:39:43.031,53,0,2,50,0,0,0,0,0,0,0x03
2026-09-06T16:39:43.096,52,0,0,51,0,0,0,0,0,0,0x03
2026-09-06T16:39:43.096,55,0,2,51,0,0,0,0,0,0,0x03
2026-09-06T16:39:43.161,54,0,0,50,0,0,0,0,0,0,0x03
2026-09-06T16:39:43.161,57,0,2,51,0,0,0,0,0,0,0x03
2026-09-06T16:39:43.242,56,0,0,50,0,0,0,0,0,0,0x03
2026-09-06T16:39:43.242,59,0,2,51,0,0,0,0,0,0,0x03
2026-09-06T16:39:43.307,58,0,0,51,0,0,0,0,0,0,0x03
2026-09-06T16:39:43.307,61,0,2,51,0,0,0,0,0,0,0x03
2026-09-06T16:39:43.373,60,0,0,51,0,0,0,0,0,0,0x03
2026-09-06T16:39:43.373,63,0,2,50,0,0,0,0,0,0,0x03
2026-09-06T16:39:43.438,62,0,0,50,0,0,0,0,0,0,0x03
2026-09-06T16:39:43.438,65,0,2,50,0,0,0,0,0,0,0x03
2026-09-06T16:39:43.503,64,0,0,50,0,0,0,0,0,0,0x03
2026-09-06T16:39:43.503,67,0,2,52,0,0,0,0,0,0,0x03
2026-09-06T16:39:43.568,66,0,0,51,0,0,0,0,0,0,0x03
2026-09-06T16:39:43.568,69,0,2,52,0,0,0,0,0,0,0x03
2026-09-06T16:39:43.633,68,0,0,51,0,0,0,0,0,0,0x03
2026-09-06T16:39:43.633,71,0,2,50,0,0,0,0,0,0,0x03
2026-09-06T16:39:43.698,70,0,0,51,0,0,0,0,0,0,0x03
2026-09-06T16:39:43.764,72,0,0,50,0,0,0,0,0,0,0x03
2026-09-06T16:39:43.764,75,0,2,51,0,0,0,0,0,0,0x03
2026-09-06T16:39:43.830,74,0,0,51,0,0,0,0,0,0,0x03
2026-09-06T16:39:43.830,75,0,2,50,0,0,0,0,0,0,0x03
2026-09-06T16:39:43.910,74,0,0,50,0,0,0,0,0,0,0x03
2026-09-06T16:39:43.910,79,0,2,51,0,0,0,0,0,0,0x03
2026-09-06T16:39:43.976,74,0,0,52,0,0,0,0,0,0,0x03
2026-09-06T16:39:43.976,81,0,2,52,0,0,0,0,0,0,0x03
2026-09-06T16:39:44.041,80,0,0,51,0,0,0,0,0,0,0x03
2026-09-06T16:39:44.041,83,0,2,50,0,0,0,0,0,0,0x03
2026-09-06T16:39:44.106,82,0,0,52,0,0,0,0,0,0,0x03
2026-09-06T16:39:44.107,85,0,2,52,0,0,0,0,0,0,0x03
2026-09-06T16:39:44.172,84,0,0,51,0,0,0,0,0,0,0x03
2026-09-06T16:39:44.172,87,0,2,50,0,0,0,0,0,0,0x03
2026-09-06T16:39:44.237,86,0,0,51,0,0,0,0,0,0,0x03
2026-09-06T16:39:44.237,89,0,2,51,0,0,0,0,0,0,0x03
2026-09-06T16:39:44.302,88,0,0,50,0,0,0,0,0,0,0x03
2026-09-06T16:39:44.302,91,0,2,50,0,0,0,0,0,0,0x03
2026-09-06T16:39:44.368,90,0,0,52,0,0,0,0,0,0,0x03
2026-09-06T16:39:44.368,93,0,2,50,0,0,0,0,0,0,0x03
2026-09-06T16:39:44.434,92,0,0,52,0,0,0,0,0,0,0x03
2026-09-06T16:39:44.499,94,0,0,51,0,0,0,0,0,0,0x03
2026-09-06T16:39:44.499,97,0,2,50,0,0,0,0,0,0,0x03
2026-09-06T16:39:44.580,96,0,0,51,0,0,0,0,0,0,0x03
2026-09-06T16:39:44.580,97,0,2,51,0,0,0,0,0,0,0x03
2026-09-06T16:39:44.646,96,0,0,51,0,0,0,0,0,0,0x03
2026-09-06T16:39:44.646,101,0,2,51,0,0,0,0,0,0,0x03
2026-09-06T16:39:44.711,96,0,0,50,0,0,0,0,0,0,0x03
2026-09-06T16:39:44.711,103,0,2,52,0,0,0,0,0,0,0x03
2026-09-06T16:39:44.776,102,0,0,51,0,0,0,0,0,0,0x03
2026-09-06T16:39:44.776,105,0,2,52,0,0,0,0,0,0,0x03
2026-09-06T16:39:44.841,104,0,0,51,0,0,0,0,0,0,0x03
2026-09-06T16:39:44.841,107,0,2,50,0,0,0,0,0,0,0x03
2026-09-06T16:39:44.906,106,0,0,51,0,0,0,0,0,0,0x03
2026-09-06T16:39:44.906,109,0,2,51,0,0,0,0,0,0,0x03
2026-09-06T16:39:44.971,108,0,0,50,0,0,0,0,0,0,0x03
2026-09-06T16:39:44.971,111,0,2,52,0,0,0,0,0,0,0x03
2026-09-06T16:39:45.036,110,0,0,52,0,0,0,0,0,0,0x03
2026-09-06T16:39:45.036,113,0,2,53,0,0,0,0,0,0,0x03
2026-09-06T16:39:45.101,112,0,0,50,0,0,0,0,0,0,0x03
2026-09-06T16:39:45.101,115,0,2,50,0,0,0,0,0,0,0x03
2026-09-06T16:39:45.183,114,0,0,51,0,0,0,0,0,0,0x03
2026-09-06T16:39:45.183,117,0,2,50,0,0,0,0,0,0,0x03
2026-09-06T16:39:45.247,116,0,0,52,0,0,0,0,0,0,0x03
2026-09-06T16:39:45.248,119,0,2,50,0,0,0,0,0,0,0x03
2026-09-06T16:39:45.313,118,0,0,52,0,0,0,0,0,0,0x03
2026-09-06T16:39:45.313,121,0,2,52,0,0,0,0,0,0,0x03
2026-09-06T16:39:45.378,120,0,0,50,0,0,0,0,0,0,0x03
2026-09-06T16:39:45.378,123,0,2,50,0,0,0,0,0,0,0x03
2026-09-06T16:39:45.443,122,0,0,50,0,0,0,0,0,0,0x03
2026-09-06T16:39:45.443,125,0,2,50,0,0,0,0,0,0,0x03
2026-09-06T16:39:45.508,124,0,0,50,0,0,0,0,0,0,0x03
2026-09-06T16:39:45.508,127,0,2,55,0,0,0,0,0,0,0x03
2026-09-06T16:39:45.573,126,0,0,51,0,0,0,0,0,0,0x03
2026-09-06T16:39:45.573,129,0,2,50,0,0,0,0,0,0,0x03
2026-09-06T16:39:45.639,128,0,0,52,0,0,0,0,0,0,0x03
2026-09-06T16:39:45.639,131,0,2,50,0,0,0,0,0,0,0x03
2026-09-06T16:39:45.720,130,0,0,51,0,0,0,0,0,0,0x03
2026-09-06T16:39:45.720,133,0,2,50,0,0,0,0,0,0,0x03
2026-09-06T16:39:45.770,132,0,0,50,0,0,0,0,0,0,0x03
2026-09-06T16:39:45.770,135,0,2,50,0,0,0,0,0,0,0x03
2026-09-06T16:39:45.851,134,0,0,50,0,0,0,0,0,0,0x03
2026-09-06T16:39:45.851,137,0,2,50,0,0,0,0,0,0,0x03
2026-09-06T16:39:45.917,136,0,0,52,0,0,0,0,0,0,0x03
2026-09-06T16:39:45.917,139,0,2,51,0,0,0,0,0,0,0x03
2026-09-06T16:39:45.982,138,0,0,51,0,0,0,0,0,0,0x03
2026-09-06T16:39:45.982,141,0,2,52,0,0,0,0,0,0,0x03
2026-09-06T16:39:46.048,140,0,0,55,0,0,0,0,0,0,0x03
2026-09-06T16:39:46.048,143,0,2,51,0,0,0,0,0,0,0x03
2026-09-06T16:39:46.112,142,0,0,50,0,0,0,0,0,0,0x03
2026-09-06T16:39:46.112,145,0,2,51,0,0,0,0,0,0,0x03
2026-09-06T16:39:46.178,144,0,0,51,0,0,0,0,0,0,0x03
2026-09-06T16:39:46.178,147,0,2,51,0,0,0,0,0,0,0x03
2026-09-06T16:39:46.242,146,0,0,50,0,0,0,0,0,0,0x03
2026-09-06T16:39:46.242,149,0,2,50,0,0,0,0,0,0,0x03
2026-09-06T16:39:46.308,148,0,0,52,0,0,0,0,0,0,0x03
2026-09-06T16:39:46.308,151,0,2,51,0,0,0,0,0,0,0x03
2026-09-06T16:39:46.389,150,0,0,52,0,0,0,0,0,0,0x03
2026-09-06T16:39:46.390,153,0,2,52,0,0,0,0,0,0,0x03
2026-09-06T16:39:46.455,152,0,0,50,0,0,0,0,0,0,0x03
2026-09-06T16:39:46.455,155,0,2,50,0,0,0,0,0,0,0x03
2026-09-06T16:39:46.519,154,0,0,51,0,0,0,0,0,0,0x03
2026-09-06T16:39:46.519,157,0,2,52,0,0,0,0,0,0,0x03
2026-09-06T16:39:46.585,156,0,0,51,0,0,0,0,0,0,0x03
2026-09-06T16:39:46.585,159,0,2,50,0,0,0,0,0,0,0x03
2026-09-06T16:39:46.650,158,0,0,51,0,0,0,0,0,0,0x03
2026-09-06T16:39:46.650,161,0,2,50,0,0,0,0,0,0,0x03
2026-09-06T16:39:46.716,160,0,0,50,0,0,0,0,0,0,0x03
2026-09-06T16:39:46.716,163,0,2,51,0,0,0,0,0,0,0x03
2026-09-06T16:39:46.780,162,0,0,52,0,0,0,0,0,0,0x03
2026-09-06T16:39:46.780,165,0,2,54,0,0,0,0,0,0,0x03
2026-09-06T16:39:46.845,164,0,0,50,0,0,0,0,0,0,0x03
2026-09-06T16:39:46.846,167,0,2,51,0,0,0,0,0,0,0x03
2026-09-06T16:39:46.911,166,0,0,53,0,0,0,0,0,0,0x03
2026-09-06T16:39:46.911,169,0,2,52,0,0,0,0,0,0,0x03
2026-09-06T16:39:46.991,168,0,0,50,0,0,0,0,0,0,0x03
2026-09-06T16:39:46.991,171,0,2,52,0,0,0,0,0,0,0x03
2026-09-06T16:39:47.056,170,0,0,50,0,0,0,0,0,0,0x03
2026-09-06T16:39:47.056,173,0,2,51,0,0,0,0,0,0,0x03
2026-09-06T16:39:47.120,172,0,0,50,0,0,0,0,0,0,0x03
2026-09-06T16:39:47.120,175,0,2,52,0,0,0,0,0,0,0x03
2026-09-06T16:39:47.185,174,0,0,50,0,0,0,0,0,0,0x03
2026-09-06T16:39:47.185,177,0,2,50,0,0,0,0,0,0,0x03
2026-09-06T16:39:47.251,176,0,0,51,0,0,0,0,0,0,0x03
2026-09-06T16:39:47.251,179,0,2,51,0,0,0,0,0,0,0x03
2026-09-06T16:39:47.316,178,0,0,55,0,0,0,0,0,0,0x03
2026-09-06T16:39:47.316,181,0,2,51,0,0,0,0,0,0,0x03
2026-09-06T16:39:47.381,180,0,0,52,0,0,0,0,0,0,0x03
2026-09-06T16:39:47.381,183,0,2,51,0,0,0,0,0,0,0x03
2026-09-06T16:39:47.446,182,0,0,50,0,0,0,0,0,0,0x03
2026-09-06T16:39:47.446,185,0,2,55,0,0,0,0,0,0,0x03
2026-09-06T16:39:47.512,184,0,0,51,0,0,0,0,0,0,0x03
2026-09-06T16:39:47.593,186,0,0,55,0,0,0,0,0,0,0x03
2026-09-06T16:39:47.593,189,0,2,51,0,0,0,0,0,0,0x03
2026-09-06T16:39:47.658,188,0,0,51,0,0,0,0,0,0,0x03
2026-09-06T16:39:47.723,188,0,0,51,0,0,0,0,0,0,0x03
2026-09-06T16:39:47.723,193,0,2,51,0,0,0,0,0,0,0x03
2026-09-06T16:39:47.789,188,0,0,54,0,0,0,0,0,0,0x03
2026-09-06T16:39:47.789,193,0,2,50,0,0,0,0,0,0,0x03
2026-09-06T16:39:47.853,65535,0,0,52,0,0,0,0,0,0,0x0b
2026-09-06T16:39:47.853,197,0,2,50,0,0,0,0,0,0,0x03
2026-09-06T16:39:47.918,65535,0,0,52,0,0,0,0,0,0,0x0b
2026-09-06T16:39:47.918,199,0,2,52,0,0,0,0,0,0,0x03
2026-09-06T16:39:47.982,198,0,0,52,0,0,0,0,0,0,0x03
2026-09-06T16:39:47.982,201,0,2,50,0,0,0,0,0,0,0x03
2026-09-06T16:39:48.047,200,0,0,56,0,0,0,0,0,0,0x03
2026-09-06T16:39:48.047,203,0,2,51,0,0,0,0,0,0,0x03
2026-09-06T16:39:48.128,202,0,0,51,0,0,0,0,0,0,0x03
2026-09-06T16:39:48.128,205,0,2,50,0,0,0,0,0,0,0x03
2026-09-06T16:39:48.193,204,0,0,51,0,0,0,0,0,0,0x03
2026-09-06T16:39:48.193,207,0,2,50,0,0,0,0,0,0,0x03
2026-09-06T16:39:48.258,206,0,0,50,0,0,0,0,0,0,0x03
2026-09-06T16:39:48.258,209,0,2,54,0,0,0,0,0,0,0x03
2026-09-06T16:39:48.324,208,0,0,51,0,0,0,0,0,0,0x03
2026-09-06T16:39:48.324,211,0,2,50,0,0,0,0,0,0,0x03
2026-09-06T16:39:48.389,210,0,0,52,0,0,0,0,0,0,0x03
2026-09-06T16:39:48.389,213,0,2,51,0,0,0,0,0,0,0x03
2026-09-06T16:39:48.455,212,0,0,50,0,0,0,0,0,0,0x03
2026-09-06T16:39:48.455,215,0,2,51,0,0,0,0,0,0,0x03
2026-09-06T16:39:48.519,214,0,0,51,0,0,0,0,0,0,0x03
2026-09-06T16:39:48.519,217,0,2,54,0,0,0,0,0,0,0x03
2026-09-06T16:39:48.584,216,0,0,52,0,0,0,0,0,0,0x03
2026-09-06T16:39:48.584,219,0,2,52,0,0,0,0,0,0,0x03
2026-09-06T16:39:48.665,218,0,0,52,0,0,0,0,0,0,0x03
2026-09-06T16:39:48.665,221,0,2,51,0,0,0,0,0,0,0x03
2026-09-06T16:39:48.731,220,0,0,55,0,0,0,0,0,0,0x03
2026-09-06T16:39:48.731,223,0,2,51,0,0,0,0,0,0,0x03
2026-09-06T16:39:48.795,222,0,0,50,0,0,0,0,0,0,0x03
2026-09-06T16:39:48.795,225,0,2,51,0,0,0,0,0,0,0x03
2026-09-06T16:39:48.861,224,0,0,51,0,0,0,0,0,0,0x03
2026-09-06T16:39:48.861,227,0,2,50,0,0,0,0,0,0,0x03
2026-09-06T16:39:48.926,226,0,0,51,0,0,0,0,0,0,0x03
2026-09-06T16:39:48.926,229,0,2,51,0,0,0,0,0,0,0x03
2026-09-06T16:39:48.991,228,0,0,52,0,0,0,0,0,0,0x03
2026-09-06T16:39:48.991,231,0,2,50,0,0,0,0,0,0,0x03
2026-09-06T16:39:49.056,230,0,0,51,0,0,0,0,0,0,0x03
2026-09-06T16:39:49.056,233,0,2,51,0,0,0,0,0,0,0x03
2026-09-06T16:39:49.122,232,0,0,52,0,0,0,0,0,0,0x03
2026-09-06T16:39:49.122,235,0,2,50,0,0,0,0,0,0,0x03
2026-09-06T16:39:49.187,234,0,0,50,0,0,0,0,0,0,0x03
2026-09-06T16:39:49.187,237,0,2,55,0,0,0,0,0,0,0x03
2026-09-06T16:39:49.268,236,0,0,51,0,0,0,0,0,0,0x03
2026-09-06T16:39:49.268,239,0,2,52,0,0,0,0,0,0,0x03
2026-09-06T16:39:49.333,238,0,0,52,0,0,0,0,0,0,0x03
2026-09-06T16:39:49.333,241,0,2,52,0,0,0,0,0,0,0x03
2026-09-06T16:39:49.398,240,0,0,53,0,0,0,0,0,0,0x03
2026-09-06T16:39:49.398,243,0,2,50,0,0,0,0,0,0,0x03
2026-09-06T16:39:49.463,242,0,0,52,0,0,0,0,0,0,0x03
2026-09-06T16:39:49.463,245,0,2,50,0,0,0,0,0,0,0x03
2026-09-06T16:39:49.528,244,0,0,50,0,0,0,0,0,0,0x03
2026-09-06T16:39:49.528,247,0,2,50,0,0,0,0,0,0,0x03
2026-09-06T16:39:49.593,246,0,0,51,0,0,0,0,0,0,0x03
2026-09-06T16:39:49.593,249,0,2,50,0,0,0,0,0,0,0x03
2026-09-06T16:39:49.658,248,0,0,51,0,0,0,0,0,0,0x03
2026-09-06T16:39:49.658,251,0,2,50,0,0,0,0,0,0,0x03
2026-09-06T16:39:49.723,250,0,0,51,0,0,0,0,0,0,0x03
2026-09-06T16:39:49.723,253,0,2,50,0,0,0,0,0,0,0x03
2026-09-06T16:39:49.789,252,0,0,52,0,0,0,0,0,0,0x03
2026-09-06T16:39:49.789,255,0,2,51,0,0,0,0,0,0,0x03
2026-09-06T16:39:49.854,254,0,0,52,0,0,0,0,0,0,0x03
2026-09-06T16:39:49.854,257,0,2,50,0,0,9705,0,0,20034,0x07
2026-09-06T16:39:49.935,256,0,0,50,0,0,6977,0,0,14196,0x07
2026-09-06T16:39:49.935,259,0,2,51,968,176,13069,2384,333,28750,0x07
2026-09-06T16:39:50.001,258,0,0,52,400,0,8678,1395,0,20124,0x07
2026-09-06T16:39:50.001,261,0,2,50,1421,660,16407,1961,980,20979,0x07
2026-09-06T16:39:50.066,260,0,0,56,702,125,11949,1081,0,16228,0x07
2026-09-06T16:39:50.066,263,0,2,52,1346,673,15449,1916,673,21740,0x07
2026-09-06T16:39:50.131,262,0,0,50,702,0,12481,1081,0,16228,0x07
2026-09-06T16:39:50.132,265,0,2,51,1302,725,14705,1872,941,20085,0x07
2026-09-06T16:39:50.196,264,0,0,50,701,40,12305,1081,0,16228,0x07
2026-09-06T16:39:50.196,267,0,2,51,1220,765,13563,1806,784,19969,0x07
2026-09-06T16:39:50.261,266,0,0,51,685,0,12268,1079,0,16197,0x07
2026-09-06T16:39:50.261,269,0,2,50,3374,1340,36738,3064,1580,31523,0x07
2026-09-06T16:39:50.327,268,0,0,52,695,0,12396,1075,0,16150,0x07
2026-09-06T16:39:50.327,271,0,2,50,732,1980,2603,1998,1520,19121,0x07
2026-09-06T16:39:50.392,270,0,0,50,682,0,12226,1074,0,16146,0x07
2026-09-06T16:39:50.392,273,0,2,51,1030,1059,10061,1626,1451,14990,0x07
2026-09-06T16:39:50.457,272,0,0,53,675,0,12140,1067,0,16050,0x07
2026-09-06T16:39:50.457,275,0,2,53,192,2679,0,1550,1811,12565,0x07
2026-09-06T16:39:50.539,274,0,0,51,675,0,12140,1067,0,16050,0x07
2026-09-06T16:39:50.539,277,0,2,51,192,1294,6268,1550,1725,12929,0x07
2026-09-06T16:39:50.604,276,0,0,51,674,0,12128,1065,0,16032,0x07
2026-09-06T16:39:50.604,279,0,2,51,518,588,5971,1212,1451,10080,0x07
2026-09-06T16:39:50.668,278,0,0,50,674,0,12128,1065,0,16024,0x07
2026-09-06T16:39:50.668,281,0,2,52,499,904,4405,1232,1038,12066,0x07
2026-09-06T16:39:50.733,280,0,0,51,674,0,12132,1065,0,16024,0x07
2026-09-06T16:39:50.733,283,0,2,50,2885,700,33648,2637,1020,28835,0x07
2026-09-06T16:39:50.797,282,0,0,51,675,0,12140,1065,0,16024,0x07
2026-09-06T16:39:50.797,285,0,2,50,2364,2020,21843,2848,1360,29892,0x07
2026-09-06T16:39:50.862,284,0,0,52,676,0,12152,1065,0,16032,0x07
2026-09-06T16:39:50.862,287,0,2,52,2223,1423,22703,2715,1923,25923,0x07
2026-09-06T16:39:51.122,286,0,0,51,676,0,12152,1065,0,16032,0x07
2026-09-06T16:39:51.122,289,0,2,51,2530,686,29486,0,0,9294,0x07
2026-09-06T16:39:51.802,288,0,0,52,676,0,12161,1066,0,16036,0x07
2026-09-06T16:39:51.802,291,0,2,51,2628,627,30899,0,0,4049,0x07
2026-09-06T16:39:51.868,290,0,0,50,676,0,12161,1066,0,16041,0x07
2026-09-06T16:39:51.868,293,0,2,52,0,0,17764,0,0,28548,0x07
2026-09-06T16:39:51.933,292,0,0,50,0,0,9289,0,0,11510,0x07
2026-09-06T16:39:51.933,295,0,2,51,0,0,0,0,0,0,0x03
2026-09-06T16:39:51.998,294,0,0,50,0,0,0,0,0,0,0x03
2026-09-06T16:39:51.998,297,0,2,50,0,0,26408,0,0,27811,0x07
2026-09-06T16:39:52.080,296,0,0,50,0,0,9289,0,0,11510,0x07
2026-09-06T16:39:52.080,299,0,2,50,3153,420,38025,3403,360,40000,0x07
2026-09-06T16:39:52.144,298,0,0,52,677,0,12166,1066,0,16041,0x07
2026-09-06T16:39:52.144,301,0,2,51,3159,824,36382,3411,2333,32454,0x07
2026-09-06T16:39:52.209,300,0,0,51,677,20,12082,1066,0,16045,0x07
2026-09-06T16:39:52.209,303,0,2,50,3148,1260,34386,3412,2780,30565,0x07
2026-09-06T16:39:52.275,302,0,0,52,677,0,12166,1066,0,16045,0x07
2026-09-06T16:39:52.275,305,0,2,50,3075,980,34714,3389,2640,30884,0x07
2026-09-06T16:39:52.340,304,0,0,52,677,0,12166,1066,0,16045,0x07
2026-09-06T16:39:52.340,307,0,2,54,2691,759,31082,3164,2148,30301,0x07
2026-09-06T16:39:52.405,306,0,0,50,677,0,12166,1066,0,16045,0x07
2026-09-06T16:39:52.405,309,0,2,50,2691,780,30994,3164,1360,33651,0x07
2026-09-06T16:39:52.471,308,0,0,51,677,0,12166,1066,0,16045,0x07
2026-09-06T16:39:52.471,311,0,2,50,2510,1120,27402,0,0,7574,0x07
2026-09-06T16:39:52.536,310,0,0,51,677,0,12166,1066,0,16045,0x07
2026-09-06T16:39:52.536,313,0,2,51,2411,1373,25152,0,0,5387,0x07
2026-09-06T16:39:52.617,312,0,0,52,677,0,12166,1066,0,16045,0x07
2026-09-06T16:39:52.617,315,0,2,51,1239,667,14213,464,353,5861,0x07
2026-09-06T16:39:52.665,314,0,0,50,677,0,12166,1066,0,16045,0x07
2026-09-06T16:39:52.665,317,0,2,51,1169,392,14544,537,549,5892,0x07
2026-09-06T16:39:52.747,316,0,0,51,677,0,12166,1066,0,16045,0x07
2026-09-06T16:39:52.747,319,0,2,52,1137,692,12884,571,423,6827,0x07
2026-09-06T16:39:52.811,318,0,0,52,677,0,12166,1066,0,16045,0x07
2026-09-06T16:39:52.811,321,0,2,52,1137,692,12884,571,423,6827,0x07
2026-09-06T16:39:52.876,320,0,0,52,677,0,12166,1066,0,16045,0x07
2026-09-06T16:39:52.876,323,0,2,50,1092,800,11896,617,440,7303,0x07
2026-09-06T16:39:52.942,322,0,0,50,677,0,12166,1066,0,16045,0x07
2026-09-06T16:39:52.942,325,0,2,50,1389,840,15261,0,0,3224,0x07
2026-09-06T16:39:53.006,324,0,0,57,677,0,12166,1066,0,16045,0x07
2026-09-06T16:39:53.006,327,0,2,55,905,1018,8742,437,18,6955,0x07
2026-09-06T16:39:53.072,326,0,0,50,677,0,12166,1066,0,16045,0x07
2026-09-06T16:39:53.072,329,0,2,50,905,940,9074,437,340,5587,0x07
2026-09-06T16:39:53.138,328,0,0,52,677,0,12166,1066,0,16045,0x07
2026-09-06T16:39:53.138,331,0,2,52,992,904,10263,592,308,7567,0x07
2026-09-06T16:39:53.202,330,0,0,52,677,0,12166,1066,0,16045,0x07
2026-09-06T16:39:53.202,333,0,2,50,2461,880,27840,2449,580,28476,0x07
2026-09-06T16:39:53.283,332,0,0,55,677,0,12166,1066,0,16045,0x07
2026-09-06T16:39:53.283,335,0,2,57,3000,1140,33138,3156,1105,34638,0x07
2026-09-06T16:39:53.348,334,0,0,51,677,0,12166,1066,0,16045,0x07
2026-09-06T16:39:53.348,337,0,2,51,3000,1569,31318,3156,2020,30752,0x07
2026-09-06T16:39:53.412,336,0,0,50,677,0,12166,1066,0,16045,0x07
2026-09-06T16:39:53.413,339,0,2,56,3090,2071,30248,3500,2500,32798,0x07
2026-09-06T16:39:53.477,338,0,0,51,677,0,12166,1066,0,16045,0x07
2026-09-06T16:39:53.477,341,0,2,53,2691,2434,23972,3279,2868,28611,0x07
2026-09-06T16:39:53.543,340,0,0,52,677,0,12166,1066,0,16045,0x07
2026-09-06T16:39:53.543,343,0,2,50,2691,2340,24372,3279,2780,28984,0x07
2026-09-06T16:39:53.607,342,0,0,51,677,0,12166,1066,0,16045,0x07
2026-09-06T16:39:53.607,345,0,2,51,1738,2451,12564,2539,2235,22509,0x07
2026-09-06T16:39:53.688,344,0,0,53,677,0,12166,1066,0,16045,0x07
2026-09-06T16:39:53.688,347,0,2,51,368,2000,4197,1369,1824,10355,0x07
2026-09-06T16:39:53.753,346,0,0,50,677,0,12166,1066,0,16045,0x07
2026-09-06T16:39:53.753,349,0,2,57,167,789,938,1577,1474,14312,0x07
2026-09-06T16:39:53.818,348,0,0,50,677,0,12166,1066,0,16045,0x07
2026-09-06T16:39:53.818,351,0,2,50,167,940,298,1577,1320,14965,0x07
2026-09-06T16:39:53.883,350,0,0,55,677,0,12166,1066,0,16045,0x07
2026-09-06T16:39:53.883,353,0,2,51,123,549,1438,1622,1039,16699,0x07
2026-09-06T16:39:53.949,352,0,0,51,677,0,12166,1066,0,16045,0x07
2026-09-06T16:39:53.949,355,0,2,50,113,260,2546,1633,1140,16395,0x07
2026-09-06T16:39:54.015,354,0,0,50,677,0,12166,1066,0,16045,0x07
2026-09-06T16:39:54.015,357,0,2,50,176,100,3981,1567,1060,15954,0x07
2026-09-06T16:39:54.079,356,0,0,51,677,0,12166,1066,0,16045,0x07
2026-09-06T16:39:54.079,359,0,2,51,218,78,4569,1524,1118,15193,0x07
2026-09-06T16:39:54.144,358,0,0,51,677,0,12166,1066,0,16045,0x07
2026-09-06T16:39:54.144,361,0,2,54,467,333,6444,1266,1019,12550,0x07
2026-09-06T16:39:54.210,360,0,0,50,624,0,11502,1058,0,15937,0x07
2026-09-06T16:39:54.210,363,0,2,50,467,420,6076,1266,1000,12629,0x07
2026-09-06T16:39:54.275,362,0,0,52,656,0,11907,1046,0,15790,0x07
2026-09-06T16:39:54.275,365,0,2,51,598,78,9085,1130,1000,11015,0x07
2026-09-06T16:39:54.340,364,0,0,51,672,0,12102,1059,0,15951,0x07
2026-09-06T16:39:54.340,367,0,2,51,690,255,9430,1034,1078,9546,0x07
2026-09-06T16:39:54.422,366,0,0,50,672,0,12102,1059,0,15951,0x07
2026-09-06T16:39:54.422,369,0,2,50,1533,560,18161,1784,860,19385,0x07
2026-09-06T16:39:54.487,368,0,0,50,676,0,12152,1063,0,15998,0x07
2026-09-06T16:39:54.487,371,0,2,50,2470,820,28203,2630,900,29261,0x07
2026-09-06T16:39:54.551,370,0,0,51,678,0,12183,1065,0,16028,0x07
2026-09-06T16:39:54.551,373,0,2,55,3257,1636,34087,3359,1818,34016,0x07
2026-09-06T16:39:54.617,372,0,0,50,679,0,12191,1067,0,16050,0x07
2026-09-06T16:39:54.617,375,0,2,50,3257,1960,32712,3359,2280,32053,0x07
2026-09-06T16:39:54.682,374,0,0,50,679,0,12196,1068,0,16058,0x07
2026-09-06T16:39:54.682,377,0,2,50,3270,2320,31342,3445,2840,30696,0x07
2026-09-06T16:39:54.747,379,0,2,51,3162,2569,28993,3457,2784,31079,0x07
2026-09-06T16:39:54.811,378,0,0,50,679,0,12187,1068,0,16058,0x07
2026-09-06T16:39:54.811,379,0,2,51,2927,2667,25788,3353,2843,29597,0x07
2026-09-06T16:39:54.877,380,0,0,52,678,0,12183,1067,0,16054,0x07
2026-09-06T16:39:54.877,379,0,2,51,2927,2529,26371,3353,3000,28931,0x07
2026-09-06T16:39:54.958,380,0,0,50,677,0,12174,1067,0,16054,0x07
2026-09-06T16:39:54.958,385,0,2,51,0,0,3341,0,0,14125,0x07
2026-09-06T16:39:55.023,384,0,0,52,677,0,12174,1067,0,16054,0x07
2026-09-06T16:39:55.023,387,0,2,51,-19,-78,2202,1770,1647,15874,0x07
2026-09-06T16:39:55.088,386,0,0,50,677,0,12169,1066,0,16045,0x07
2026-09-06T16:39:55.088,389,0,2,51,-19,-1059,2462,1770,1431,16790,0x07
2026-09-06T16:39:55.153,388,0,0,52,677,0,12166,1066,0,16045,0x07
2026-09-06T16:39:55.153,391,0,2,50,0,0,28094,0,0,18753,0x07
2026-09-06T16:39:55.217,390,0,0,50,677,0,12166,1066,0,16045,0x07
2026-09-06T16:39:55.218,393,0,2,51,3374,2569,31517,0,0,4575,0x07
2026-09-06T16:39:55.282,392,0,0,50,677,0,12166,1066,0,16045,0x07
2026-09-06T16:39:55.282,395,0,2,50,1342,1540,11721,358,380,4482,0x07
2026-09-06T16:39:55.347,394,0,0,50,677,0,12166,1066,0,16041,0x07
2026-09-06T16:39:55.347,397,0,2,50,1382,1200,13647,316,440,3727,0x07
2026-09-06T16:39:55.412,396,0,0,50,677,0,12166,1066,0,16041,0x07
2026-09-06T16:39:55.412,399,0,2,51,1439,1353,13671,257,294,3649,0x07
2026-09-06T16:39:55.493,398,0,0,51,677,0,12166,1066,0,16041,0x07
2026-09-06T16:39:55.493,401,0,2,51,1383,1216,13585,316,294,4347,0x07
2026-09-06T16:39:55.558,400,0,0,52,677,0,12166,1066,0,16041,0x07
2026-09-06T16:39:55.558,403,0,2,51,1305,1235,12579,396,314,5217,0x07
2026-09-06T16:39:55.623,402,0,0,50,677,0,12166,1066,0,16041,0x07
2026-09-06T16:39:55.623,405,0,2,56,1097,1125,10575,612,429,7290,0x07
2026-09-06T16:39:55.689,404,0,0,50,677,0,12166,1066,0,16041,0x07
2026-09-06T16:39:55.689,407,0,2,50,1097,1080,10766,612,540,6816,0x07
2026-09-06T16:39:55.754,406,0,0,52,677,0,12166,1066,0,16041,0x07
2026-09-06T16:39:55.754,409,0,2,50,1043,1140,9861,668,400,8085,0x07
2026-09-06T16:39:55.820,408,0,0,57,677,0,12166,1066,0,16045,0x07
2026-09-06T16:39:55.820,411,0,2,50,1749,1020,18778,1653,200,20635,0x07
2026-09-06T16:39:55.884,410,0,0,52,677,0,12166,1066,0,16045,0x07
2026-09-06T16:39:55.884,413,0,2,56,3053,1196,33533,3227,1214,35019,0x07
2026-09-06T16:39:55.950,412,0,0,51,677,0,12166,1066,0,16045,0x07
2026-09-06T16:39:55.950,415,0,2,53,3053,1604,31802,3227,2151,31038,0x07
2026-09-06T16:39:56.015,414,0,0,52,677,0,12166,1066,0,16045,0x07
2026-09-06T16:39:56.015,417,0,2,50,3256,2040,32363,3500,2420,33138,0x07
2026-09-06T16:39:56.080,416,0,0,53,677,0,12166,1066,0,16045,0x07
2026-09-06T16:39:56.080,419,0,2,51,3174,2059,31309,3500,2882,31173,0x07
2026-09-06T16:39:56.161,418,0,0,51,677,0,12166,1066,0,16045,0x07
2026-09-06T16:39:56.162,421,0,2,50,2816,2520,25083,3369,2980,29199,0x07
2026-09-06T16:39:56.227,420,0,0,51,677,0,12166,1066,0,16045,0x07
2026-09-06T16:39:56.227,423,0,2,50,1950,2480,14960,2717,2560,23246,0x07
2026-09-06T16:39:56.293,422,0,0,50,677,0,12166,1066,0,16045,0x07
2026-09-06T16:39:56.293,425,0,2,52,224,1019,639,1518,1423,13824,0x07
2026-09-06T16:39:56.357,424,0,0,50,677,0,12166,1066,0,16045,0x07
2026-09-06T16:39:56.357,427,0,2,51,224,882,1221,1518,1333,14205,0x07
2026-09-06T16:39:56.423,426,0,0,50,677,0,12166,1066,0,16045,0x07
2026-09-06T16:39:56.423,429,0,2,51,95,765,185,1652,1275,16052,0x07
2026-09-06T16:39:56.489,428,0,0,53,677,0,12166,1066,0,16045,0x07
2026-09-06T16:39:56.489,431,0,2,50,3,540,52,0,0,19367,0x07
2026-09-06T16:39:56.554,430,0,0,51,677,0,12166,1066,0,16045,0x07
2026-09-06T16:39:56.554,433,0,2,50,3374,1900,34358,0,0,4014,0x07
2026-09-06T16:39:56.619,432,0,0,50,677,0,12166,1066,0,16045,0x07
2026-09-06T16:39:56.619,435,0,2,51,1413,1588,12358,285,353,3723,0x07
2026-09-06T16:39:56.685,434,0,0,51,677,0,12166,1066,0,16045,0x07
2026-09-06T16:39:56.685,437,0,2,51,1507,882,16481,187,275,2892,0x07
2026-09-06T16:39:56.765,436,0,0,52,677,0,12166,1066,0,16045,0x07
2026-09-06T16:39:56.765,439,0,2,54,1553,1259,15430,139,222,2546,0x07
2026-09-06T16:39:56.831,438,0,0,50,677,0,12166,1066,0,16045,0x07
2026-09-06T16:39:56.831,441,0,2,50,1553,1140,15937,139,80,3150,0x07
2026-09-06T16:39:56.896,440,0,0,51,677,0,12166,1066,0,16045,0x07
2026-09-06T16:39:56.896,443,0,2,51,1477,1176,14870,218,78,4100,0x07
2026-09-06T16:39:56.961,442,0,0,50,677,0,12166,1066,0,16045,0x07
2026-09-06T16:39:56.961,445,0,2,51,1344,1176,13294,356,314,4734,0x07
2026-09-06T16:39:57.026,444,0,0,50,677,0,12166,1066,0,16045,0x07
2026-09-06T16:39:57.026,447,0,2,50,1208,1240,11398,497,360,6222,0x07
2026-09-06T16:39:57.091,446,0,0,52,677,0,12166,1066,0,16045,0x07
2026-09-06T16:39:57.091,449,0,2,50,1097,1120,10588,612,400,7419,0x07
2026-09-06T16:39:57.155,448,0,0,52,677,0,12166,1066,0,16045,0x07
2026-09-06T16:39:57.155,451,0,2,54,1790,944,19585,1710,185,21376,0x07
2026-09-06T16:39:57.220,450,0,0,51,677,0,12166,1066,0,16045,0x07
2026-09-06T16:39:57.220,453,0,2,51,1790,1000,19349,1710,667,19330,0x07
2026-09-06T16:39:57.301,452,0,0,50,677,0,12166,1066,0,16045,0x07
2026-09-06T16:39:57.301,455,0,2,51,2606,1176,28301,2657,627,30743,0x07
2026-09-06T16:39:57.366,454,0,0,50,677,0,12166,1066,0,16045,0x07
2026-09-06T16:39:57.366,457,0,2,51,3076,1294,33395,3248,1118,35676,0x07
2026-09-06T16:39:57.431,456,0,0,50,677,0,12166,1066,0,16045,0x07
2026-09-06T16:39:57.431,459,0,2,50,3269,2060,32427,3500,2380,33308,0x07
2026-09-06T16:39:57.496,458,0,0,50,677,0,12166,1066,0,16045,0x07
2026-09-06T16:39:57.496,461,0,2,51,3263,2353,31118,3500,2098,34506,0x07
2026-09-06T16:39:57.561,460,0,0,51,677,0,12166,1066,0,16045,0x07
2026-09-06T16:39:57.561,463,0,2,56,2589,2625,21936,3176,2286,29858,0x07
2026-09-06T16:39:57.626,462,0,0,51,677,0,12166,1066,0,16045,0x07
2026-09-06T16:39:57.626,465,0,2,51,2589,2451,22676,3176,2529,28823,0x07
2026-09-06T16:39:57.692,464,0,0,50,677,0,12166,1066,0,16045,0x07
2026-09-06T16:39:57.692,467,0,2,52,1742,2750,11337,2503,2481,21034,0x07
2026-09-06T16:39:57.758,466,0,0,51,677,0,12166,1066,0,16045,0x07
2026-09-06T16:39:57.758,469,0,2,50,959,2140,4612,1754,2380,12568,0x07
2026-09-06T16:39:57.822,468,0,0,51,677,0,12166,1066,0,16045,0x07
2026-09-06T16:39:57.822,471,0,2,52,303,962,1820,1436,1577,12201,0x07
2026-09-06T16:39:57.904,470,0,0,51,677,0,12166,1066,0,16045,0x07
2026-09-06T16:39:57.904,473,0,2,51,303,1078,1323,1436,1451,12737,0x07
2026-09-06T16:39:57.969,472,0,0,51,677,0,12166,1066,0,16045,0x07
2026-09-06T16:39:57.969,475,0,2,51,287,1020,1389,1452,1412,13095,0x07
2026-09-06T16:39:58.034,474,0,0,52,677,0,12166,1066,0,16045,0x07
2026-09-06T16:39:58.034,477,0,2,50,303,520,3701,1436,1120,14139,0x07
2026-09-06T16:39:58.099,476,0,0,51,677,0,12166,1066,0,16045,0x07
2026-09-06T16:39:58.099,479,0,2,51,299,451,3949,1440,1118,14195,0x07
2026-09-06T16:39:58.163,478,0,0,52,677,0,12166,1066,0,16045,0x07
2026-09-06T16:39:58.163,481,0,2,51,347,353,4928,1391,980,14196,0x07
2026-09-06T16:39:58.228,480,0,0,52,677,0,12166,1066,0,16045,0x07
2026-09-06T16:39:58.228,483,0,2,50,505,340,6869,1226,1000,12159,0x07
2026-09-06T16:39:58.293,482,0,0,51,677,0,12166,1066,0,16045,0x07
2026-09-06T16:39:58.293,485,0,2,50,505,540,6019,1226,980,12244,0x07
2026-09-06T16:39:58.358,484,0,0,51,677,0,12166,1066,0,16045,0x07
2026-09-06T16:39:58.358,487,0,2,51,0,0,0,0,0,0,0x03
2026-09-06T16:39:58.440,486,0,0,54,677,0,12166,1066,0,16045,0x07
2026-09-06T16:39:58.440,489,0,2,50,0,0,0,0,0,0,0x03
2026-09-06T16:39:58.505,488,0,0,51,677,0,12166,1066,0,16045,0x07
2026-09-06T16:39:58.505,491,0,2,50,0,0,15833,0,0,15684,0x07
2026-09-06T16:39:58.570,490,0,0,52,677,0,12166,1066,0,16045,0x07
2026-09-06T16:39:58.570,493,0,2,51,1770,510,21187,1814,647,20644,0x07
2026-09-06T16:39:58.635,492,0,0,57,677,0,12166,1066,0,16045,0x07
2026-09-06T16:39:58.635,495,0,2,51,2922,1020,32724,2907,1333,30709,0x07
2026-09-06T16:39:58.700,494,0,0,52,677,0,12166,1066,0,16045,0x07
2026-09-06T16:39:58.700,497,0,2,50,3327,1400,35931,3321,2040,32624,0x07
2026-09-06T16:39:58.765,496,0,0,51,677,0,12166,1066,0,16045,0x07
2026-09-06T16:39:58.765,499,0,2,51,3367,1863,34437,3449,2412,32561,0x07
2026-09-06T16:39:58.830,498,0,0,50,677,0,12166,1066,0,16045,0x07
2026-09-06T16:39:58.830,501,0,2,50,3162,2220,30479,3500,3220,29738,0x07
2026-09-06T16:39:58.896,500,0,0,56,677,0,12166,1066,0,16045,0x07
2026-09-06T16:39:58.896,503,0,2,50,3162,2660,28609,3500,2900,31098,0x07
2026-09-06T16:39:58.961,502,0,0,50,677,0,12166,1066,0,16045,0x07
2026-09-06T16:39:58.961,505,0,2,50,2746,2560,24090,3295,2960,28411,0x07
2026-09-06T16:39:59.042,504,0,0,50,677,0,12166,1066,0,16045,0x07
2026-09-06T16:39:59.042,507,0,2,51,1520,2549,9555,2412,2922,18083,0x07
2026-09-06T16:39:59.108,506,0,0,51,677,0,12166,1066,0,16045,0x07
2026-09-06T16:39:59.108,509,0,2,57,113,1000,0,1633,1088,16622,0x07
2026-09-06T16:39:59.172,508,0,0,50,677,0,12166,1066,0,16045,0x07
2026-09-06T16:39:59.172,511,0,2,50,113,720,587,1633,1240,15975,0x07
2026-09-06T16:39:59.237,510,0,0,52,677,0,12166,1066,0,16045,0x07
2026-09-06T16:39:59.237,513,0,2,51,3374,373,40000,-2274,-78,28524,0x07
2026-09-06T16:39:59.302,512,0,0,52,677,0,12166,1066,0,16045,0x07
2026-09-06T16:39:59.302,515,0,2,50,3374,2220,32998,0,0,3851,0x07
2026-09-06T16:39:59.367,514,0,0,50,677,0,12166,1066,0,16045,0x07
2026-09-06T16:39:59.367,517,0,2,51,1433,1725,12020,263,255,3886,0x07
2026-09-06T16:39:59.432,516,0,0,50,677,0,12166,1066,0,16045,0x07
2026-09-06T16:39:59.432,519,0,2,51,1481,1098,15249,215,333,2975,0x07
2026-09-06T16:39:59.497,518,0,0,50,677,0,12166,1066,0,16045,0x07
2026-09-06T16:39:59.497,521,0,2,53,1530,1170,15533,163,170,3055,0x07
2026-09-06T16:39:59.578,520,0,0,50,677,0,12166,1066,0,16045,0x07
2026-09-06T16:39:59.578,523,0,2,50,0,0,17259,163,120,3267,0x07
2026-09-06T16:39:59.643,522,0,0,52,677,0,12166,1066,0,16045,0x07
2026-09-06T16:39:59.643,525,0,2,51,0,0,28094,0,0,16614,0x07
2026-09-06T16:39:59.709,524,0,0,50,677,0,12166,1066,0,16045,0x07
2026-09-06T16:39:59.709,527,0,2,50,3374,2440,32064,0,0,5141,0x07
2026-09-06T16:39:59.774,526,0,0,50,677,0,12166,1066,0,16045,0x07
2026-09-06T16:39:59.774,529,0,2,51,1270,1804,9748,432,196,6145,0x07
2026-09-06T16:39:59.839,528,0,0,50,677,0,12166,1066,0,16045,0x07
2026-09-06T16:39:59.839,531,0,2,50,1234,980,12820,470,420,5638,0x07
2026-09-06T16:39:59.904,530,0,0,51,677,0,12166,1066,0,16045,0x07
2026-09-06T16:39:59.904,533,0,2,51,1104,1000,11187,605,353,7528,0x07
2026-09-06T16:39:59.969,532,0,0,52,677,0,12166,1066,0,16045,0x07
2026-09-06T16:39:59.969,535,0,2,52,1104,1115,10696,605,327,7639,0x07
2026-09-06T16:40:00.034,534,0,0,50,677,0,12166,1066,0,16045,0x07
2026-09-06T16:40:00.034,537,0,2,50,1023,1040,10057,688,200,9172,0x07
2026-09-06T16:40:00.115,536,0,0,50,677,0,12166,1066,0,16045,0x07
2026-09-06T16:40:00.115,539,0,2,50,1724,920,18906,1512,220,18867,0x07
2026-09-06T16:40:00.180,538,0,0,50,677,0,12166,1066,0,16045,0x07
2026-09-06T16:40:00.180,541,0,2,50,2351,1200,25171,2250,720,25515,0x07
2026-09-06T16:40:00.245,540,0,0,51,677,0,12166,1066,0,16045,0x07
2026-09-06T16:40:00.245,543,0,2,51,2821,1431,29774,2838,961,31477,0x07
2026-09-06T16:40:00.310,542,0,0,51,677,0,12166,1066,0,16045,0x07
2026-09-06T16:40:00.310,545,0,2,56,3216,2036,31908,3256,2161,31338,0x07
2026-09-06T16:40:00.375,544,0,0,51,677,0,12166,1066,0,16045,0x07
2026-09-06T16:40:00.375,547,0,2,50,3216,2320,30700,3256,2420,30236,0x07
2026-09-06T16:40:00.441,546,0,0,52,677,0,12166,1066,0,16045,0x07
2026-09-06T16:40:00.441,549,0,2,50,3289,2460,30972,3378,2580,31011,0x07
2026-09-06T16:40:00.506,548,0,0,50,677,0,12166,1066,0,16045,0x07
2026-09-06T16:40:00.506,551,0,2,50,3314,2660,30411,3500,2120,34413,0x07
2026-09-06T16:40:00.572,550,0,0,52,677,0,12166,1066,0,16045,0x07
2026-09-06T16:40:00.572,553,0,2,50,3315,2860,29573,3500,2860,31268,0x07
2026-09-06T16:40:00.652,552,0,0,50,677,0,12166,1066,0,16045,0x07
2026-09-06T16:40:00.652,555,0,2,50,2965,2940,25080,3496,2920,30968,0x07
2026-09-06T16:40:00.701,554,0,0,51,677,0,12166,1066,0,16045,0x07
2026-09-06T16:40:00.701,557,0,2,51,2351,2863,18097,3023,2686,26334,0x07
2026-09-06T16:40:00.783,556,0,0,52,677,0,12166,1066,0,16045,0x07
2026-09-06T16:40:00.783,559,0,2,50,1432,1820,11598,2234,2140,19289,0x07
2026-09-06T16:40:00.847,558,0,0,50,677,0,12166,1066,0,16045,0x07
2026-09-06T16:40:00.847,561,0,2,50,530,2040,4272,1385,2140,9197,0x07
2026-09-06T16:40:00.912,560,0,0,52,677,0,12166,1066,0,16045,0x07
2026-09-06T16:40:00.912,563,0,2,51,257,1725,3171,1483,1804,11798,0x07
2026-09-06T16:40:00.977,562,0,0,51,677,0,12166,1066,0,16045,0x07
2026-09-06T16:40:01.042,564,0,0,50,677,0,12166,1066,0,16045,0x07
2026-09-06T16:40:01.042,567,0,2,50,115,400,1972,1631,1360,15443,0x07
2026-09-06T16:40:01.108,566,0,0,51,677,0,12166,1066,0,16045,0x07
2026-09-06T16:40:01.108,567,0,2,51,144,176,3267,1601,1373,15028,0x07
2026-09-06T16:40:01.172,566,0,0,52,677,0,12166,1066,0,16045,0x07
2026-09-06T16:40:01.172,571,0,2,51,344,0,6404,1393,1314,12804,0x07
2026-09-06T16:40:01.238,566,0,0,50,677,0,12166,1066,0,16045,0x07
2026-09-06T16:40:01.238,573,0,2,51,0,0,0,0,0,0,0x03
2026-09-06T16:40:01.318,572,0,0,51,0,0,9289,0,0,11513,0x07
2026-09-06T16:40:01.318,575,0,2,51,0,0,7189,0,0,10140,0x07
2026-09-06T16:40:01.384,574,0,0,50,677,0,12166,1066,0,16045,0x07
2026-09-06T16:40:01.384,577,0,2,53,778,453,9636,943,1094,8398,0x07
2026-09-06T16:40:01.448,576,0,0,51,677,0,12166,1066,0,16045,0x07
2026-09-06T16:40:01.448,579,0,2,51,778,235,10561,943,765,9799,0x07
2026-09-06T16:40:01.513,578,0,0,50,677,0,12166,1066,0,16045,0x07
2026-09-06T16:40:01.513,581,0,2,50,2063,340,25392,2165,800,24168,0x07
2026-09-06T16:40:01.578,580,0,0,50,677,0,12166,1066,0,16045,0x07
2026-09-06T16:40:01.578,583,0,2,50,3104,1040,34803,3219,1440,33965,0x07
2026-09-06T16:40:01.643,585,0,2,50,3104,1560,32593,3219,2160,30905,0x07
2026-09-06T16:40:01.709,584,0,0,52,677,0,12166,1066,0,16045,0x07
2026-09-06T16:40:01.709,585,0,2,51,3222,1961,32290,3376,2490,31372,0x07
2026-09-06T16:40:01.774,586,0,0,52,677,0,12166,1066,0,16045,0x07
2026-09-06T16:40:01.774,585,0,2,52,3222,1846,32778,3376,2115,32965,0x07
2026-09-06T16:40:01.855,586,0,0,51,677,0,12166,1066,0,16045,0x07
2026-09-06T16:40:01.855,591,0,2,51,0,0,23577,0,0,26831,0x07
2026-09-06T16:40:01.921,590,0,0,55,677,0,12166,1066,0,16045,0x07
2026-09-06T16:40:01.921,593,0,2,50,2783,640,32684,3275,440,38880,0x07
2026-09-06T16:40:01.986,592,0,0,51,677,0,12166,1066,0,16045,0x07
2026-09-06T16:40:01.986,595,0,2,52,2354,1019,25976,2854,2500,25119,0x07
2026-09-06T16:40:02.051,594,0,0,50,677,0,12166,1066,0,16045,0x07
2026-09-06T16:40:02.051,597,0,2,51,2354,431,28475,2854,1353,29994,0x07
2026-09-06T16:40:02.116,596,0,0,50,677,0,12166,1066,0,16045,0x07
2026-09-06T16:40:02.116,599,0,2,52,0,0,0,0,0,0,0x03
2026-09-06T16:40:02.181,598,0,0,50,677,0,12166,1066,0,16045,0x07
2026-09-06T16:40:02.181,601,0,2,52,0,0,14827,0,0,19228,0x07
2026-09-06T16:40:02.245,600,0,0,51,677,0,12166,1066,0,16045,0x07
2026-09-06T16:40:02.245,603,0,2,56,1399,18,18867,2014,1304,20228,0x07
2026-09-06T16:40:02.310,602,0,0,54,677,0,12166,1066,0,16045,0x07
2026-09-06T16:40:02.310,605,0,2,51,0,0,0,0,0,0,0x03
2026-09-06T16:40:02.376,604,0,0,52,677,0,12166,1066,0,16045,0x07
2026-09-06T16:40:02.376,607,0,2,51,0,0,0,0,0,0,0x03
2026-09-06T16:40:02.457,606,0,0,51,677,0,12166,1066,0,16045,0x07
2026-09-06T16:40:02.457,609,0,2,51,0,0,10902,0,0,15334,0x07
2026-09-06T16:40:02.521,608,0,0,52,677,0,12166,1066,0,16045,0x07
2026-09-06T16:40:02.521,611,0,2,56,0,0,0,0,0,0,0x03
2026-09-06T16:40:02.586,610,0,0,53,677,0,12166,1066,0,16045,0x07
2026-09-06T16:40:02.586,613,0,2,52,0,0,11113,0,0,15033,0x07
2026-09-06T16:40:02.651,612,0,0,51,677,0,12166,1066,0,16045,0x07
2026-09-06T16:40:02.651,615,0,2,51,1152,0,16010,1729,0,22380,0x07
2026-09-06T16:40:02.716,614,0,0,51,677,0,12166,1066,0,16045,0x07
2026-09-06T16:40:02.716,617,0,2,56,1243,0,17086,1797,589,20682,0x07
2026-09-06T16:40:02.781,616,0,0,51,677,0,12166,1066,0,16045,0x07
2026-09-06T16:40:02.781,619,0,2,51,1243,20,17003,1797,490,21103,0x07
2026-09-06T16:40:02.846,618,0,0,51,677,0,12166,1066,0,16045,0x07
2026-09-06T16:40:02.846,621,0,2,51,1292,196,16838,1840,294,22455,0x07
2026-09-06T16:40:02.912,620,0,0,52,677,0,12166,1066,0,16045,0x07
2026-09-06T16:40:02.912,623,0,2,51,1341,451,16337,1884,471,22225,0x07
2026-09-06T16:40:02.977,622,0,0,51,677,0,12166,1066,0,16045,0x07
2026-09-06T16:40:02.977,625,0,2,51,1364,118,18030,1910,980,20371,0x07
2026-09-06T16:40:03.058,624,0,0,50,677,0,12166,1066,0,16045,0x07
2026-09-06T16:40:03.058,627,0,2,51,1381,216,17814,1927,588,22237,0x07
2026-09-06T16:40:03.123,626,0,0,51,677,0,12166,1066,0,16045,0x07
2026-09-06T16:40:03.123,629,0,2,50,1492,560,17671,2006,440,23803,0x07
2026-09-06T16:40:03.188,628,0,0,50,677,0,12166,1066,0,16045,0x07
2026-09-06T16:40:03.188,631,0,2,52,1795,635,20962,2228,750,25129,0x07
2026-09-06T16:40:03.253,630,0,0,51,677,0,12166,1066,0,16045,0x07
2026-09-06T16:40:03.253,633,0,2,50,1823,460,22033,2308,880,25521,0x07
2026-09-06T16:40:03.318,632,0,0,50,677,0,12166,1066,0,16045,0x07
2026-09-06T16:40:03.318,635,0,2,50,1795,280,22465,2303,1400,23248,0x07
2026-09-06T16:40:03.383,634,0,0,54,113,0,5054,1633,0,23090,0x07
2026-09-06T16:40:03.383,637,0,2,51,1774,255,22327,2285,1020,24658,0x07
2026-09-06T16:40:03.448,636,0,0,51,113,0,5054,1633,0,23090,0x07
2026-09-06T16:40:03.448,639,0,2,50,1975,600,23252,2410,1040,26055,0x07
2026-09-06T16:40:03.513,638,0,0,52,468,0,9533,1265,0,18511,0x07
2026-09-06T16:40:03.513,641,0,2,51,2069,255,25830,2509,1196,26569,0x07
2026-09-06T16:40:03.594,640,0,0,50,468,0,9533,1265,0,18511,0x07
2026-09-06T16:40:03.594,643,0,2,51,2228,392,27140,2632,1216,27940,0x07
2026-09-06T16:40:03.659,642,0,0,56,468,0,9533,1265,0,18511,0x07
2026-09-06T16:40:03.659,645,0,2,52,2179,500,26096,2639,942,29190,0x07
2026-09-06T16:40:03.725,644,0,0,52,468,0,9533,1265,0,18511,0x07
2026-09-06T16:40:03.725,647,0,2,51,2128,902,23778,2602,863,29083,0x07
2026-09-06T16:40:03.790,646,0,0,50,468,0,9533,1265,0,18511,0x07
2026-09-06T16:40:03.790,649,0,2,55,1325,709,15051,2082,1327,20934,0x07
2026-09-06T16:40:03.855,648,0,0,51,468,0,9533,1265,0,18511,0x07
2026-09-06T16:40:03.855,651,0,2,50,1325,500,15940,2082,1180,21560,0x07
2026-09-06T16:40:03.919,650,0,0,51,468,0,9533,1265,0,18511,0x07
2026-09-06T16:40:03.919,653,0,2,51,389,529,4688,1346,804,14418,0x07
2026-09-06T16:40:03.985,652,0,0,50,468,0,9533,1265,0,18511,0x07
2026-09-06T16:40:03.985,655,0,2,50,348,400,4744,1389,740,15201,0x07
2026-09-06T16:40:04.050,654,0,0,50,468,0,9533,1265,0,18511,0x07
2026-09-06T16:40:04.050,657,0,2,56,420,464,5330,1314,786,14117,0x07
2026-09-06T16:40:04.116,656,0,0,50,468,0,9533,1265,0,18511,0x07
2026-09-06T16:40:04.116,659,0,2,51,420,490,5220,1314,824,13957,0x07
2026-09-06T16:40:04.198,658,0,0,50,468,0,9533,1265,0,18511,0x07
2026-09-06T16:40:04.198,661,0,2,50,431,500,5311,1303,820,13834,0x07
2026-09-06T16:40:04.263,660,0,0,52,468,0,9533,1265,0,18511,0x07
2026-09-06T16:40:04.263,663,0,2,51,511,529,6132,1220,784,13004,0x07
2026-09-06T16:40:04.328,662,0,0,51,468,0,9533,1265,0,18511,0x07
2026-09-06T16:40:04.328,665,0,2,51,511,588,5882,1220,784,13004,0x07
2026-09-06T16:40:04.393,664,0,0,50,468,0,9533,1265,0,18511,0x07
2026-09-06T16:40:04.393,667,0,2,56,544,518,6575,1186,750,12743,0x07
2026-09-06T16:40:04.459,666,0,0,54,468,0,9533,1265,0,18511,0x07
2026-09-06T16:40:04.459,669,0,2,51,970,510,11677,1432,804,15469,0x07
2026-09-06T16:40:04.524,668,0,0,52,468,0,9533,1265,0,18511,0x07
2026-09-06T16:40:04.524,671,0,2,52,970,615,11228,1432,885,15158,0x07
2026-09-06T16:40:04.589,670,0,0,51,468,0,9533,1265,0,18511,0x07
2026-09-06T16:40:04.589,673,0,2,50,1395,700,15929,1842,860,20151,0x07
2026-09-06T16:40:04.654,672,0,0,51,468,0,9533,1265,0,18511,0x07
2026-09-06T16:40:04.654,675,0,2,50,1603,840,17802,2072,920,22640,0x07
2026-09-06T16:40:04.735,674,0,0,56,468,0,9533,1265,0,18511,0x07
2026-09-06T16:40:04.735,677,0,2,55,1981,1273,20460,2424,1145,25924,0x07
2026-09-06T16:40:04.784,676,0,0,51,468,0,9533,1265,0,18511,0x07
2026-09-06T16:40:04.784,679,0,2,50,1981,1420,19834,2424,1320,25231,0x07
2026-09-06T16:40:04.866,678,0,0,50,468,0,9533,1265,0,18511,0x07
2026-09-06T16:40:04.930,680,0,0,52,468,0,9533,1265,0,18511,0x07
2026-09-06T16:40:04.930,683,0,2,54,2069,1704,19668,2571,1519,26244,0x07
2026-09-06T16:40:04.995,682,0,0,55,468,0,9533,1265,0,18511,0x07
2026-09-06T16:40:04.995,683,0,2,50,1903,900,21118,2437,1700,23965,0x07
2026-09-06T16:40:05.061,682,0,0,51,468,0,9533,1265,0,18511,0x07
2026-09-06T16:40:05.061,687,0,2,51,1903,510,22776,0,0,9923,0x07
2026-09-06T16:40:05.125,682,0,0,50,468,0,9533,1265,0,18511,0x07
2026-09-06T16:40:05.125,689,0,2,52,1339,481,16186,361,77,5906,0x07
2026-09-06T16:40:05.190,688,0,0,51,0,0,7064,0,0,13619,0x07
2026-09-06T16:40:05.190,691,0,2,52,1339,308,16921,361,308,4925,0x07
2026-09-06T16:40:05.271,690,0,0,51,411,0,8809,1324,0,19246,0x07
2026-09-06T16:40:05.271,693,0,2,51,1335,235,17190,365,392,4609,0x07
2026-09-06T16:40:05.320,692,0,0,52,408,0,8776,1327,0,19285,0x07
2026-09-06T16:40:05.320,695,0,2,51,1318,78,17643,384,294,5253,0x07
2026-09-06T16:40:05.401,694,0,0,50,405,0,8733,1330,0,19324,0x07
2026-09-06T16:40:05.401,697,0,2,52,1275,0,17467,428,58,6789,0x07
2026-09-06T16:40:05.466,696,0,0,50,404,0,8724,1331,0,19333,0x07
2026-09-06T16:40:05.466,699,0,2,51,1261,0,17306,442,0,7203,0x07
2026-09-06T16:40:05.531,698,0,0,51,399,0,8669,1336,0,19389,0x07
2026-09-06T16:40:05.531,701,0,2,52,1261,0,17303,442,0,7208,0x07
2026-09-06T16:40:05.596,700,0,0,53,91,0,4786,1042,0,15741,0x07
2026-09-06T16:40:05.596,703,0,2,50,1278,0,17511,424,0,6988,0x07
2026-09-06T16:40:05.662,702,0,0,52,0,0,4124,1042,0,15741,0x07
2026-09-06T16:40:05.662,705,0,2,50,1267,0,17371,436,0,7135,0x07
2026-09-06T16:40:05.727,704,0,0,52,-59,-77,4047,911,0,14119,0x07
2026-09-06T16:40:05.727,707,0,2,50,1269,0,17399,434,0,7106,0x07
2026-09-06T16:40:05.792,706,0,0,51,-162,-196,4845,827,157,12400,0x07
2026-09-06T16:40:05.792,709,0,2,51,1277,0,17499,425,0,7001,0x07
2026-09-06T16:40:05.857,708,0,0,57,2533,0,35564,1982,105,26978,0x07
2026-09-06T16:40:05.857,711,0,2,52,1280,0,17527,422,0,6971,0x07
2026-09-06T16:40:05.939,710,0,0,51,2533,922,31647,1982,98,27009,0x07
2026-09-06T16:40:05.939,713,0,2,50,1281,0,17547,421,0,6954,0x07
2026-09-06T16:40:06.004,712,0,0,51,2082,392,28215,2536,235,33303,0x07
2026-09-06T16:40:06.004,715,0,2,51,1286,0,17600,416,0,6895,0x07
2026-09-06T16:40:06.069,714,0,0,51,2124,490,28325,2573,392,33094,0x07
2026-09-06T16:40:06.069,717,0,2,50,1283,0,17563,419,0,6933,0x07
2026-09-06T16:40:06.135,716,0,0,52,2283,654,29629,2680,885,32332,0x07
2026-09-06T16:40:06.135,719,0,2,51,1292,0,17676,410,0,6814,0x07
2026-09-06T16:40:06.199,718,0,0,51,2006,843,25336,2546,1157,29509,0x07
2026-09-06T16:40:06.199,721,0,2,54,1282,0,17555,420,0,6945,0x07
2026-09-06T16:40:06.265,720,0,0,53,352,887,4305,1385,1340,14305,0x07
2026-09-06T16:40:06.265,723,0,2,52,1282,0,17555,420,0,6945,0x07
2026-09-06T16:40:06.330,722,0,0,51,0,0,7645,1385,1078,15415,0x07
2026-09-06T16:40:06.330,725,0,2,51,1285,0,17595,416,0,6900,0x07
2026-09-06T16:40:06.395,724,0,0,51,-480,-196,8852,1138,1020,12600,0x07
2026-09-06T16:40:06.395,727,0,2,51,1282,0,17555,420,0,6942,0x07
2026-09-06T16:40:06.460,726,0,0,52,0,0,31681,0,0,25019,0x07
2026-09-06T16:40:06.460,729,0,2,56,1276,0,17479,427,0,7021,0x07
2026-09-06T16:40:06.542,728,0,0,55,833,1145,9263,-21,-73,2753,0x07
2026-09-06T16:40:06.542,731,0,2,51,1276,0,17479,427,0,7021,0x07
2026-09-06T16:40:06.606,730,0,0,50,833,80,13791,-21,0,3062,0x07
2026-09-06T16:40:06.606,733,0,2,51,1253,0,17210,450,0,7308,0x07
2026-09-06T16:40:06.671,732,0,0,51,920,78,14899,0,0,2896,0x07
2026-09-06T16:40:06.671,735,0,2,51,1281,0,17544,421,0,6954,0x07
2026-09-06T16:40:06.737,734,0,0,50,996,80,15845,12,0,2948,0x07
2026-09-06T16:40:06.737,737,0,2,52,1283,0,17563,419,0,6933,0x07
2026-09-06T16:40:06.801,736,0,0,51,1026,20,16489,88,0,3887,0x07
2026-09-06T16:40:06.801,739,0,2,51,1284,0,17575,419,0,6925,0x07
2026-09-06T16:40:06.867,738,0,0,52,1055,58,16684,135,0,4474,0x07
2026-09-06T16:40:06.867,741,0,2,54,1277,0,17499,425,0,7001,0x07
2026-09-06T16:40:06.931,740,0,0,56,1112,161,16970,176,0,4988,0x07
2026-09-06T16:40:06.931,743,0,2,50,1277,0,17499,425,0,7001,0x07
2026-09-06T16:40:06.996,742,0,0,52,1112,192,16836,176,0,4988,0x07
2026-09-06T16:40:06.996,745,0,2,52,1283,0,17572,419,0,6925,0x07
2026-09-06T16:40:07.077,744,0,0,52,1177,192,17656,194,0,5210,0x07
2026-09-06T16:40:07.077,747,0,2,52,1283,0,17572,419,0,6925,0x07
2026-09-06T16:40:07.142,746,0,0,51,1202,294,17538,225,0,5588,0x07
2026-09-06T16:40:07.142,749,0,2,52,1293,0,17684,409,0,6806,0x07
2026-09-06T16:40:07.207,748,0,0,51,1191,176,17898,297,0,6488,0x07
2026-09-06T16:40:07.273,750,0,0,52,1208,327,17476,327,0,6853,0x07
2026-09-06T16:40:07.273,753,0,2,51,1253,0,17210,450,0,7304,0x07
2026-09-06T16:40:07.338,752,0,0,51,1246,196,18512,362,0,7292,0x07
2026-09-06T16:40:07.338,753,0,2,50,1276,0,17487,426,0,7013,0x07
2026-09-06T16:40:07.403,752,0,0,52,1210,423,17093,456,0,8467,0x07
2026-09-06T16:40:07.403,757,0,2,51,1276,0,17487,426,0,7013,0x07
2026-09-06T16:40:07.468,752,0,0,50,1210,540,16596,456,0,8467,0x07
2026-09-06T16:40:07.468,759,0,2,52,1285,0,17591,417,0,6905,0x07
2026-09-06T16:40:07.533,758,0,0,51,0,0,13436,0,0,7154,0x07
2026-09-06T16:40:07.533,761,0,2,52,1285,0,17595,416,0,6900,0x07
2026-09-06T16:40:07.598,760,0,0,52,1173,135,17850,533,0,9419,0x07
2026-09-06T16:40:07.598,763,0,2,50,1279,0,17519,423,0,6980,0x07
2026-09-06T16:40:07.663,762,0,0,51,1151,412,16388,557,235,8715,0x07
2026-09-06T16:40:07.663,765,0,2,52,1278,0,17511,424,0,6988,0x07
2026-09-06T16:40:07.744,764,0,0,51,1090,333,15959,619,0,10488,0x07
2026-09-06T16:40:07.744,767,0,2,51,1294,0,17692,408,0,6798,0x07
2026-09-06T16:40:07.809,766,0,0,51,1426,392,19941,1076,0,16159,0x07
2026-09-06T16:40:07.809,769,0,2,52,1284,0,17575,418,0,6921,0x07
2026-09-06T16:40:07.874,768,0,0,50,2297,520,30385,2089,160,28067,0x07
2026-09-06T16:40:07.874,771,0,2,52,1283,0,17567,419,0,6930,0x07
2026-09-06T16:40:07.938,770,0,0,51,2297,608,30011,2089,333,27331,0x07
2026-09-06T16:40:07.938,773,0,2,50,1254,0,17219,449,0,7296,0x07
2026-09-06T16:40:08.003,772,0,0,51,2626,725,33654,2511,471,31990,0x07
2026-09-06T16:40:08.004,775,0,2,52,1291,0,17664,411,0,6828,0x07
2026-09-06T16:40:08.069,774,0,0,56,3191,1054,39388,3387,839,40000,0x07
2026-09-06T16:40:08.069,777,0,2,51,1283,0,17563,419,0,6933,0x07
2026-09-06T16:40:08.134,776,0,0,51,3191,1255,38532,3387,1098,40000,0x07
2026-09-06T16:40:08.134,779,0,2,51,1283,0,17567,419,0,6930,0x07
2026-09-06T16:40:08.200,778,0,0,50,3178,1340,38001,3500,1360,40000,0x07
2026-09-06T16:40:08.200,781,0,2,52,1283,0,17563,419,0,6933,0x07
2026-09-06T16:40:08.281,780,0,0,50,2304,1500,26301,3157,1560,35393,0x07
2026-09-06T16:40:08.281,783,0,2,50,1283,0,17563,419,0,6933,0x07
2026-09-06T16:40:08.346,782,0,0,50,410,620,6166,1546,1380,16143,0x07
2026-09-06T16:40:08.346,785,0,2,52,1283,0,17563,419,0,6933,0x07
2026-09-06T16:40:08.411,784,0,0,50,0,0,4789,1633,1400,17140,0x07
2026-09-06T16:40:08.411,787,0,2,52,1282,0,17555,420,0,6942,0x07
2026-09-06T16:40:08.476,786,0,0,56,3374,18,40000,-1881,-71,25856,0x07
2026-09-06T16:40:08.476,789,0,2,50,1282,0,17552,420,0,6945,0x07
2026-09-06T16:40:08.541,788,0,0,52,3374,1538,39630,0,0,10644,0x07
2026-09-06T16:40:08.541,791,0,2,51,1247,0,17138,456,0,7380,0x07
2026-09-06T16:40:08.606,790,0,0,52,762,1250,7921,960,269,13580,0x07
2026-09-06T16:40:08.606,793,0,2,50,1275,0,17467,428,0,7034,0x07
2026-09-06T16:40:08.671,792,0,0,51,2506,451,33303,2923,843,35526,0x07
2026-09-06T16:40:08.671,795,0,2,56,1278,0,17503,425,0,6996,0x07
2026-09-06T16:40:08.737,794,0,0,57,3075,842,38825,3500,877,40000,0x07
2026-09-06T16:40:08.737,797,0,2,51,1278,0,17503,425,0,6996,0x07
2026-09-06T16:40:08.817,796,0,0,51,3075,1176,37403,3500,1176,40000,0x07
2026-09-06T16:40:08.817,799,0,2,51,1278,0,17503,425,0,6996,0x07
2026-09-06T16:40:08.882,798,0,0,50,2473,1280,29371,3173,1320,36603,0x07
2026-09-06T16:40:08.882,801,0,2,51,1278,0,17507,424,0,6993,0x07
2026-09-06T16:40:08.947,800,0,0,50,1254,1340,13748,2160,1440,23515,0x07
2026-09-06T16:40:08.947,803,0,2,50,1294,0,17692,408,0,6798,0x07
2026-09-06T16:40:09.012,802,0,0,50,0,0,3847,1504,1420,15450,0x07
2026-09-06T16:40:09.012,805,0,2,50,1288,0,17623,414,0,6870,0x07
2026-09-06T16:40:09.077,804,0,0,51,0,0,31829,0,0,19197,0x07
2026-09-06T16:40:09.077,807,0,2,50,1249,0,17162,454,0,7355,0x07
2026-09-06T16:40:09.143,806,0,0,51,3374,471,40000,0,0,9236,0x07
2026-09-06T16:40:09.143,809,0,2,50,1282,0,17555,420,0,6945,0x07
2026-09-06T16:40:09.207,808,0,0,50,928,420,13541,788,720,9524,0x07
2026-09-06T16:40:09.207,811,0,2,50,1283,0,17567,419,0,6930,0x07
2026-09-06T16:40:09.272,810,0,0,50,1165,600,15766,1287,880,15041,0x07
2026-09-06T16:40:09.272,813,0,2,50,1278,0,17503,425,0,6996,0x07
2026-09-06T16:40:09.354,812,0,0,51,2648,392,35347,2940,784,35985,0x07
2026-09-06T16:40:09.354,815,0,2,50,1283,0,17572,419,0,6925,0x07
2026-09-06T16:40:09.419,814,0,0,55,2991,745,38175,3500,764,40000,0x07
2026-09-06T16:40:09.419,817,0,2,51,1278,0,17503,425,0,6996,0x07
2026-09-06T16:40:09.484,816,0,0,51,2991,1020,37010,3500,961,40000,0x07
2026-09-06T16:40:09.484,819,0,2,55,1254,0,17222,449,0,7291,0x07
2026-09-06T16:40:09.549,818,0,0,50,1078,1180,12207,2001,1360,21872,0x07
2026-09-06T16:40:09.549,821,0,2,51,1254,0,17222,449,0,7291,0x07
2026-09-06T16:40:09.615,820,0,0,50,1078,1000,12972,2001,1360,21872,0x07
2026-09-06T16:40:09.615,823,0,2,51,1283,0,17567,419,0,6930,0x07
2026-09-06T16:40:09.680,822,0,0,51,249,1039,2359,1491,1373,15491,0x07
2026-09-06T16:40:09.680,825,0,2,52,1285,0,17591,417,0,6905,0x07
2026-09-06T16:40:09.745,824,0,0,50,48,700,1266,0,0,20027,0x07
2026-09-06T16:40:09.746,827,0,2,55,1289,0,17636,413,0,6857,0x07
2026-09-06T16:40:09.811,826,0,0,55,1005,1491,9972,707,36,11425,0x07
2026-09-06T16:40:09.811,829,0,2,52,1289,0,17636,413,0,6857,0x07
2026-09-06T16:40:09.877,828,0,0,51,1005,647,13558,707,686,8663,0x07
2026-09-06T16:40:09.877,831,0,2,51,1285,0,17591,417,0,6905,0x07
2026-09-06T16:40:09.942,830,0,0,51,853,510,12215,866,804,10133,0x07
2026-09-06T16:40:09.942,833,0,2,51,1284,0,17580,418,0,6917,0x07
2026-09-06T16:40:10.007,832,0,0,51,2281,451,30473,2543,451,32475,0x07
2026-09-06T16:40:10.007,835,0,2,52,1249,0,17162,454,0,7355,0x07
2026-09-06T16:40:10.089,834,0,0,51,3114,706,39888,3500,706,40000,0x07
2026-09-06T16:40:10.089,837,0,2,51,1282,0,17555,420,0,6942,0x07
2026-09-06T16:40:10.153,836,0,0,52,2951,923,36907,3500,962,40000,0x07
2026-09-06T16:40:10.153,839,0,2,50,1249,0,17162,454,0,7355,0x07
2026-09-06T16:40:10.219,838,0,0,56,0,0,13848,2935,1161,34324,0x07
2026-09-06T16:40:10.219,841,0,2,52,1283,0,17567,419,0,6930,0x07
2026-09-06T16:40:10.285,840,0,0,50,0,0,31693,0,0,23811,0x07
2026-09-06T16:40:10.285,843,0,2,50,1295,0,17704,407,0,6786,0x07
2026-09-06T16:40:10.350,842,0,0,51,3358,1059,40000,0,0,4850,0x07
2026-09-06T16:40:10.350,845,0,2,50,1290,0,17644,412,0,6849,0x07
2026-09-06T16:40:10.414,844,0,0,50,632,1400,5650,251,200,5068,0x07
2026-09-06T16:40:10.414,847,0,2,55,1287,0,17611,415,0,6882,0x07
2026-09-06T16:40:10.480,846,0,0,54,1156,667,15368,1602,611,20106,0x07
2026-09-06T16:40:10.480,849,0,2,50,1287,0,17611,415,0,6882,0x07
2026-09-06T16:40:10.545,848,0,0,50,1156,860,14546,1602,1080,18113,0x07
2026-09-06T16:40:10.545,851,0,2,50,1288,0,17623,414,0,6870,0x07
2026-09-06T16:40:10.627,850,0,0,50,1098,560,15094,1723,460,22252,0x07
2026-09-06T16:40:10.627,853,0,2,51,1284,0,17583,418,0,6913,0x07
2026-09-06T16:40:10.692,852,0,0,51,701,490,10384,1467,333,19603,0x07
2026-09-06T16:40:10.692,855,0,2,50,1255,0,17234,448,0,7279,0x07
2026-09-06T16:40:10.757,854,0,0,50,0,0,4400,1138,300,15658,0x07
2026-09-06T16:40:10.757,857,0,2,50,1248,0,17150,455,0,7367,0x07
2026-09-06T16:40:10.822,856,0,0,51,-92,-98,4373,810,235,11863,0x07
2026-09-06T16:40:10.822,859,0,2,51,1283,0,17563,419,0,6933,0x07
2026-09-06T16:40:10.887,858,0,0,55,-170,0,5781,919,73,13906,0x07
2026-09-06T16:40:10.887,861,0,2,52,1256,0,17250,447,0,7267,0x07
2026-09-06T16:40:10.953,860,0,0,51,-170,0,5781,919,0,14215,0x07
2026-09-06T16:40:10.953,863,0,2,51,1256,0,17250,447,0,7267,0x07
2026-09-06T16:40:11.019,862,0,0,51,-168,0,5751,937,0,14442,0x07
2026-09-06T16:40:11.019,865,0,2,52,1279,0,17524,423,0,6976,0x07
2026-09-06T16:40:11.083,864,0,0,50,0,0,30294,986,0,15041,0x07
2026-09-06T16:40:11.083,867,0,2,52,1287,0,17611,415,0,6882,0x07
2026-09-06T16:40:11.148,869,0,2,52,1288,0,17620,415,0,6879,0x07
2026-09-06T16:40:11.212,868,0,0,51,2413,569,31633,2873,294,37236,0x07
2026-09-06T16:40:11.212,869,0,2,50,1252,0,17198,451,0,7316,0x07
2026-09-06T16:40:11.294,870,0,0,51,2407,824,30477,2834,627,35342,0x07
2026-09-06T16:40:11.294,869,0,2,53,1252,0,17198,451,0,7316,0x07
2026-09-06T16:40:11.359,870,0,0,54,2369,1130,28700,2806,981,33485,0x07
2026-09-06T16:40:11.359,875,0,2,50,0,0,11913,0,0,5361,0x07
2026-09-06T16:40:11.425,874,0,0,51,2369,1235,28251,2806,706,34656,0x07
2026-09-06T16:40:11.425,877,0,2,50,1257,0,17254,446,0,7258,0x07
2026-09-06T16:40:11.489,876,0,0,51,689,1196,7239,1580,353,20925,0x07
2026-09-06T16:40:11.489,879,0,2,54,1289,0,17639,413,0,6854,0x07
2026-09-06T16:40:11.553,878,0,0,53,16,585,1352,1734,1245,19040,0x07
2026-09-06T16:40:11.554,881,0,2,50,1289,0,17639,413,0,6854,0x07
2026-09-06T16:40:11.619,880,0,0,50,0,0,4617,1734,500,22208,0x07
2026-09-06T16:40:11.619,883,0,2,50,1295,0,17704,407,0,6786,0x07
2026-09-06T16:40:11.683,882,0,0,50,0,0,31829,0,0,19692,0x07
2026-09-06T16:40:11.683,885,0,2,50,1288,0,17623,414,0,6870,0x07
2026-09-06T16:40:11.748,884,0,0,50,3374,340,40000,0,0,7872,0x07
2026-09-06T16:40:11.748,887,0,2,50,1277,0,17496,425,0,7005,0x07
2026-09-06T16:40:11.829,886,0,0,51,1089,373,15776,621,0,10511,0x07
2026-09-06T16:40:11.829,889,0,2,51,1276,0,17483,426,0,7018,0x07
2026-09-06T16:40:11.894,888,0,0,50,1051,320,15523,660,0,10993,0x07
2026-09-06T16:40:11.894,891,0,2,51,1247,0,17138,456,0,7380,0x07
2026-09-06T16:40:11.959,890,0,0,50,1068,160,16420,642,0,10771,0x07
2026-09-06T16:40:11.959,893,0,2,50,1291,0,17659,411,0,6837,0x07
2026-09-06T16:40:12.024,892,0,0,52,1330,115,19910,944,0,14524,0x07
2026-09-06T16:40:12.024,895,0,2,50,1249,0,17158,455,0,7359,0x07
2026-09-06T16:40:12.089,894,0,0,50,1747,180,24889,1420,0,20437,0x07
2026-09-06T16:40:12.089,897,0,2,51,1283,0,17563,419,0,6933,0x07
2026-09-06T16:40:12.154,896,0,0,51,2126,255,29354,1883,0,26185,0x07
2026-09-06T16:40:12.154,899,0,2,52,1278,0,17511,424,0,6988,0x07
2026-09-06T16:40:12.220,898,0,0,51,2389,569,31335,2169,0,29739,0x07
2026-09-06T16:40:12.220,901,0,2,50,1279,0,17519,423,0,6980,0x07
2026-09-06T16:40:12.285,900,0,0,51,2564,745,32792,2362,0,32139,0x07
2026-09-06T16:40:12.285,903,0,2,50,1250,0,17178,453,0,7339,0x07
2026-09-06T16:40:12.366,902,0,0,51,2790,980,34634,2696,0,36291,0x07
2026-09-06T16:40:12.366,905,0,2,54,1279,0,17515,424,0,6984,0x07
2026-09-06T16:40:12.430,904,0,0,52,3227,1346,38597,3415,0,40000,0x07
2026-09-06T16:40:12.431,907,0,2,50,1279,0,17515,424,0,6984,0x07
2026-09-06T16:40:12.496,906,0,0,50,3227,1480,38028,3415,0,40000,0x07
2026-09-06T16:40:12.496,909,0,2,50,1290,0,17648,412,0,6845,0x07
2026-09-06T16:40:12.561,908,0,0,51,3240,1529,37983,3500,0,40000,0x07
2026-09-06T16:40:12.561,911,0,2,51,1290,0,17648,412,0,6845,0x07
2026-09-06T16:40:12.626,910,0,0,50,2873,1700,32626,3465,0,40000,0x07
2026-09-06T16:40:12.626,913,0,2,51,1291,0,17664,411,0,6832,0x07
2026-09-06T16:40:12.691,912,0,0,50,2058,1640,22614,2819,0,37822,0x07
2026-09-06T16:40:12.691,915,0,2,50,1291,0,17659,411,0,6832,0x07
2026-09-06T16:40:12.756,914,0,0,51,624,1490,5164,1607,0,22759,0x07
2026-09-06T16:40:12.756,917,0,2,53,1278,0,17503,425,0,6996,0x07
2026-09-06T16:40:12.821,916,0,0,53,166,868,2042,1577,0,22394,0x07
2026-09-06T16:40:12.821,919,0,2,51,1278,0,17503,425,0,6996,0x07
2026-09-06T16:40:12.902,918,0,0,50,166,660,2926,1577,100,21969,0x07
2026-09-06T16:40:12.902,921,0,2,50,1284,0,17583,418,0,6913,0x07
2026-09-06T16:40:12.967,920,0,0,52,0,0,3816,1675,308,22299,0x07
2026-09-06T16:40:12.967,923,0,2,51,1279,0,17515,424,0,6984,0x07
2026-09-06T16:40:13.032,922,0,0,50,0,0,31829,0,0,21375,0x07
2026-09-06T16:40:13.032,925,0,2,50,1288,0,17628,414,0,6866,0x07
2026-09-06T16:40:13.097,924,0,0,50,3374,1220,40000,0,0,5857,0x07
2026-09-06T16:40:13.097,927,0,2,51,1278,0,17511,424,0,6988,0x07
2026-09-06T16:40:13.162,926,0,0,50,1326,380,18734,374,0,7449,0x07
2026-09-06T16:40:13.162,929,0,2,52,1283,0,17572,419,0,6925,0x07
2026-09-06T16:40:13.227,928,0,0,53,1325,604,17766,376,0,7467,0x07
2026-09-06T16:40:13.227,931,0,2,50,1283,0,17572,419,0,6930,0x07
2026-09-06T16:40:13.293,930,0,0,51,1325,549,17998,376,0,7467,0x07
2026-09-06T16:40:13.293,933,0,2,51,1248,0,17154,455,0,7364,0x07
2026-09-06T16:40:13.358,932,0,0,51,1261,510,17361,442,0,8289,0x07
2026-09-06T16:40:13.358,935,0,2,50,1253,0,17214,450,0,7304,0x07
2026-09-06T16:40:13.423,934,0,0,52,1194,462,16721,512,0,9158,0x07
2026-09-06T16:40:13.423,937,0,2,56,1284,0,17580,418,0,6917,0x07
2026-09-06T16:40:13.504,936,0,0,56,1068,446,15203,642,0,10771,0x07
2026-09-06T16:40:13.504,939,0,2,50,1284,0,17580,418,0,6917,0x07
2026-09-06T16:40:13.570,938,0,0,51,1068,451,15183,642,0,10771,0x07
2026-09-06T16:40:13.570,941,0,2,52,1252,0,17194,452,0,7321,0x07
2026-09-06T16:40:13.635,940,0,0,50,1354,460,18747,1042,0,15745,0x07
2026-09-06T16:40:13.635,943,0,2,50,1257,0,17262,446,0,7250,0x07
2026-09-06T16:40:13.701,942,0,0,50,1911,540,25430,1663,0,23460,0x07
2026-09-06T16:40:13.701,945,0,2,50,1287,0,17608,415,0,6887,0x07
2026-09-06T16:40:13.766,944,0,0,51,2369,647,30751,2218,0,30356,0x07
2026-09-06T16:40:13.766,947,0,2,50,1288,0,17628,414,0,6866,0x07
2026-09-06T16:40:13.831,946,0,0,51,2740,804,34763,2681,0,36104,0x07
2026-09-06T16:40:13.831,949,0,2,50,1282,0,17555,420,0,6942,0x07
2026-09-06T16:40:13.896,948,0,0,53,3256,1283,39222,3426,0,40000,0x07
2026-09-06T16:40:13.896,951,0,2,51,1291,0,17656,411,0,6837,0x07
2026-09-06T16:40:13.961,950,0,0,52,3256,1385,38791,3426,0,40000,0x07
2026-09-06T16:40:13.961,953,0,2,51,1286,0,17603,416,0,6891,0x07
2026-09-06T16:40:14.043,952,0,0,50,3257,1520,38232,3500,0,40000,0x07
2026-09-06T16:40:14.043,955,0,2,50,1256,0,17247,447,0,7267,0x07
2026-09-06T16:40:14.092,954,0,0,51,2967,1608,34200,3500,0,40000,0x07
2026-09-06T16:40:14.092,957,0,2,51,1277,0,17496,425,0,7005,0x07
2026-09-06T16:40:14.174,956,0,0,50,2118,1400,24378,2889,0,38688,0x07
2026-09-06T16:40:14.174,959,0,2,50,1284,0,17575,418,0,6921,0x07
2026-09-06T16:40:14.239,958,0,0,51,812,1627,6950,1756,0,24615,0x07
2026-09-06T16:40:14.239,961,0,2,50,1255,0,17239,448,0,7276,0x07
2026-09-06T16:40:14.305,960,0,0,51,317,922,3711,1421,0,20455,0x07
2026-09-06T16:40:14.305,963,0,2,50,1255,0,17230,448,0,7283,0x07
2026-09-06T16:40:14.369,962,0,0,50,233,580,4111,1508,380,19914,0x07
2026-09-06T16:40:14.369,965,0,2,51,1278,0,17503,425,0,6996,0x07
2026-09-06T16:40:14.434,964,0,0,51,116,490,3013,1630,275,21875,0x07
2026-09-06T16:40:14.434,967,0,2,54,1290,0,17644,412,0,6849,0x07
2026-09-06T16:40:14.499,966,0,0,50,27,300,2694,0,0,21598,0x07
2026-09-06T16:40:14.499,969,0,2,51,1290,0,17644,412,0,6849,0x07
2026-09-06T16:40:14.564,968,0,0,52,3374,1173,40000,0,0,5717,0x07
2026-09-06T16:40:14.564,971,0,2,50,1296,0,17720,406,0,6769,0x07
2026-09-06T16:40:14.629,970,0,0,51,1343,608,17973,357,20,7152,0x07
2026-09-06T16:40:14.629,973,0,2,50,1285,0,17595,416,0,6900,0x07
2026-09-06T16:40:14.694,972,0,0,51,1322,510,18132,379,78,7167,0x07
2026-09-06T16:40:14.694,975,0,2,56,1254,0,17219,449,0,7296,0x07
2026-09-06T16:40:14.776,974,0,0,52,1235,577,16749,469,0,8623,0x07
2026-09-06T16:40:14.776,977,0,2,50,1254,0,17219,449,0,7296,0x07
2026-09-06T16:40:14.841,976,0,0,50,1235,580,16736,469,0,8623,0x07
2026-09-06T16:40:14.841,979,0,2,51,1254,0,17222,449,0,7291,0x07
2026-09-06T16:40:14.906,978,0,0,50,1178,600,15932,528,0,9358,0x07
2026-09-06T16:40:14.906,981,0,2,52,1283,0,17572,419,0,6925,0x07
2026-09-06T16:40:14.971,980,0,0,51,1112,490,15573,596,0,10201,0x07
2026-09-06T16:40:14.971,983,0,2,51,1257,0,17258,446,0,7253,0x07
2026-09-06T16:40:15.036,982,0,0,50,1066,520,14864,644,0,10798,0x07
2026-09-06T16:40:15.036,985,0,2,52,1295,0,17712,406,0,6777,0x07
2026-09-06T16:40:15.101,984,0,0,50,1586,540,21330,1346,0,19520,0x07
2026-09-06T16:40:15.101,987,0,2,56,1296,0,17720,406,0,6769,0x07
2026-09-06T16:40:15.166,986,0,0,50,2277,600,29793,2178,0,29851,0x07
2026-09-06T16:40:15.166,989,0,2,50,1296,0,17720,406,0,6769,0x07
2026-09-06T16:40:15.231,988,0,0,51,2775,843,35035,2780,0,37340,0x07
2026-09-06T16:40:15.231,991,0,2,51,1295,0,17712,406,0,6777,0x07
2026-09-06T16:40:15.312,990,0,0,50,2858,1020,35329,3092,0,40000,0x07
2026-09-06T16:40:15.312,993,0,2,50,1278,0,17511,424,0,6988,0x07
2026-09-06T16:40:15.377,992,0,0,52,2658,1173,32152,3500,173,40000,0x07
2026-09-06T16:40:15.378,995,0,2,51,1282,0,17555,420,0,6942,0x07
2026-09-06T16:40:15.443,994,0,0,51,1796,804,22857,2631,216,34561,0x07
2026-09-06T16:40:15.443,997,0,2,52,1282,0,17555,420,0,6942,0x07
2026-09-06T16:40:15.508,996,0,0,51,307,1059,2999,1432,59,20334,0x07
2026-09-06T16:40:15.508,999,0,2,50,1292,0,17667,411,0,6828,0x07
2026-09-06T16:40:15.573,998,0,0,52,64,38,4274,1684,19,23635,0x07
2026-09-06T16:40:15.573,1001,0,2,51,1253,0,17210,450,0,7304,0x07
2026-09-06T16:40:15.639,1000,0,0,50,0,0,3842,1684,60,23461,0x07
2026-09-06T16:40:15.639,1003,0,2,51,1252,0,17198,451,0,7316,0x07
2026-09-06T16:40:15.704,1002,0,0,51,0,0,31797,0,0,25403,0x07
2026-09-06T16:40:15.704,1005,0,2,50,1291,0,17659,411,0,6832,0x07
2026-09-06T16:40:15.769,1004,0,0,50,3370,60,40000,0,0,3294,0x07
2026-09-06T16:40:15.769,1007,0,2,53,1283,0,17567,419,0,6930,0x07
2026-09-06T16:40:15.850,1006,0,0,51,750,59,12842,61,0,3553,0x07
2026-09-06T16:40:15.850,1009,0,2,51,1283,0,17567,419,0,6930,0x07
2026-09-06T16:40:15.914,1008,0,0,50,927,300,14043,153,0,4692,0x07
2026-09-06T16:40:15.914,1011,0,2,50,1250,0,17178,453,0,7339,0x07
2026-09-06T16:40:15.980,1010,0,0,50,1053,160,16233,63,0,3579,0x07
2026-09-06T16:40:15.980,1013,0,2,51,1256,0,17247,447,0,7267,0x07
2026-09-06T16:40:16.044,1012,0,0,52,1041,58,16514,112,0,4184,0x07
2026-09-06T16:40:16.044,1015,0,2,50,1251,0,17186,452,0,7329,0x07
2026-09-06T16:40:16.108,1014,0,0,51,1040,0,16742,145,0,4601,0x07
2026-09-06T16:40:16.108,1017,0,2,50,1258,0,17267,445,0,7245,0x07
2026-09-06T16:40:16.174,1016,0,0,52,1032,0,16644,179,0,5023,0x07
2026-09-06T16:40:16.174,1019,0,2,52,1299,0,17756,402,0,6731,0x07
2026-09-06T16:40:16.239,1018,0,0,50,1046,0,16824,183,0,5071,0x07
2026-09-06T16:40:16.239,1021,0,2,51,1299,0,17756,402,0,6731,0x07
2026-09-06T16:40:16.304,1020,0,0,51,1055,0,16933,186,0,5109,0x07
2026-09-06T16:40:16.304,1023,0,2,52,1299,0,17752,403,0,6735,0x07
2026-09-06T16:40:16.369,1022,0,0,51,1065,0,17061,183,0,5066,0x07
2026-09-06T16:40:16.369,1025,0,2,51,1291,0,17664,411,0,6828,0x07
2026-09-06T16:40:16.435,1024,0,0,51,1075,0,17185,177,0,5000,0x07
2026-09-06T16:40:16.435,1027,0,2,51,1285,0,17591,417,0,6905,0x07
2026-09-06T16:40:16.516,1026,0,0,51,1075,0,17185,177,0,5000,0x07
2026-09-06T16:40:16.516,1029,0,2,52,1249,0,17158,455,0,7359,0x07
2026-09-06T16:40:16.581,1028,0,0,51,1077,0,17210,175,0,4974,0x07
2026-09-06T16:40:16.581,1031,0,2,50,1281,0,17547,421,0,6950,0x07
2026-09-06T16:40:16.645,1030,0,0,52,1064,0,17053,176,0,4983,0x07
2026-09-06T16:40:16.645,1033,0,2,52,1283,0,17563,419,0,6933,0x07
2026-09-06T16:40:16.711,1032,0,0,52,1074,0,17172,169,0,4896,0x07
2026-09-06T16:40:16.711,1035,0,2,50,1283,0,17567,419,0,6930,0x07
2026-09-06T16:40:16.776,1034,0,0,51,1076,0,17192,169,0,4901,0x07
2026-09-06T16:40:16.776,1037,0,2,51,1255,0,17230,449,0,7288,0x07
2026-09-06T16:40:16.841,1036,0,0,51,1076,0,17201,170,0,4905,0x07
2026-09-06T16:40:16.841,1039,0,2,54,1283,0,17567,419,0,6933,0x07
2026-09-06T16:40:16.907,1038,0,0,51,1077,0,17207,170,0,4914,0x07
2026-09-06T16:40:16.907,1041,0,2,52,1283,0,17567,419,0,6933,0x07
2026-09-06T16:40:16.972,1040,0,0,52,1077,0,17207,171,0,4918,0x07
2026-09-06T16:40:16.972,1043,0,2,51,1279,0,17519,423,0,6980,0x07
2026-09-06T16:40:17.053,1042,0,0,52,1075,0,17180,173,0,4944,0x07
2026-09-06T16:40:17.053,1045,0,2,52,1257,0,17254,446,0,7258,0x07
2026-09-06T16:40:17.119,1044,0,0,50,1076,0,17197,172,0,4927,0x07
2026-09-06T16:40:17.119,1047,0,2,55,1295,0,17712,406,0,6777,0x07
2026-09-06T16:40:17.184,1046,0,0,52,1076,0,17197,172,0,4927,0x07
2026-09-06T16:40:17.184,1049,0,2,50,1295,0,17712,406,0,6777,0x07
2026-09-06T16:40:17.250,1048,0,0,51,1063,0,17032,174,0,4957,0x07
2026-09-06T16:40:17.250,1051,0,2,52,1296,0,17720,406,0,6769,0x07
2026-09-06T16:40:17.315,1050,0,0,57,1074,0,17172,169,0,4896,0x07
2026-09-06T16:40:17.315,1053,0,2,50,1285,0,17595,416,0,6900,0x07
2026-09-06T16:40:17.380,1052,0,0,50,1074,200,16322,169,0,4896,0x07
2026-09-06T16:40:17.380,1055,0,2,51,1284,0,17580,418,0,6917,0x07
2026-09-06T16:40:17.445,1054,0,0,52,1075,327,15795,170,38,4746,0x07
2026-09-06T16:40:17.445,1057,0,2,52,1287,0,17611,415,0,6882,0x07
2026-09-06T16:40:17.510,1056,0,0,50,1055,220,16002,145,0,4592,0x07
2026-09-06T16:40:17.510,1059,0,2,55,1291,0,17659,411,0,6832,0x07
2026-09-06T16:40:17.576,1058,0,0,51,0,0,16504,150,0,4666,0x07
2026-09-06T16:40:17.576,1061,0,2,51,1291,0,17659,411,0,6832,0x07
2026-09-06T16:40:17.641,1060,0,0,50,0,0,4199,2968,20,39589,0x07
2026-09-06T16:40:17.641,1063,0,2,50,1277,0,17491,426,0,7009,0x07
2026-09-06T16:40:17.706,1062,0,0,50,68,80,4147,1294,0,18867,0x07
2026-09-06T16:40:17.706,1065,0,2,51,1292,0,17676,410,0,6814,0x07
2026-09-06T16:40:17.788,1064,0,0,50,13,0,3794,1274,0,18620,0x07
2026-09-06T16:40:17.788,1067,0,2,54,1282,0,17552,420,0,6945,0x07
2026-09-06T16:40:17.853,1066,0,0,50,13,0,3794,1274,0,18620,0x07
2026-09-06T16:40:17.853,1069,0,2,51,1282,0,17552,420,0,6945,0x07
2026-09-06T16:40:17.918,1068,0,0,52,8,0,3734,1258,0,18424,0x07
2026-09-06T16:40:17.918,1071,0,2,52,1254,0,17226,449,0,7288,0x07
2026-09-06T16:40:17.984,1070,0,0,50,8,0,3731,1246,0,18276,0x07
2026-09-06T16:40:17.984,1073,0,2,50,1283,0,17563,419,0,6933,0x07
2026-09-06T16:40:18.048,1072,0,0,50,10,0,3757,1238,0,18172,0x07
2026-09-06T16:40:18.048,1075,0,2,51,1256,0,17242,447,0,7271,0x07
2026-09-06T16:40:18.113,1074,0,0,52,31,0,4028,1213,19,17786,0x07
2026-09-06T16:40:18.113,1077,0,2,52,1284,0,17580,418,0,6917,0x07
2026-09-06T16:40:18.178,1076,0,0,53,19,0,3867,1228,0,18050,0x07
2026-09-06T16:40:18.178,1079,0,2,52,1295,0,17708,407,0,6781,0x07
2026-09-06T16:40:18.244,1078,0,0,51,19,0,3867,1228,0,18050,0x07
2026-09-06T16:40:18.244,1081,0,2,52,1290,0,17644,412,0,6849,0x07
2026-09-06T16:40:18.325,1080,0,0,50,20,0,3888,1228,0,18050,0x07
2026-09-06T16:40:18.325,1083,0,2,50,1256,0,17250,447,0,7263,0x07
2026-09-06T16:40:18.389,1082,0,0,50,22,0,3909,1228,0,18050,0x07
2026-09-06T16:40:18.389,1085,0,2,52,1277,0,17499,425,0,7001,0x07
2026-09-06T16:40:18.454,1084,0,0,51,23,0,3923,1228,0,18055,0x07
2026-09-06T16:40:18.454,1087,0,2,52,1294,0,17692,408,0,6802,0x07
2026-09-06T16:40:18.519,1086,0,0,50,29,0,4004,1223,0,17989,0x07
2026-09-06T16:40:18.519,1089,0,2,51,1278,0,17511,424,0,6988,0x07
2026-09-06T16:40:18.584,1088,0,0,55,25,0,3944,1229,0,18063,0x07
2026-09-06T16:40:18.584,1091,0,2,51,1255,0,17234,448,0,7283,0x07
2026-09-06T16:40:18.649,1090,0,0,51,25,0,3944,1229,0,18063,0x07
2026-09-06T16:40:18.649,1093,0,2,56,1283,0,17567,419,0,6933,0x07
2026-09-06T16:40:18.714,1092,0,0,52,24,0,3939,1230,0,18072,0x07
2026-09-06T16:40:18.714,1095,0,2,51,1283,0,17567,419,0,6933,0x07
2026-09-06T16:40:18.780,1094,0,0,51,24,0,3935,1230,0,18076,0x07
2026-09-06T16:40:18.780,1097,0,2,51,1256,0,17250,447,0,7263,0x07
2026-09-06T16:40:18.861,1096,0,0,53,25,0,3944,1229,0,18067,0x07
2026-09-06T16:40:18.861,1099,0,2,52,1285,0,17591,417,0,6905,0x07
2026-09-06T16:40:18.926,1098,0,0,51,25,0,3944,1229,0,18067,0x07
2026-09-06T16:40:18.926,1101,0,2,54,1280,0,17535,422,0,6962,0x07
2026-09-06T16:40:18.992,1103,0,2,50,1280,0,17535,422,0,6962,0x07
2026-09-06T16:40:19.057,1100,0,0,52,24,0,3931,1230,0,18081,0x07
2026-09-06T16:40:19.057,1103,0,2,50,1251,0,17186,452,0,7329,0x07
2026-09-06T16:40:19.121,1102,0,0,50,23,0,3927,1231,0,18084,0x07
2026-09-06T16:40:19.122,1103,0,2,51,1251,0,17186,452,0,7329,0x07
2026-09-06T16:40:19.187,1102,0,0,50,23,0,3927,1231,0,18084,0x07
2026-09-06T16:40:19.187,1109,0,2,51,0,0,12086,0,0,5179,0x07
2026-09-06T16:40:19.252,1108,0,0,51,0,0,3828,0,0,12854,0x07
2026-09-06T16:40:19.253,1111,0,2,50,1279,0,17524,423,0,6976,0x07
2026-09-06T16:40:19.317,1110,0,0,51,23,0,3927,1231,0,18084,0x07
2026-09-06T16:40:19.317,1113,0,2,51,1288,0,17620,414,0,6874,0x07
2026-09-06T16:40:19.383,1112,0,0,50,23,0,3923,0,0,15364,0x07
2026-09-06T16:40:19.383,1115,0,2,50,1282,0,17555,420,0,6942,0x07
2026-09-06T16:40:19.448,1114,0,0,50,0,0,16608,0,0,26372,0x07
2026-09-06T16:40:19.448,1117,0,2,51,1288,0,17620,414,0,6874,0x07
2026-09-06T16:40:19.529,1116,0,0,50,0,0,24393,0,0,19011,0x07
2026-09-06T16:40:19.530,1119,0,2,50,1296,0,17724,405,0,6765,0x07
2026-09-06T16:40:19.790,1118,0,0,50,0,0,18151,0,0,27843,0x07
2026-09-06T16:40:19.790,1121,0,2,52,1286,0,17600,416,0,6895,0x07
2026-09-06T16:40:20.260,1120,0,0,51,0,0,3777,3064,20,40000,0x07
2026-09-06T16:40:20.260,1123,0,2,51,1250,0,17170,454,0,7347,0x07
2026-09-06T16:40:20.520,1122,0,0,51,17,20,3767,1233,0,18111,0x07
2026-09-06T16:40:20.520,1125,0,2,58,1287,0,17611,415,0,6882,0x07
2026-09-06T16:40:20.990,1124,0,0,51,0,0,3664,0,0,13149,0x07
2026-09-06T16:40:20.990,1127,0,2,51,0,0,0,0,0,0,0x03
2026-09-06T16:40:21.055,1126,0,0,51,0,0,0,0,0,0,0x03
2026-09-06T16:40:21.055,1129,0,2,51,0,0,11890,0,0,5386,0x07
2026-09-06T16:40:21.137,1128,0,0,51,0,0,23488,0,0,16071,0x07
2026-09-06T16:40:21.137,1131,0,2,51,0,0,0,0,0,0,0x03
2026-09-06T16:40:21.202,1130,0,0,50,0,0,0,0,0,0,0x03
2026-09-06T16:40:21.202,1133,0,2,52,0,0,11975,0,0,5296,0x07
2026-09-06T16:40:21.267,1132,0,0,52,0,0,21092,0,0,28097,0x07
2026-09-06T16:40:21.267,1135,0,2,52,1265,0,17351,438,0,7157,0x07
2026-09-06T16:40:21.332,1134,0,0,52,3374,38,40000,-2827,0,37914,0x07
2026-09-06T16:40:21.332,1137,0,2,50,1288,0,17623,414,0,6874,0x07
2026-09-06T16:40:21.397,1136,0,0,50,3374,1060,40000,-2827,0,37914,0x07
2026-09-06T16:40:21.397,1139,0,2,51,1279,0,17524,423,0,6976,0x07
2026-09-06T16:40:21.462,1138,0,0,50,1123,240,16773,-222,0,5549,0x07
2026-09-06T16:40:21.462,1141,0,2,50,1250,0,17178,453,0,7339,0x07
2026-09-06T16:40:21.527,1140,0,0,52,0,0,25786,0,0,31404,0x07
2026-09-06T16:40:21.527,1143,0,2,51,1278,0,17507,424,0,6993,0x07
2026-09-06T16:40:21.593,1142,0,0,50,-2651,-560,34673,3500,40,40000,0x07
2026-09-06T16:40:21.593,1145,0,2,51,1289,0,17636,413,0,6857,0x07
2026-09-06T16:40:21.674,1144,0,0,50,-173,-200,4966,1212,0,17854,0x07
2026-09-06T16:40:21.674,1147,0,2,56,1285,0,17595,416,0,6900,0x07
2026-09-06T16:40:21.739,1146,0,0,51,0,0,31829,0,0,25425,0x07
2026-09-06T16:40:21.739,1149,0,2,51,1285,0,17595,416,0,6900,0x07
2026-09-06T16:40:21.804,1148,0,0,51,1017,1392,10537,-192,0,5184,0x07
2026-09-06T16:40:21.804,1151,0,2,52,1278,0,17511,424,0,6988,0x07
2026-09-06T16:40:21.870,1150,0,0,51,1017,196,15621,-192,0,5184,0x07
2026-09-06T16:40:21.870,1153,0,2,52,1287,0,17611,415,0,6882,0x07
2026-09-06T16:40:21.935,1152,0,0,50,1002,420,14481,-209,0,5388,0x07
2026-09-06T16:40:21.935,1155,0,2,50,1293,0,17679,409,0,6811,0x07
2026-09-06T16:40:22.000,1154,0,0,51,985,137,15465,-186,0,5109,0x07
2026-09-06T16:40:22.000,1157,0,2,51,1254,0,17222,449,0,7291,0x07
2026-09-06T16:40:22.066,1156,0,0,51,910,0,15109,-121,0,4296,0x07
2026-09-06T16:40:22.066,1159,0,2,51,1247,0,17133,457,0,7384,0x07
2026-09-06T16:40:22.132,1158,0,0,50,889,0,14841,-145,0,4601,0x07
2026-09-06T16:40:22.132,1161,0,2,50,1247,0,17138,457,0,7384,0x07
2026-09-06T16:40:22.197,1160,0,0,53,854,0,14403,-152,0,4679,0x07
2026-09-06T16:40:22.197,1163,0,2,50,1293,0,17679,409,0,6811,0x07
2026-09-06T16:40:22.262,1162,0,0,50,854,0,14403,-152,0,4679,0x07
2026-09-06T16:40:22.262,1165,0,2,50,1257,0,17258,446,0,7253,0x07
2026-09-06T16:40:22.327,1164,0,0,51,885,39,14628,-189,0,5149,0x07
2026-09-06T16:40:22.327,1167,0,2,51,1289,0,17639,413,0,6854,0x07
2026-09-06T16:40:22.408,1166,0,0,51,895,59,14668,-197,0,5240,0x07
2026-09-06T16:40:22.408,1169,0,2,51,1252,0,17198,451,0,7316,0x07
2026-09-06T16:40:22.474,1168,0,0,51,901,157,14327,-218,0,5506,0x07
2026-09-06T16:40:22.474,1171,0,2,50,1280,0,17527,422,0,6971,0x07
2026-09-06T16:40:22.539,1170,0,0,51,876,39,14512,-220,0,5536,0x07
2026-09-06T16:40:22.539,1173,0,2,50,1287,0,17608,415,0,6887,0x07
2026-09-06T16:40:22.799,1172,0,0,51,809,0,13833,-166,0,4863,0x07
2026-09-06T16:40:22.799,1175,0,2,50,1296,0,17724,405,0,6765,0x07
2026-09-06T16:40:31.036,1174,0,0,51,809,0,13833,-166,0,4863,0x07
2026-09-06T16:40:31.036,1177,0,2,51,1286,0,17603,416,0,6891,0x07
2026-09-06T16:40:31.101,1176,0,0,50,780,0,13472,-137,0,4500,0x07
2026-09-06T16:40:31.101,1179,0,2,51,1249,0,17162,454,0,7355,0x07
2026-09-06T16:40:31.167,1178,0,0,50,0,0,10476,0,0,4215,0x07
2026-09-06T16:40:31.167,1181,0,2,50,0,0,0,0,0,0,0x03
2026-09-06T16:40:31.248,1180,0,0,50,0,0,0,0,0,0,0x03
2026-09-06T16:40:31.248,1183,0,2,51,0,0,11869,0,0,5407,0x07
2026-09-06T16:40:31.297,1182,0,0,50,0,0,10288,0,0,4310,0x07
2026-09-06T16:40:31.297,1185,0,2,51,1251,20,17103,452,0,7329,0x07
2026-09-06T16:40:31.377,1184,0,0,50,796,60,13417,-185,0,5097,0x07
2026-09-06T16:40:31.377,1187,0,2,52,1290,0,17648,412,0,6845,0x07
2026-09-06T16:40:31.442,1186,0,0,57,797,0,13676,-186,0,5100,0x07
2026-09-06T16:40:31.442,1189,0,2,55,1253,0,17206,451,0,7313,0x07
2026-09-06T16:40:31.506,1188,0,0,50,797,0,13680,-186,0,5100,0x07
2026-09-06T16:40:31.506,1191,0,2,51,1253,0,17206,451,0,7313,0x07
2026-09-06T16:40:31.571,1190,0,0,50,797,0,13680,-186,0,5100,0x07
2026-09-06T16:40:31.571,1193,0,2,52,1289,0,17636,413,0,6857,0x07
2026-09-06T16:40:31.636,1192,0,0,51,797,0,13680,-185,0,5097,0x07
2026-09-06T16:40:31.636,1195,0,2,56,1251,0,17186,452,0,7329,0x07
2026-09-06T16:40:31.701,1194,0,0,54,797,0,13684,-184,0,5088,0x07
2026-09-06T16:40:31.701,1197,0,2,51,1251,0,17186,452,0,7329,0x07
2026-09-06T16:40:31.783,1196,0,0,50,797,0,13684,-184,0,5088,0x07
2026-09-06T16:40:31.783,1199,0,2,52,1249,0,17166,454,0,7351,0x07
2026-09-06T16:40:31.848,1198,0,0,50,797,0,13684,-184,0,5088,0x07
2026-09-06T16:40:31.848,1201,0,2,51,1288,0,17623,414,0,6870,0x07
2026-09-06T16:40:31.912,1200,0,0,51,797,0,13680,-164,0,4836,0x07
2026-09-06T16:40:31.912,1203,0,2,52,1251,0,17191,452,0,7325,0x07
2026-09-06T16:40:31.978,1202,0,0,51,803,20,13678,-177,0,5000,0x07
2026-09-06T16:40:31.978,1205,0,2,51,1311,0,17896,390,0,6584,0x07
2026-09-06T16:40:32.043,1204,0,0,51,801,0,13735,-181,0,5041,0x07
2026-09-06T16:40:32.043,1207,0,2,51,1285,0,17587,417,0,6908,0x07
2026-09-06T16:40:32.108,1206,0,0,54,799,0,13701,-184,0,5083,0x07
2026-09-06T16:40:32.108,1209,0,2,50,1311,0,17905,390,0,6575,0x07
2026-09-06T16:40:32.173,1208,0,0,50,799,0,13701,-184,0,5083,0x07
2026-09-06T16:40:32.173,1211,0,2,52,1289,0,17639,413,0,6854,0x07
2026-09-06T16:40:32.238,1210,0,0,50,798,0,13692,-185,0,5092,0x07
2026-09-06T16:40:32.238,1213,0,2,51,1287,0,17611,415,0,6882,0x07
2026-09-06T16:40:32.320,1212,0,0,50,797,0,13684,-185,0,5097,0x07
2026-09-06T16:40:32.320,1215,0,2,51,1285,0,17595,416,0,6900,0x07
2026-09-06T16:40:32.369,1214,0,0,51,797,0,13684,-185,0,5097,0x07
2026-09-06T16:40:32.369,1217,0,2,51,1246,0,17130,457,0,7389,0x07
2026-09-06T16:40:32.451,1216,0,0,51,797,0,13676,-165,0,4844,0x07
2026-09-06T16:40:32.451,1219,0,2,51,1283,0,17567,419,0,6930,0x07
2026-09-06T16:40:32.515,1218,0,0,52,0,0,0,0,0,0,0x03
2026-09-06T16:40:32.515,1221,0,2,52,1275,0,17475,427,0,7026,0x07
2026-09-06T16:40:32.580,1220,0,0,54,801,0,13735,-181,0,5049,0x07
2026-09-06T16:40:32.580,1223,0,2,51,1292,0,17672,410,0,6819,0x07
2026-09-06T16:40:32.645,1222,0,0,52,801,19,13653,-181,0,5049,0x07
2026-09-06T16:40:32.645,1225,0,2,50,1302,0,17796,399,0,6689,0x07
2026-09-06T16:40:32.711,1224,0,0,51,800,0,13713,-183,0,5071,0x07
2026-09-06T16:40:32.711,1227,0,2,51,1287,0,17611,415,0,6882,0x07
2026-09-06T16:40:32.778,1226,0,0,55,797,0,13684,-165,0,4844,0x07
2026-09-06T16:40:32.778,1229,0,2,50,1280,0,17527,422,0,6971,0x07
2026-09-06T16:40:32.843,1228,0,0,50,797,0,13684,-165,0,4844,0x07
2026-09-06T16:40:32.843,1231,0,2,51,1285,0,17587,417,0,6908,0x07
2026-09-06T16:40:32.908,1230,0,0,50,803,0,13761,-178,0,5015,0x07
2026-09-06T16:40:32.908,1233,0,2,51,1300,0,17771,401,0,6714,0x07
2026-09-06T16:40:32.973,1232,0,0,50,806,0,13790,-177,0,4992,0x07
2026-09-06T16:40:32.973,1235,0,2,50,1253,0,17206,450,0,7308,0x07
2026-09-06T16:40:33.054,1234,0,0,52,806,0,13790,-177,0,4992,0x07
2026-09-06T16:40:33.055,1237,0,2,51,1290,0,17644,413,0,6854,0x07
2026-09-06T16:40:33.119,1236,0,0,50,0,0,0,0,0,0,0x03
2026-09-06T16:40:33.119,1239,0,2,52,1252,0,17202,451,0,7313,0x07
2026-09-06T16:40:33.184,1238,0,0,52,0,0,10319,0,0,4298,0x07
2026-09-06T16:40:33.184,1241,0,2,51,1284,0,17583,418,0,6913,0x07
2026-09-06T16:40:33.248,1240,0,0,50,800,0,13719,-184,0,5079,0x07
2026-09-06T16:40:33.248,1243,0,2,52,1280,0,17535,422,0,6967,0x07
2026-09-06T16:40:33.312,1242,0,0,51,798,0,13692,-165,0,4844,0x07
2026-09-06T16:40:33.312,1245,0,2,51,1287,0,17611,415,0,6882,0x07
2026-09-06T16:40:33.377,1244,0,0,51,804,0,13766,-179,0,5023,0x07
2026-09-06T16:40:33.377,1247,0,2,56,1286,0,17603,416,0,6891,0x07
2026-09-06T16:40:33.443,1246,0,0,50,801,0,13731,-182,0,5062,0x07
2026-09-06T16:40:33.443,1249,0,2,52,1286,0,17603,416,0,6891,0x07
2026-09-06T16:40:33.524,1248,0,0,50,799,0,13709,-184,0,5088,0x07
2026-09-06T16:40:33.524,1251,0,2,50,1303,0,17808,398,0,6675,0x07
2026-09-06T16:40:33.589,1250,0,0,50,798,0,13692,-186,0,5100,0x07
2026-09-06T16:40:33.589,1253,0,2,51,1250,0,17174,453,0,7342,0x07
2026-09-06T16:40:33.654,1252,0,0,55,803,0,13756,-179,0,5019,0x07
2026-09-06T16:40:33.654,1255,0,2,52,1287,0,17608,415,0,6887,0x07
2026-09-06T16:40:33.720,1254,0,0,52,803,0,13756,-179,0,5019,0x07
2026-09-06T16:40:33.720,1257,0,2,50,1249,0,17162,454,0,7355,0x07
2026-09-06T16:40:33.785,1256,0,0,50,801,0,13731,-182,0,5058,0x07
2026-09-06T16:40:33.785,1259,0,2,51,1302,0,17796,399,0,6689,0x07
2026-09-06T16:40:33.850,1258,0,0,52,799,0,13709,-184,0,5079,0x07
2026-09-06T16:40:33.850,1261,0,2,51,1289,0,17636,413,0,6862,0x07
2026-09-06T16:40:33.915,1260,0,0,51,798,0,13697,-185,0,5092,0x07
2026-09-06T16:40:33.915,1263,0,2,50,1250,0,17174,453,0,7342,0x07
2026-09-06T16:40:33.981,1262,0,0,52,798,0,13689,-185,0,5097,0x07
2026-09-06T16:40:33.981,1265,0,2,51,1308,0,17868,393,0,6613,0x07
2026-09-06T16:40:34.046,1264,0,0,51,797,0,13684,-186,0,5100,0x07
2026-09-06T16:40:34.046,1267,0,2,52,1244,0,17102,460,0,7418,0x07
2026-09-06T16:40:34.128,1266,0,0,50,797,0,13680,-185,0,5097,0x07
2026-09-06T16:40:34.128,1269,0,2,51,1264,0,17339,439,0,7169,0x07
2026-09-06T16:40:34.192,1268,0,0,50,797,0,13680,-185,0,5097,0x07
2026-09-06T16:40:34.192,1271,0,2,50,1287,0,17616,415,0,6879,0x07
2026-09-06T16:40:34.257,1270,0,0,51,797,0,13680,-185,0,5092,0x07
2026-09-06T16:40:34.257,1273,0,2,52,1298,0,17748,403,0,6739,0x07
2026-09-06T16:40:34.322,1272,0,0,52,797,0,13684,-185,0,5092,0x07
2026-09-06T16:40:34.322,1275,0,2,51,1305,0,17829,397,0,6659,0x07
2026-09-06T16:40:34.387,1274,0,0,52,797,0,13684,-184,0,5088,0x07
2026-09-06T16:40:34.387,1277,0,2,52,1276,0,17479,427,0,7021,0x07
2026-09-06T16:40:34.453,1276,0,0,50,797,0,13684,-184,0,5088,0x07
2026-09-06T16:40:34.453,1279,0,2,53,1269,0,17395,434,0,7110,0x07
2026-09-06T16:40:34.518,1278,0,0,52,797,0,13680,-164,0,4836,0x07
2026-09-06T16:40:34.518,1281,0,2,50,1269,0,17395,434,0,7110,0x07
2026-09-06T16:40:34.582,1280,0,0,51,803,20,13678,-177,0,5000,0x07
2026-09-06T16:40:34.582,1283,0,2,50,1248,0,17146,456,0,7372,0x07
2026-09-06T16:40:34.647,1282,0,0,50,801,0,13735,-181,0,5041,0x07
2026-09-06T16:40:34.647,1285,0,2,51,1287,0,17608,415,0,6887,0x07
2026-09-06T16:40:34.729,1284,0,0,50,798,0,13692,-164,0,4831,0x07
2026-09-06T16:40:34.729,1287,0,2,51,1267,0,17371,436,0,7140,0x07
2026-09-06T16:40:34.794,1286,0,0,52,798,0,13692,-164,0,4831,0x07
2026-09-06T16:40:34.794,1289,0,2,50,1289,0,17636,413,0,6857,0x07
2026-09-06T16:40:34.858,1288,0,0,50,804,0,13769,-178,0,5009,0x07
2026-09-06T16:40:34.858,1291,0,2,53,1252,19,17114,452,0,7325,0x07
2026-09-06T16:40:34.923,1290,0,0,50,801,0,13731,-161,0,4796,0x07
2026-09-06T16:40:34.923,1293,0,2,50,1252,40,17024,452,20,7240,0x07
2026-09-06T16:40:34.989,1292,0,0,52,806,0,13790,-177,0,4996,0x07
2026-09-06T16:40:34.989,1295,0,2,52,1303,0,17804,398,38,6517,0x07
2026-09-06T16:40:35.054,1294,0,0,50,802,0,13748,-181,0,5049,0x07
2026-09-06T16:40:35.054,1297,0,2,50,1250,0,17174,453,20,7257,0x07
2026-09-06T16:40:35.120,1296,0,0,50,798,0,13697,-186,0,5100,0x07
2026-09-06T16:40:35.120,1299,0,2,55,1285,0,17587,417,18,6831,0x07
2026-09-06T16:40:35.186,1298,0,0,50,798,0,13697,-186,0,5100,0x07
2026-09-06T16:40:35.186,1301,0,2,52,1285,0,17587,417,0,6908,0x07
2026-09-06T16:40:35.250,1300,0,0,52,797,0,13684,-186,0,5105,0x07
2026-09-06T16:40:35.250,1303,0,2,51,1315,39,17777,386,39,6367,0x07
2026-09-06T16:40:35.331,1302,0,0,51,797,0,13680,-186,0,5109,0x07
2026-09-06T16:40:35.331,1305,0,2,50,1316,80,17616,385,40,6350,0x07
2026-09-06T16:40:35.396,1304,0,0,50,797,0,13676,-186,0,5105,0x07
2026-09-06T16:40:35.396,1307,0,2,50,1309,0,17877,392,0,6605,0x07
2026-09-06T16:40:35.461,1306,0,0,50,796,0,13672,-165,0,4848,0x07
2026-09-06T16:40:35.461,1309,0,2,50,1263,0,17331,440,0,7177,0x07
2026-09-06T16:40:35.527,1308,0,0,51,800,0,13722,-161,0,4796,0x07
2026-09-06T16:40:35.527,1311,0,2,55,1267,0,17371,436,0,7135,0x07
2026-09-06T16:40:35.592,1310,0,0,52,800,0,13722,-161,0,4796,0x07
2026-09-06T16:40:35.592,1313,0,2,50,1267,0,17371,436,0,7135,0x07
2026-09-06T16:40:35.657,1312,0,0,51,806,0,13790,-176,0,4988,0x07
2026-09-06T16:40:35.657,1315,0,2,51,1266,0,17362,437,0,7144,0x07
2026-09-06T16:40:35.722,1314,0,0,51,802,0,13743,-160,0,4787,0x07
2026-09-06T16:40:35.722,1317,0,2,52,1267,0,17371,436,0,7135,0x07
2026-09-06T16:40:35.788,1316,0,0,56,803,0,13751,-181,0,5049,0x07
2026-09-06T16:40:35.788,1319,0,2,56,1321,0,18012,380,0,6461,0x07
2026-09-06T16:40:35.854,1318,0,0,50,803,0,13751,-181,0,5049,0x07
2026-09-06T16:40:35.854,1321,0,2,50,1321,0,18012,380,0,6461,0x07
2026-09-06T16:40:35.935,1320,0,0,50,800,0,13719,-184,0,5083,0x07
2026-09-06T16:40:35.935,1323,0,2,51,1323,0,18041,378,0,6431,0x07
2026-09-06T16:40:36.000,1322,0,0,51,798,0,13697,-186,0,5105,0x07
2026-09-06T16:40:36.000,1325,0,2,51,1302,0,17788,400,0,6698,0x07
2026-09-06T16:40:36.065,1324,0,0,51,797,0,13684,-186,0,5109,0x07
2026-09-06T16:40:36.065,1327,0,2,52,1269,0,17395,434,0,7110,0x07
2026-09-06T16:40:36.130,1326,0,0,50,796,0,13672,0,0,4610,0x07
2026-09-06T16:40:36.130,1329,0,2,52,1298,0,17748,403,0,6739,0x07
2026-09-06T16:40:36.194,1328,0,0,53,1384,0,21080,314,0,6701,0x07
2026-09-06T16:40:36.194,1331,0,2,52,1286,0,17603,416,0,6891,0x07
2026-09-06T16:40:36.259,1330,0,0,50,1384,0,21080,314,0,6701,0x07
2026-09-06T16:40:36.259,1333,0,2,50,1297,0,17728,405,0,6761,0x07
2026-09-06T16:40:36.325,1332,0,0,51,1384,0,21084,314,0,6701,0x07
2026-09-06T16:40:36.325,1335,0,2,52,1266,0,17367,436,0,7140,0x07
2026-09-06T16:40:36.390,1334,0,0,50,1384,0,21080,314,0,6701,0x07
2026-09-06T16:40:36.390,1337,0,2,51,1266,0,17359,437,0,7148,0x07
2026-09-06T16:40:36.455,1336,0,0,50,1384,0,21080,314,0,6701,0x07
2026-09-06T16:40:36.455,1339,0,2,54,1299,0,17752,403,0,6735,0x07
2026-09-06T16:40:36.536,1338,0,0,50,1384,0,21077,315,0,6705,0x07
2026-09-06T16:40:36.536,1341,0,2,51,1299,0,17752,403,0,6735,0x07
2026-09-06T16:40:36.601,1340,0,0,51,1384,0,21077,315,0,6705,0x07
2026-09-06T16:40:36.601,1343,0,2,51,1288,0,17628,414,0,6870,0x07
2026-09-06T16:40:36.666,1342,0,0,55,1383,0,21072,315,0,6710,0x07
2026-09-06T16:40:36.666,1345,0,2,52,1268,0,17387,435,0,7119,0x07
2026-09-06T16:40:36.732,1344,0,0,51,1383,0,21072,315,0,6710,0x07
2026-09-06T16:40:36.732,1347,0,2,52,1298,0,17743,404,0,6743,0x07
2026-09-06T16:40:36.797,1346,0,0,51,1383,0,21072,315,0,6710,0x07
2026-09-06T16:40:36.797,1349,0,2,51,1320,0,18000,381,0,6474,0x07
2026-09-06T16:40:36.862,1348,0,0,57,1383,0,21072,315,0,6710,0x07
2026-09-06T16:40:36.862,1351,0,2,51,1269,0,17399,434,0,7110,0x07
2026-09-06T16:40:36.927,1350,0,0,50,1383,0,21072,315,0,6710,0x07
2026-09-06T16:40:36.927,1353,0,2,50,1297,0,17736,404,0,6752,0x07
2026-09-06T16:40:36.992,1352,0,0,52,0,0,0,0,0,0,0x03
2026-09-06T16:40:36.992,1355,0,2,51,1298,0,17740,404,0,6748,0x07
2026-09-06T16:40:37.057,1354,0,0,50,0,0,15187,0,0,5376,0x07
2026-09-06T16:40:37.057,1357,0,2,52,1318,0,17984,383,0,6491,0x07
2026-09-06T16:40:37.139,1356,0,0,56,1384,36,20925,315,0,6705,0x07
2026-09-06T16:40:37.139,1359,0,2,53,1285,0,17595,416,0,6900,0x07
2026-09-06T16:40:37.204,1358,0,0,52,1384,0,21077,315,0,6705,0x07
2026-09-06T16:40:37.204,1361,0,2,50,1285,0,17595,416,0,6900,0x07
2026-09-06T16:40:37.269,1360,0,0,51,1384,0,21080,314,0,6701,0x07
2026-09-06T16:40:37.269,1363,0,2,50,1283,0,17572,419,0,6925,0x07
2026-09-06T16:40:37.334,1362,0,0,56,1384,0,21077,315,0,6705,0x07
2026-09-06T16:40:37.334,1365,0,2,50,1263,0,17326,440,0,7182,0x07
2026-09-06T16:40:37.399,1364,0,0,50,1384,0,21077,315,0,6705,0x07
2026-09-06T16:40:37.399,1367,0,2,50,1314,0,17936,387,0,6542,0x07
2026-09-06T16:40:37.464,1366,0,0,50,1369,40,20720,330,0,6897,0x07
2026-09-06T16:40:37.464,1369,0,2,52,1296,0,17720,406,0,6769,0x07
2026-09-06T16:40:37.529,1368,0,0,50,1368,20,20800,330,0,6901,0x07
2026-09-06T16:40:37.529,1371,0,2,54,1317,0,17964,384,0,6511,0x07
2026-09-06T16:40:37.594,1370,0,0,51,1384,0,21084,314,0,6696,0x07
2026-09-06T16:40:37.594,1373,0,2,50,1317,0,17964,384,0,6511,0x07
2026-09-06T16:40:37.675,1372,0,0,50,1385,0,21098,313,0,6684,0x07
2026-09-06T16:40:37.675,1375,0,2,50,1317,0,17969,384,0,6508,0x07
2026-09-06T16:40:37.740,1374,0,0,50,1386,0,21102,313,0,6679,0x07
2026-09-06T16:40:37.740,1377,0,2,51,1296,0,17715,406,0,6774,0x07
2026-09-06T16:40:37.805,1376,0,0,50,1385,0,21098,313,0,6684,0x07
2026-09-06T16:40:37.805,1379,0,2,50,1315,0,17941,386,0,6537,0x07
2026-09-06T16:40:37.869,1378,0,0,52,1385,0,21094,313,0,6687,0x07
2026-09-06T16:40:37.869,1381,0,2,52,1263,0,17326,440,0,7182,0x07
2026-09-06T16:40:37.934,1380,0,0,50,1384,0,21084,314,0,6696,0x07
2026-09-06T16:40:37.934,1383,0,2,50,1292,0,17672,410,0,6819,0x07
2026-09-06T16:40:37.999,1382,0,0,50,1368,0,20885,330,0,6901,0x07
2026-09-06T16:40:37.999,1385,0,2,50,1263,0,17323,440,0,7185,0x07
2026-09-06T16:40:38.065,1384,0,0,51,1383,0,21072,315,0,6710,0x07
2026-09-06T16:40:38.065,1387,0,2,52,1314,0,17936,387,0,6542,0x07
2026-09-06T16:40:38.130,1386,0,0,52,1384,58,20835,314,0,6701,0x07
2026-09-06T16:40:38.130,1389,0,2,50,1317,0,17972,384,0,6508,0x07
2026-09-06T16:40:38.212,1388,0,0,50,1384,40,20907,315,0,6705,0x07
2026-09-06T16:40:38.212,1391,0,2,52,1297,0,17732,405,0,6761,0x07
2026-09-06T16:40:38.261,1390,0,0,50,1384,0,21077,315,0,6705,0x07
2026-09-06T16:40:38.261,1393,0,2,52,1316,0,17961,385,0,6516,0x07
2026-09-06T16:40:38.342,1392,0,0,50,1351,0,20660,349,0,7131,0x07
2026-09-06T16:40:38.342,1395,0,2,55,1283,0,17567,419,0,6930,0x07
2026-09-06T16:40:38.406,1394,0,0,52,1366,0,20851,333,0,6936,0x07
2026-09-06T16:40:38.471,1396,0,0,50,1351,0,20668,348,0,7123,0x07
2026-09-06T16:40:38.471,1399,0,2,50,1314,0,17933,387,0,6546,0x07
2026-09-06T16:40:38.536,1398,0,0,51,1368,0,20877,331,0,6910,0x07
2026-09-06T16:40:38.536,1399,0,2,52,1315,0,17944,386,0,6534,0x07
2026-09-06T16:40:38.601,1398,0,0,50,1353,0,20695,346,0,7097,0x07
2026-09-06T16:40:38.601,1403,0,2,55,1282,0,17552,420,0,6945,0x07
2026-09-06T16:40:38.667,1398,0,0,51,1353,0,20695,346,0,7097,0x07
2026-09-06T16:40:38.667,1405,0,2,51,1282,0,17552,420,0,6945,0x07
2026-09-06T16:40:38.747,1404,0,0,52,0,0,14959,0,0,5609,0x07
2026-09-06T16:40:38.747,1407,0,2,59,1281,0,17547,421,0,6950,0x07
2026-09-06T16:40:38.812,1406,0,0,51,1374,0,20949,325,0,6836,0x07
2026-09-06T16:40:38.812,1409,0,2,51,1314,0,17933,387,0,6550,0x07
2026-09-06T16:40:38.877,1408,0,0,50,1374,0,20949,325,0,6836,0x07
2026-09-06T16:40:38.877,1411,0,2,50,1264,0,17343,439,0,7165,0x07
2026-09-06T16:40:38.942,1410,0,0,50,1373,0,20936,326,0,6848,0x07
2026-09-06T16:40:38.942,1413,0,2,52,1294,0,17695,408,0,6798,0x07
2026-09-06T16:40:39.007,1412,0,0,54,1356,0,20731,343,0,7058,0x07
2026-09-06T16:40:39.007,1415,0,2,50,1316,0,17961,385,0,6516,0x07
2026-09-06T16:40:39.072,1414,0,0,52,1356,0,20731,343,0,7058,0x07
2026-09-06T16:40:39.072,1417,0,2,54,1295,0,17712,406,0,6777,0x07
2026-09-06T16:40:39.137,1416,0,0,51,1355,0,20719,344,0,7071,0x07
2026-09-06T16:40:39.137,1419,0,2,50,1295,0,17712,406,0,6777,0x07
2026-09-06T16:40:39.203,1418,0,0,50,1355,0,20719,344,20,6991,0x07
2026-09-06T16:40:39.203,1421,0,2,50,1296,0,17724,405,0,6765,0x07
2026-09-06T16:40:39.283,1420,0,0,50,1374,0,20949,326,0,6840,0x07
2026-09-06T16:40:39.283,1423,0,2,52,1285,0,17595,416,0,6900,0x07
2026-09-06T16:40:39.348,1422,0,0,51,1357,20,20654,343,0,7058,0x07
2026-09-06T16:40:39.348,1425,0,2,50,1317,0,17972,384,0,6503,0x07
2026-09-06T16:40:39.413,1424,0,0,50,1372,20,20847,327,0,6853,0x07
2026-09-06T16:40:39.413,1427,0,2,51,1318,0,17981,383,0,6495,0x07
2026-09-06T16:40:39.478,1426,0,0,52,1336,38,20310,365,0,7327,0x07
2026-09-06T16:40:39.478,1429,0,2,55,1316,0,17953,386,0,6528,0x07
2026-09-06T16:40:39.543,1428,0,0,50,1372,80,20584,327,40,6692,0x07
2026-09-06T16:40:39.543,1431,0,2,52,1316,0,17953,386,0,6528,0x07
2026-09-06T16:40:39.608,1430,0,0,51,1373,59,20694,326,20,6757,0x07
2026-09-06T16:40:39.608,1433,0,2,50,1295,0,17708,407,0,6781,0x07
2026-09-06T16:40:39.674,1432,0,0,52,1319,0,20260,382,0,7545,0x07
2026-09-06T16:40:39.674,1435,0,2,51,1315,0,17941,386,0,6537,0x07
2026-09-06T16:40:39.739,1434,0,0,51,1350,0,20656,349,0,7136,0x07
2026-09-06T16:40:39.739,1437,0,2,51,1315,0,17941,386,0,6537,0x07
2026-09-06T16:40:39.804,1436,0,0,50,1352,0,20677,348,0,7114,0x07
2026-09-06T16:40:39.804,1439,0,2,51,1277,0,17496,425,0,7005,0x07
2026-09-06T16:40:39.869,1438,0,0,53,1321,0,20280,380,0,7519,0x07
2026-09-06T16:40:39.869,1441,0,2,51,1293,0,17687,408,0,6802,0x07
2026-09-06T16:40:39.950,1440,0,0,50,1321,20,20195,380,0,7519,0x07
2026-09-06T16:40:39.950,1443,0,2,52,1281,0,17547,421,0,6950,0x07
2026-09-06T16:40:40.015,1442,0,0,50,1354,60,20443,346,0,7093,0x07
2026-09-06T16:40:40.015,1445,0,2,50,1293,0,17684,409,0,6811,0x07
2026-09-06T16:40:40.081,1444,0,0,52,1377,19,20905,322,19,6715,0x07
2026-09-06T16:40:40.081,1447,0,2,50,1278,0,17503,425,0,6996,0x07
2026-09-06T16:40:40.146,1446,0,0,51,1357,0,20737,343,0,7053,0x07
2026-09-06T16:40:40.146,1449,0,2,55,1297,0,17736,404,0,6752,0x07
2026-09-06T16:40:40.212,1448,0,0,50,1356,0,20724,344,0,7067,0x07
2026-09-06T16:40:40.212,1451,0,2,50,1297,0,17736,404,0,6752,0x07
2026-09-06T16:40:40.277,1450,0,0,51,1354,0,20702,345,0,7088,0x07
2026-09-06T16:40:40.277,1453,0,2,52,1309,0,17877,392,0,6605,0x07
2026-09-06T16:40:40.342,1452,0,0,51,1354,0,20702,345,0,7088,0x07
2026-09-06T16:40:40.342,1455,0,2,50,1266,0,17367,436,0,7140,0x07
2026-09-06T16:40:40.407,1454,0,0,51,1355,0,20710,345,0,7079,0x07
2026-09-06T16:40:40.407,1457,0,2,52,1265,0,17346,438,0,7160,0x07
2026-09-06T16:40:40.472,1456,0,0,51,1338,0,20506,362,0,7288,0x07
2026-09-06T16:40:40.472,1459,0,2,50,1284,0,17583,418,0,6913,0x07
2026-09-06T16:40:40.554,1458,0,0,55,1430,0,21659,267,0,6110,0x07
2026-09-06T16:40:40.554,1461,0,2,51,1287,0,17608,415,0,6887,0x07
2026-09-06T16:40:40.618,1460,0,0,51,1430,0,21659,267,0,6110,0x07
2026-09-06T16:40:40.619,1463,0,2,51,1298,0,17748,403,0,6739,0x07
2026-09-06T16:40:40.684,1462,0,0,50,1398,0,21255,300,0,6523,0x07
2026-09-06T16:40:40.684,1465,0,2,51,1269,0,17395,434,0,7110,0x07
2026-09-06T16:40:40.749,1464,0,0,51,1396,0,21230,302,0,6549,0x07
2026-09-06T16:40:40.749,1467,0,2,52,1268,0,17382,435,0,7123,0x07
2026-09-06T16:40:40.814,1466,0,0,50,1388,0,21137,310,0,6644,0x07
2026-09-06T16:40:40.814,1469,0,2,52,1268,0,17387,435,0,7119,0x07
2026-09-06T16:40:40.880,1468,0,0,51,1402,0,21306,296,0,6471,0x07
2026-09-06T16:40:40.880,1471,0,2,52,1288,0,17628,414,0,6866,0x07
2026-09-06T16:40:40.944,1470,0,0,53,1407,0,21374,290,0,6400,0x07
2026-09-06T16:40:40.944,1473,0,2,51,1290,0,17648,412,0,6845,0x07
2026-09-06T16:40:41.010,1472,0,0,50,1407,0,21374,290,0,6400,0x07
2026-09-06T16:40:41.010,1475,0,2,51,1322,0,18029,379,0,6443,0x07
2026-09-06T16:40:41.075,1474,0,0,50,1436,0,21739,260,0,6027,0x07
2026-09-06T16:40:41.075,1477,0,2,50,1322,0,18033,378,0,6440,0x07
2026-09-06T16:40:41.141,1476,0,0,52,0,0,0,0,0,0,0x03
2026-09-06T16:40:41.141,1479,0,2,51,1332,0,18145,369,0,6327,0x07
2026-09-06T16:40:41.222,1478,0,0,50,0,0,14195,0,0,3199,0x07
2026-09-06T16:40:41.222,1481,0,2,51,1287,0,17616,415,0,6879,0x07
2026-09-06T16:40:41.287,1480,0,0,51,1264,20,19483,-49,0,3409,0x07
2026-09-06T16:40:41.287,1483,0,2,52,1316,0,17953,386,0,6528,0x07
2026-09-06T16:40:41.352,1482,0,0,51,1183,20,18462,-99,0,4027,0x07
2026-09-06T16:40:41.353,1485,0,2,51,1315,0,17944,386,0,6534,0x07
2026-09-06T16:40:41.418,1484,0,0,50,1115,0,17696,-191,0,5166,0x07
2026-09-06T16:40:41.418,1487,0,2,50,1314,0,17933,387,0,6546,0x07
2026-09-06T16:40:41.482,1486,0,0,50,0,0,0,0,0,0,0x03
2026-09-06T16:40:41.482,1489,0,2,53,1291,0,17659,411,0,6832,0x07
2026-09-06T16:40:41.547,1488,0,0,52,2263,19,32074,3500,0,40000,0x07
2026-09-06T16:40:41.547,1491,0,2,50,1291,0,17659,411,0,6832,0x07
2026-09-06T16:40:41.612,1490,0,0,51,2263,196,31323,0,0,14652,0x07
2026-09-06T16:40:41.612,1493,0,2,51,1275,0,17467,428,0,7034,0x07
2026-09-06T16:40:41.678,1492,0,0,50,0,0,0,0,0,0,0x03
2026-09-06T16:40:41.678,1495,0,2,52,1280,0,17531,422,0,6967,0x07
2026-09-06T16:40:41.759,1494,0,0,50,0,0,18343,0,0,30092,0x07
2026-09-06T16:40:41.759,1497,0,2,51,1294,0,17700,407,0,6789,0x07
2026-09-06T16:40:41.823,1496,0,0,57,2824,70,38941,2728,0,36691,0x07
2026-09-06T16:40:41.824,1499,0,2,51,1294,0,17700,407,0,6789,0x07
2026-09-06T16:40:41.889,1498,0,0,51,2824,39,39073,2728,20,36608,0x07
2026-09-06T16:40:41.889,1501,0,2,50,1296,0,17715,406,0,6774,0x07
2026-09-06T16:40:41.955,1500,0,0,51,2927,59,40000,2800,20,37504,0x07
2026-09-06T16:40:41.955,1503,0,2,50,1296,0,17715,406,0,6774,0x07
2026-09-06T16:40:42.020,1502,0,0,51,576,20,10815,75,20,3647,0x07
2026-09-06T16:40:42.020,1505,0,2,51,1328,0,18097,373,0,6372,0x07
2026-09-06T16:40:42.085,1504,0,0,52,338,0,7896,679,58,10987,0x07
2026-09-06T16:40:42.085,1507,0,2,52,1318,0,17984,383,0,6495,0x07
2026-09-06T16:40:42.150,1506,0,0,51,570,20,10734,746,20,11984,0x07
2026-09-06T16:40:42.150,1509,0,2,55,1296,0,17715,406,0,6774,0x07
2026-09-06T16:40:42.215,1508,0,0,50,888,0,14833,1153,0,17115,0x07
2026-09-06T16:40:42.215,1511,0,2,50,1296,0,17715,406,0,6774,0x07
2026-09-06T16:40:42.296,1510,0,0,50,888,0,14833,1153,0,17115,0x07
2026-09-06T16:40:42.296,1513,0,2,52,1295,0,17708,407,0,6781,0x07
2026-09-06T16:40:42.361,1512,0,0,51,950,0,15615,1254,0,18371,0x07
2026-09-06T16:40:42.361,1515,0,2,50,1263,0,17323,440,0,7185,0x07
2026-09-06T16:40:42.426,1514,0,0,50,1015,0,16432,1343,0,19476,0x07
2026-09-06T16:40:42.426,1517,0,2,50,1293,0,17679,409,0,6811,0x07
2026-09-06T16:40:42.492,1516,0,0,50,1050,0,16869,1364,0,19742,0x07
2026-09-06T16:40:42.492,1519,0,2,50,1295,0,17704,407,0,6786,0x07
2026-09-06T16:40:42.556,1518,0,0,50,1153,0,18171,1471,0,21068,0x07
2026-09-06T16:40:42.556,1521,0,2,51,1327,0,18089,373,0,6380,0x07
2026-09-06T16:40:42.621,1520,0,0,53,1358,19,20673,1700,0,23912,0x07
2026-09-06T16:40:42.621,1523,0,2,51,1298,0,17748,403,0,6739,0x07
2026-09-06T16:40:42.686,1522,0,0,50,1358,0,20754,1700,0,23912,0x07
2026-09-06T16:40:42.686,1525,0,2,51,1316,0,17961,385,0,6516,0x07
2026-09-06T16:40:42.751,1524,0,0,50,1720,0,25321,2202,0,30156,0x07
2026-09-06T16:40:42.751,1527,0,2,56,1293,0,17687,408,0,6802,0x07
2026-09-06T16:40:42.816,1526,0,0,52,2265,0,32187,2728,0,36683,0x07
2026-09-06T16:40:42.816,1529,0,2,50,1293,0,17687,408,0,6802,0x07
2026-09-06T16:40:42.881,1528,0,0,50,2150,0,30736,2639,0,35583,0x07
2026-09-06T16:40:42.881,1531,0,2,52,1282,0,17559,420,0,6938,0x07
2026-09-06T16:40:42.963,1530,0,0,51,2354,39,33139,2730,0,36714,0x07
2026-09-06T16:40:42.963,1533,0,2,51,1295,0,17712,406,0,6777,0x07
2026-09-06T16:40:43.028,1532,0,0,51,2291,0,32514,2745,20,36816,0x07
2026-09-06T16:40:43.028,1535,0,2,55,1296,0,17724,405,0,6765,0x07
2026-09-06T16:40:43.093,1534,0,0,51,2228,137,31135,2682,0,36121,0x07
2026-09-06T16:40:43.093,1537,0,2,51,1296,0,17724,405,0,6765,0x07
2026-09-06T16:40:43.158,1536,0,0,50,2228,160,31038,2682,40,35951,0x07
2026-09-06T16:40:43.158,1539,0,2,51,1265,0,17351,438,0,7157,0x07
2026-09-06T16:40:43.222,1538,0,0,50,0,0,0,0,0,0,0x03
2026-09-06T16:40:43.222,1541,0,2,50,1297,0,17732,405,0,6757,0x07
2026-09-06T16:40:43.287,1540,0,0,50,0,0,21503,0,0,24032,0x07
2026-09-06T16:40:43.287,1543,0,2,51,1297,0,17732,405,0,6757,0x07
2026-09-06T16:40:43.368,1542,0,0,50,2138,100,30166,2598,0,35074,0x07
2026-09-06T16:40:43.368,1545,0,2,51,1318,0,17984,383,0,6491,0x07
2026-09-06T16:40:43.417,1544,0,0,52,2336,115,32589,2717,77,36221,0x07
2026-09-06T16:40:43.417,1547,0,2,52,1287,0,17611,415,0,6882,0x07
2026-09-06T16:40:43.498,1546,0,0,53,2102,38,29971,2603,0,35130,0x07
2026-09-06T16:40:43.498,1549,0,2,50,1296,0,17724,405,0,6765,0x07
2026-09-06T16:40:43.563,1548,0,0,52,2102,0,30132,2603,0,35130,0x07
2026-09-06T16:40:43.563,1551,0,2,51,1285,0,17587,417,0,6908,0x07
2026-09-06T16:40:43.628,1550,0,0,51,2209,0,31485,2637,0,35551,0x07
2026-09-06T16:40:43.628,1553,0,2,51,1316,0,17961,385,0,6516,0x07
2026-09-06T16:40:43.694,1552,0,0,56,2411,36,33872,2810,0,37713,0x07
2026-09-06T16:40:43.694,1555,0,2,51,1266,0,17359,437,0,7148,0x07
2026-09-06T16:40:43.759,1554,0,0,52,2411,96,33615,2810,0,37713,0x07
2026-09-06T16:40:43.759,1557,0,2,51,1316,0,17953,385,0,6524,0x07
2026-09-06T16:40:43.824,1556,0,0,51,2385,235,32696,2812,0,37735,0x07
2026-09-06T16:40:43.824,1559,0,2,50,1317,0,17969,384,0,6508,0x07
2026-09-06T16:40:43.889,1558,0,0,51,2252,451,30108,2730,0,36717,0x07
2026-09-06T16:40:43.889,1561,0,2,52,1295,0,17712,406,0,6777,0x07
2026-09-06T16:40:43.954,1560,0,0,51,2112,784,26922,2614,0,35274,0x07
2026-09-06T16:40:43.954,1563,0,2,50,1295,0,17712,406,0,6777,0x07
2026-09-06T16:40:44.036,1562,0,0,50,1919,620,25196,2459,20,33258,0x07
2026-09-06T16:40:44.036,1565,0,2,51,1282,0,17559,420,0,6938,0x07
2026-09-06T16:40:44.101,1564,0,0,50,1621,540,21772,2220,0,30373,0x07
2026-09-06T16:40:44.101,1567,0,2,52,1281,0,17547,421,0,6950,0x07
2026-09-06T16:40:44.166,1566,0,0,52,468,654,6758,1265,0,18506,0x07
2026-09-06T16:40:44.166,1569,0,2,52,1313,0,17928,387,0,6550,0x07
2026-09-06T16:40:44.231,1568,0,0,50,468,240,8517,1265,20,18421,0x07
2026-09-06T16:40:44.231,1571,0,2,52,1264,0,17339,439,0,7169,0x07
2026-09-06T16:40:44.297,1570,0,0,51,374,20,8259,1363,98,19307,0x07
2026-09-06T16:40:44.297,1573,0,2,50,1282,0,17559,420,0,6938,0x07
2026-09-06T16:40:44.362,1572,0,0,51,336,20,7790,1401,0,20202,0x07
2026-09-06T16:40:44.362,1575,0,2,51,1326,0,18081,374,0,6390,0x07
2026-09-06T16:40:44.428,1574,0,0,50,289,0,7282,1450,0,20807,0x07
2026-09-06T16:40:44.428,1577,0,2,51,1286,0,17603,416,0,6891,0x07
2026-09-06T16:40:44.493,1576,0,0,50,313,0,7585,1425,0,20499,0x07
2026-09-06T16:40:44.493,1579,0,2,51,1327,0,18089,373,0,6380,0x07
2026-09-06T16:40:44.557,1578,0,0,52,326,0,7742,1412,0,20338,0x07
2026-09-06T16:40:44.557,1581,0,2,52,1328,0,18097,373,0,6372,0x07
2026-09-06T16:40:44.638,1580,0,0,50,326,0,7742,1412,0,20338,0x07
2026-09-06T16:40:44.638,1583,0,2,50,1284,0,17583,418,0,6913,0x07
2026-09-06T16:40:44.703,1582,0,0,51,334,0,7849,1403,0,20228,0x07
2026-09-06T16:40:44.703,1585,0,2,51,1282,0,17552,420,0,6945,0x07
2026-09-06T16:40:44.769,1584,0,0,52,342,0,7943,1395,0,20134,0x07
2026-09-06T16:40:44.769,1587,0,2,50,1281,0,17544,421,0,6954,0x07
2026-09-06T16:40:44.834,1586,0,0,52,348,0,8018,1389,0,20055,0x07
2026-09-06T16:40:44.834,1589,0,2,51,1324,0,18053,377,0,6419,0x07
2026-09-06T16:40:44.899,1588,0,0,51,352,0,8070,1385,0,20003,0x07
2026-09-06T16:40:44.899,1591,0,2,51,1301,0,17784,400,0,6706,0x07
2026-09-06T16:40:44.963,1590,0,0,51,356,0,8125,1380,0,19946,0x07
2026-09-06T16:40:44.964,1593,0,2,51,1264,0,17334,439,0,7173,0x07
2026-09-06T16:40:45.028,1592,0,0,51,356,0,8125,1380,0,19946,0x07
2026-09-06T16:40:45.028,1595,0,2,50,1282,0,17552,420,0,6945,0x07
2026-09-06T16:40:45.094,1594,0,0,52,356,0,8125,1380,0,19946,0x07
2026-09-06T16:40:45.094,1597,0,2,50,1283,0,17567,419,0,6930,0x07
2026-09-06T16:40:45.175,1596,0,0,51,356,0,8121,1381,0,19950,0x07
2026-09-06T16:40:45.175,1599,0,2,51,1284,0,17583,418,0,6913,0x07
2026-09-06T16:40:45.224,1598,0,0,56,366,0,8252,1370,0,19816,0x07
2026-09-06T16:40:45.224,1601,0,2,50,1266,0,17359,437,0,7148,0x07
2026-09-06T16:40:45.305,1600,0,0,52,366,0,8252,1370,0,19816,0x07
2026-09-06T16:40:45.305,1603,0,2,51,1297,0,17728,405,0,6761,0x07
2026-09-06T16:40:45.371,1602,0,0,51,367,0,8257,1370,0,19811,0x07
2026-09-06T16:40:45.371,1605,0,2,50,1319,0,17997,382,0,6478,0x07
2026-09-06T16:40:45.436,1604,0,0,52,375,0,8363,1244,0,18254,0x07
2026-09-06T16:40:45.436,1607,0,2,50,1331,0,18137,369,0,6330,0x07
2026-09-06T16:40:45.502,1606,0,0,50,264,20,6874,947,940,10573,0x07
2026-09-06T16:40:45.502,1609,0,2,50,1299,0,17756,402,0,6731,0x07
2026-09-06T16:40:45.567,1608,0,0,50,275,160,6416,632,820,7164,0x07
2026-09-06T16:40:45.567,1611,0,2,51,1283,0,17563,419,0,6933,0x07
2026-09-06T16:40:45.632,1610,0,0,52,1201,96,18366,1103,96,16088,0x07
2026-09-06T16:40:45.632,1613,0,2,50,1283,0,17563,419,0,6933,0x07
2026-09-06T16:40:45.698,1612,0,0,50,2008,200,28091,1941,0,26907,0x07
2026-09-06T16:40:45.698,1615,0,2,50,1264,0,17339,439,0,7169,0x07
2026-09-06T16:40:45.763,1614,0,0,50,2965,280,39823,2992,0,39966,0x07
2026-09-06T16:40:45.763,1617,0,2,50,1316,0,17953,385,0,6524,0x07
2026-09-06T16:40:45.829,1616,0,0,50,3374,540,40000,3465,0,40000,0x07
2026-09-06T16:40:45.829,1619,0,2,52,1287,0,17608,415,0,6887,0x07
2026-09-06T16:40:45.909,1618,0,0,51,3332,1000,40000,3500,0,40000,0x07
2026-09-06T16:40:45.909,1621,0,2,50,1286,0,17603,416,0,6891,0x07
2026-09-06T16:40:45.974,1620,0,0,50,3153,1280,37941,3500,0,40000,0x07
2026-09-06T16:40:45.974,1623,0,2,52,1318,0,17977,383,0,6499,0x07
2026-09-06T16:40:46.039,1622,0,0,50,2853,1400,33650,3338,0,40000,0x07
2026-09-06T16:40:46.039,1625,0,2,51,1267,0,17379,435,0,7127,0x07
2026-09-06T16:40:46.105,1624,0,0,51,2303,882,28917,2931,431,37376,0x07
2026-09-06T16:40:46.105,1627,0,2,50,1285,0,17587,417,0,6908,0x07
2026-09-06T16:40:46.170,1626,0,0,51,1168,843,14772,2035,255,26998,0x07
2026-09-06T16:40:46.170,1629,0,2,50,1280,0,17531,422,0,6967,0x07
2026-09-06T16:40:46.234,1628,0,0,51,350,471,6048,1387,98,19608,0x07
2026-09-06T16:40:46.234,1631,0,2,52,1266,0,17367,436,0,7140,0x07
2026-09-06T16:40:46.299,1630,0,0,51,344,39,7801,1393,39,19940,0x07
2026-09-06T16:40:46.299,1633,0,2,51,1267,0,17371,436,0,7135,0x07
2026-09-06T16:40:46.365,1632,0,0,52,353,19,7997,1384,77,19667,0x07
2026-09-06T16:40:46.365,1635,0,2,50,1268,0,17382,435,0,7123,0x07
2026-09-06T16:40:46.446,1634,0,0,50,361,0,8188,1375,100,19455,0x07
2026-09-06T16:40:46.446,1637,0,2,50,1290,0,17651,412,0,6845,0x07
2026-09-06T16:40:46.511,1636,0,0,52,381,0,8439,1354,0,19624,0x07
2026-09-06T16:40:46.511,1639,0,2,50,1290,0,17651,412,0,6845,0x07
2026-09-06T16:40:46.576,1638,0,0,50,381,0,8439,1354,0,19624,0x07
2026-09-06T16:40:46.577,1641,0,2,50,1323,0,18037,378,0,6436,0x07
2026-09-06T16:40:46.642,1640,0,0,51,413,0,8835,1322,0,19220,0x07
2026-09-06T16:40:46.643,1643,0,2,51,1323,0,18037,378,0,6436,0x07
2026-09-06T16:40:46.708,1642,0,0,50,397,0,8634,1338,40,19254,0x07
2026-09-06T16:40:46.708,1645,0,2,50,1301,0,17776,401,0,6714,0x07
2026-09-06T16:40:46.773,1644,0,0,51,400,0,8678,1335,20,19298,0x07
2026-09-06T16:40:46.773,1647,0,2,52,1298,0,17743,404,0,6743,0x07
2026-09-06T16:40:46.838,1649,0,2,53,1316,0,17961,385,0,6516,0x07
2026-09-06T16:40:46.903,1648,0,0,54,417,0,8886,1318,19,19089,0x07
2026-09-06T16:40:46.903,1649,0,2,51,1316,0,17961,385,0,6516,0x07
2026-09-06T16:40:46.969,1650,0,0,51,417,0,8886,1318,0,19167,0x07
2026-09-06T16:40:46.969,1649,0,2,51,1316,0,17961,385,0,6516,0x07
2026-09-06T16:40:47.034,1650,0,0,52,419,0,8912,1316,0,19146,0x07
2026-09-06T16:40:47.034,1655,0,2,51,0,0,11939,0,0,5334,0x07
2026-09-06T16:40:47.115,1654,0,0,50,419,0,8912,1316,0,19146,0x07
2026-09-06T16:40:47.115,1657,0,2,52,1260,0,17295,443,0,7216,0x07
2026-09-06T16:40:47.180,1656,0,0,50,452,20,9252,1281,0,18710,0x07
2026-09-06T16:40:47.180,1659,0,2,51,1292,0,17667,410,0,6824,0x07
2026-09-06T16:40:47.244,1658,0,0,51,441,39,9026,1293,0,18854,0x07
2026-09-06T16:40:47.244,1661,0,2,51,1283,0,17567,419,0,6930,0x07
2026-09-06T16:40:47.309,1660,0,0,53,399,0,8664,1336,0,19394,0x07
2026-09-06T16:40:47.309,1663,0,2,51,1284,0,17583,418,0,6913,0x07
2026-09-06T16:40:47.374,1662,0,0,51,399,39,8498,1336,0,19394,0x07
2026-09-06T16:40:47.374,1665,0,2,52,1266,0,17362,437,0,7144,0x07
2026-09-06T16:40:47.439,1664,0,0,51,422,20,8872,1312,0,19099,0x07
2026-09-06T16:40:47.439,1667,0,2,51,1286,0,17600,416,0,6895,0x07
2026-09-06T16:40:47.504,1666,0,0,51,423,59,8713,1311,0,19090,0x07
2026-09-06T16:40:47.505,1669,0,2,51,1299,0,17756,402,0,6731,0x07
2026-09-06T16:40:47.570,1668,0,0,55,423,36,8817,1311,0,19081,0x07
2026-09-06T16:40:47.570,1671,0,2,50,1299,0,17756,402,0,6731,0x07
2026-09-06T16:40:47.651,1670,0,0,51,423,39,8805,1311,0,19081,0x07
2026-09-06T16:40:47.651,1673,0,2,51,1289,0,17631,413,0,6862,0x07
2026-09-06T16:40:47.715,1672,0,0,51,394,0,8602,1341,0,19459,0x07
2026-09-06T16:40:47.715,1675,0,2,51,1319,0,17997,382,0,6478,0x07
2026-09-06T16:40:47.780,1674,0,0,50,384,0,8469,1352,0,19593,0x07
2026-09-06T16:40:47.780,1677,0,2,51,1319,0,17997,382,0,6478,0x07
2026-09-06T16:40:47.846,1676,0,0,52,416,0,8878,1318,0,19176,0x07
2026-09-06T16:40:47.846,1679,0,2,52,1320,0,18005,381,0,6474,0x07
2026-09-06T16:40:47.911,1678,0,0,50,418,0,8908,1316,0,19146,0x07
2026-09-06T16:40:47.911,1681,0,2,52,1317,0,17969,384,0,6508,0x07
2026-09-06T16:40:47.976,1680,0,0,50,397,0,8644,1338,0,19415,0x07
2026-09-06T16:40:47.976,1683,0,2,50,1317,0,17969,384,0,6508,0x07
2026-09-06T16:40:48.041,1682,0,0,50,397,0,8644,1338,0,19415,0x07
2026-09-06T16:40:48.041,1685,0,2,50,1283,0,17572,419,0,6925,0x07
2026-09-06T16:40:48.107,1684,0,0,50,397,0,8634,1338,0,19424,0x07
2026-09-06T16:40:48.107,1687,0,2,50,1281,0,17544,421,0,6954,0x07
2026-09-06T16:40:48.172,1686,0,0,50,397,0,8640,1338,0,19420,0x07
2026-09-06T16:40:48.172,1689,0,2,52,1261,0,17306,442,0,7203,0x07
2026-09-06T16:40:48.254,1688,0,0,51,398,0,8649,1337,0,19412,0x07
2026-09-06T16:40:48.254,1691,0,2,50,1262,0,17311,441,0,7200,0x07
2026-09-06T16:40:48.303,1690,0,0,50,421,0,8937,1314,0,19116,0x07
2026-09-06T16:40:48.303,1693,0,2,52,1283,0,17563,419,0,6933,0x07
2026-09-06T16:40:48.384,1692,0,0,51,422,0,8955,1312,0,19099,0x07
2026-09-06T16:40:48.384,1695,0,2,51,1266,0,17362,437,0,7144,0x07
2026-09-06T16:40:48.450,1694,0,0,51,422,0,8955,1312,0,19099,0x07
2026-09-06T16:40:48.450,1697,0,2,51,1267,0,17374,436,0,7132,0x07
2026-09-06T16:40:48.514,1696,0,0,50,399,0,8664,1336,0,19394,0x07
2026-09-06T16:40:48.579,1698,0,0,50,397,0,8640,1338,0,19424,0x07
2026-09-06T16:40:48.579,1701,0,2,51,1290,0,17648,412,0,6845,0x07
2026-09-06T16:40:48.645,1700,0,0,50,397,0,8640,1338,0,19424,0x07
2026-09-06T16:40:48.645,1701,0,2,52,1291,0,17656,411,0,6837,0x07
2026-09-06T16:40:48.709,1700,0,0,51,398,0,8656,1337,0,19403,0x07
2026-09-06T16:40:48.709,1705,0,2,52,1291,0,17656,411,0,6837,0x07
2026-09-06T16:40:48.791,1700,0,0,52,398,0,8656,1337,0,19403,0x07
2026-09-06T16:40:48.791,1707,0,2,51,1270,0,17410,433,0,7094,0x07
2026-09-06T16:40:48.840,1706,0,0,58,401,0,8687,1334,0,19372,0x07
2026-09-06T16:40:48.840,1709,0,2,52,1269,0,17399,434,0,7106,0x07
2026-09-06T16:40:48.921,1708,0,0,50,401,20,8602,1334,0,19372,0x07
2026-09-06T16:40:48.921,1711,0,2,50,1269,0,17399,434,0,7106,0x07
2026-09-06T16:40:48.986,1710,0,0,50,380,0,8427,1356,0,19637,0x07
2026-09-06T16:40:48.986,1713,0,2,51,1321,0,18017,380,0,6461,0x07
2026-09-06T16:40:49.051,1712,0,0,50,423,0,8963,1311,0,19090,0x07
2026-09-06T16:40:49.051,1715,0,2,51,1291,0,17659,411,0,6832,0x07
2026-09-06T16:40:49.117,1714,0,0,51,403,0,8708,1333,0,19355,0x07
2026-09-06T16:40:49.117,1717,0,2,51,1290,0,17644,412,0,6849,0x07
2026-09-06T16:40:49.182,1716,0,0,52,424,0,8975,1310,0,19076,0x07
2026-09-06T16:40:49.182,1719,0,2,51,1320,0,18009,381,0,6470,0x07
2026-09-06T16:40:49.247,1718,0,0,50,2422,0,34165,-644,0,10801,0x07
2026-09-06T16:40:49.247,1721,0,2,51,1289,0,17631,413,0,6862,0x07
2026-09-06T16:40:49.327,1720,0,0,51,2422,275,32998,0,0,8354,0x07
2026-09-06T16:40:49.327,1723,0,2,51,1329,0,18109,372,0,6360,0x07
2026-09-06T16:40:49.376,1722,0,0,50,1184,400,16854,680,0,11244,0x07
2026-09-06T16:40:49.376,1725,0,2,51,1267,0,17371,436,0,7135,0x07
2026-09-06T16:40:49.457,1724,0,0,52,1196,462,16754,693,0,11411,0x07
2026-09-06T16:40:49.457,1727,0,2,51,1315,0,17949,386,0,6528,0x07
2026-09-06T16:40:49.521,1726,0,0,50,1287,460,17906,853,0,13398,0x07
2026-09-06T16:40:49.521,1729,0,2,50,1265,0,17346,438,0,7160,0x07
2026-09-06T16:40:49.586,1728,0,0,50,1470,440,20291,1131,0,16850,0x07
2026-09-06T16:40:49.586,1731,0,2,51,1284,0,17580,418,0,6921,0x07
2026-09-06T16:40:49.652,1730,0,0,52,2132,538,28218,2069,77,28176,0x07
2026-09-06T16:40:49.652,1733,0,2,50,1284,0,17580,418,0,6921,0x07
2026-09-06T16:40:49.717,1732,0,0,50,2132,660,27702,2069,200,27653,0x07
2026-09-06T16:40:49.717,1735,0,2,50,1296,0,17720,406,0,6769,0x07
2026-09-06T16:40:49.783,1734,0,0,52,2506,731,32118,2605,0,35165,0x07
2026-09-06T16:40:49.783,1737,0,2,52,1286,0,17603,416,0,6895,0x07
2026-09-06T16:40:49.847,1736,0,0,50,2815,840,35549,3020,0,40000,0x07
2026-09-06T16:40:49.847,1739,0,2,51,1286,0,17603,416,0,6891,0x07
2026-09-06T16:40:49.912,1738,0,0,52,2968,1154,36148,3344,0,40000,0x07
2026-09-06T16:40:49.912,1741,0,2,50,1286,0,17603,416,0,6891,0x07
2026-09-06T16:40:49.993,1740,0,0,51,2879,1294,34428,3394,471,40000,0x07
2026-09-06T16:40:49.994,1743,0,2,50,1318,0,17984,383,0,6491,0x07
2026-09-06T16:40:50.059,1742,0,0,50,2373,1500,27173,3025,40,40000,0x07
2026-09-06T16:40:50.059,1745,0,2,52,1318,0,17977,383,0,6499,0x07
2026-09-06T16:40:50.124,1744,0,0,53,471,1283,4115,1394,0,20111,0x07
2026-09-06T16:40:50.124,1747,0,2,50,1318,0,17977,383,0,6499,0x07
2026-09-06T16:40:50.190,1746,0,0,51,471,804,6151,1394,0,20111,0x07
2026-09-06T16:40:50.190,1749,0,2,52,1286,0,17603,416,0,6891,0x07
2026-09-06T16:40:50.254,1748,0,0,52,292,731,4207,1447,135,20205,0x07
2026-09-06T16:40:50.254,1751,0,2,55,1265,0,17346,438,0,7160,0x07
2026-09-06T16:40:50.319,1750,0,0,55,97,418,3077,1650,0,23290,0x07
2026-09-06T16:40:50.319,1753,0,2,52,1265,0,17346,438,0,7160,0x07
2026-09-06T16:40:50.385,1752,0,0,50,97,300,3580,1650,0,23290,0x07
2026-09-06T16:40:50.385,1755,0,2,51,1264,0,17334,439,0,7173,0x07
2026-09-06T16:40:50.449,1754,0,0,52,26,154,3311,0,0,21875,0x07
2026-09-06T16:40:50.450,1757,0,2,50,1284,0,17580,418,0,6917,0x07
2026-09-06T16:40:50.531,1756,0,0,50,3374,20,40000,0,0,4802,0x07
2026-09-06T16:40:50.531,1759,0,2,52,1324,0,18057,376,0,6415,0x07
2026-09-06T16:40:50.596,1758,0,0,52,1433,404,19977,245,0,5845,0x07
2026-09-06T16:40:50.596,1761,0,2,52,1324,0,18057,376,0,6415,0x07
2026-09-06T16:40:50.661,1760,0,0,51,1383,392,19397,231,0,5662,0x07
2026-09-06T16:40:50.661,1763,0,2,51,1288,0,17623,414,0,6870,0x07
2026-09-06T16:40:50.726,1762,0,0,53,1311,698,17200,248,0,5880,0x07
2026-09-06T16:40:50.726,1765,0,2,56,1284,0,17583,418,0,6913,0x07
2026-09-06T16:40:50.791,1764,0,0,52,1311,1000,15917,248,0,5880,0x07
2026-09-06T16:40:50.791,1767,0,2,51,1284,0,17583,418,0,6913,0x07
2026-09-06T16:40:50.857,1766,0,0,51,1278,1039,15328,237,0,5745,0x07
2026-09-06T16:40:50.857,1769,0,2,51,1284,0,17583,418,20,6829,0x07
2026-09-06T16:40:50.922,1768,0,0,50,1168,1000,14113,279,160,5583,0x07
2026-09-06T16:40:50.922,1771,0,2,50,1285,0,17587,417,0,6908,0x07
2026-09-06T16:40:50.987,1770,0,0,50,1031,880,12887,330,640,4177,0x07
2026-09-06T16:40:50.987,1773,0,2,50,1296,0,17720,406,0,6769,0x07
2026-09-06T16:40:51.052,1772,0,0,51,883,725,11685,396,431,5881,0x07
2026-09-06T16:40:51.052,1775,0,2,50,1318,0,17981,383,0,6499,0x07
2026-09-06T16:40:51.118,1774,0,0,52,802,712,10715,568,692,6907,0x07
2026-09-06T16:40:51.118,1777,0,2,50,1287,0,17608,415,0,6887,0x07
2026-09-06T16:40:51.183,1776,0,0,51,1672,647,21968,1589,608,19954,0x07
2026-09-06T16:40:51.183,1779,0,2,54,1285,0,17587,417,0,6908,0x07
2026-09-06T16:40:51.265,1778,0,0,50,2444,860,30786,2466,520,31228,0x07
2026-09-06T16:40:51.265,1781,0,2,51,1285,0,17587,417,0,6908,0x07
2026-09-06T16:40:51.330,1780,0,0,51,3024,1000,37507,3052,373,39131,0x07
2026-09-06T16:40:51.330,1783,0,2,51,1297,0,17736,404,0,6752,0x07
2026-09-06T16:40:51.395,1782,0,0,50,3193,1340,38197,3262,340,40000,0x07
2026-09-06T16:40:51.395,1785,0,2,50,1298,0,17743,404,0,6743,0x07
2026-09-06T16:40:51.460,1784,0,0,50,3287,1660,38016,3388,80,40000,0x07
2026-09-06T16:40:51.460,1787,0,2,52,1286,0,17600,416,0,6900,0x07
2026-09-06T16:40:51.525,1786,0,0,50,3307,1740,37922,3500,20,40000,0x07
2026-09-06T16:40:51.525,1789,0,2,50,1265,0,17354,438,0,7152,0x07
2026-09-06T16:40:51.590,1788,0,0,56,2311,1589,26011,3062,911,36973,0x07
2026-09-06T16:40:51.590,1791,0,2,54,1286,0,17603,416,0,6891,0x07
2026-09-06T16:40:51.655,1790,0,0,50,2311,1440,26645,3062,1300,35319,0x07
2026-09-06T16:40:51.655,1793,0,2,50,1286,0,17603,416,0,6891,0x07
2026-09-06T16:40:51.721,1792,0,0,50,680,1500,5824,1721,1380,18311,0x07
2026-09-06T16:40:51.721,1795,0,2,52,1287,0,17611,415,0,6882,0x07
2026-09-06T16:40:51.803,1794,0,0,51,183,863,2272,1560,1294,16681,0x07
2026-09-06T16:40:51.803,1797,0,2,51,1288,0,17620,414,0,6874,0x07
2026-09-06T16:40:51.867,1796,0,0,55,3374,545,40000,-2119,-73,28816,0x07
2026-09-06T16:40:51.867,1799,0,2,55,1298,0,17748,403,0,6739,0x07
2026-09-06T16:40:51.932,1798,0,0,50,3374,1440,40000,0,0,8781,0x07
2026-09-06T16:40:51.932,1801,0,2,51,1298,0,17748,403,0,6739,0x07
2026-09-06T16:40:51.998,1800,0,0,50,981,1120,11242,732,420,10108,0x07
2026-09-06T16:40:51.998,1803,0,2,51,1268,0,17391,434,0,7114,0x07
2026-09-06T16:40:52.063,1802,0,0,50,831,860,10459,888,580,11358,0x07
2026-09-06T16:40:52.063,1805,0,2,52,1287,0,17611,415,0,6887,0x07
2026-09-06T16:40:52.128,1804,0,0,50,2390,760,30530,2623,400,33687,0x07
2026-09-06T16:40:52.128,1807,0,2,50,1288,0,17620,414,0,6874,0x07
2026-09-06T16:40:52.193,1806,0,0,51,3130,765,39838,3500,549,40000,0x07
2026-09-06T16:40:52.193,1809,0,2,51,1268,0,17387,435,0,7119,0x07
2026-09-06T16:40:52.258,1808,0,0,50,2899,1060,35674,3500,960,40000,0x07
2026-09-06T16:40:52.258,1811,0,2,51,1288,0,17620,415,0,6879,0x07
2026-09-06T16:40:52.323,1810,0,0,50,1996,1180,23786,2827,1240,32652,0x07
2026-09-06T16:40:52.323,1813,0,2,51,1288,0,17628,414,0,6866,0x07
2026-09-06T16:40:52.405,1812,0,0,50,534,1240,5100,1536,1360,16105,0x07
2026-09-06T16:40:52.405,1815,0,2,52,1320,0,18009,380,0,6466,0x07
2026-09-06T16:40:52.470,1814,0,0,50,247,700,3772,1494,1220,16170,0x07
2026-09-06T16:40:52.470,1817,0,2,51,1290,0,17644,413,0,6854,0x07
2026-09-06T16:40:52.535,1816,0,0,51,30,471,2008,0,0,19929,0x07
2026-09-06T16:40:52.535,1819,0,2,50,1298,0,17748,403,0,6739,0x07
2026-09-06T16:40:52.601,1818,0,0,50,3374,340,40000,0,0,8386,0x07
2026-09-06T16:40:52.601,1821,0,2,51,1319,0,17989,382,0,6486,0x07
2026-09-06T16:40:52.665,1820,0,0,56,931,429,13551,784,268,11399,0x07
2026-09-06T16:40:52.665,1823,0,2,50,1264,0,17343,439,0,7165,0x07
2026-09-06T16:40:52.730,1822,0,0,51,931,431,13539,784,0,12537,0x07
2026-09-06T16:40:52.730,1825,0,2,50,1264,0,17343,439,0,7165,0x07
2026-09-06T16:40:52.795,1824,0,0,51,1632,373,22624,1591,78,22234,0x07
2026-09-06T16:40:52.795,1827,0,2,52,1284,0,17575,418,0,6921,0x07
2026-09-06T16:40:52.861,1826,0,0,50,2612,500,34442,2723,0,36630,0x07
2026-09-06T16:40:52.861,1829,0,2,52,1266,0,17362,437,0,7144,0x07
2026-09-06T16:40:52.925,1828,0,0,50,3123,820,39522,3371,680,40000,0x07
2026-09-06T16:40:52.925,1831,0,2,52,1267,0,17371,436,0,7135,0x07
2026-09-06T16:40:52.991,1830,0,0,52,3268,1154,39927,3500,308,40000,0x07
2026-09-06T16:40:52.991,1833,0,2,51,1319,0,17992,382,0,6483,0x07
2026-09-06T16:40:53.073,1832,0,0,50,3148,1260,37963,3500,0,40000,0x07
2026-09-06T16:40:53.073,1835,0,2,50,1322,0,18025,379,0,6448,0x07
2026-09-06T16:40:53.138,1834,0,0,51,1740,1392,19651,2545,0,34413,0x07
2026-09-06T16:40:53.138,1837,0,2,51,1290,0,17644,412,0,6849,0x07
2026-09-06T16:40:53.203,1836,0,0,50,1740,1200,20468,2545,0,34413,0x07
2026-09-06T16:40:53.203,1839,0,2,50,1268,0,17382,435,0,7123,0x07
2026-09-06T16:40:53.268,1838,0,0,51,371,1333,2645,1365,0,19759,0x07
2026-09-06T16:40:53.268,1841,0,2,52,1285,0,17595,416,0,6900,0x07
2026-09-06T16:40:53.333,1840,0,0,50,284,740,4069,1455,0,20876,0x07
2026-09-06T16:40:53.333,1843,0,2,55,1287,0,17616,415,0,6879,0x07
2026-09-06T16:40:53.399,1842,0,0,52,204,635,3509,1538,0,21908,0x07
2026-09-06T16:40:53.399,1845,0,2,51,1287,0,17616,415,0,6879,0x07
2026-09-06T16:40:53.463,1844,0,0,51,129,451,3338,1617,0,22881,0x07
2026-09-06T16:40:53.464,1847,0,2,52,1286,0,17600,416,0,6895,0x07
2026-09-06T16:40:53.528,1846,0,0,51,3374,235,40000,-2345,0,31929,0x07
2026-09-06T16:40:53.528,1849,0,2,51,1266,0,17359,437,0,7148,0x07
2026-09-06T16:40:53.610,1848,0,0,51,3374,1235,40000,0,0,5148,0x07
2026-09-06T16:40:53.610,1851,0,2,51,1317,0,17964,384,0,6511,0x07
2026-09-06T16:40:53.675,1850,0,0,52,1410,673,18543,288,0,6371,0x07
2026-09-06T16:40:53.675,1853,0,2,52,1298,0,17743,404,0,6743,0x07
2026-09-06T16:40:53.740,1852,0,0,51,1391,706,18166,307,20,6531,0x07
2026-09-06T16:40:53.740,1855,0,2,51,1287,0,17608,415,0,6887,0x07
2026-09-06T16:40:53.805,1854,0,0,50,1376,740,17834,323,0,6805,0x07
2026-09-06T16:40:53.806,1857,0,2,51,1287,0,17608,415,0,6887,0x07
2026-09-06T16:40:53.871,1856,0,0,51,1312,686,17255,389,0,7631,0x07
2026-09-06T16:40:53.871,1859,0,2,50,1284,0,17580,418,0,6917,0x07
2026-09-06T16:40:53.936,1858,0,0,52,1127,635,15166,581,0,10019,0x07
2026-09-06T16:40:53.936,1861,0,2,50,1283,0,17572,419,0,6930,0x07
2026-09-06T16:40:54.000,1860,0,0,51,1127,588,15390,581,0,10019,0x07
2026-09-06T16:40:54.001,1863,0,2,56,1316,0,17953,385,0,6524,0x07
2026-09-06T16:40:54.066,1862,0,0,50,1052,640,14248,659,0,10984,0x07
2026-09-06T16:40:54.066,1865,0,2,51,1316,0,17953,385,0,6524,0x07
2026-09-06T16:40:54.131,1864,0,0,50,1262,640,16905,945,0,14537,0x07
2026-09-06T16:40:54.131,1867,0,2,51,1297,0,17728,405,0,6765,0x07
2026-09-06T16:40:54.213,1866,0,0,57,2627,702,33925,2602,0,35118,0x07
2026-09-06T16:40:54.213,1869,0,2,52,1265,0,17354,438,0,7152,0x07
2026-09-06T16:40:54.278,1868,0,0,52,2627,885,33186,2602,0,35118,0x07
2026-09-06T16:40:54.278,1871,0,2,56,1285,0,17595,416,0,6900,0x07
2026-09-06T16:40:54.343,1870,0,0,50,2991,1060,37054,3040,0,40000,0x07
2026-09-06T16:40:54.343,1873,0,2,51,1285,0,17595,416,0,6900,0x07
2026-09-06T16:40:54.408,1872,0,0,50,3218,1340,38763,3391,0,40000,0x07
2026-09-06T16:40:54.473,1874,0,0,51,3237,1490,38391,3500,0,40000,0x07
2026-09-06T16:40:54.473,1877,0,2,50,1285,0,17587,417,0,6908,0x07
2026-09-06T16:40:54.539,1876,0,0,51,2902,1549,33888,3478,0,40000,0x07
2026-09-06T16:40:54.539,1877,0,2,51,1285,0,17591,417,0,6905,0x07
2026-09-06T16:40:54.604,1876,0,0,50,2114,1000,26276,2864,700,35400,0x07
2026-09-06T16:40:54.604,1881,0,2,52,1285,0,17591,417,0,6905,0x07
2026-09-06T16:40:54.669,1876,0,0,51,2114,804,27151,2864,275,37208,0x07
2026-09-06T16:40:54.669,1883,0,2,51,1266,0,17367,436,0,7140,0x07
2026-09-06T16:40:54.734,1882,0,0,51,0,0,4232,0,0,15395,0x07
2026-09-06T16:40:54.734,1885,0,2,50,1286,0,17600,416,0,6895,0x07
2026-09-06T16:40:54.814,1884,0,0,51,65,0,4509,1541,0,21946,0x07
2026-09-06T16:40:54.814,1887,0,2,50,1268,0,17382,435,0,7123,0x07
2026-09-06T16:40:54.880,1886,0,0,52,0,0,4367,1489,0,21298,0x07
2026-09-06T16:40:54.880,1889,0,2,50,1268,0,17387,435,0,7119,0x07
2026-09-06T16:40:54.944,1888,0,0,51,-81,-78,4378,1453,0,20850,0x07
2026-09-06T16:40:54.944,1891,0,2,52,1299,0,17760,402,0,6726,0x07
2026-09-06T16:40:55.009,1890,0,0,51,3374,20,40000,-2706,0,36417,0x07
2026-09-06T16:40:55.009,1893,0,2,50,1290,0,17648,412,0,6845,0x07
2026-09-06T16:40:55.075,1892,0,0,50,0,0,0,0,0,0,0x03
2026-09-06T16:40:55.075,1895,0,2,50,1290,0,17648,412,0,6845,0x07
2026-09-06T16:40:55.140,1894,0,0,51,0,0,14084,0,0,3834,0x07
2026-09-06T16:40:55.140,1897,0,2,50,1289,0,17639,413,0,6854,0x07
2026-09-06T16:40:55.205,1896,0,0,50,1229,480,17266,-127,0,4374,0x07
2026-09-06T16:40:55.205,1899,0,2,50,1289,0,17636,413,0,6857,0x07
2026-09-06T16:40:55.271,1898,0,0,50,1233,920,15447,-142,0,4557,0x07
2026-09-06T16:40:55.271,1901,0,2,51,1288,0,17628,414,0,6866,0x07
2026-09-06T16:40:55.336,1900,0,0,51,1243,667,16648,-150,0,4661,0x07
2026-09-06T16:40:55.336,1903,0,2,56,1288,0,17620,414,0,6874,0x07
2026-09-06T16:40:55.417,1902,0,0,51,1253,216,18702,-154,0,4710,0x07
2026-09-06T16:40:55.417,1905,0,2,50,1288,0,17620,414,0,6874,0x07
2026-09-06T16:40:55.482,1904,0,0,54,1271,111,19374,-154,0,4706,0x07
2026-09-06T16:40:55.482,1907,0,2,51,1268,0,17382,435,0,7123,0x07
2026-09-06T16:40:55.547,1906,0,0,51,1271,255,18763,-154,0,4706,0x07
2026-09-06T16:40:55.547,1909,0,2,50,1287,0,17611,415,0,6882,0x07
2026-09-06T16:40:55.612,1908,0,0,52,1277,385,18279,-152,0,4679,0x07
2026-09-06T16:40:55.612,1911,0,2,52,1320,0,18000,381,0,6474,0x07
2026-09-06T16:40:55.677,1910,0,0,53,1221,509,17041,-84,0,3840,0x07
2026-09-06T16:40:55.677,1913,0,2,51,1321,0,18017,380,0,6456,0x07
2026-09-06T16:40:55.742,1912,0,0,50,1221,560,16826,-84,0,3840,0x07
2026-09-06T16:40:55.742,1915,0,2,50,1269,0,17395,434,0,7110,0x07
2026-09-06T16:40:55.808,1914,0,0,50,1177,640,15929,-77,0,3757,0x07
2026-09-06T16:40:55.808,1917,0,2,51,1317,0,17969,384,0,6508,0x07
2026-09-06T16:40:55.873,1916,0,0,50,1092,660,14764,-64,0,3596,0x07
2026-09-06T16:40:55.873,1919,0,2,51,1286,0,17600,416,0,6895,0x07
2026-09-06T16:40:55.954,1918,0,0,51,1006,627,13812,0,0,2871,0x07
2026-09-06T16:40:55.954,1921,0,2,51,1284,0,17583,418,0,6913,0x07
2026-09-06T16:40:56.019,1920,0,0,50,880,640,12154,9,0,2910,0x07
2026-09-06T16:40:56.019,1923,0,2,52,1295,0,17712,406,0,6777,0x07
2026-09-06T16:40:56.085,1922,0,0,51,743,647,10374,43,0,3327,0x07
2026-09-06T16:40:56.085,1925,0,2,51,1295,0,17712,406,0,6777,0x07
2026-09-06T16:40:56.149,1924,0,0,51,618,529,9286,121,0,4305,0x07
2026-09-06T16:40:56.149,1927,0,2,51,1285,0,17591,417,0,6905,0x07
2026-09-06T16:40:56.215,1926,0,0,51,509,510,7993,188,0,5126,0x07
2026-09-06T16:40:56.215,1929,0,2,52,1317,0,17969,384,0,6508,0x07
2026-09-06T16:40:56.279,1928,0,0,50,832,440,12395,663,0,11036,0x07
2026-09-06T16:40:56.279,1931,0,2,51,1318,0,17981,383,0,6495,0x07
2026-09-06T16:40:56.343,1930,0,0,51,1190,412,17063,1233,0,18115,0x07
2026-09-06T16:40:56.343,1933,0,2,51,1286,0,17600,416,0,6895,0x07
2026-09-06T16:40:56.409,1932,0,0,51,1524,412,21306,1609,0,22791,0x07
2026-09-06T16:40:56.409,1935,0,2,55,1283,0,17567,419,0,6930,0x07
2026-09-06T16:40:56.490,1934,0,0,50,1720,460,23593,1861,0,25921,0x07
2026-09-06T16:40:56.490,1937,0,2,50,1283,0,17567,419,0,6930,0x07
2026-09-06T16:40:56.539,1936,0,0,52,2023,673,26549,2288,0,31222,0x07
2026-09-06T16:40:56.539,1939,0,2,51,1283,0,17572,419,0,6925,0x07
2026-09-06T16:40:56.620,1938,0,0,51,2023,824,25909,2288,0,31222,0x07
2026-09-06T16:40:56.620,1941,0,2,56,1286,0,17600,416,0,6895,0x07
2026-09-06T16:40:56.686,1940,0,0,51,2112,902,26700,2447,0,33195,0x07
2026-09-06T16:40:56.686,1943,0,2,56,1286,0,17600,416,0,6895,0x07
2026-09-06T16:40:56.751,1942,0,0,50,2112,980,26368,2522,0,34134,0x07
2026-09-06T16:40:56.751,1945,0,2,51,1296,0,17715,406,0,6774,0x07
2026-09-06T16:40:56.817,1944,0,0,50,1941,1120,23607,2475,0,33548,0x07
2026-09-06T16:40:56.817,1947,0,2,52,1285,0,17587,417,0,6908,0x07
2026-09-06T16:40:56.882,1946,0,0,50,1597,1200,18887,2263,0,30909,0x07
2026-09-06T16:40:56.882,1949,0,2,55,1265,0,17354,438,0,7152,0x07
2026-09-06T16:40:56.947,1948,0,0,55,422,982,4875,1304,0,18997,0x07
2026-09-06T16:40:56.947,1951,0,2,50,1265,0,17354,438,0,7152,0x07
2026-09-06T16:40:57.011,1950,0,0,52,422,615,6432,1304,0,18997,0x07
2026-09-06T16:40:57.011,1953,0,2,51,1285,0,17587,417,0,6908,0x07
2026-09-06T16:40:57.076,1952,0,0,50,326,640,5105,1412,0,20338,0x07
2026-09-06T16:40:57.076,1955,0,2,52,1287,0,17608,415,0,6887,0x07
2026-09-06T16:40:57.157,1954,0,0,51,230,569,4195,1511,0,21569,0x07
2026-09-06T16:40:57.157,1957,0,2,56,1288,0,17623,414,0,6870,0x07
2026-09-06T16:40:57.223,1956,0,0,52,0,0,0,0,0,0,0x03
2026-09-06T16:40:57.223,1959,0,2,51,1288,0,17623,414,0,6870,0x07
2026-09-06T16:40:57.287,1958,0,0,51,0,0,4780,0,0,14743,0x07
2026-09-06T16:40:57.287,1961,0,2,51,1268,0,17387,435,0,7119,0x07
2026-09-06T16:40:57.353,1960,0,0,50,130,80,4992,1462,0,20955,0x07
2026-09-06T16:40:57.353,1963,0,2,50,1319,0,17989,382,0,6486,0x07
2026-09-06T16:40:57.417,1962,0,0,52,0,0,0,1458,0,20916,0x07
2026-09-06T16:40:57.417,1965,0,2,52,1289,0,17631,413,0,6862,0x07
2026-09-06T16:40:57.483,1964,0,0,50,0,0,3815,1422,0,20468,0x07
2026-09-06T16:40:57.483,1967,0,2,51,1287,0,17616,415,0,6879,0x07
2026-09-06T16:40:57.547,1966,0,0,50,0,0,3780,1396,0,20146,0x07
2026-09-06T16:40:57.547,1969,0,2,54,1266,0,17367,437,0,7144,0x07
2026-09-06T16:40:57.613,1968,0,0,50,12,240,2810,1373,0,19859,0x07
2026-09-06T16:40:57.613,1971,0,2,50,1266,0,17367,437,0,7144,0x07
2026-09-06T16:40:57.678,1970,0,0,50,0,0,0,0,0,0,0x03
2026-09-06T16:40:57.678,1973,0,2,50,1267,0,17371,436,0,7135,0x07
2026-09-06T16:40:57.759,1972,0,0,52,0,0,4949,0,0,14474,0x07
2026-09-06T16:40:57.759,1975,0,2,51,1288,0,17620,414,0,6874,0x07
2026-09-06T16:40:57.824,1974,0,0,50,0,0,0,0,0,0,0x03
2026-09-06T16:40:57.824,1977,0,2,56,1270,0,17410,433,0,7094,0x07
2026-09-06T16:40:57.889,1976,0,0,51,0,0,5437,0,0,14869,0x07
2026-09-06T16:40:57.889,1979,0,2,52,1270,0,17410,433,0,7094,0x07
2026-09-06T16:40:57.954,1978,0,0,50,0,0,0,0,0,0,0x03
2026-09-06T16:40:57.954,1981,0,2,52,1300,0,17771,401,0,6714,0x07
2026-09-06T16:40:58.019,1980,0,0,50,0,0,5711,0,0,15066,0x07
2026-09-06T16:40:58.019,1983,0,2,50,1290,0,17651,412,0,6841,0x07
2026-09-06T16:40:58.084,1982,0,0,51,240,0,6731,1501,0,21446,0x07
2026-09-06T16:40:58.084,1985,0,2,50,1321,0,18020,379,0,6452,0x07
2026-09-06T16:40:58.149,1984,0,0,50,246,0,6808,1495,0,21372,0x07
2026-09-06T16:40:58.149,1987,0,2,52,1302,0,17796,399,0,6693,0x07
2026-09-06T16:40:58.231,1986,0,0,56,243,0,6765,1498,0,21412,0x07
2026-09-06T16:40:58.231,1989,0,2,52,1299,0,17752,403,0,6735,0x07
2026-09-06T16:40:58.296,1988,0,0,50,243,0,6765,1498,0,21412,0x07
2026-09-06T16:40:58.296,1991,0,2,50,1267,0,17371,436,0,7140,0x07
2026-09-06T16:40:58.361,1990,0,0,50,235,0,6670,1506,0,21507,0x07
2026-09-06T16:40:58.361,1993,0,2,51,1297,0,17732,405,0,6757,0x07
2026-09-06T16:40:58.426,1992,0,0,50,0,0,0,0,0,0,0x03
2026-09-06T16:40:58.426,1995,0,2,56,1285,0,17595,417,0,6905,0x07
2026-09-06T16:40:58.492,1994,0,0,50,0,0,5646,0,0,15132,0x07
2026-09-06T16:40:58.492,1997,0,2,50,1285,0,17595,417,0,6905,0x07
2026-09-06T16:40:58.557,1996,0,0,50,232,0,6633,1509,0,21546,0x07
2026-09-06T16:40:58.557,1999,0,2,50,1298,0,17748,403,0,6739,0x07
2026-09-06T16:40:58.623,1998,0,0,55,230,0,6602,1498,0,21408,0x07
2026-09-06T16:40:58.623,2001,0,2,52,1286,0,17603,416,0,6891,0x07
2026-09-06T16:40:58.687,2000,0,0,52,230,0,6602,1498,0,21408,0x07
2026-09-06T16:40:58.687,2003,0,2,52,1286,0,17600,416,0,6895,0x07
2026-09-06T16:40:58.753,2002,0,0,51,225,0,6547,1494,0,21355,0x07
2026-09-06T16:40:58.753,2005,0,2,50,1318,0,17977,383,0,6499,0x07
2026-09-06T16:40:58.818,2004,0,0,51,0,0,0,0,0,0,0x03
2026-09-06T16:40:58.818,2007,0,2,52,1287,0,17611,415,0,6882,0x07
2026-09-06T16:40:58.883,2006,0,0,58,228,0,6576,1497,0,21399,0x07
2026-09-06T16:40:58.884,2009,0,2,50,1284,0,17583,418,0,6913,0x07
2026-09-06T16:40:58.964,2008,0,0,52,228,0,6576,1497,0,21399,0x07
2026-09-06T16:40:58.965,2011,0,2,50,1284,0,17583,418,0,6913,0x07
2026-09-06T16:40:59.029,2010,0,0,52,230,0,6602,1510,0,21560,0x07
2026-09-06T16:40:59.029,2013,0,2,52,1317,0,17972,384,0,6503,0x07
2026-09-06T16:40:59.094,2012,0,0,52,230,0,6611,1511,0,21569,0x07
2026-09-06T16:40:59.095,2015,0,2,56,1267,0,17371,436,0,7135,0x07
2026-09-06T16:40:59.160,2014,0,0,51,176,0,5924,1555,0,22111,0x07
2026-09-06T16:40:59.160,2017,0,2,50,1267,0,17371,436,0,7135,0x07
2026-09-06T16:40:59.225,2016,0,0,51,225,0,6538,1496,0,21377,0x07
2026-09-06T16:40:59.225,2019,0,2,50,1285,0,17587,417,0,6908,0x07
2026-09-06T16:40:59.290,2018,0,0,52,230,0,6602,1506,0,21507,0x07
2026-09-06T16:40:59.290,2021,0,2,51,1285,0,17595,416,0,6900,0x07
2026-09-06T16:40:59.355,2020,0,0,51,231,0,6624,0,0,18036,0x07
2026-09-06T16:40:59.355,2023,0,2,50,1286,0,17603,416,0,6891,0x07
2026-09-06T16:40:59.420,2022,0,0,51,3374,0,40000,0,0,5173,0x07
2026-09-06T16:40:59.420,2025,0,2,51,1287,0,17611,415,0,6882,0x07
2026-09-06T16:40:59.502,2024,0,0,52,1407,96,21158,291,0,6409,0x07
2026-09-06T16:40:59.502,2027,0,2,50,1287,0,17616,415,0,6882,0x07
2026-09-06T16:40:59.567,2026,0,0,52,1407,19,21493,290,0,6400,0x07
2026-09-06T16:40:59.567,2029,0,2,51,1304,0,17820,397,0,6663,0x07
2026-09-06T16:40:59.632,2028,0,0,50,1407,0,21567,291,0,6409,0x07
2026-09-06T16:40:59.632,2031,0,2,51,1288,0,17620,414,0,6874,0x07
2026-09-06T16:40:59.697,2030,0,0,52,1406,0,21563,291,0,6414,0x07
2026-09-06T16:40:59.697,2033,0,2,52,1287,0,17611,415,0,6882,0x07
2026-09-06T16:40:59.762,2032,0,0,56,1405,0,21549,292,0,6427,0x07
2026-09-06T16:40:59.762,2035,0,2,54,1287,0,17608,416,0,6891,0x07
2026-09-06T16:40:59.827,2034,0,0,50,1405,0,21549,292,0,6427,0x07
2026-09-06T16:40:59.827,2037,0,2,51,1287,0,17608,416,0,6891,0x07
2026-09-06T16:40:59.892,2036,0,0,50,1405,0,21549,292,0,6427,0x07
2026-09-06T16:40:59.892,2039,0,2,52,1287,0,17608,415,0,6887,0x07
2026-09-06T16:40:59.957,2038,0,0,52,0,0,0,0,0,0,0x03
2026-09-06T16:40:59.957,2041,0,2,52,1287,0,17608,415,0,6887,0x07
2026-09-06T16:41:00.022,2040,0,0,58,1405,0,21545,293,0,6432,0x07
2026-09-06T16:41:00.022,2043,0,2,55,1287,0,17611,415,0,6882,0x07
2026-09-06T16:41:00.103,2042,0,0,51,0,0,0,0,0,0,0x03
2026-09-06T16:41:00.103,2045,0,2,52,1287,0,17611,415,0,6882,0x07
2026-09-06T16:41:00.169,2044,0,0,50,0,0,15574,0,0,5188,0x07
2026-09-06T16:41:00.169,2047,0,2,51,1300,0,17764,402,0,6723,0x07
2026-09-06T16:41:00.233,2046,0,0,51,1405,20,21462,293,0,6432,0x07
2026-09-06T16:41:00.233,2049,0,2,51,1288,0,17620,414,0,6874,0x07
2026-09-06T16:41:00.298,2048,0,0,50,1405,20,21460,293,0,6432,0x07
2026-09-06T16:41:00.298,2051,0,2,52,1287,0,17611,415,0,6882,0x07
2026-09-06T16:41:00.363,2050,0,0,51,1405,0,21545,293,0,6432,0x07
2026-09-06T16:41:00.363,2053,0,2,50,1323,0,18037,378,0,6436,0x07
2026-09-06T16:41:00.428,2052,0,0,50,1405,60,21290,293,0,6432,0x07
2026-09-06T16:41:00.428,2055,0,2,51,1268,0,17382,435,0,7123,0x07
2026-09-06T16:41:00.493,2054,0,0,50,1405,0,21545,293,180,5667,0x07
2026-09-06T16:41:00.493,2057,0,2,50,1298,0,17740,404,0,6748,0x07
2026-09-06T16:41:00.558,2056,0,0,50,1380,80,20883,319,0,6758,0x07
2026-09-06T16:41:00.558,2059,0,2,50,1286,0,17600,416,0,6895,0x07
2026-09-06T16:41:00.639,2058,0,0,52,1336,173,19930,364,0,7322,0x07
2026-09-06T16:41:00.639,2061,0,2,50,1285,0,17595,416,0,6900,0x07
2026-09-06T16:41:00.704,2060,0,0,53,1338,321,19333,362,0,7292,0x07
2026-09-06T16:41:00.704,2063,0,2,55,1285,0,17595,416,0,6900,0x07
2026-09-06T16:41:00.770,2062,0,0,52,1338,423,18898,362,0,7292,0x07
2026-09-06T16:41:00.770,2065,0,2,51,1285,0,17595,416,0,6900,0x07
2026-09-06T16:41:00.835,2064,0,0,52,1317,346,18950,384,0,7571,0x07
2026-09-06T16:41:00.835,2067,0,2,50,1287,0,17611,415,0,6882,0x07
2026-09-06T16:41:00.900,2066,0,0,56,1245,607,16935,458,143,7881,0x07
2026-09-06T16:41:00.900,2069,0,2,50,1288,0,17620,414,0,6874,0x07
2026-09-06T16:41:00.965,2068,0,0,51,1245,627,16849,458,0,8488,0x07
2026-09-06T16:41:00.966,2071,0,2,50,1300,0,17771,401,0,6714,0x07
2026-09-06T16:41:01.030,2070,0,0,51,1161,549,16110,546,0,9575,0x07
2026-09-06T16:41:01.030,2073,0,2,51,1269,0,17395,434,0,7110,0x07
2026-09-06T16:41:01.094,2072,0,0,50,1072,560,14926,639,0,10732,0x07
2026-09-06T16:41:01.094,2075,0,2,53,1288,0,17623,414,0,6870,0x07
2026-09-06T16:41:01.159,2074,0,0,51,1191,608,16243,841,0,13244,0x07
2026-09-06T16:41:01.159,2077,0,2,50,1288,0,17623,414,0,6870,0x07
2026-09-06T16:41:01.240,2076,0,0,51,1909,588,25459,1720,0,24159,0x07
2026-09-06T16:41:01.241,2079,0,2,51,1288,0,17620,414,0,6874,0x07
2026-09-06T16:41:01.306,2078,0,0,50,2524,660,32971,2481,0,33617,0x07
2026-09-06T16:41:01.306,2081,0,2,50,1287,0,17616,415,0,6879,0x07
2026-09-06T16:41:01.371,2080,0,0,51,3192,941,40000,3351,0,40000,0x07
2026-09-06T16:41:01.371,2083,0,2,50,1267,0,17379,435,0,7127,0x07
2026-09-06T16:41:01.436,2082,0,0,51,3192,1157,39357,3351,0,40000,0x07
2026-09-06T16:41:01.436,2085,0,2,51,1318,0,17984,383,0,6491,0x07
2026-09-06T16:41:01.502,2084,0,0,51,3283,1314,39838,3500,0,40000,0x07
2026-09-06T16:41:01.502,2087,0,2,52,1288,0,17623,414,0,6870,0x07
2026-09-06T16:41:01.567,2086,0,0,51,3102,1569,36463,3500,0,40000,0x07
2026-09-06T16:41:01.567,2089,0,2,52,1288,0,17623,414,0,6870,0x07
2026-09-06T16:41:01.632,2088,0,0,50,2655,1600,30641,3254,60,40000,0x07
2026-09-06T16:41:01.632,2091,0,2,50,1266,0,17362,437,0,7144,0x07
2026-09-06T16:41:01.697,2090,0,0,51,2854,1588,33217,1335,725,16298,0x07
2026-09-06T16:41:01.697,2093,0,2,51,1284,0,17580,418,0,6917,0x07
2026-09-06T16:41:01.763,2092,0,0,51,2916,1510,34344,3500,0,40000,0x07
2026-09-06T16:41:01.763,2095,0,2,50,1296,0,17720,406,0,6769,0x07
2026-09-06T16:41:01.843,2094,0,0,51,2916,1569,34094,3500,20,40000,0x07
2026-09-06T16:41:01.843,2097,0,2,50,1267,0,17371,436,0,7135,0x07
2026-09-06T16:41:01.908,2096,0,0,51,2072,1627,23115,2900,20,38748,0x07
2026-09-06T16:41:01.908,2099,0,2,50,1317,0,17972,384,0,6503,0x07
2026-09-06T16:41:01.972,2098,0,0,50,0,0,3832,1703,0,23951,0x07
2026-09-06T16:41:01.972,2101,0,2,52,1288,0,17620,414,0,6874,0x07
2026-09-06T16:41:02.038,2100,0,0,51,0,0,32244,0,0,20499,0x07
2026-09-06T16:41:02.038,2103,0,2,52,1287,0,17608,415,0,6887,0x07
2026-09-06T16:41:02.102,2102,0,0,50,3374,820,40000,0,0,7279,0x07
2026-09-06T16:41:02.102,2105,0,2,51,1286,0,17603,416,0,6891,0x07
2026-09-06T16:41:02.167,2104,0,0,51,1053,529,14816,658,0,10972,0x07
2026-09-06T16:41:02.167,2107,0,2,51,1286,0,17603,416,0,6891,0x07
2026-09-06T16:41:02.232,2106,0,0,50,1053,760,13836,658,20,10886,0x07
2026-09-06T16:41:02.232,2109,0,2,50,1318,0,17981,383,0,6495,0x07
2026-09-06T16:41:02.313,2108,0,0,52,1027,692,13798,678,0,11223,0x07
2026-09-06T16:41:02.313,2111,0,2,51,1287,0,17616,415,0,6879,0x07
2026-09-06T16:41:02.379,2110,0,0,50,1801,600,24031,1819,0,25390,0x07
2026-09-06T16:41:02.379,2113,0,2,52,1266,0,17367,436,0,7140,0x07
2026-09-06T16:41:02.444,2112,0,0,51,2706,765,34838,2825,20,37813,0x07
2026-09-06T16:41:02.444,2115,0,2,50,1266,0,17367,436,0,7140,0x07
2026-09-06T16:41:02.509,2114,0,0,51,3149,941,39725,3381,0,40000,0x07
2026-09-06T16:41:02.509,2117,0,2,51,1264,0,17343,439,0,7165,0x07
2026-09-06T16:41:02.574,2116,0,0,52,3047,942,38421,3500,212,40000,0x07
2026-09-06T16:41:02.574,2119,0,2,51,1284,0,17575,418,0,6921,0x07
2026-09-06T16:41:02.640,2118,0,0,50,3047,740,39281,3500,0,40000,0x07
2026-09-06T16:41:02.640,2121,0,2,52,1286,0,17600,416,0,6900,0x07
2026-09-06T16:41:02.705,2120,0,0,51,2659,1098,32825,3227,0,40000,0x07
2026-09-06T16:41:02.705,2123,0,2,51,1319,0,17989,382,0,6486,0x07
2026-09-06T16:41:02.965,2122,0,0,50,2002,740,25994,2689,1320,30599,0x07
2026-09-06T16:41:02.966,2125,0,2,50,1288,0,17628,414,0,6866,0x07
2026-09-06T16:41:03.046,2124,0,0,52,1010,38,16357,1849,135,25192,0x07
2026-09-06T16:41:03.046,2127,0,2,50,1329,0,18113,371,0,6355,0x07
2026-09-06T16:41:03.111,2126,0,0,52,332,0,7903,1406,0,20259,0x07
2026-09-06T16:41:03.111,2129,0,2,50,0,0,11975,0,0,5296,0x07
2026-09-06T16:41:03.177,2128,0,0,51,0,0,5234,0,0,15544,0x07
2026-09-06T16:41:03.177,2131,0,2,51,0,0,0,0,0,0,0x03
2026-09-06T16:41:03.242,2130,0,0,51,0,0,0,0,0,0,0x03
2026-09-06T16:41:03.242,2133,0,2,51,0,0,11990,0,0,5280,0x07
2026-09-06T16:41:03.306,2132,0,0,52,0,0,4532,0,0,16247,0x07
2026-09-06T16:41:03.306,2135,0,2,50,1267,0,17374,436,0,7132,0x07
2026-09-06T16:41:03.371,2134,0,0,51,101,0,4959,1646,373,21658,0x07
2026-09-06T16:41:03.372,2137,0,2,51,1317,0,17964,384,0,6511,0x07
2026-09-06T16:41:03.452,2136,0,0,57,127,18,5215,1619,0,22907,0x07
2026-09-06T16:41:03.452,2139,0,2,52,1287,0,17616,415,0,6879,0x07
2026-09-06T16:41:03.518,2138,0,0,50,127,0,5290,1619,0,22907,0x07
2026-09-06T16:41:03.518,2141,0,2,51,1318,0,17984,383,0,6491,0x07
2026-09-06T16:41:03.583,2140,0,0,51,127,0,5290,1619,0,22907,0x07
2026-09-06T16:41:03.583,2143,0,2,50,1297,0,17736,404,0,6752,0x07
2026-09-06T16:41:03.647,2142,0,0,50,140,0,5461,1605,0,22733,0x07
2026-09-06T16:41:03.647,2145,0,2,52,1297,0,17736,404,0,6752,0x07
2026-09-06T16:41:03.712,2144,0,0,51,140,0,5461,1605,0,22733,0x07
2026-09-06T16:41:03.712,2147,0,2,51,1285,0,17595,416,0,6900,0x07
2026-09-06T16:41:03.776,2146,0,0,50,159,0,5701,1586,0,22494,0x07
2026-09-06T16:41:03.776,2149,0,2,51,1285,0,17595,416,0,6900,0x07
2026-09-06T16:41:03.841,2148,0,0,51,154,0,5637,1590,0,22555,0x07
2026-09-06T16:41:03.841,2151,0,2,50,1317,0,17972,384,0,6503,0x07
2026-09-06T16:41:03.907,2150,0,0,57,198,0,6203,1544,0,21981,0x07
2026-09-06T16:41:03.907,2153,0,2,50,1318,0,17984,383,0,6491,0x07
2026-09-06T16:41:03.988,2152,0,0,51,198,0,6203,1544,0,21981,0x07
2026-09-06T16:41:03.988,2155,0,2,51,1286,0,17603,416,0,6891,0x07
2026-09-06T16:41:04.053,2154,0,0,52,201,0,6233,1542,0,21955,0x07
2026-09-06T16:41:04.053,2157,0,2,53,1284,0,17575,418,0,6921,0x07
2026-09-06T16:41:04.119,2156,0,0,52,200,0,6230,1542,0,21955,0x07
2026-09-06T16:41:04.119,2159,0,2,52,1284,0,17575,418,0,6921,0x07
2026-09-06T16:41:04.184,2158,0,0,51,199,0,6212,1544,0,21972,0x07
2026-09-06T16:41:04.184,2161,0,2,50,1283,0,17572,419,0,6930,0x07
2026-09-06T16:41:04.248,2160,0,0,52,249,0,6851,1491,0,21324,0x07
2026-09-06T16:41:04.248,2163,0,2,50,1320,0,18000,381,0,6474,0x07
2026-09-06T16:41:04.313,2162,0,0,52,220,0,6482,1521,0,21699,0x07
2026-09-06T16:41:04.314,2165,0,2,52,1317,0,17969,384,0,6508,0x07
2026-09-06T16:41:04.329,2164,0,0,50,432,100,8747,1302,0,18972,0x07
2026-09-06T16:41:04.329,2167,0,2,50,1285,0,17587,417,0,6908,0x07
