timestamp,sequence,team,robot_id,interval_ms,left_target_eps,left_measured_eps,left_duty,right_target_eps,right_measured_eps,right_duty,flags
2026-09-06T16:53:41.068,1161,0,2,52,373,0,7069,1363,0,19502,0x07
2026-09-06T16:53:41.137,1160,0,0,50,1157,20,18661,550,0,9627,0x07
2026-09-06T16:53:41.137,1163,0,2,51,371,0,7048,1365,0,19525,0x07
2026-09-06T16:53:41.218,1162,0,0,50,1164,0,18833,543,0,9541,0x07
2026-09-06T16:53:41.218,1165,0,2,51,0,0,0,0,0,0,0x03
2026-09-06T16:53:41.283,1164,0,0,55,0,0,0,0,0,0,0x03
2026-09-06T16:53:41.283,1,0,2,53,0,0,0,0,0,0,0x03
2026-09-06T16:53:41.348,0,0,0,51,0,0,0,0,0,0,0x03
2026-09-06T16:53:41.348,3,0,2,52,0,0,0,0,0,0,0x03
2026-09-06T16:53:41.412,2,0,0,52,0,0,0,0,0,0,0x03
2026-09-06T16:53:41.413,5,0,2,50,0,0,0,0,0,0,0x03
2026-09-06T16:53:41.478,4,0,0,50,0,0,0,0,0,0,0x03
2026-09-06T16:53:41.478,7,0,2,51,0,0,0,0,0,0,0x03
2026-09-06T16:53:41.543,6,0,0,52,0,0,0,0,0,0,0x03
2026-09-06T16:53:41.543,9,0,2,51,0,0,0,0,0,0,0x03
2026-09-06T16:53:41.608,8,0,0,50,0,0,0,0,0,0,0x03
2026-09-06T16:53:41.608,11,0,2,50,0,0,0,0,0,0,0x03
2026-09-06T16:53:41.673,10,0,0,50,0,0,0,0,0,0,0x03
2026-09-06T16:53:41.673,13,0,2,50,0,0,0,0,0,0,0x03
2026-09-06T16:53:41.738,12,0,0,52,0,0,0,0,0,0,0x03
2026-09-06T16:53:41.738,15,0,2,50,0,0,0,0,0,0,0x03
2026-09-06T16:53:41.819,14,0,0,50,0,0,0,0,0,0,0x03
2026-09-06T16:53:41.819,17,0,2,52,0,0,0,0,0,0,0x03
2026-09-06T16:53:41.885,16,0,0,50,0,0,0,0,0,0,0x03
2026-09-06T16:53:41.885,19,0,2,52,0,0,0,0,0,0,0x03
2026-09-06T16:53:41.950,18,0,0,52,0,0,0,0,0,0,0x03
2026-09-06T16:53:41.950,21,0,2,51,0,0,0,0,0,0,0x03
2026-09-06T16:53:42.015,20,0,0,51,0,0,0,0,0,0,0x03
2026-09-06T16:53:42.015,23,0,2,52,0,0,0,0,0,0,0x03
2026-09-06T16:53:42.080,22,0,0,51,0,0,0,0,0,0,0x03
2026-09-06T16:53:42.080,25,0,2,50,0,0,0,0,0,0,0x03
2026-09-06T16:53:42.145,24,0,0,50,0,0,0,0,0,0,0x03
2026-09-06T16:53:42.145,27,0,2,53,0,0,0,0,0,0,0x03
2026-09-06T16:53:42.210,26,0,0,50,0,0,0,0,0,0,0x03
2026-09-06T16:53:42.210,29,0,2,50,0,0,0,0,0,0,0x03
2026-09-06T16:53:42.274,28,0,0,52,0,0,0,0,0,0,0x03
2026-09-06T16:53:42.275,31,0,2,51,0,0,0,0,0,0,0x03
2026-09-06T16:53:42.356,30,0,0,50,0,0,0,0,0,0,0x03
2026-09-06T16:53:42.356,33,0,2,51,0,0,0,0,0,0,0x03
2026-09-06T16:53:42.421,32,0,0,50,0,0,0,0,0,0,0x03
2026-09-06T16:53:42.421,35,0,2,52,0,0,0,0,0,0,0x03
2026-09-06T16:53:42.486,34,0,0,51,0,0,0,0,0,0,0x03
2026-09-06T16:53:42.486,37,0,2,51,0,0,0,0,0,0,0x03
2026-09-06T16:53:42.552,36,0,0,50,0,0,0,0,0,0,0x03
2026-09-06T16:53:42.552,39,0,2,51,0,0,0,0,0,0,0x03
2026-09-06T16:53:42.616,38,0,0,52,0,0,0,0,0,0,0x03
2026-09-06T16:53:42.616,41,0,2,52,0,0,0,0,0,0,0x03
2026-09-06T16:53:42.680,40,0,0,51,0,0,0,0,0,0,0x03
2026-09-06T16:53:42.680,43,0,2,51,0,0,0,0,0,0,0x03
2026-09-06T16:53:42.745,42,0,0,55,0,0,0,0,0,0,0x03
2026-09-06T16:53:42.745,45,0,2,51,0,0,0,0,0,0,0x03
2026-09-06T16:53:42.810,44,0,0,51,0,0,0,0,0,0,0x03
2026-09-06T16:53:42.810,47,0,2,50,0,0,0,0,0,0,0x03
2026-09-06T16:53:42.891,46,0,0,51,0,0,0,0,0,0,0x03
2026-09-06T16:53:42.891,49,0,2,50,0,0,0,0,0,0,0x03
2026-09-06T16:53:42.956,48,0,0,50,0,0,0,0,0,0,0x03
2026-09-06T16:53:42.957,51,0,2,50,0,0,0,0,0,0,0x03
2026-09-06T16:53:43.022,50,0,0,50,0,0,0,0,0,0,0x03
2026-09-06T16:53:43.022,53,0,2,53,0,0,0,0,0,0,0x03
2026-09-06T16:53:43.087,52,0,0,50,0,0,0,0,0,0,0x03
2026-09-06T16:53:43.087,55,0,2,51,0,0,0,0,0,0,0x03
2026-09-06T16:53:43.152,54,0,0,54,0,0,0,0,0,0,0x03
2026-09-06T16:53:43.152,57,0,2,50,0,0,0,0,0,0,0x03
2026-09-06T16:53:43.217,56,0,0,51,0,0,0,0,0,0,0x03
2026-09-06T16:53:43.217,59,0,2,52,0,0,0,0,0,0,0x03
2026-09-06T16:53:43.282,58,0,0,52,0,0,0,0,0,0,0x03
2026-09-06T16:53:43.282,61,0,2,51,0,0,0,0,0,0,0x03
2026-09-06T16:53:43.347,60,0,0,50,0,0,0,0,0,0,0x03
2026-09-06T16:53:43.348,63,0,2,50,0,0,0,0,0,0,0x03
2026-09-06T16:53:43.429,62,0,0,50,0,0,0,0,0,0,0x03
2026-09-06T16:53:43.429,65,0,2,51,0,0,0,0,0,0,0x03
2026-09-06T16:53:43.478,64,0,0,51,0,0,0,0,0,0,0x03
2026-09-06T16:53:43.478,67,0,2,51,0,0,0,0,0,0,0x03
2026-09-06T16:53:43.560,66,0,0,51,0,0,0,0,0,0,0x03
2026-09-06T16:53:43.560,69,0,2,51,0,0,0,0,0,0,0x03
2026-09-06T16:53:43.626,68,0,0,50,0,0,0,0,0,0,0x03
2026-09-06T16:53:43.626,71,0,2,52,0,0,0,0,0,0,0x03
2026-09-06T16:53:43.690,70,0,0,50,0,0,0,0,0,0,0x03
2026-09-06T16:53:43.690,73,0,2,50,0,0,0,0,0,0,0x03
2026-09-06T16:53:43.756,72,0,0,53,0,0,0,0,0,0,0x03
2026-09-06T16:53:43.756,75,0,2,52,0,0,0,0,0,0,0x03
2026-09-06T16:53:43.820,74,0,0,51,0,0,0,0,0,0,0x03
2026-09-06T16:53:43.820,77,0,2,50,0,0,0,0,0,0,0x03
2026-09-06T16:53:43.885,76,0,0,52,0,0,0,0,0,0,0x03
2026-09-06T16:53:43.885,79,0,2,52,0,0,0,0,0,0,0x03
2026-09-06T16:53:43.950,78,0,0,52,0,0,0,0,0,0,0x03
2026-09-06T16:53:43.950,81,0,2,50,0,0,0,0,0,0,0x03
2026-09-06T16:53:44.016,80,0,0,52,0,0,0,0,0,0,0x03
2026-09-06T16:53:44.016,83,0,2,51,0,0,0,0,0,0,0x03
2026-09-06T16:53:44.097,82,0,0,52,0,0,0,0,0,0,0x03
2026-09-06T16:53:44.097,85,0,2,52,0,0,0,0,0,0,0x03
2026-09-06T16:53:44.163,84,0,0,50,0,0,0,0,0,0,0x03
2026-09-06T16:53:44.163,87,0,2,53,0,0,0,0,0,0,0x03
2026-09-06T16:53:44.228,86,0,0,50,0,0,0,0,0,0,0x03
2026-09-06T16:53:44.228,89,0,2,51,0,0,0,0,0,0,0x03
2026-09-06T16:53:44.294,88,0,0,50,0,0,0,0,0,0,0x03
2026-09-06T16:53:44.294,91,0,2,52,0,0,0,0,0,0,0x03
2026-09-06T16:53:44.358,90,0,0,51,0,0,0,0,0,0,0x03
2026-09-06T16:53:44.358,93,0,2,50,0,0,0,0,0,0,0x03
2026-09-06T16:53:44.423,92,0,0,50,0,0,0,0,0,0,0x03
2026-09-06T16:53:44.423,95,0,2,52,0,0,0,0,0,0,0x03
2026-09-06T16:53:44.487,94,0,0,50,0,0,0,0,0,0,0x03
2026-09-06T16:53:44.487,97,0,2,52,0,0,0,0,0,0,0x03
2026-09-06T16:53:44.553,96,0,0,50,0,0,0,0,0,0,0x03
2026-09-06T16:53:44.553,99,0,2,54,0,0,0,0,0,0,0x03
2026-09-06T16:53:44.634,98,0,0,51,0,0,0,0,0,0,0x03
2026-09-06T16:53:44.634,101,0,2,52,0,0,0,0,0,0,0x03
2026-09-06T16:53:44.699,100,0,0,53,0,0,0,0,0,0,0x03
2026-09-06T16:53:44.699,103,0,2,50,0,0,0,0,0,0,0x03
2026-09-06T16:53:44.764,102,0,0,51,0,0,0,0,0,0,0x03
2026-09-06T16:53:44.764,105,0,2,51,0,0,0,0,0,0,0x03
2026-09-06T16:53:44.829,104,0,0,51,0,0,0,0,0,0,0x03
2026-09-06T16:53:44.829,107,0,2,52,0,0,0,0,0,0,0x03
2026-09-06T16:53:44.894,106,0,0,52,0,0,0,0,0,0,0x03
2026-09-06T16:53:44.894,109,0,2,51,0,0,0,0,0,0,0x03
2026-09-06T16:53:44.960,108,0,0,50,0,0,0,0,0,0,0x03
2026-09-06T16:53:44.960,111,0,2,51,0,0,0,0,0,0,0x03
2026-09-06T16:53:45.025,110,0,0,51,0,0,0,0,0,0,0x03
2026-09-06T16:53:45.025,113,0,2,50,0,0,0,0,0,0,0x03
2026-09-06T16:53:45.090,112,0,0,52,0,0,0,0,0,0,0x03
2026-09-06T16:53:45.090,115,0,2,51,0,0,0,0,0,0,0x03
2026-09-06T16:53:45.156,114,0,0,51,0,0,0,0,0,0,0x03
2026-09-06T16:53:45.156,117,0,2,51,0,0,0,0,0,0,0x03
2026-09-06T16:53:45.237,116,0,0,52,0,0,0,0,0,0,0x03
2026-09-06T16:53:45.237,119,0,2,51,0,0,0,0,0,0,0x03
2026-09-06T16:53:45.302,118,0,0,51,0,0,0,0,0,0,0x03
2026-09-06T16:53:45.302,121,0,2,50,0,0,0,0,0,0,0x03
2026-09-06T16:53:45.367,120,0,0,55,0,0,0,0,0,0,0x03
2026-09-06T16:53:45.367,123,0,2,50,0,0,0,0,0,0,0x03
2026-09-06T16:53:45.431,122,0,0,51,0,0,0,0,0,0,0x03
2026-09-06T16:53:45.431,125,0,2,50,0,0,0,0,0,0,0x03
2026-09-06T16:53:45.496,124,0,0,50,0,0,0,0,0,0,0x03
2026-09-06T16:53:45.496,127,0,2,52,0,0,0,0,0,0,0x03
2026-09-06T16:53:45.562,126,0,0,50,0,0,0,0,0,0,0x03
2026-09-06T16:53:45.562,129,0,2,50,0,0,0,0,0,0,0x03
2026-09-06T16:53:45.626,128,0,0,52,0,0,0,0,0,0,0x03
2026-09-06T16:53:45.626,131,0,2,58,3048,17,40000,3500,0,40000,0x07
2026-09-06T16:53:45.691,130,0,0,51,0,0,15524,0,0,24175,0x07
2026-09-06T16:53:45.691,133,0,2,51,3048,961,36086,3500,2020,38263,0x07
2026-09-06T16:53:45.772,132,0,0,52,1726,481,24062,2227,635,27772,0x07
2026-09-06T16:53:45.772,135,0,2,51,3165,1314,36031,3420,3529,30820,0x07
2026-09-06T16:53:45.837,134,0,0,50,1726,320,24746,2227,440,28599,0x07
2026-09-06T16:53:45.837,137,0,2,50,3172,1300,36168,3421,3260,31983,0x07
2026-09-06T16:53:45.903,136,0,0,51,1726,471,24106,2227,608,27886,0x07
2026-09-06T16:53:45.903,139,0,2,50,3174,1340,36024,3424,2540,35076,0x07
2026-09-06T16:53:45.968,138,0,0,50,1500,680,20291,2081,920,24741,0x07
2026-09-06T16:53:45.968,141,0,2,50,3033,1520,33513,3386,2860,33228,0x07
2026-09-06T16:53:46.033,140,0,0,51,1001,824,13225,1707,1039,19581,0x07
2026-09-06T16:53:46.033,143,0,2,51,3064,1961,32028,3351,2294,35193,0x07
2026-09-06T16:53:46.097,142,0,0,50,375,760,5397,1348,960,15466,0x07
2026-09-06T16:53:46.097,145,0,2,58,2273,2293,20831,2869,2431,28440,0x07
2026-09-06T16:53:46.162,144,0,0,52,39,269,3135,1710,1038,19625,0x07
2026-09-06T16:53:46.162,147,0,2,51,2273,2412,20327,2869,2275,29105,0x07
2026-09-06T16:53:46.227,146,0,0,50,0,0,4601,1710,1000,19788,0x07
2026-09-06T16:53:46.227,149,0,2,51,1732,2235,14384,2396,2333,22810,0x07
2026-09-06T16:53:46.292,148,0,0,51,0,0,33092,0,0,20204,0x07
2026-09-06T16:53:46.292,151,0,2,51,980,2118,5575,1755,2333,14596,0x07
2026-09-06T16:53:46.374,150,0,0,51,3374,392,40000,0,0,7221,0x07
2026-09-06T16:53:46.374,153,0,2,55,392,1164,2361,1343,1709,11984,0x07
2026-09-06T16:53:46.439,152,0,0,51,1165,333,17434,541,451,7605,0x07
2026-09-06T16:53:46.439,155,0,2,51,392,941,3307,1343,1451,13081,0x07
2026-09-06T16:53:46.504,154,0,0,51,1108,314,16784,600,608,7670,0x07
2026-09-06T16:53:46.504,157,0,2,50,398,840,3804,1337,1500,12801,0x07
2026-09-06T16:53:46.570,156,0,0,51,1254,275,18832,951,137,14027,0x07
2026-09-06T16:53:46.570,159,0,2,51,382,471,5174,1354,1412,13390,0x07
2026-09-06T16:53:46.636,158,0,0,52,1254,308,18691,951,173,13875,0x07
2026-09-06T16:53:46.636,161,0,2,50,376,460,5143,1361,1320,13865,0x07
2026-09-06T16:53:46.700,160,0,0,51,1924,392,26997,1714,176,23345,0x07
2026-09-06T16:53:46.700,163,0,2,50,441,420,6122,1293,1260,13247,0x07
2026-09-06T16:53:46.765,162,0,0,51,2429,510,33032,2309,275,30319,0x07
2026-09-06T16:53:46.765,165,0,2,55,3374,455,40000,-1833,-55,25284,0x07
2026-09-06T16:53:46.830,164,0,0,51,2782,941,35773,2728,667,33850,0x07
2026-09-06T16:53:46.830,167,0,2,50,0,0,20502,0,0,31971,0x07
2026-09-06T16:53:46.897,166,0,0,50,3098,1160,38930,3219,940,38797,0x07
2026-09-06T16:53:46.897,169,0,2,51,0,0,5325,3500,471,40000,0x07
2026-09-06T16:53:46.977,168,0,0,50,0,0,0,0,0,0,0x03
2026-09-06T16:53:46.978,171,0,2,50,354,420,5043,1383,2880,7523,0x07
2026-09-06T16:53:47.042,170,0,0,55,2362,73,34030,3319,36,40000,0x07
2026-09-06T16:53:47.042,173,0,2,50,368,420,5226,1368,780,16249,0x07
2026-09-06T16:53:47.107,172,0,0,51,2362,1725,27006,3319,2235,34527,0x07
2026-09-06T16:53:47.107,175,0,2,50,255,380,3989,1486,1020,16738,0x07
2026-09-06T16:53:47.173,174,0,0,51,0,0,4672,1621,1647,15938,0x07
2026-09-06T16:53:47.173,177,0,2,53,229,302,3999,1513,1057,16928,0x07
2026-09-06T16:53:47.238,176,0,0,57,3374,18,40000,-2039,-105,27682,0x07
2026-09-06T16:53:47.238,179,0,2,52,229,250,4220,1513,1038,17006,0x07
2026-09-06T16:53:47.302,178,0,0,51,0,0,25106,0,0,31404,0x07
2026-09-06T16:53:47.302,181,0,2,52,314,250,5280,1424,1058,15787,0x07
2026-09-06T16:53:47.367,180,0,0,50,0,0,32736,0,0,19995,0x07
2026-09-06T16:53:47.367,183,0,2,50,361,220,5983,1376,1080,15074,0x07
2026-09-06T16:53:47.432,182,0,0,51,3333,392,40000,0,0,7528,0x07
2026-09-06T16:53:47.432,185,0,2,54,526,426,7154,1204,1056,12984,0x07
2026-09-06T16:53:47.513,184,0,0,56,1247,268,18773,1229,321,16697,0x07
2026-09-06T16:53:47.513,187,0,2,50,526,580,6499,1204,1000,13220,0x07
2026-09-06T16:53:47.578,186,0,0,50,1247,760,16682,1229,620,15428,0x07
2026-09-06T16:53:47.578,189,0,2,50,586,480,7667,1142,960,12597,0x07
2026-09-06T16:53:47.643,188,0,0,51,1893,490,26183,1851,412,24040,0x07
2026-09-06T16:53:47.643,191,0,2,50,630,400,8546,1097,900,12269,0x07
2026-09-06T16:53:47.707,190,0,0,51,2273,667,30349,2361,78,31793,0x07
2026-09-06T16:53:47.707,193,0,2,51,1192,431,15368,1580,882,18530,0x07
2026-09-06T16:53:47.772,192,0,0,51,2454,784,32197,2688,0,36188,0x07
2026-09-06T16:53:47.772,195,0,2,51,1757,647,21443,2123,902,25400,0x07
2026-09-06T16:53:47.837,194,0,0,51,2397,902,30951,2809,0,37700,0x07
2026-09-06T16:53:47.837,197,0,2,50,2562,1200,29046,2863,1260,33342,0x07
2026-09-06T16:53:47.903,196,0,0,50,1543,1020,19400,2262,0,30895,0x07
2026-09-06T16:53:47.903,199,0,2,50,2562,1480,27856,2863,1700,31472,0x07
2026-09-06T16:53:47.968,198,0,0,50,1543,1000,19485,2262,0,30895,0x07
2026-09-06T16:53:47.968,201,0,2,51,2845,1765,30156,3089,1765,34089,0x07
2026-09-06T16:53:48.034,200,0,0,51,930,980,11641,1719,0,24155,0x07
2026-09-06T16:53:48.034,203,0,2,56,2874,2179,28756,3221,2286,33567,0x07
2026-09-06T16:53:48.099,202,0,0,51,241,569,4474,1293,0,18854,0x07
2026-09-06T16:53:48.099,205,0,2,54,2694,2463,25318,3125,2481,31499,0x07
2026-09-06T16:53:48.181,204,0,0,56,168,554,3598,1342,0,19472,0x07
2026-09-06T16:53:48.181,207,0,2,51,2694,2510,25119,3125,2490,31462,0x07
2026-09-06T16:53:48.246,206,0,0,51,168,412,4201,1342,0,19472,0x07
2026-09-06T16:53:48.246,209,0,2,50,2532,2560,22894,2989,2640,29083,0x07
2026-09-06T16:53:48.310,208,0,0,50,125,380,3778,1359,0,19685,0x07
2026-09-06T16:53:48.310,211,0,2,51,3240,2667,31202,3259,2882,31516,0x07
2026-09-06T16:53:48.375,210,0,0,51,65,176,3874,1349,0,19555,0x07
2026-09-06T16:53:48.375,213,0,2,52,2962,2846,27008,3335,2846,32640,0x07
2026-09-06T16:53:48.440,212,0,0,50,0,0,3871,1324,0,19251,0x07
2026-09-06T16:53:48.440,215,0,2,51,2906,2863,26241,3264,2922,31416,0x07
2026-09-06T16:53:48.504,214,0,0,51,-11,-39,3750,1281,0,18707,0x07
2026-09-06T16:53:48.504,217,0,2,58,2434,2862,20404,2991,3121,27077,0x07
2026-09-06T16:53:48.585,216,0,0,54,-60,0,4559,1254,0,18380,0x07
2026-09-06T16:53:48.585,219,0,2,51,2434,2804,20651,2991,3020,27506,0x07
2026-09-06T16:53:48.649,218,0,0,50,-60,0,4559,1254,0,18380,0x07
2026-09-06T16:53:48.649,221,0,2,51,2338,2608,20295,2815,3039,25161,0x07
2026-09-06T16:53:48.714,220,0,0,51,-96,0,5016,1253,0,18368,0x07
2026-09-06T16:53:48.714,223,0,2,52,1776,2327,14538,2338,2865,19801,0x07
2026-09-06T16:53:48.780,222,0,0,50,-105,-20,5046,1242,0,18228,0x07
2026-09-06T16:53:48.780,225,0,2,51,1776,2137,15344,2338,2706,20478,0x07
2026-09-06T16:53:48.844,224,0,0,51,-77,-39,4606,1224,0,17998,0x07
2026-09-06T16:53:48.845,227,0,2,50,2502,2240,23896,2737,2580,26124,0x07
2026-09-06T16:53:48.910,226,0,0,50,-50,-20,4334,1206,0,17780,0x07
2026-09-06T16:53:48.910,229,0,2,50,2379,2620,20747,2812,2760,26307,0x07
2026-09-06T16:53:48.975,228,0,0,51,-58,0,4524,1225,0,18011,0x07
2026-09-06T16:53:48.975,231,0,2,55,2260,2145,21294,2724,2473,26405,0x07
2026-09-06T16:53:49.040,230,0,0,50,-75,0,4747,1260,0,18454,0x07
2026-09-06T16:53:49.040,233,0,2,51,2260,2176,21163,2724,2569,26027,0x07
2026-09-06T16:53:49.121,232,0,0,50,-69,0,4672,1267,0,18532,0x07
2026-09-06T16:53:49.121,235,0,2,50,2348,2060,22743,2757,2480,26859,0x07
2026-09-06T16:53:49.171,234,0,0,50,-25,0,4101,1219,0,17936,0x07
2026-09-06T16:53:49.171,237,0,2,51,2379,2314,22049,2792,2588,26877,0x07
2026-09-06T16:53:49.252,236,0,0,56,-43,0,4337,1251,0,18333,0x07
2026-09-06T16:53:49.252,239,0,2,50,2480,1660,26084,2860,2600,27752,0x07
2026-09-06T16:53:49.316,238,0,0,52,-43,0,4337,1251,0,18333,0x07
2026-09-06T16:53:49.316,241,0,2,51,2538,1588,27103,2916,2549,28728,0x07
2026-09-06T16:53:49.446,240,0,0,52,-43,0,4328,1252,0,18354,0x07
2026-09-06T16:53:49.446,243,0,2,53,2973,1415,33219,3178,2189,33691,0x07
2026-09-06T16:53:49.511,242,0,0,56,-21,0,4052,1221,0,17963,0x07
2026-09-06T16:53:49.511,245,0,2,50,2973,1320,33624,3178,2420,32740,0x07
2026-09-06T16:53:49.576,244,0,0,50,-21,0,4052,1221,0,17963,0x07
2026-09-06T16:53:49.576,247,0,2,51,0,0,6223,3341,2725,33606,0x07
2026-09-06T16:53:49.642,246,0,0,50,-46,0,4367,1249,0,18311,0x07
2026-09-06T16:53:49.642,249,0,2,57,3374,35,40000,2569,2316,25389,0x07
2026-09-06T16:53:49.707,248,0,0,57,-47,0,4380,1233,0,18120,0x07
2026-09-06T16:53:49.707,251,0,2,51,0,0,6927,2569,2020,26672,0x07
2026-09-06T16:53:49.788,250,0,0,52,-47,0,4380,1233,0,18120,0x07
2026-09-06T16:53:49.788,253,0,2,50,0,0,4861,2322,2060,23302,0x07
2026-09-06T16:53:49.853,252,0,0,52,-70,0,4676,1266,0,18520,0x07
2026-09-06T16:53:49.853,255,0,2,51,297,98,5705,1443,1529,14213,0x07
2026-09-06T16:53:49.918,254,0,0,51,-67,0,4651,1269,0,18567,0x07
2026-09-06T16:53:49.983,256,0,0,51,-26,0,4109,1220,0,17951,0x07
2026-09-06T16:53:49.983,257,0,2,50,294,340,4643,1445,0,20759,0x07
2026-09-06T16:53:50.048,258,0,0,50,-47,0,4384,1247,0,18293,0x07
2026-09-06T16:53:50.048,257,0,2,50,291,0,6046,1449,220,19885,0x07
2026-09-06T16:53:50.113,258,0,0,50,-24,0,4087,1218,0,17924,0x07
2026-09-06T16:53:50.113,263,0,2,51,0,0,4764,0,0,14715,0x07
2026-09-06T16:53:50.179,258,0,0,50,-24,0,4087,1218,0,17924,0x07
2026-09-06T16:53:50.179,265,0,2,51,285,0,5974,1455,0,20897,0x07
2026-09-06T16:53:50.244,264,0,0,50,0,0,4032,0,0,12723,0x07
2026-09-06T16:53:50.244,267,0,2,52,291,0,6046,1449,154,20170,0x07
2026-09-06T16:53:50.325,266,0,0,51,-29,0,4157,1214,0,17885,0x07
2026-09-06T16:53:50.325,269,0,2,57,293,0,6075,1446,105,20341,0x07
2026-09-06T16:53:50.390,268,0,0,50,-52,0,4454,1248,0,18298,0x07
2026-09-06T16:53:50.390,271,0,2,52,293,0,6075,1446,0,20788,0x07
2026-09-06T16:53:50.456,270,0,0,51,-51,0,4432,1253,0,18359,0x07
2026-09-06T16:53:50.456,273,0,2,51,294,20,6001,1446,353,19278,0x07
2026-09-06T16:53:50.521,272,0,0,50,-49,0,4411,1255,0,18389,0x07
2026-09-06T16:53:50.586,274,0,0,51,-65,0,4621,1274,0,18629,0x07
2026-09-06T16:53:50.586,277,0,2,50,294,0,6092,1445,1380,14905,0x07
2026-09-06T16:53:50.652,276,0,0,52,-48,0,4401,1258,0,18424,0x07
2026-09-06T16:53:50.652,277,0,2,52,295,0,6096,1445,1212,15621,0x07
2026-09-06T16:53:50.716,276,0,0,50,-23,0,4079,1222,0,17977,0x07
2026-09-06T16:53:50.782,276,0,0,50,-23,0,4079,1222,0,17977,0x07
2026-09-06T16:53:50.782,283,0,2,51,0,0,0,0,0,0,0x03
2026-09-06T16:53:50.847,282,0,0,50,0,0,4220,0,0,12987,0x07
2026-09-06T16:53:50.847,283,0,2,51,0,0,0,0,0,0,0x03
2026-09-06T16:53:50.929,282,0,0,50,-51,0,4437,1247,0,18285,0x07
2026-09-06T16:53:50.929,287,0,2,51,0,0,8262,0,0,23714,0x07
2026-09-06T16:53:50.994,282,0,0,53,-51,0,4437,1247,0,18285,0x07
2026-09-06T16:53:50.994,289,0,2,53,3374,57,40000,1689,679,21036,0x07
2026-09-06T16:53:51.059,288,0,0,52,0,0,4173,0,0,12898,0x07
2026-09-06T16:53:51.059,291,0,2,50,0,0,7977,1689,640,21203,0x07
2026-09-06T16:53:51.124,290,0,0,50,-52,0,4454,1250,0,18328,0x07
2026-09-06T16:53:51.124,293,0,2,51,0,0,5061,2456,725,30751,0x07
2026-09-06T16:53:51.190,292,0,0,50,-52,0,4454,1250,0,18328,0x07
2026-09-06T16:53:51.190,295,0,2,50,321,540,4131,1417,680,17517,0x07
2026-09-06T16:53:51.255,294,0,0,51,-66,0,4633,1269,0,18567,0x07
2026-09-06T16:53:51.255,297,0,2,50,368,460,5056,1368,460,17819,0x07
2026-09-06T16:53:51.320,296,0,0,52,-43,0,4337,1239,0,18185,0x07
2026-09-06T16:53:51.320,299,0,2,52,369,288,5793,1367,442,17885,0x07
2026-09-06T16:53:51.385,298,0,0,56,-44,0,4350,1232,0,18103,0x07
2026-09-06T16:53:51.385,301,0,2,50,390,400,5573,1346,400,17789,0x07
2026-09-06T16:53:51.450,300,0,0,51,-44,0,4350,1232,0,18103,0x07
2026-09-06T16:53:51.450,303,0,2,50,412,400,5850,1323,540,16896,0x07
2026-09-06T16:53:51.514,302,0,0,50,-28,0,4144,1214,0,17876,0x07
2026-09-06T16:53:51.514,305,0,2,51,414,255,6496,1320,608,16576,0x07
2026-09-06T16:53:51.596,304,0,0,50,-29,0,4152,1214,0,17876,0x07
2026-09-06T16:53:51.596,307,0,2,51,447,39,7820,1286,1118,13965,0x07
2026-09-06T16:53:51.661,306,0,0,51,-48,0,4398,1233,0,18115,0x07
2026-09-06T16:53:51.661,309,0,2,51,486,0,8459,1246,1216,13038,0x07
2026-09-06T16:53:51.726,308,0,0,50,-32,0,4188,1217,0,17911,0x07
2026-09-06T16:53:51.726,311,0,2,50,498,0,8618,1233,1100,13357,0x07
2026-09-06T16:53:51.791,310,0,0,53,-69,0,4672,1272,0,18603,0x07
2026-09-06T16:53:51.791,313,0,2,50,485,0,8446,1247,80,17878,0x07
2026-09-06T16:53:51.856,312,0,0,50,-69,0,4672,1272,0,18603,0x07
2026-09-06T16:53:51.856,315,0,2,50,485,60,8191,1247,80,17878,0x07
2026-09-06T16:53:51.921,314,0,0,50,-28,0,4140,1224,0,18003,0x07
2026-09-06T16:53:51.921,317,0,2,51,478,0,8363,1254,0,18309,0x07
2026-09-06T16:53:51.986,316,0,0,52,-28,0,4140,1219,0,17946,0x07
2026-09-06T16:53:51.986,319,0,2,56,468,0,8242,1265,71,18137,0x07
2026-09-06T16:53:52.051,318,0,0,51,-29,0,4148,1217,0,17920,0x07
2026-09-06T16:53:52.051,321,0,2,53,0,0,0,0,0,0,0x03
2026-09-06T16:53:52.133,320,0,0,51,-48,0,4393,1235,0,18137,0x07
2026-09-06T16:53:52.133,323,0,2,51,0,0,6177,0,0,13150,0x07
2026-09-06T16:53:52.197,322,0,0,50,-71,0,4699,1268,0,18550,0x07
2026-09-06T16:53:52.197,325,0,2,51,459,39,7959,1274,216,17649,0x07
2026-09-06T16:53:52.263,324,0,0,50,-53,0,4459,1252,0,18354,0x07
2026-09-06T16:53:52.263,327,0,2,51,458,0,8117,1275,1431,12497,0x07
2026-09-06T16:53:52.328,326,0,0,52,-53,0,4459,1252,0,18354,0x07
2026-09-06T16:53:52.328,329,0,2,50,469,0,8254,1264,1280,12987,0x07
2026-09-06T16:53:52.392,328,0,0,51,-27,0,4131,1221,0,17963,0x07
2026-09-06T16:53:52.392,331,0,2,51,453,0,8062,1280,1020,14301,0x07
2026-09-06T16:53:52.458,330,0,0,54,0,0,0,0,0,0,0x03
2026-09-06T16:53:52.458,333,0,2,54,470,0,8263,1263,1241,13144,0x07
2026-09-06T16:53:52.523,332,0,0,51,0,0,4185,0,0,12889,0x07
2026-09-06T16:53:52.523,335,0,2,50,470,0,8263,1263,1300,12892,0x07
2026-09-06T16:53:52.588,334,0,0,51,-47,0,4384,1235,0,18137,0x07
2026-09-06T16:53:52.588,337,0,2,51,453,0,8058,0,0,20617,0x07
2026-09-06T16:53:52.670,336,0,0,50,-49,0,4405,1236,0,18146,0x07
2026-09-06T16:53:52.670,339,0,2,51,2726,0,36174,-2135,-255,28607,0x07
2026-09-06T16:53:52.736,338,0,0,51,-53,0,4467,1250,0,18319,0x07
2026-09-06T16:53:52.736,341,0,2,56,989,411,12938,-299,-375,4366,0x07
2026-09-06T16:53:52.800,340,0,0,51,-47,0,4380,1239,0,18185,0x07
2026-09-06T16:53:52.800,343,0,2,50,0,0,13220,0,0,29207,0x07
2026-09-06T16:53:52.865,342,0,0,54,-320,0,7920,1206,0,17780,0x07
2026-09-06T16:53:52.866,345,0,2,52,472,77,7969,1260,2615,7270,0x07
2026-09-06T16:53:52.931,344,0,0,50,0,0,33092,0,0,26069,0x07
2026-09-06T16:53:52.931,347,0,2,51,472,490,6212,1260,667,15552,0x07
2026-09-06T16:53:52.996,346,0,0,51,3374,745,40000,-2847,0,38170,0x07
2026-09-06T16:53:52.996,349,0,2,50,474,620,5678,1259,0,18363,0x07
2026-09-06T16:53:53.061,348,0,0,51,661,392,10666,-140,0,4539,0x07
2026-09-06T16:53:53.061,351,0,2,51,490,353,7013,1242,39,17984,0x07
2026-09-06T16:53:53.126,350,0,0,50,585,500,9217,0,0,3847,0x07
2026-09-06T16:53:53.126,353,0,2,51,474,373,6733,1259,314,17030,0x07
2026-09-06T16:53:53.192,352,0,0,52,544,346,9343,128,0,4393,0x07
2026-09-06T16:53:53.192,355,0,2,50,466,340,6768,1267,560,16092,0x07
2026-09-06T16:53:53.257,354,0,0,50,588,400,9685,311,0,6661,0x07
2026-09-06T16:53:53.257,357,0,2,50,416,380,5984,1318,700,16162,0x07
2026-09-06T16:53:53.322,356,0,0,52,2071,346,29105,1979,0,27386,0x07
2026-09-06T16:53:53.322,359,0,2,50,354,60,6573,1383,200,19124,0x07
2026-09-06T16:53:53.404,358,0,0,51,2071,451,28659,1979,0,27386,0x07
2026-09-06T16:53:53.404,361,0,2,50,0,0,0,0,0,0,0x03
2026-09-06T16:53:53.469,360,0,0,51,0,0,0,0,0,0,0x03
2026-09-06T16:53:53.469,363,0,2,51,0,0,5559,0,0,13834,0x07
2026-09-06T16:53:53.533,362,0,0,51,0,0,26815,0,0,25079,0x07
2026-09-06T16:53:53.533,365,0,2,50,0,0,0,0,0,0,0x03
2026-09-06T16:53:53.598,364,0,0,51,2652,1392,32168,2726,20,36582,0x07
2026-09-06T16:53:53.598,367,0,2,52,0,0,0,0,0,0,0x03
2026-09-06T16:53:53.664,366,0,0,52,2953,865,38305,3232,96,40000,0x07
2026-09-06T16:53:53.664,369,0,2,51,0,0,6514,0,0,12777,0x07
2026-09-06T16:53:53.730,368,0,0,51,3197,1039,40000,3500,0,40000,0x07
2026-09-06T16:53:53.730,371,0,2,51,378,490,5044,1358,255,18565,0x07
2026-09-06T16:53:53.794,370,0,0,51,2954,1412,35995,3447,39,40000,0x07
2026-09-06T16:53:53.795,373,0,2,50,378,180,6362,1358,320,18288,0x07
2026-09-06T16:53:53.860,372,0,0,51,2473,1529,29270,3075,0,40000,0x07
2026-09-06T16:53:53.860,375,0,2,50,371,180,6283,1365,440,17864,0x07
2026-09-06T16:53:53.942,374,0,0,50,1773,1520,20252,2486,0,33677,0x07
2026-09-06T16:53:53.942,377,0,2,52,406,173,6738,1329,481,17230,0x07
2026-09-06T16:53:54.007,376,0,0,55,360,982,4267,1376,0,19894,0x07
2026-09-06T16:53:54.007,379,0,2,52,490,38,8350,1242,19,18064,0x07
2026-09-06T16:53:54.071,378,0,0,51,360,804,5023,1376,0,19894,0x07
2026-09-06T16:53:54.072,381,0,2,51,490,59,8263,1242,98,17729,0x07
2026-09-06T16:53:54.137,380,0,0,50,254,700,4085,1487,0,21268,0x07
2026-09-06T16:53:54.137,383,0,2,51,493,137,7968,1239,157,17439,0x07
2026-09-06T16:53:54.203,382,0,0,50,170,320,4617,1574,0,22347,0x07
2026-09-06T16:53:54.203,385,0,2,50,494,280,7370,1238,360,16566,0x07
2026-09-06T16:53:54.268,384,0,0,50,105,180,4366,1642,0,23194,0x07
2026-09-06T16:53:54.268,387,0,2,51,530,333,7590,1201,490,15533,0x07
2026-09-06T16:53:54.333,386,0,0,50,80,80,4472,1667,0,23507,0x07
2026-09-06T16:53:54.333,389,0,2,52,531,58,8778,1199,558,15224,0x07
2026-09-06T16:53:54.399,388,0,0,57,3374,0,40000,-2409,0,32730,0x07
2026-09-06T16:53:54.399,391,0,2,54,557,0,9340,1172,1278,11820,0x07
2026-09-06T16:53:54.463,390,0,0,51,3374,1000,40000,0,0,4349,0x07
2026-09-06T16:53:54.464,393,0,2,51,0,0,5644,1172,1098,12583,0x07
2026-09-06T16:53:54.528,392,0,0,51,0,0,24540,190,0,5157,0x07
2026-09-06T16:53:54.528,395,0,2,50,0,0,4061,2158,380,28370,0x07
2026-09-06T16:53:54.610,394,0,0,51,0,0,4601,3500,0,40000,0x07
2026-09-06T16:53:54.610,397,0,2,52,198,96,4494,1545,462,20098,0x07
2026-09-06T16:53:54.675,396,0,0,56,181,196,5283,971,0,14855,0x07
2026-09-06T16:53:54.675,399,0,2,50,200,200,4074,1543,600,19487,0x07
2026-09-06T16:53:54.740,398,0,0,52,181,154,5464,971,0,14855,0x07
2026-09-06T16:53:54.740,401,0,2,50,1155,140,16142,552,780,5919,0x07
2026-09-06T16:53:54.805,400,0,0,50,288,20,7416,1009,0,15332,0x07
2026-09-06T16:53:54.805,403,0,2,51,593,255,8707,1200,98,17191,0x07
2026-09-06T16:53:54.871,402,0,0,51,166,78,5592,1136,0,16907,0x07
2026-09-06T16:53:54.871,405,0,2,50,870,300,11943,1416,300,19119,0x07
2026-09-06T16:53:54.936,404,0,0,50,139,0,5576,1144,0,17016,0x07
2026-09-06T16:53:54.936,407,0,2,51,938,451,12141,1515,471,19679,0x07
2026-09-06T16:53:55.001,406,0,0,50,149,0,5702,1141,0,16967,0x07
2026-09-06T16:53:55.001,409,0,2,51,1329,510,16724,1802,647,22635,0x07
2026-09-06T16:53:55.066,408,0,0,52,145,0,5655,1126,0,16784,0x07
2026-09-06T16:53:55.066,411,0,2,51,0,0,6476,2014,961,24042,0x07
2026-09-06T16:53:55.146,410,0,0,50,145,0,5655,1126,0,16784,0x07
2026-09-06T16:53:55.147,413,0,2,50,0,0,3693,2264,880,27616,0x07
2026-09-06T16:53:55.212,412,0,0,50,156,0,5794,1112,0,16606,0x07
2026-09-06T16:53:55.212,415,0,2,50,153,120,3833,1591,620,20031,0x07
2026-09-06T16:53:55.277,414,0,0,51,125,0,5388,1148,0,17063,0x07
2026-09-06T16:53:55.277,417,0,2,50,153,280,3153,1591,320,21306,0x07
2026-09-06T16:53:55.343,416,0,0,51,162,0,5872,1126,0,16789,0x07
2026-09-06T16:53:55.343,419,0,2,50,135,200,3267,1610,500,20785,0x07
2026-09-06T16:53:55.407,418,0,0,51,183,0,6143,1134,0,16886,0x07
2026-09-06T16:53:55.407,421,0,2,51,171,176,3818,1573,706,19421,0x07
2026-09-06T16:53:55.473,420,0,0,52,161,0,5864,1126,0,16789,0x07
2026-09-06T16:53:55.473,423,0,2,51,176,118,4127,1568,216,21441,0x07
2026-09-06T16:53:55.538,422,0,0,50,161,0,5864,1126,0,16789,0x07
2026-09-06T16:53:55.538,425,0,2,51,253,0,5578,1488,137,20743,0x07
2026-09-06T16:53:55.603,424,0,0,52,166,0,5930,1112,0,16615,0x07
2026-09-06T16:53:55.603,427,0,2,51,244,157,4808,1497,353,19940,0x07
2026-09-06T16:53:55.669,426,0,0,50,154,0,5771,1120,0,16707,0x07
2026-09-06T16:53:55.669,429,0,2,50,233,180,4575,1508,520,19375,0x07
2026-09-06T16:53:55.750,428,0,0,50,164,0,5894,1125,0,16767,0x07
2026-09-06T16:53:55.750,431,0,2,52,3374,250,40000,0,0,9201,0x07
2026-09-06T16:53:55.815,430,0,0,52,166,0,5930,1114,0,16641,0x07
2026-09-06T16:53:55.815,433,0,2,51,2388,902,28171,0,0,3677,0x07
2026-09-06T16:53:55.880,432,0,0,50,166,0,5921,1128,0,16807,0x07
2026-09-06T16:53:55.880,435,0,2,52,566,212,8554,182,0,4452,0x07
2026-09-06T16:53:55.945,437,0,2,50,0,0,12800,2171,0,30161,0x07
2026-09-06T16:53:56.010,436,0,0,51,155,0,5777,1124,0,16755,0x07
2026-09-06T16:53:56.010,437,0,2,51,-1274,-1235,12965,3072,1078,37213,0x07
2026-09-06T16:53:56.076,438,0,0,50,172,0,6009,1101,0,16476,0x07
2026-09-06T16:53:56.076,437,0,2,51,-1274,-216,17298,3072,1745,34380,0x07
2026-09-06T16:53:56.141,438,0,0,54,163,0,5886,1126,0,16789,0x07
2026-09-06T16:53:56.141,443,0,2,51,0,0,14546,0,0,3878,0x07
2026-09-06T16:53:56.206,442,0,0,50,163,0,5886,1126,0,16789,0x07
2026-09-06T16:53:56.206,445,0,2,50,1489,440,19004,205,0,4751,0x07
2026-09-06T16:53:56.271,444,0,0,51,173,0,6021,1103,0,16502,0x07
2026-09-06T16:53:56.271,447,0,2,51,1614,373,20835,76,20,2993,0x07
2026-09-06T16:53:56.336,446,0,0,51,161,0,5860,1113,0,16620,0x07
2026-09-06T16:53:56.336,449,0,2,50,44,60,2744,3500,1180,40000,0x07
2026-09-06T16:53:56.417,448,0,0,52,150,0,5716,1122,0,16737,0x07
2026-09-06T16:53:56.417,451,0,2,50,1850,0,25337,2304,1940,23636,0x07
2026-09-06T16:53:56.482,450,0,0,51,158,0,5825,1112,0,16615,0x07
2026-09-06T16:53:56.482,453,0,2,51,1447,1216,15194,2076,1431,22848,0x07
2026-09-06T16:53:56.547,452,0,0,50,149,0,5707,1122,0,16732,0x07
2026-09-06T16:53:56.547,455,0,2,51,1238,137,17189,1859,784,22788,0x07
2026-09-06T16:53:56.612,454,0,0,52,149,0,5707,1122,0,16732,0x07
2026-09-06T16:53:56.613,457,0,2,51,0,0,6672,1665,216,22694,0x07
2026-09-06T16:53:56.677,456,0,0,51,149,0,5711,1121,0,16729,0x07
2026-09-06T16:53:56.677,459,0,2,51,0,0,3828,2289,275,30515,0x07
2026-09-06T16:53:56.743,458,0,0,52,171,0,5987,1100,0,16463,0x07
2026-09-06T16:53:56.743,461,0,2,51,169,196,3715,1574,431,20610,0x07
2026-09-06T16:53:56.808,460,0,0,50,161,0,5860,1110,0,16589,0x07
2026-09-06T16:53:56.808,463,0,2,52,0,0,6804,623,788,6792,0x07
2026-09-06T16:53:56.873,462,0,0,50,161,0,5855,1111,0,16598,0x07
2026-09-06T16:53:56.873,465,0,2,51,0,0,3759,2306,235,30899,0x07
2026-09-06T16:53:56.954,464,0,0,52,160,0,5850,1111,0,16602,0x07
2026-09-06T16:53:56.954,467,0,2,51,161,98,4026,1583,588,20057,0x07
2026-09-06T16:53:57.018,466,0,0,51,150,0,5720,1122,0,16737,0x07
2026-09-06T16:53:57.018,469,0,2,51,216,0,5119,1526,157,21157,0x07
2026-09-06T16:53:57.083,468,0,0,50,150,0,5720,1122,0,16737,0x07
2026-09-06T16:53:57.083,471,0,2,51,235,0,5358,1506,118,21066,0x07
2026-09-06T16:53:57.149,470,0,0,51,160,0,5842,1112,0,16615,0x07
2026-09-06T16:53:57.149,473,0,2,53,240,0,5420,1501,0,21499,0x07
2026-09-06T16:53:57.214,472,0,0,57,161,0,5855,1111,0,16602,0x07
2026-09-06T16:53:57.214,475,0,2,51,240,0,5420,1501,0,21499,0x07
2026-09-06T16:53:57.279,474,0,0,51,161,0,5855,1111,0,16602,0x07
2026-09-06T16:53:57.279,477,0,2,51,233,0,5332,1508,0,21593,0x07
2026-09-06T16:53:57.345,476,0,0,51,151,0,5733,1121,0,16729,0x07
2026-09-06T16:53:57.345,479,0,2,50,227,0,5258,1515,0,21675,0x07
2026-09-06T16:53:57.411,478,0,0,51,0,0,4191,1124,0,16763,0x07
2026-09-06T16:53:57.411,481,0,2,51,222,0,5194,1520,0,21742,0x07
2026-09-06T16:53:57.476,480,0,0,50,-48,-180,3628,1152,0,17111,0x07
2026-09-06T16:53:57.476,483,0,2,51,218,0,5153,1524,0,21788,0x07
2026-09-06T16:53:57.558,482,0,0,51,-147,-118,5185,1185,0,17520,0x07
2026-09-06T16:53:57.558,485,0,2,52,216,0,5123,1526,0,21818,0x07
2026-09-06T16:53:57.623,484,0,0,51,-227,0,6711,1257,0,18411,0x07
2026-09-06T16:53:57.623,487,0,2,50,214,0,5098,1528,0,21846,0x07
2026-09-06T16:53:57.687,486,0,0,53,3374,0,40000,-2672,0,35995,0x07
2026-09-06T16:53:57.687,489,0,2,52,214,0,5098,1528,0,21846,0x07
2026-09-06T16:53:57.752,488,0,0,50,3374,1180,40000,0,0,3151,0x07
2026-09-06T16:53:57.752,491,0,2,51,214,0,5094,1528,0,21851,0x07
2026-09-06T16:53:57.817,490,0,0,51,1238,412,18040,43,0,3335,0x07
2026-09-06T16:53:57.817,493,0,2,51,214,0,5094,1528,0,21851,0x07
2026-09-06T16:53:57.882,492,0,0,51,1305,686,17750,147,0,4627,0x07
2026-09-06T16:53:57.882,495,0,2,51,214,0,5098,1528,0,21846,0x07
2026-09-06T16:53:57.948,494,0,0,52,1348,654,18438,265,0,6088,0x07
2026-09-06T16:53:57.948,497,0,2,52,214,0,5098,1528,0,21846,0x07
2026-09-06T16:53:58.012,496,0,0,50,1299,660,17783,402,0,7792,0x07
2026-09-06T16:53:58.012,499,0,2,51,215,0,5107,1528,0,21842,0x07
2026-09-06T16:53:58.094,498,0,0,51,1140,647,15774,568,0,9850,0x07
2026-09-06T16:53:58.094,501,0,2,52,215,0,5107,1528,0,21842,0x07
2026-09-06T16:53:58.143,500,0,0,51,1140,627,15857,568,0,9850,0x07
2026-09-06T16:53:58.143,503,0,2,51,215,0,5107,1527,0,21837,0x07
2026-09-06T16:53:58.224,502,0,0,51,1056,627,14774,654,0,10928,0x07
2026-09-06T16:53:58.224,505,0,2,56,215,0,5107,1527,0,21837,0x07
2026-09-06T16:53:58.289,504,0,0,52,1312,577,18302,1036,0,15664,0x07
2026-09-06T16:53:58.289,507,0,2,53,215,0,5107,1527,0,21837,0x07
2026-09-06T16:53:58.353,506,0,0,56,2731,554,36752,2775,0,37270,0x07
2026-09-06T16:53:58.354,509,0,2,50,215,0,5107,1527,0,21837,0x07
2026-09-06T16:53:58.419,508,0,0,50,2731,680,36215,2775,0,37270,0x07
2026-09-06T16:53:58.419,511,0,2,51,215,0,5111,1527,0,21837,0x07
2026-09-06T16:53:58.484,510,0,0,51,3127,882,40000,3312,196,40000,0x07
2026-09-06T16:53:58.484,513,0,2,53,215,0,5107,1527,0,21837,0x07
2026-09-06T16:53:58.550,512,0,0,56,3220,1339,39749,3500,0,40000,0x07
2026-09-06T16:53:58.550,515,0,2,50,215,0,5107,1527,0,21837,0x07
2026-09-06T16:53:58.615,514,0,0,52,0,0,0,0,0,0,0x03
2026-09-06T16:53:58.615,517,0,2,50,215,0,5107,1527,0,21837,0x07
2026-09-06T16:53:58.680,516,0,0,51,0,0,25399,0,0,29302,0x07
2026-09-06T16:53:58.680,519,0,2,50,215,0,5107,1527,0,21837,0x07
2026-09-06T16:53:58.762,518,0,0,50,2489,680,33086,3243,0,40000,0x07
2026-09-06T16:53:58.762,521,0,2,50,215,0,5107,1527,0,21837,0x07
2026-09-06T16:53:58.827,520,0,0,50,1236,1220,14587,2163,0,29669,0x07
2026-09-06T16:53:58.827,523,0,2,51,215,0,5107,1527,0,21837,0x07
2026-09-06T16:53:58.892,522,0,0,52,296,1058,3115,1443,0,20724,0x07
2026-09-06T16:53:58.892,525,0,2,56,215,0,5107,1527,0,21837,0x07
2026-09-06T16:53:58.958,524,0,0,52,154,577,3319,1590,0,22551,0x07
2026-09-06T16:53:58.958,527,0,2,52,215,0,5107,1527,0,21837,0x07
2026-09-06T16:53:59.023,526,0,0,50,154,440,3901,1590,0,22551,0x07
2026-09-06T16:53:59.023,529,0,2,51,215,0,5107,1527,0,21837,0x07
2026-09-06T16:53:59.088,528,0,0,52,79,269,3654,1668,0,23520,0x07
2026-09-06T16:53:59.088,531,0,2,52,215,0,5107,1527,0,21837,0x07
2026-09-06T16:53:59.154,530,0,0,51,36,196,3411,0,0,21649,0x07
2026-09-06T16:53:59.154,533,0,2,53,215,0,5107,1527,0,21837,0x07
2026-09-06T16:53:59.219,532,0,0,50,0,0,17778,0,0,27751,0x07
2026-09-06T16:53:59.219,535,0,2,51,215,0,5107,1527,0,21837,0x07
2026-09-06T16:53:59.284,534,0,0,50,0,0,31734,0,0,15776,0x07
2026-09-06T16:53:59.284,537,0,2,52,215,0,5107,1527,0,21837,0x07
2026-09-06T16:53:59.350,536,0,0,50,3218,620,40000,0,0,5188,0x07
2026-09-06T16:53:59.350,539,0,2,50,215,0,5107,1527,0,21837,0x07
2026-09-06T16:53:59.432,538,0,0,52,1387,423,19920,312,0,6666,0x07
2026-09-06T16:53:59.432,541,0,2,50,215,0,5107,1527,0,21837,0x07
2026-09-06T16:53:59.497,540,0,0,50,1387,280,20529,312,20,6581,0x07
2026-09-06T16:53:59.497,543,0,2,52,215,0,5107,1527,0,21837,0x07
2026-09-06T16:53:59.562,542,0,0,51,1369,0,21488,330,549,4563,0x07
2026-09-06T16:53:59.562,545,0,2,52,215,0,5107,1527,0,21837,0x07
2026-09-06T16:53:59.627,544,0,0,51,1300,0,20593,402,353,6288,0x07
2026-09-06T16:53:59.627,547,0,2,51,215,0,5107,1527,0,21837,0x07
2026-09-06T16:53:59.692,546,0,0,50,1237,0,19781,467,400,6897,0x07
2026-09-06T16:53:59.692,549,0,2,51,215,0,5107,1527,0,21837,0x07
2026-09-06T16:53:59.758,548,0,0,50,1224,0,19615,480,440,6893,0x07
2026-09-06T16:53:59.758,551,0,2,50,215,0,5107,1527,0,21837,0x07
2026-09-06T16:53:59.822,550,0,0,54,1278,0,20309,425,74,7760,0x07
2026-09-06T16:53:59.822,553,0,2,51,215,0,5107,1527,0,21837,0x07
2026-09-06T16:53:59.887,552,0,0,50,1278,0,20309,425,0,8075,0x07
2026-09-06T16:53:59.887,555,0,2,51,0,0,0,0,0,0,0x03
2026-09-06T16:53:59.952,554,0,0,51,1247,0,19912,456,0,8467,0x07
2026-09-06T16:53:59.952,557,0,2,50,0,0,4195,0,0,15346,0x07
2026-09-06T16:54:00.033,556,0,0,50,1277,0,20300,425,0,8079,0x07
2026-09-06T16:54:00.033,559,0,2,55,215,0,5107,1527,0,21837,0x07
2026-09-06T16:54:00.098,558,0,0,51,1285,0,20400,417,0,7980,0x07
2026-09-06T16:54:00.098,561,0,2,50,215,0,5107,1527,0,21837,0x07
2026-09-06T16:54:00.162,560,0,0,50,1311,0,20736,390,0,7645,0x07
2026-09-06T16:54:00.162,563,0,2,50,215,0,5107,1527,0,21837,0x07
2026-09-06T16:54:00.228,562,0,0,54,1291,0,20475,411,0,7906,0x07
2026-09-06T16:54:00.228,565,0,2,52,215,0,5107,1527,0,21837,0x07
2026-09-06T16:54:00.293,564,0,0,51,1291,0,20475,411,0,7906,0x07
2026-09-06T16:54:00.293,567,0,2,51,215,0,5107,1527,0,21837,0x07
2026-09-06T16:54:00.359,566,0,0,52,1316,38,20635,385,0,7584,0x07
2026-09-06T16:54:00.359,569,0,2,52,215,0,5107,1527,0,21837,0x07
2026-09-06T16:54:00.423,568,0,0,51,1291,176,19725,411,0,7906,0x07
2026-09-06T16:54:00.424,571,0,2,52,215,0,5107,1527,0,21837,0x07
2026-09-06T16:54:00.489,570,0,0,53,1263,321,18758,440,0,8257,0x07
2026-09-06T16:54:00.489,573,0,2,55,215,0,5107,1527,0,21837,0x07
2026-09-06T16:54:00.570,572,0,0,51,1263,412,18371,440,0,8257,0x07
2026-09-06T16:54:00.570,575,0,2,51,215,0,5107,1527,0,21837,0x07
2026-09-06T16:54:00.634,574,0,0,50,1258,440,18182,445,0,8327,0x07
2026-09-06T16:54:00.634,577,0,2,51,215,0,5107,1527,0,21837,0x07
2026-09-06T16:54:00.699,576,0,0,50,1156,560,16354,551,0,9640,0x07
2026-09-06T16:54:00.699,579,0,2,51,215,0,5107,1527,0,21837,0x07
2026-09-06T16:54:00.764,578,0,0,50,1156,520,16524,551,0,9640,0x07
2026-09-06T16:54:00.764,581,0,2,52,215,0,5107,1527,0,21837,0x07
2026-09-06T16:54:00.829,580,0,0,50,1111,540,15857,0,0,7119,0x07
2026-09-06T16:54:00.829,583,0,2,52,215,0,5107,1527,0,21837,0x07
2026-09-06T16:54:00.895,582,0,0,57,1079,596,15203,2090,0,28764,0x07
2026-09-06T16:54:00.895,585,0,2,51,215,0,5107,1527,0,21837,0x07
2026-09-06T16:54:00.960,584,0,0,51,1079,549,15404,0,0,7334,0x07
2026-09-06T16:54:00.960,587,0,2,50,215,0,5107,1527,0,21837,0x07
2026-09-06T16:54:01.025,586,0,0,51,1733,588,23702,0,0,31319,0x07
2026-09-06T16:54:01.025,589,0,2,51,215,0,5107,1527,0,21837,0x07
2026-09-06T16:54:01.090,588,0,0,52,2128,558,28940,3490,0,40000,0x07
2026-09-06T16:54:01.091,591,0,2,50,215,0,5107,1527,0,21837,0x07
2026-09-06T16:54:01.172,590,0,0,55,3258,873,40000,3482,0,40000,0x07
2026-09-06T16:54:01.172,593,0,2,50,215,0,5107,1527,0,21837,0x07
2026-09-06T16:54:01.237,592,0,0,51,3258,1235,40000,3482,0,40000,0x07
2026-09-06T16:54:01.237,595,0,2,51,215,0,5107,1527,0,21837,0x07
2026-09-06T16:54:01.302,594,0,0,51,3295,1412,40000,3500,0,40000,0x07
2026-09-06T16:54:01.302,597,0,2,53,215,0,5107,1527,0,21837,0x07
2026-09-06T16:54:01.368,596,0,0,51,3113,1608,37214,3500,20,40000,0x07
2026-09-06T16:54:01.368,599,0,2,51,215,0,5107,1527,0,21837,0x07
2026-09-06T16:54:01.432,598,0,0,50,2585,1640,30259,3212,0,40000,0x07
2026-09-06T16:54:01.432,601,0,2,50,215,0,5107,1527,0,21837,0x07
2026-09-06T16:54:01.498,600,0,0,51,1439,1627,15484,2311,0,31512,0x07
2026-09-06T16:54:01.498,603,0,2,50,215,0,5107,1527,0,21837,0x07
2026-09-06T16:54:01.562,602,0,0,52,224,865,2998,1518,0,21650,0x07
2026-09-06T16:54:01.562,605,0,2,50,215,0,5107,1527,0,21837,0x07
2026-09-06T16:54:01.627,604,0,0,51,224,725,3593,1518,0,21650,0x07
2026-09-06T16:54:01.627,607,0,2,50,215,0,5107,1527,0,21837,0x07
2026-09-06T16:54:01.709,606,0,0,52,0,0,3854,1609,0,22782,0x07
2026-09-06T16:54:01.709,609,0,2,50,215,0,5107,1527,0,21837,0x07
2026-09-06T16:54:01.758,608,0,0,50,0,0,33092,0,0,21272,0x07
2026-09-06T16:54:01.758,611,0,2,52,215,0,5107,1527,0,21837,0x07
2026-09-06T16:54:01.839,610,0,0,50,0,0,19422,0,0,31404,0x07
2026-09-06T16:54:01.839,613,0,2,52,215,0,5107,1527,0,21837,0x07
2026-09-06T16:54:01.904,612,0,0,50,0,0,32818,0,0,16834,0x07
2026-09-06T16:54:01.904,615,0,2,51,215,0,5107,1527,0,21837,0x07
2026-09-06T16:54:01.970,614,0,0,52,3343,77,40000,0,0,5980,0x07
2026-09-06T16:54:01.970,617,0,2,50,215,0,5107,1527,0,21837,0x07
2026-09-06T16:54:02.035,616,0,0,52,1312,269,19606,390,0,7636,0x07
2026-09-06T16:54:02.035,619,0,2,52,215,0,5107,1527,0,21837,0x07
2026-09-06T16:54:02.101,618,0,0,51,1298,510,18399,404,0,7814,0x07
2026-09-06T16:54:02.101,621,0,2,51,215,0,5107,1527,0,21837,0x07
2026-09-06T16:54:02.165,620,0,0,52,1289,481,18414,413,0,7923,0x07
2026-09-06T16:54:02.165,623,0,2,51,215,0,5107,1527,0,21837,0x07
2026-09-06T16:54:02.246,622,0,0,55,1228,109,19200,476,0,8714,0x07
2026-09-06T16:54:02.246,625,0,2,50,215,0,5107,1527,0,21837,0x07
2026-09-06T16:54:02.295,624,0,0,51,1228,59,19413,476,0,8714,0x07
2026-09-06T16:54:02.295,627,0,2,51,215,0,5107,1527,0,21837,0x07
2026-09-06T16:54:02.377,626,0,0,51,1160,0,18780,547,529,7343,0x07
2026-09-06T16:54:02.377,629,0,2,51,215,0,5107,1527,0,21837,0x07
2026-09-06T16:54:02.441,628,0,0,50,1135,0,18463,573,460,7956,0x07
2026-09-06T16:54:02.441,631,0,2,51,215,0,5107,1527,0,21837,0x07
2026-09-06T16:54:02.507,630,0,0,51,1075,0,17686,635,471,8684,0x07
2026-09-06T16:54:02.507,633,0,2,51,0,0,0,0,0,0,0x03
2026-09-06T16:54:02.572,632,0,0,51,1301,0,20609,874,118,13150,0x07
2026-09-06T16:54:02.572,635,0,2,50,215,0,5107,1527,0,21837,0x07
2026-09-06T16:54:02.637,634,0,0,54,1753,0,26463,1382,0,19967,0x07
2026-09-06T16:54:02.637,637,0,2,50,215,0,5107,1527,0,21837,0x07
2026-09-06T16:54:02.703,636,0,0,50,1753,0,26463,1382,0,19967,0x07
2026-09-06T16:54:02.703,639,0,2,50,215,0,5107,1527,0,21837,0x07
2026-09-06T16:54:02.768,638,0,0,51,1888,0,28210,1502,0,21459,0x07
2026-09-06T16:54:02.768,641,0,2,54,0,0,0,0,0,0,0x03
2026-09-06T16:54:02.832,640,0,0,50,1937,0,28835,1535,0,21868,0x07
2026-09-06T16:54:02.832,643,0,2,53,215,0,5107,1527,0,21837,0x07
2026-09-06T16:54:02.913,642,0,0,51,1935,0,28817,1518,0,21659,0x07
2026-09-06T16:54:02.913,645,0,2,52,215,0,5107,1527,0,21837,0x07
2026-09-06T16:54:02.978,644,0,0,50,1908,0,28463,1478,0,21155,0x07
2026-09-06T16:54:02.978,647,0,2,51,215,0,5107,1527,0,21837,0x07
2026-09-06T16:54:03.043,646,0,0,50,1870,0,27973,1429,0,20555,0x07
2026-09-06T16:54:03.043,649,0,2,56,215,0,5107,1527,0,21837,0x07
2026-09-06T16:54:03.108,648,0,0,51,1832,0,27477,1384,0,19985,0x07
2026-09-06T16:54:03.108,651,0,2,52,215,0,5107,1527,0,21837,0x07
2026-09-06T16:54:03.173,650,0,0,50,1739,0,26271,1251,0,18333,0x07
2026-09-06T16:54:03.173,653,0,2,51,215,0,5107,1527,0,21837,0x07
2026-09-06T16:54:03.237,652,0,0,51,1723,0,26066,1264,0,18502,0x07
2026-09-06T16:54:03.237,655,0,2,51,215,0,5107,1527,0,21837,0x07
2026-09-06T16:54:03.303,654,0,0,51,1351,0,21260,348,0,7123,0x07
2026-09-06T16:54:03.303,657,0,2,54,215,0,5107,1527,0,21837,0x07
2026-09-06T16:54:03.368,656,0,0,52,1202,0,19335,503,0,9040,0x07
2026-09-06T16:54:03.368,659,0,2,51,215,0,5107,1527,0,21837,0x07
2026-09-06T16:54:03.450,658,0,0,51,1187,0,19130,519,0,9245,0x07
2026-09-06T16:54:03.450,661,0,2,51,215,0,5107,1527,0,21837,0x07
2026-09-06T16:54:03.515,660,0,0,50,1186,0,19117,520,0,9258,0x07
2026-09-06T16:54:03.515,663,0,2,51,215,0,5107,1527,0,21837,0x07
2026-09-06T16:54:03.580,662,0,0,50,1185,0,19112,520,0,9263,0x07
2026-09-06T16:54:03.580,665,0,2,51,215,0,5107,1527,0,21837,0x07
2026-09-06T16:54:03.644,664,0,0,52,1185,0,19109,521,0,9266,0x07
2026-09-06T16:54:03.645,667,0,2,51,215,0,5107,1527,0,21837,0x07
2026-09-06T16:54:03.709,669,0,2,52,215,0,5107,1527,0,21837,0x07
2026-09-06T16:54:03.774,666,0,0,64,1185,0,19112,520,0,9263,0x07
2026-09-06T16:54:03.775,669,0,2,51,215,0,5107,1527,0,21837,0x07
2026-09-06T16:54:03.839,668,0,0,50,1185,0,19112,520,0,9263,0x07
2026-09-06T16:54:03.839,669,0,2,50,215,0,5107,1527,0,21837,0x07
2026-09-06T16:54:03.903,668,0,0,52,1201,19,19241,504,0,9054,0x07
2026-09-06T16:54:03.903,675,0,2,51,0,0,4195,0,0,15346,0x07
2026-09-06T16:54:03.985,674,0,0,50,1185,0,19112,520,0,9263,0x07
2026-09-06T16:54:03.985,677,0,2,54,215,0,5107,1527,0,21837,0x07
2026-09-06T16:54:04.049,676,0,0,50,1185,180,18347,520,0,9263,0x07
2026-09-06T16:54:04.049,679,0,2,51,215,0,5107,1527,0,21837,0x07
2026-09-06T16:54:04.115,678,0,0,51,1185,235,18112,520,0,9263,0x07
2026-09-06T16:54:04.115,681,0,2,51,215,0,5107,1527,0,21837,0x07
2026-09-06T16:54:04.180,680,0,0,55,1162,55,18575,545,0,9567,0x07
2026-09-06T16:54:04.180,683,0,2,52,215,0,5107,1527,0,21837,0x07
2026-09-06T16:54:04.245,682,0,0,51,1162,98,18390,545,0,9567,0x07
2026-09-06T16:54:04.245,685,0,2,51,215,0,5107,1527,0,21837,0x07
2026-09-06T16:54:04.311,684,0,0,52,1120,231,17290,588,0,10101,0x07
2026-09-06T16:54:04.311,687,0,2,52,215,0,5107,1527,0,21837,0x07
2026-09-06T16:54:04.376,686,0,0,50,1153,360,17164,554,0,9679,0x07
2026-09-06T16:54:04.376,689,0,2,50,215,0,5107,1527,0,21837,0x07
2026-09-06T16:54:04.441,688,0,0,56,1240,536,17544,775,0,12419,0x07
2026-09-06T16:54:04.441,691,0,2,51,215,0,5107,1527,0,21837,0x07
2026-09-06T16:54:04.522,690,0,0,50,1240,520,17611,775,0,12419,0x07
2026-09-06T16:54:04.522,693,0,2,51,215,0,5107,1527,0,21837,0x07
2026-09-06T16:54:04.571,692,0,0,50,1572,500,21985,1186,0,17529,0x07
2026-09-06T16:54:04.571,695,0,2,52,215,0,5107,1527,0,21837,0x07
2026-09-06T16:54:04.652,694,0,0,50,2063,560,28086,1849,0,25768,0x07
2026-09-06T16:54:04.652,697,0,2,50,215,0,5107,1527,0,21837,0x07
2026-09-06T16:54:04.717,696,0,0,50,2568,920,33092,2504,0,33908,0x07
2026-09-06T16:54:04.717,699,0,2,51,215,0,5107,1527,0,21837,0x07
2026-09-06T16:54:04.781,698,0,0,51,2960,1078,37491,3014,0,40000,0x07
2026-09-06T16:54:04.781,701,0,2,51,215,0,5107,1527,0,21837,0x07
2026-09-06T16:54:04.846,700,0,0,55,3274,1436,40000,3500,0,40000,0x07
2026-09-06T16:54:04.846,703,0,2,51,215,0,5107,1527,0,21837,0x07
2026-09-06T16:54:04.912,702,0,0,50,0,0,0,0,0,0,0x03
2026-09-06T16:54:04.912,705,0,2,50,215,0,5107,1527,0,21837,0x07
2026-09-06T16:54:04.977,704,0,0,50,0,0,27246,0,0,30955,0x07
2026-09-06T16:54:04.977,707,0,2,51,215,0,5107,1527,0,21837,0x07
2026-09-06T16:54:05.058,706,0,0,50,2701,80,38386,3445,0,40000,0x07
2026-09-06T16:54:05.058,709,0,2,55,215,0,5107,1527,0,21837,0x07
2026-09-06T16:54:05.123,708,0,0,51,1759,78,26205,2588,412,33198,0x07
2026-09-06T16:54:05.123,711,0,2,50,215,0,5107,1527,0,21837,0x07
2026-09-06T16:54:05.187,710,0,0,50,1242,80,19506,1961,340,25720,0x07
2026-09-06T16:54:05.187,713,0,2,51,215,0,5107,1527,0,21837,0x07
2026-09-06T16:54:05.252,712,0,0,50,751,60,13236,1422,0,20464,0x07
2026-09-06T16:54:05.252,715,0,2,50,215,0,5107,1527,0,21837,0x07
2026-09-06T16:54:05.316,714,0,0,51,751,78,13157,1422,0,20464,0x07
2026-09-06T16:54:05.316,717,0,2,50,215,0,5107,1527,0,21837,0x07
2026-09-06T16:54:05.382,716,0,0,51,487,78,9744,1245,0,18264,0x07
2026-09-06T16:54:05.382,719,0,2,50,215,0,5107,1527,0,21837,0x07
2026-09-06T16:54:05.447,718,0,0,50,445,40,9361,1289,0,18807,0x07
2026-09-06T16:54:05.447,721,0,2,50,215,0,5107,1527,0,21837,0x07
2026-09-06T16:54:05.512,720,0,0,50,420,0,9217,1314,0,19120,0x07
2026-09-06T16:54:05.512,723,0,2,50,215,0,5107,1527,0,21837,0x07
2026-09-06T16:54:05.594,722,0,0,52,426,0,9287,1308,0,19050,0x07
2026-09-06T16:54:05.594,725,0,2,50,215,0,5107,1527,0,21837,0x07
2026-09-06T16:54:05.643,724,0,0,50,451,0,9614,1282,0,18725,0x07
2026-09-06T16:54:05.643,727,0,2,50,215,0,5107,1527,0,21837,0x07
2026-09-06T16:54:05.724,726,0,0,52,461,0,9736,1272,0,18603,0x07
2026-09-06T16:54:05.724,729,0,2,50,215,0,5107,1527,0,21837,0x07
2026-09-06T16:54:05.788,728,0,0,51,468,0,9832,1265,0,18506,0x07
2026-09-06T16:54:05.788,731,0,2,50,215,0,5107,1527,0,21837,0x07
2026-09-06T16:54:05.853,730,0,0,50,473,0,9902,1259,0,18438,0x07
2026-09-06T16:54:05.853,733,0,2,54,0,0,0,0,0,0,0x03
2026-09-06T16:54:05.917,732,0,0,54,479,0,9972,1253,0,18368,0x07
2026-09-06T16:54:05.918,735,0,2,50,0,0,4195,0,0,15346,0x07
2026-09-06T16:54:05.983,734,0,0,51,479,0,9972,1253,0,18368,0x07
2026-09-06T16:54:05.983,737,0,2,51,215,0,5107,1527,0,21837,0x07
2026-09-06T16:54:06.048,736,0,0,52,479,0,9981,1253,0,18359,0x07
2026-09-06T16:54:06.048,739,0,2,50,215,0,5107,1527,0,21837,0x07
2026-09-06T16:54:06.129,738,0,0,52,479,0,9981,1253,0,18359,0x07
2026-09-06T16:54:06.129,741,0,2,51,215,0,5107,1527,0,21837,0x07
2026-09-06T16:54:06.178,740,0,0,54,479,0,9976,1253,0,18368,0x07
2026-09-06T16:54:06.178,743,0,2,52,215,0,5107,1527,0,21837,0x07
2026-09-06T16:54:06.260,742,0,0,51,479,0,9976,1253,0,18368,0x07
2026-09-06T16:54:06.260,745,0,2,51,215,0,5107,1527,0,21837,0x07
2026-09-06T16:54:06.326,744,0,0,50,478,0,9967,1254,0,18371,0x07
2026-09-06T16:54:06.326,747,0,2,51,215,0,5107,1527,0,21837,0x07
2026-09-06T16:54:06.391,746,0,0,51,478,0,9963,1254,0,18376,0x07
2026-09-06T16:54:06.391,749,0,2,51,215,0,5107,1527,0,21837,0x07
2026-09-06T16:54:06.456,748,0,0,51,478,0,9963,1254,0,18376,0x07
2026-09-06T16:54:06.457,751,0,2,51,215,0,5107,1527,0,21837,0x07
2026-09-06T16:54:06.522,750,0,0,50,478,0,9958,1254,0,18380,0x07
2026-09-06T16:54:06.522,753,0,2,51,215,0,5107,1527,0,21837,0x07
2026-09-06T16:54:06.587,752,0,0,54,477,0,9954,1255,0,18385,0x07
2026-09-06T16:54:06.587,755,0,2,50,215,0,5107,1527,0,21837,0x07
2026-09-06T16:54:06.652,754,0,0,51,477,0,9954,1255,0,18385,0x07
2026-09-06T16:54:06.652,757,0,2,52,215,0,5107,1527,0,21837,0x07
2026-09-06T16:54:06.717,756,0,0,51,477,0,9954,1255,0,18385,0x07
2026-09-06T16:54:06.717,759,0,2,50,215,0,5107,1527,0,21837,0x07
2026-09-06T16:54:06.799,758,0,0,51,477,0,9954,1255,0,18385,0x07
2026-09-06T16:54:06.799,761,0,2,51,215,0,5107,1527,0,21837,0x07
2026-09-06T16:54:06.864,760,0,0,53,477,0,9954,1255,0,18385,0x07
2026-09-06T16:54:06.864,763,0,2,51,215,0,5107,1527,0,21837,0x07
2026-09-06T16:54:06.929,762,0,0,51,477,0,9954,1255,0,18385,0x07
2026-09-06T16:54:06.929,765,0,2,56,215,0,5107,1527,0,21837,0x07
2026-09-06T16:54:06.994,764,0,0,51,477,0,9954,1255,0,18385,0x07
2026-09-06T16:54:06.994,767,0,2,50,215,0,5107,1527,0,21837,0x07
2026-09-06T16:54:07.059,766,0,0,52,477,0,9954,1255,0,18385,0x07
2026-09-06T16:54:07.059,769,0,2,52,215,0,5107,1527,0,21837,0x07
2026-09-06T16:54:07.124,768,0,0,51,477,0,9954,1255,0,18385,0x07
2026-09-06T16:54:07.124,771,0,2,50,215,0,5107,1527,0,21837,0x07
2026-09-06T16:54:07.190,770,0,0,50,2138,0,31444,2054,0,28321,0x07
2026-09-06T16:54:07.190,773,0,2,50,215,0,5107,1527,0,21837,0x07
2026-09-06T16:54:07.255,772,0,0,52,1854,231,26785,2350,0,31991,0x07
2026-09-06T16:54:07.255,775,0,2,52,215,0,5107,1527,0,21837,0x07
2026-09-06T16:54:07.320,774,0,0,51,1854,196,26932,2350,0,31991,0x07
2026-09-06T16:54:07.320,777,0,2,51,215,0,5107,1527,0,21837,0x07
2026-09-06T16:54:07.401,776,0,0,50,1854,160,27086,2350,0,31991,0x07
2026-09-06T16:54:07.401,779,0,2,50,215,0,5107,1527,0,21837,0x07
2026-09-06T16:54:07.465,778,0,0,50,1597,80,24099,2182,0,29903,0x07
2026-09-06T16:54:07.465,781,0,2,51,215,0,5107,1527,0,21837,0x07
2026-09-06T16:54:07.530,780,0,0,52,1343,77,20820,1960,0,27143,0x07
2026-09-06T16:54:07.530,783,0,2,52,215,0,5107,1527,0,21837,0x07
2026-09-06T16:54:07.596,782,0,0,50,1193,80,18868,1802,0,25190,0x07
2026-09-06T16:54:07.596,785,0,2,54,215,0,5107,1527,0,21837,0x07
2026-09-06T16:54:07.661,784,0,0,55,948,200,15189,1553,0,22090,0x07
2026-09-06T16:54:07.662,787,0,2,52,215,0,5107,1527,0,21837,0x07
2026-09-06T16:54:07.727,786,0,0,51,948,196,15206,1553,0,22090,0x07
2026-09-06T16:54:07.727,789,0,2,50,215,0,5107,1527,0,21837,0x07
2026-09-06T16:54:07.792,788,0,0,52,886,212,14342,1502,0,21455,0x07
2026-09-06T16:54:07.792,791,0,2,50,215,0,5107,1527,0,21837,0x07
2026-09-06T16:54:07.858,790,0,0,52,747,288,12211,1392,0,20093,0x07
2026-09-06T16:54:07.858,793,0,2,51,215,0,5107,1527,0,21837,0x07
2026-09-06T16:54:07.923,792,0,0,54,516,222,9511,1214,0,17885,0x07
2026-09-06T16:54:07.923,795,0,2,52,215,0,5107,1527,0,21837,0x07
2026-09-06T16:54:07.988,794,0,0,51,516,196,9623,1214,0,17885,0x07
2026-09-06T16:54:07.988,797,0,2,50,215,0,5107,1527,0,21837,0x07
2026-09-06T16:54:08.069,796,0,0,50,492,160,9458,1240,0,18207,0x07
2026-09-06T16:54:08.069,799,0,2,55,215,0,5107,1527,0,21837,0x07
2026-09-06T16:54:08.134,798,0,0,50,505,120,9803,1226,0,18029,0x07
2026-09-06T16:54:08.134,801,0,2,50,215,0,5107,1527,0,21837,0x07
2026-09-06T16:54:08.200,800,0,0,51,464,39,9609,1269,0,18563,0x07
2026-09-06T16:54:08.200,803,0,2,50,0,0,0,0,0,0,0x03
2026-09-06T16:54:08.265,802,0,0,51,450,59,9354,1283,0,18734,0x07
2026-09-06T16:54:08.265,805,0,2,50,0,0,4195,0,0,15346,0x07
2026-09-06T16:54:08.331,804,0,0,55,440,0,9474,1293,0,18863,0x07
2026-09-06T16:54:08.331,807,0,2,51,215,0,5107,1527,0,21837,0x07
2026-09-06T16:54:08.396,806,0,0,50,440,0,9474,1293,0,18863,0x07
2026-09-06T16:54:08.396,809,0,2,50,215,0,5107,1527,0,21837,0x07
2026-09-06T16:54:08.460,808,0,0,51,445,0,9540,1288,0,18798,0x07
2026-09-06T16:54:08.460,811,0,2,51,215,0,5107,1527,0,21837,0x07
2026-09-06T16:54:08.526,810,0,0,51,473,0,9893,1260,0,18447,0x07
2026-09-06T16:54:08.526,813,0,2,52,215,0,5107,1527,0,21837,0x07
2026-09-06T16:54:08.591,812,0,0,50,455,0,9662,1278,0,18676,0x07
2026-09-06T16:54:08.591,815,0,2,50,215,0,5107,1527,20,21752,0x07
2026-09-06T16:54:08.673,814,0,0,50,479,0,9976,1253,0,18363,0x07
2026-09-06T16:54:08.673,817,0,2,51,215,0,5107,1527,118,21337,0x07
2026-09-06T16:54:08.722,816,0,0,52,459,0,9710,1274,0,18629,0x07
2026-09-06T16:54:08.722,819,0,2,55,214,0,5104,1528,0,21842,0x07
2026-09-06T16:54:08.804,818,0,0,50,459,0,9713,1274,0,18624,0x07
2026-09-06T16:54:08.804,821,0,2,52,214,0,5104,1528,0,21842,0x07
2026-09-06T16:54:08.870,820,0,0,50,459,0,9713,1274,0,18624,0x07
2026-09-06T16:54:08.870,823,0,2,50,214,0,5104,1528,0,21842,0x07
2026-09-06T16:54:08.934,822,0,0,51,460,0,9723,1274,0,18620,0x07
2026-09-06T16:54:08.934,825,0,2,50,214,0,5104,1528,0,21842,0x07
2026-09-06T16:54:08.999,824,0,0,51,460,0,9727,1273,0,18611,0x07
2026-09-06T16:54:08.999,827,0,2,50,214,0,5104,1528,0,21842,0x07
2026-09-06T16:54:09.065,826,0,0,51,460,0,9731,1273,0,18607,0x07
2026-09-06T16:54:09.065,829,0,2,51,214,0,5104,1528,0,21842,0x07
2026-09-06T16:54:09.130,828,0,0,51,461,0,9736,1272,0,18603,0x07
2026-09-06T16:54:09.130,831,0,2,50,215,0,5111,1527,0,21833,0x07
2026-09-06T16:54:09.195,830,0,0,53,461,0,9741,1272,0,18599,0x07
2026-09-06T16:54:09.195,833,0,2,52,214,0,5104,1528,0,21842,0x07
2026-09-06T16:54:09.260,832,0,0,50,461,20,9656,1272,0,18599,0x07
2026-09-06T16:54:09.260,835,0,2,50,214,0,5104,1528,0,21842,0x07
2026-09-06T16:54:09.341,834,0,0,51,461,20,9657,1272,0,18599,0x07
2026-09-06T16:54:09.341,837,0,2,52,214,0,5104,1528,0,21842,0x07
2026-09-06T16:54:09.406,836,0,0,52,461,0,9741,1272,0,18599,0x07
2026-09-06T16:54:09.406,839,0,2,51,214,0,5104,1528,0,21842,0x07
2026-09-06T16:54:09.471,838,0,0,50,402,0,8981,1333,0,19355,0x07
2026-09-06T16:54:09.471,841,0,2,51,214,0,5104,1528,0,21842,0x07
2026-09-06T16:54:09.537,840,0,0,52,320,0,7916,1418,0,20415,0x07
2026-09-06T16:54:09.537,843,0,2,50,215,0,5111,1527,0,21833,0x07
2026-09-06T16:54:09.601,842,0,0,56,274,0,7317,1466,0,21011,0x07
2026-09-06T16:54:09.601,845,0,2,51,214,0,5104,1528,0,21842,0x07
2026-09-06T16:54:09.666,844,0,0,51,274,0,7317,1466,0,21011,0x07
2026-09-06T16:54:09.666,847,0,2,50,214,0,5104,1528,0,21842,0x07
2026-09-06T16:54:09.731,846,0,0,50,255,0,7082,1485,0,21246,0x07
2026-09-06T16:54:09.731,849,0,2,52,214,0,5104,1528,0,21842,0x07
2026-09-06T16:54:09.797,848,0,0,51,235,0,6815,1506,0,21511,0x07
2026-09-06T16:54:09.797,851,0,2,50,214,0,5104,1528,0,21842,0x07
2026-09-06T16:54:09.878,850,0,0,52,217,0,6588,1525,0,21738,0x07
2026-09-06T16:54:09.878,853,0,2,51,214,0,5104,1528,0,21842,0x07
2026-09-06T16:54:09.943,852,0,0,51,217,0,6588,1525,0,21738,0x07
2026-09-06T16:54:09.943,855,0,2,52,214,0,5104,1528,0,21842,0x07
2026-09-06T16:54:10.009,854,0,0,51,209,0,6475,1534,0,21851,0x07
2026-09-06T16:54:10.009,857,0,2,51,214,0,5104,1528,0,21842,0x07
2026-09-06T16:54:10.074,856,0,0,50,204,0,6414,1539,0,21911,0x07
2026-09-06T16:54:10.074,859,0,2,52,214,0,5104,1528,0,21842,0x07
2026-09-06T16:54:10.139,858,0,0,50,202,0,6392,1541,0,21937,0x07
2026-09-06T16:54:10.139,861,0,2,51,214,0,5104,1528,0,21842,0x07
2026-09-06T16:54:10.205,860,0,0,51,215,0,6554,1527,0,21772,0x07
2026-09-06T16:54:10.205,863,0,2,50,214,0,5104,1528,0,21842,0x07
2026-09-06T16:54:10.270,862,0,0,53,215,0,6554,1527,0,21772,0x07
2026-09-06T16:54:10.270,865,0,2,52,214,0,5104,1528,0,21842,0x07
2026-09-06T16:54:10.334,864,0,0,50,215,0,6554,1527,0,21772,0x07
2026-09-06T16:54:10.334,867,0,2,50,214,0,5104,1528,0,21842,0x07
2026-09-06T16:54:10.399,866,0,0,50,215,0,6554,1527,0,21772,0x07
2026-09-06T16:54:10.399,869,0,2,54,214,0,5104,1528,0,21842,0x07
2026-09-06T16:54:10.480,868,0,0,51,215,0,6554,1527,0,21772,0x07
2026-09-06T16:54:10.480,871,0,2,51,214,0,5104,1528,0,21842,0x07
2026-09-06T16:54:10.546,870,0,0,50,215,0,6554,1527,0,21772,0x07
2026-09-06T16:54:10.546,873,0,2,52,214,0,5104,1528,0,21842,0x07
2026-09-06T16:54:10.610,872,0,0,50,215,0,6554,1527,0,21772,0x07
2026-09-06T16:54:10.610,875,0,2,53,214,0,5104,1528,0,21842,0x07
2026-09-06T16:54:10.676,874,0,0,53,215,0,6554,1527,0,21772,0x07
2026-09-06T16:54:10.676,877,0,2,52,214,0,5104,1528,0,21842,0x07
2026-09-06T16:54:10.741,876,0,0,50,215,0,6554,1527,0,21772,0x07
2026-09-06T16:54:10.741,879,0,2,51,214,0,5104,1528,0,21842,0x07
2026-09-06T16:54:10.806,878,0,0,51,215,0,6554,1527,0,21772,0x07
2026-09-06T16:54:10.806,881,0,2,52,214,0,5104,1528,0,21842,0x07
2026-09-06T16:54:10.871,880,0,0,51,215,0,6554,1527,0,21772,0x07
2026-09-06T16:54:10.871,883,0,2,50,214,0,5104,1528,0,21842,0x07
2026-09-06T16:54:10.936,882,0,0,52,215,0,6554,1527,0,21772,0x07
2026-09-06T16:54:10.936,885,0,2,50,214,0,5104,1528,0,21842,0x07
2026-09-06T16:54:11.017,884,0,0,50,215,0,6554,1527,0,21772,0x07
2026-09-06T16:54:11.017,887,0,2,50,214,0,5104,1528,0,21842,0x07
2026-09-06T16:54:11.082,886,0,0,51,215,0,6554,1527,0,21772,0x07
2026-09-06T16:54:11.082,889,0,2,52,214,0,5104,1528,0,21842,0x07
2026-09-06T16:54:11.148,888,0,0,50,215,0,6554,1527,0,21772,0x07
2026-09-06T16:54:11.148,891,0,2,50,214,0,5104,1528,0,21842,0x07
2026-09-06T16:54:11.212,890,0,0,50,215,0,6554,1527,0,21772,0x07
2026-09-06T16:54:11.212,893,0,2,51,214,0,5104,1528,0,21842,0x07
2026-09-06T16:54:11.277,892,0,0,50,240,0,6881,1501,0,21446,0x07
2026-09-06T16:54:11.277,895,0,2,56,214,0,5104,1528,0,21842,0x07
2026-09-06T16:54:11.341,894,0,0,50,215,0,6558,1527,0,21768,0x07
2026-09-06T16:54:11.341,897,0,2,52,214,0,5104,1528,0,21842,0x07
2026-09-06T16:54:11.407,896,0,0,50,214,0,6544,1528,0,21785,0x07
2026-09-06T16:54:11.407,899,0,2,51,0,0,0,0,0,0,0x03
2026-09-06T16:54:11.473,898,0,0,52,213,0,6536,1529,0,21789,0x07
2026-09-06T16:54:11.473,901,0,2,51,0,0,4195,0,0,15346,0x07
2026-09-06T16:54:11.538,900,0,0,53,213,0,6536,1529,0,21789,0x07
2026-09-06T16:54:11.538,903,0,2,54,214,0,5104,1528,0,21842,0x07
2026-09-06T16:54:11.603,902,0,0,50,213,0,6536,1529,0,21789,0x07
2026-09-06T16:54:11.603,905,0,2,50,214,0,5104,1528,0,21842,0x07
2026-09-06T16:54:11.684,904,0,0,50,214,0,6541,1528,0,21785,0x07
2026-09-06T16:54:11.684,907,0,2,51,215,0,5111,1527,0,21833,0x07
2026-09-06T16:54:11.749,906,0,0,51,214,0,6541,1528,0,21785,0x07
2026-09-06T16:54:11.749,909,0,2,51,214,0,5104,1528,0,21842,0x07
2026-09-06T16:54:11.814,908,0,0,51,214,0,6544,1528,0,21780,0x07
2026-09-06T16:54:11.814,911,0,2,50,214,0,5104,1528,0,21842,0x07
2026-09-06T16:54:11.880,910,0,0,51,214,0,6550,1528,0,21777,0x07
2026-09-06T16:54:11.880,913,0,2,50,214,0,5104,1528,0,21842,0x07
2026-09-06T16:54:11.944,912,0,0,50,215,0,6554,1528,0,21777,0x07
2026-09-06T16:54:11.944,915,0,2,55,215,0,5111,1527,0,21833,0x07
2026-09-06T16:54:12.008,914,0,0,52,215,0,6554,1528,0,21777,0x07
2026-09-06T16:54:12.008,917,0,2,50,215,0,5111,1527,0,21833,0x07
2026-09-06T16:54:12.073,916,0,0,50,215,0,6554,1527,0,21772,0x07
2026-09-06T16:54:12.073,919,0,2,52,214,0,5104,1528,0,21842,0x07
2026-09-06T16:54:12.153,918,0,0,51,215,0,6554,1527,0,21772,0x07
2026-09-06T16:54:12.153,921,0,2,50,214,0,5104,1528,0,21842,0x07
2026-09-06T16:54:12.219,920,0,0,50,215,0,6554,1527,0,21772,0x07
2026-09-06T16:54:12.219,923,0,2,53,215,0,5111,1527,0,21833,0x07
2026-09-06T16:54:12.284,922,0,0,51,215,0,6554,1527,0,21772,0x07
2026-09-06T16:54:12.284,925,0,2,50,215,0,5111,1527,0,21833,0x07
2026-09-06T16:54:12.350,924,0,0,50,215,0,6554,1527,0,21772,0x07
2026-09-06T16:54:12.350,927,0,2,51,214,0,5104,1528,0,21842,0x07
2026-09-06T16:54:12.415,926,0,0,51,215,0,6554,1527,0,21772,0x07
2026-09-06T16:54:12.415,929,0,2,51,214,0,5104,1528,0,21842,0x07
2026-09-06T16:54:12.480,928,0,0,50,215,0,6554,1527,0,21772,0x07
2026-09-06T16:54:12.480,931,0,2,50,214,0,5104,1528,0,21842,0x07
2026-09-06T16:54:12.545,930,0,0,51,215,0,6554,1527,0,21772,0x07
2026-09-06T16:54:12.545,933,0,2,51,214,0,5104,1528,0,21842,0x07
2026-09-06T16:54:12.609,932,0,0,50,215,0,6554,1527,0,21772,0x07
2026-09-06T16:54:12.609,935,0,2,50,214,0,5104,1528,0,21842,0x07
2026-09-06T16:54:12.691,934,0,0,51,215,0,6554,1527,0,21772,0x07
2026-09-06T16:54:12.691,937,0,2,50,215,0,5111,1527,0,21833,0x07
2026-09-06T16:54:12.756,936,0,0,52,215,0,6554,1527,0,21772,0x07
2026-09-06T16:54:12.756,939,0,2,52,214,0,5104,1528,0,21842,0x07
2026-09-06T16:54:12.821,938,0,0,50,215,0,6554,1527,0,21772,0x07
2026-09-06T16:54:12.821,941,0,2,50,214,0,5104,1528,0,21842,0x07
2026-09-06T16:54:12.886,940,0,0,52,215,0,6554,1527,0,21772,0x07
2026-09-06T16:54:12.886,943,0,2,51,215,0,5111,1527,0,21833,0x07
2026-09-06T16:54:12.950,942,0,0,51,215,0,6554,1527,0,21772,0x07
2026-09-06T16:54:12.950,945,0,2,51,215,0,5111,1527,0,21833,0x07
2026-09-06T16:54:13.016,944,0,0,53,215,0,6554,1527,0,21772,0x07
2026-09-06T16:54:13.016,947,0,2,50,214,0,5104,1528,0,21842,0x07
2026-09-06T16:54:13.081,946,0,0,51,215,0,6554,1527,0,21772,0x07
2026-09-06T16:54:13.081,949,0,2,51,214,0,5104,1528,0,21842,0x07
2026-09-06T16:54:13.146,948,0,0,52,215,0,6554,1527,0,21772,0x07
2026-09-06T16:54:13.146,951,0,2,51,214,0,5104,1528,0,21842,0x07
2026-09-06T16:54:13.212,950,0,0,51,215,0,6554,1527,0,21772,0x07
2026-09-06T16:54:13.212,953,0,2,51,215,0,5111,1527,0,21833,0x07
2026-09-06T16:54:13.292,952,0,0,50,215,0,6554,1527,0,21772,0x07
2026-09-06T16:54:13.293,955,0,2,50,214,0,5104,1528,0,21842,0x07
2026-09-06T16:54:13.357,954,0,0,51,215,0,6554,1527,0,21772,0x07
2026-09-06T16:54:13.357,957,0,2,52,215,0,5111,1527,0,21833,0x07
2026-09-06T16:54:13.422,956,0,0,50,240,0,6881,1501,0,21446,0x07
2026-09-06T16:54:13.422,959,0,2,57,215,0,5111,1527,0,21833,0x07
2026-09-06T16:54:13.487,958,0,0,51,215,0,6558,1527,0,21768,0x07
2026-09-06T16:54:13.487,961,0,2,50,215,0,5111,1527,0,21833,0x07
2026-09-06T16:54:13.553,960,0,0,52,214,0,6544,1528,0,21785,0x07
2026-09-06T16:54:13.553,963,0,2,52,214,0,5104,1528,0,21842,0x07
2026-09-06T16:54:13.618,962,0,0,52,213,0,6536,1529,0,21789,0x07
2026-09-06T16:54:13.618,965,0,2,50,215,0,5111,1527,0,21837,0x07
2026-09-06T16:54:13.684,964,0,0,51,213,0,6532,1529,0,21794,0x07
2026-09-06T16:54:13.684,967,0,2,56,215,0,5107,1527,0,21837,0x07
2026-09-06T16:54:13.748,966,0,0,50,213,0,6536,1529,0,21789,0x07
2026-09-06T16:54:13.748,969,0,2,52,215,0,5107,1527,0,21837,0x07
2026-09-06T16:54:13.829,968,0,0,52,214,0,6541,1528,0,21785,0x07
2026-09-06T16:54:13.829,971,0,2,50,215,0,5107,1527,0,21837,0x07
2026-09-06T16:54:13.894,970,0,0,52,214,0,6541,1528,0,21785,0x07
2026-09-06T16:54:13.895,973,0,2,52,215,0,5111,1527,0,21833,0x07
2026-09-06T16:54:13.960,972,0,0,52,214,0,6544,1528,0,21780,0x07
2026-09-06T16:54:13.960,975,0,2,50,215,0,5115,1527,0,21828,0x07
2026-09-06T16:54:14.025,974,0,0,50,214,0,6550,1528,0,21777,0x07
2026-09-06T16:54:14.025,977,0,2,52,215,0,5115,1527,0,21828,0x07
2026-09-06T16:54:14.090,976,0,0,54,215,0,6554,1528,0,21777,0x07
2026-09-06T16:54:14.090,979,0,2,51,215,0,5115,1527,0,21828,0x07
2026-09-06T16:54:14.155,978,0,0,52,215,0,6554,1528,0,21777,0x07
2026-09-06T16:54:14.155,981,0,2,51,215,0,5115,1527,0,21833,0x07
2026-09-06T16:54:14.220,980,0,0,50,215,0,6554,1527,0,21772,0x07
2026-09-06T16:54:14.220,983,0,2,51,215,0,5107,1527,0,21837,0x07
2026-09-06T16:54:14.286,982,0,0,50,215,0,6554,1527,0,21772,0x07
2026-09-06T16:54:14.286,985,0,2,51,215,0,5111,1527,0,21833,0x07
2026-09-06T16:54:14.351,984,0,0,50,215,0,6554,1527,0,21772,0x07
2026-09-06T16:54:14.351,987,0,2,50,214,0,5104,1528,0,21842,0x07
2026-09-06T16:54:14.416,986,0,0,50,215,0,6554,1527,0,21772,0x07
2026-09-06T16:54:14.416,989,0,2,51,214,0,5104,1528,0,21842,0x07
2026-09-06T16:54:14.497,988,0,0,52,215,0,6554,1527,0,21772,0x07
2026-09-06T16:54:14.497,991,0,2,52,214,0,5104,1528,0,21842,0x07
2026-09-06T16:54:14.563,990,0,0,52,215,0,6554,1527,0,21772,0x07
2026-09-06T16:54:14.563,993,0,2,50,214,0,5104,1528,0,21842,0x07
2026-09-06T16:54:14.628,992,0,0,50,215,0,6554,1527,0,21772,0x07
2026-09-06T16:54:14.628,995,0,2,50,215,0,5111,1527,0,21833,0x07
2026-09-06T16:54:14.694,994,0,0,50,215,0,6554,1527,0,21772,0x07
2026-09-06T16:54:14.694,997,0,2,50,214,0,5104,1528,0,21842,0x07
2026-09-06T16:54:14.759,996,0,0,52,215,0,6554,1527,0,21772,0x07
2026-09-06T16:54:14.759,999,0,2,50,214,0,5104,1528,0,21842,0x07
2026-09-06T16:54:14.824,998,0,0,50,215,0,6554,1527,0,21772,0x07
2026-09-06T16:54:14.824,1001,0,2,51,214,0,5104,1528,0,21842,0x07
2026-09-06T16:54:14.890,1000,0,0,51,215,0,6554,1527,0,21772,0x07
2026-09-06T16:54:14.890,1003,0,2,51,214,0,5104,1528,0,21842,0x07
2026-09-06T16:54:14.955,1002,0,0,53,215,0,6558,1527,0,21768,0x07
2026-09-06T16:54:14.955,1005,0,2,50,214,0,5104,1528,0,21842,0x07
2026-09-06T16:54:15.020,1004,0,0,50,215,0,6558,1527,0,21768,0x07
2026-09-06T16:54:15.020,1007,0,2,51,214,0,5104,1528,0,21842,0x07
2026-09-06T16:54:15.102,1006,0,0,50,214,0,6544,1528,0,21785,0x07
2026-09-06T16:54:15.102,1009,0,2,51,215,0,5111,1527,0,21833,0x07
2026-09-06T16:54:15.150,1008,0,0,52,213,0,6536,1529,0,21789,0x07
2026-09-06T16:54:15.150,1011,0,2,50,228,0,5270,1514,0,21661,0x07
2026-09-06T16:54:15.232,1010,0,0,51,213,0,6532,1529,0,21794,0x07
2026-09-06T16:54:15.232,1013,0,2,50,215,0,5107,1527,0,21837,0x07
2026-09-06T16:54:15.297,1012,0,0,51,213,0,6536,1529,0,21789,0x07
2026-09-06T16:54:15.297,1015,0,2,50,215,0,5107,1528,0,21842,0x07
2026-09-06T16:54:15.363,1014,0,0,52,214,0,6541,1528,0,21785,0x07
2026-09-06T16:54:15.363,1017,0,2,53,214,0,5094,1528,0,21851,0x07
2026-09-06T16:54:15.428,1016,0,0,50,214,0,6541,1528,0,21785,0x07
2026-09-06T16:54:15.428,1019,0,2,50,214,0,5094,1528,0,21851,0x07
2026-09-06T16:54:15.493,1018,0,0,51,214,0,6544,1528,0,21780,0x07
2026-09-06T16:54:15.493,1021,0,2,51,214,0,5104,1528,0,21842,0x07
2026-09-06T16:54:15.559,1020,0,0,50,214,0,6550,1528,0,21777,0x07
2026-09-06T16:54:15.559,1023,0,2,50,228,0,5270,1514,0,21661,0x07
2026-09-06T16:54:15.624,1022,0,0,50,240,0,6881,1501,0,21446,0x07
2026-09-06T16:54:15.624,1025,0,2,50,214,0,5104,1528,0,21842,0x07
2026-09-06T16:54:15.689,1024,0,0,50,215,0,6558,1527,0,21768,0x07
2026-09-06T16:54:15.689,1027,0,2,52,214,0,5094,1528,0,21851,0x07
2026-09-06T16:54:15.770,1026,0,0,51,214,0,6544,1528,0,21785,0x07
2026-09-06T16:54:15.770,1029,0,2,51,214,0,5094,1528,0,21851,0x07
2026-09-06T16:54:15.835,1028,0,0,52,213,0,6536,1529,0,21794,0x07
2026-09-06T16:54:15.836,1031,0,2,52,214,0,5104,1528,0,21842,0x07
2026-09-06T16:54:15.901,1030,0,0,51,213,0,6536,1529,0,21794,0x07
2026-09-06T16:54:15.901,1033,0,2,50,214,0,5104,1528,0,21842,0x07
2026-09-06T16:54:15.966,1032,0,0,51,213,0,6536,1529,0,21789,0x07
2026-09-06T16:54:15.966,1035,0,2,50,214,0,5098,1528,0,21846,0x07
2026-09-06T16:54:16.031,1034,0,0,50,214,0,6541,1528,0,21785,0x07
2026-09-06T16:54:16.031,1037,0,2,52,214,0,5098,1528,0,21846,0x07
2026-09-06T16:54:16.096,1036,0,0,52,214,0,6544,1528,0,21785,0x07
2026-09-06T16:54:16.096,1039,0,2,52,214,0,5104,1528,0,21846,0x07
2026-09-06T16:54:16.161,1038,0,0,50,214,0,6544,1528,0,21780,0x07
2026-09-06T16:54:16.161,1041,0,2,59,215,0,5107,1527,0,21837,0x07
2026-09-06T16:54:16.226,1040,0,0,56,214,0,6550,1528,0,21777,0x07
2026-09-06T16:54:16.227,1043,0,2,51,214,0,5104,1528,0,21842,0x07
2026-09-06T16:54:16.291,1042,0,0,51,214,0,6550,1528,0,21777,0x07
2026-09-06T16:54:16.291,1045,0,2,50,214,0,5104,1528,0,21842,0x07
2026-09-06T16:54:16.373,1044,0,0,50,215,0,6554,1528,0,21777,0x07
2026-09-06T16:54:16.373,1047,0,2,51,214,0,5104,1528,0,21842,0x07
2026-09-06T16:54:16.437,1046,0,0,51,215,0,6554,1527,0,21772,0x07
2026-09-06T16:54:16.438,1049,0,2,51,214,0,5104,1528,0,21842,0x07
2026-09-06T16:54:16.503,1048,0,0,56,215,0,6554,1527,0,21772,0x07
2026-09-06T16:54:16.503,1051,0,2,50,214,0,5104,1528,0,21842,0x07
2026-09-06T16:54:16.569,1050,0,0,51,215,0,6554,1527,0,21772,0x07
2026-09-06T16:54:16.569,1053,0,2,52,214,0,5104,1528,0,21842,0x07
2026-09-06T16:54:16.633,1052,0,0,52,215,0,6554,1527,0,21772,0x07
2026-09-06T16:54:16.633,1055,0,2,53,215,0,5111,1527,0,21833,0x07
2026-09-06T16:54:16.698,1054,0,0,51,215,0,6554,1527,0,21772,0x07
2026-09-06T16:54:16.698,1057,0,2,54,214,0,5104,1528,0,21842,0x07
2026-09-06T16:54:16.762,1056,0,0,51,215,0,6554,1527,0,21772,0x07
2026-09-06T16:54:16.762,1059,0,2,50,214,0,5104,1528,0,21842,0x07
2026-09-06T16:54:16.827,1058,0,0,50,215,0,6554,1527,0,21772,0x07
2026-09-06T16:54:16.827,1061,0,2,50,215,0,5111,1527,0,21833,0x07
2026-09-06T16:54:16.909,1060,0,0,51,215,0,6554,1527,0,21772,0x07
2026-09-06T16:54:16.909,1063,0,2,50,214,0,5104,1528,0,21842,0x07
2026-09-06T16:54:16.973,1062,0,0,51,215,0,6554,1527,0,21772,0x07
2026-09-06T16:54:16.973,1065,0,2,57,214,0,5104,1528,0,21842,0x07
2026-09-06T16:54:17.038,1064,0,0,50,215,0,6554,1527,0,21772,0x07
2026-09-06T16:54:17.103,1066,0,0,50,215,0,6554,1527,0,21772,0x07
2026-09-06T16:54:17.103,1069,0,2,50,214,0,5104,1528,0,21842,0x07
2026-09-06T16:54:17.168,1068,0,0,50,215,0,6554,1527,0,21772,0x07
2026-09-06T16:54:17.168,1069,0,2,50,214,0,5104,1528,0,21842,0x07
2026-09-06T16:54:17.234,1068,0,0,52,215,0,6554,1527,0,21772,0x07
2026-09-06T16:54:17.234,1073,0,2,52,214,0,5104,1528,0,21842,0x07
2026-09-06T16:54:17.299,1068,0,0,50,215,0,6554,1527,0,21772,0x07
2026-09-06T16:54:17.300,1075,0,2,50,214,0,5104,1528,0,21842,0x07
2026-09-06T16:54:17.365,1074,0,0,51,0,0,5642,0,0,15281,0x07
2026-09-06T16:54:17.365,1077,0,2,50,215,0,5111,1527,0,21833,0x07
2026-09-06T16:54:17.446,1076,0,0,52,215,0,6554,1527,0,21772,0x07
2026-09-06T16:54:17.446,1079,0,2,51,215,0,5111,1527,0,21833,0x07
2026-09-06T16:54:17.496,1078,0,0,52,215,0,6554,1527,0,21772,0x07
2026-09-06T16:54:17.496,1081,0,2,51,214,0,5104,1528,0,21842,0x07
2026-09-06T16:54:17.577,1080,0,0,53,215,0,6554,1527,0,21772,0x07
2026-09-06T16:54:17.577,1083,0,2,51,215,0,5111,1527,0,21833,0x07
2026-09-06T16:54:17.643,1082,0,0,50,215,0,6554,1527,0,21772,0x07
2026-09-06T16:54:17.643,1085,0,2,50,215,0,5111,1527,0,21833,0x07
2026-09-06T16:54:17.708,1084,0,0,51,215,0,6554,1527,0,21772,0x07
2026-09-06T16:54:17.708,1087,0,2,52,214,0,5104,1528,0,21842,0x07
2026-09-06T16:54:17.773,1086,0,0,52,215,0,6554,1527,0,21772,0x07
2026-09-06T16:54:17.773,1089,0,2,55,214,0,5104,1528,0,21842,0x07
2026-09-06T16:54:17.838,1088,0,0,50,215,0,6554,1527,0,21772,0x07
2026-09-06T16:54:17.838,1091,0,2,51,214,0,5104,1528,0,21842,0x07
2026-09-06T16:54:17.904,1090,0,0,52,215,0,6554,1527,0,21772,0x07
2026-09-06T16:54:17.904,1093,0,2,50,215,0,5111,1527,0,21837,0x07
2026-09-06T16:54:17.969,1092,0,0,52,215,0,6554,1527,0,21772,0x07
2026-09-06T16:54:17.969,1095,0,2,51,215,0,5111,1527,0,21833,0x07
2026-09-06T16:54:18.034,1094,0,0,52,215,0,6554,1527,0,21772,0x07
2026-09-06T16:54:18.034,1097,0,2,53,215,0,5111,1527,0,21837,0x07
2026-09-06T16:54:18.099,1096,0,0,50,215,0,6554,1527,0,21772,0x07
2026-09-06T16:54:18.099,1099,0,2,50,215,0,5111,1527,0,21837,0x07
2026-09-06T16:54:18.180,1098,0,0,51,215,0,6554,1527,0,21772,0x07
2026-09-06T16:54:18.180,1101,0,2,50,215,0,5111,1527,0,21833,0x07
2026-09-06T16:54:18.246,1100,0,0,51,215,0,6554,1527,0,21772,0x07
2026-09-06T16:54:18.246,1103,0,2,52,214,0,5104,1528,0,21842,0x07
2026-09-06T16:54:18.311,1102,0,0,50,215,0,6554,1527,0,21772,0x07
2026-09-06T16:54:18.311,1105,0,2,51,215,0,5111,1527,0,21837,0x07
2026-09-06T16:54:18.376,1104,0,0,51,214,0,6544,1528,0,21780,0x07
2026-09-06T16:54:18.376,1107,0,2,50,214,0,5104,1528,0,21842,0x07
2026-09-06T16:54:18.442,1106,0,0,52,214,0,6544,1528,0,21780,0x07
2026-09-06T16:54:18.442,1109,0,2,52,215,0,5111,1527,0,21837,0x07
2026-09-06T16:54:18.507,1108,0,0,51,215,0,6558,1527,0,21768,0x07
2026-09-06T16:54:18.507,1111,0,2,52,215,0,5111,1527,0,21837,0x07
2026-09-06T16:54:18.572,1110,0,0,51,216,0,6566,1526,0,21759,0x07
2026-09-06T16:54:18.572,1113,0,2,51,215,0,5111,1527,0,21833,0x07
2026-09-06T16:54:18.638,1112,0,0,51,216,0,6566,1526,0,21759,0x07
2026-09-06T16:54:18.638,1115,0,2,51,214,0,5104,1528,0,21842,0x07
2026-09-06T16:54:18.718,1114,0,0,50,241,0,6894,1500,0,21433,0x07
2026-09-06T16:54:18.718,1117,0,2,55,215,0,5111,1527,0,21833,0x07
2026-09-06T16:54:18.766,1116,0,0,52,216,0,6572,1526,0,21754,0x07
2026-09-06T16:54:18.766,1119,0,2,52,215,0,5111,1527,0,21833,0x07
2026-09-06T16:54:18.847,1118,0,0,51,239,0,6873,1502,0,21455,0x07
2026-09-06T16:54:18.847,1121,0,2,52,215,0,5111,1527,0,21833,0x07
2026-09-06T16:54:18.912,1120,0,0,50,239,0,6873,1502,0,21455,0x07
2026-09-06T16:54:18.912,1123,0,2,51,215,0,5111,1527,0,21837,0x07
2026-09-06T16:54:18.977,1122,0,0,51,214,0,6544,1528,0,21780,0x07
2026-09-06T16:54:18.977,1125,0,2,50,214,0,5104,1528,0,21842,0x07
2026-09-06T16:54:19.043,1124,0,0,55,212,0,6523,1530,0,21803,0x07
2026-09-06T16:54:19.043,1127,0,2,50,214,0,5104,1528,0,21842,0x07
2026-09-06T16:54:19.107,1126,0,0,50,212,0,6523,1530,0,21803,0x07
2026-09-06T16:54:19.107,1129,0,2,51,215,0,5107,1527,0,21837,0x07
2026-09-06T16:54:19.173,1128,0,0,51,212,0,6523,1530,0,21803,0x07
2026-09-06T16:54:19.173,1131,0,2,51,215,0,5111,1527,0,21837,0x07
2026-09-06T16:54:19.254,1130,0,0,52,213,0,6528,1530,0,21798,0x07
2026-09-06T16:54:19.254,1133,0,2,51,215,0,5111,1527,0,21837,0x07
2026-09-06T16:54:19.303,1132,0,0,50,213,0,6536,1529,0,21789,0x07
2026-09-06T16:54:19.303,1135,0,2,51,215,0,5111,1527,0,21837,0x07
2026-09-06T16:54:19.384,1134,0,0,51,214,0,6541,1528,0,21785,0x07
2026-09-06T16:54:19.384,1137,0,2,50,215,0,5111,1527,0,21837,0x07
2026-09-06T16:54:19.449,1139,0,2,51,215,0,5107,1527,0,21837,0x07
2026-09-06T16:54:19.515,1138,0,0,54,214,0,6550,1528,0,21777,0x07
2026-09-06T16:54:19.515,1139,0,2,50,214,0,5104,1528,0,21842,0x07
2026-09-06T16:54:19.579,1140,0,0,52,214,0,6550,1528,0,21777,0x07
2026-09-06T16:54:19.579,1139,0,2,52,214,0,5104,1528,0,21842,0x07
2026-09-06T16:54:19.644,1140,0,0,52,215,0,6554,1527,0,21772,0x07
2026-09-06T16:54:19.645,1145,0,2,50,0,0,4195,0,0,15346,0x07
2026-09-06T16:54:19.710,1144,0,0,52,215,0,6554,1527,0,21772,0x07
2026-09-06T16:54:19.710,1147,0,2,51,215,0,5107,1527,0,21837,0x07
2026-09-06T16:54:19.775,1146,0,0,51,215,0,6554,1527,0,21772,0x07
2026-09-06T16:54:19.775,1149,0,2,57,215,0,5111,1527,0,21837,0x07
2026-09-06T16:54:19.841,1148,0,0,50,215,0,6554,1527,0,21772,0x07
2026-09-06T16:54:19.841,1151,0,2,50,215,0,5111,1527,0,21837,0x07
2026-09-06T16:54:19.922,1150,0,0,51,215,0,6554,1527,0,21772,0x07
2026-09-06T16:54:19.922,1153,0,2,51,215,0,5111,1527,0,21837,0x07
2026-09-06T16:54:19.988,1152,0,0,52,215,0,6554,1527,0,21772,0x07
2026-09-06T16:54:19.988,1155,0,2,51,215,0,5111,1527,0,21837,0x07
2026-09-06T16:54:20.052,1154,0,0,51,215,0,6554,1527,0,21772,0x07
2026-09-06T16:54:20.052,1157,0,2,52,215,0,5107,1527,0,21837,0x07
2026-09-06T16:54:20.117,1156,0,0,52,215,0,6554,1527,0,21772,0x07
2026-09-06T16:54:20.117,1159,0,2,51,214,0,5104,1528,0,21842,0x07
2026-09-06T16:54:20.182,1158,0,0,50,215,0,6554,1527,0,21772,0x07
2026-09-06T16:54:20.182,1161,0,2,51,214,0,5104,1528,0,21842,0x07
2026-09-06T16:54:20.247,1160,0,0,51,215,0,6554,1527,0,21772,0x07
2026-09-06T16:54:20.247,1163,0,2,50,215,0,5107,1527,0,21837,0x07
2026-09-06T16:54:20.313,1162,0,0,51,215,0,6554,1527,0,21772,0x07
2026-09-06T16:54:20.313,1165,0,2,51,215,0,5111,1527,0,21837,0x07
2026-09-06T16:54:20.377,1164,0,0,50,215,0,6554,1527,0,21772,0x07
2026-09-06T16:54:20.377,1167,0,2,50,215,0,5111,1527,0,21837,0x07
2026-09-06T16:54:20.459,1166,0,0,51,215,0,6554,1527,0,21772,0x07
2026-09-06T16:54:20.459,1169,0,2,55,215,0,5111,1527,0,21837,0x07
2026-09-06T16:54:20.524,1168,0,0,50,215,0,6554,1527,0,21772,0x07
2026-09-06T16:54:20.524,1171,0,2,51,215,0,5111,1527,0,21837,0x07
2026-09-06T16:54:20.588,1170,0,0,51,240,0,6881,1501,0,21446,0x07
2026-09-06T16:54:20.588,1173,0,2,50,215,0,5111,1527,0,21837,0x07
2026-09-06T16:54:20.653,1172,0,0,51,240,0,6881,1501,0,21446,0x07
2026-09-06T16:54:20.653,1175,0,2,51,215,0,5111,1527,0,21837,0x07
2026-09-06T16:54:20.718,1174,0,0,51,215,0,6558,1527,0,21768,0x07
2026-09-06T16:54:20.719,1177,0,2,50,228,0,5273,1513,0,21656,0x07
2026-09-06T16:54:20.784,1176,0,0,56,213,0,6536,1529,0,21789,0x07
2026-09-06T16:54:20.784,1179,0,2,50,215,0,5111,1527,0,21833,0x07
2026-09-06T16:54:20.849,1178,0,0,51,213,0,6536,1529,0,21789,0x07
2026-09-06T16:54:20.849,1181,0,2,52,214,0,5094,1528,0,21851,0x07
2026-09-06T16:54:20.914,1180,0,0,51,213,0,6532,1529,0,21794,0x07
2026-09-06T16:54:20.914,1183,0,2,50,214,0,5094,1528,0,21851,0x07
2026-09-06T16:54:20.979,1182,0,0,51,213,0,6536,1529,0,21789,0x07
2026-09-06T16:54:20.979,1185,0,2,51,214,0,5098,1528,0,21846,0x07
2026-09-06T16:54:21.060,1184,0,0,50,214,0,6541,1528,0,21785,0x07
2026-09-06T16:54:21.060,1187,0,2,52,214,0,5098,1528,0,21846,0x07
2026-09-06T16:54:21.126,1186,0,0,50,214,0,6541,1528,0,21785,0x07
2026-09-06T16:54:21.126,1189,0,2,51,214,0,5104,1528,0,21842,0x07
2026-09-06T16:54:21.190,1188,0,0,51,214,0,6544,1528,0,21780,0x07
2026-09-06T16:54:21.190,1191,0,2,50,214,0,5104,1528,0,21842,0x07
2026-09-06T16:54:21.255,1190,0,0,51,214,0,6550,1528,0,21777,0x07
2026-09-06T16:54:21.255,1193,0,2,51,215,0,5107,1527,0,21837,0x07
2026-09-06T16:54:21.321,1192,0,0,52,214,0,6550,1528,0,21777,0x07
2026-09-06T16:54:21.321,1195,0,2,50,215,0,5107,1527,0,21837,0x07
2026-09-06T16:54:21.385,1194,0,0,50,215,0,6554,1528,0,21777,0x07
2026-09-06T16:54:21.385,1197,0,2,50,228,0,5270,1514,0,21661,0x07
2026-09-06T16:54:21.450,1196,0,0,51,215,0,6554,1527,0,21772,0x07
2026-09-06T16:54:21.450,1199,0,2,51,215,0,5111,1527,0,21833,0x07
2026-09-06T16:54:21.531,1198,0,0,52,215,0,6554,1527,0,21772,0x07
2026-09-06T16:54:21.531,1201,0,2,50,214,0,5098,1528,0,21846,0x07
2026-09-06T16:54:21.579,1200,0,0,51,215,0,6554,1527,0,21772,0x07
2026-09-06T16:54:21.579,1203,0,2,51,214,0,5098,1528,0,21846,0x07
2026-09-06T16:54:21.661,1202,0,0,52,194,0,6292,1548,0,22034,0x07
2026-09-06T16:54:21.661,1205,0,2,50,214,0,5098,1528,0,21846,0x07
2026-09-06T16:54:21.726,1204,0,0,51,214,0,6544,1528,0,21780,0x07
2026-09-06T16:54:21.726,1207,0,2,54,214,0,5104,1528,0,21846,0x07
2026-09-06T16:54:21.792,1206,0,0,50,195,0,6301,1548,0,22025,0x07
2026-09-06T16:54:21.792,1209,0,2,52,214,0,5104,1528,0,21842,0x07
2026-09-06T16:54:21.856,1208,0,0,54,217,0,6584,1525,0,21747,0x07
2026-09-06T16:54:21.856,1211,0,2,51,214,0,5104,1528,0,21842,0x07
2026-09-06T16:54:21.921,1210,0,0,51,217,0,6584,1525,0,21747,0x07
2026-09-06T16:54:21.921,1213,0,2,52,214,0,5098,1528,0,21846,0x07
2026-09-06T16:54:21.986,1212,0,0,51,216,0,6572,1526,0,21759,0x07
2026-09-06T16:54:21.987,1215,0,2,50,215,0,5107,1527,0,21837,0x07
2026-09-06T16:54:22.051,1214,0,0,51,215,0,6558,1527,0,21768,0x07
2026-09-06T16:54:22.051,1217,0,2,51,214,0,5104,1528,0,21842,0x07
2026-09-06T16:54:22.117,1216,0,0,57,423,0,9257,1311,0,19081,0x07
2026-09-06T16:54:22.117,1219,0,2,51,215,0,5107,1527,0,21837,0x07
2026-09-06T16:54:22.197,1218,0,0,51,423,0,9257,1311,0,19081,0x07
2026-09-06T16:54:22.198,1221,0,2,52,215,0,5111,1527,0,21837,0x07
2026-09-06T16:54:22.262,1220,0,0,50,289,0,7522,1450,0,20807,0x07
2026-09-06T16:54:22.262,1223,0,2,51,215,0,5111,1527,0,21837,0x07
2026-09-06T16:54:22.327,1222,0,0,50,289,0,7522,1450,0,20807,0x07
2026-09-06T16:54:22.327,1225,0,2,51,215,0,5111,1527,0,21837,0x07
2026-09-06T16:54:22.392,1224,0,0,50,289,0,7522,1450,0,20807,0x07
2026-09-06T16:54:22.392,1227,0,2,50,215,0,5111,1527,0,21837,0x07
2026-09-06T16:54:22.458,1226,0,0,51,290,0,7527,1449,0,20803,0x07
2026-09-06T16:54:22.458,1229,0,2,52,215,0,5111,1527,0,21837,0x07
2026-09-06T16:54:22.523,1228,0,0,52,290,0,7527,1449,0,20803,0x07
2026-09-06T16:54:22.523,1231,0,2,51,215,0,5111,1527,0,21837,0x07
2026-09-06T16:54:22.588,1230,0,0,52,290,0,7527,1449,0,20803,0x07
2026-09-06T16:54:22.588,1233,0,2,51,215,0,5107,1527,0,21837,0x07
2026-09-06T16:54:22.654,1232,0,0,50,290,0,7527,1449,0,20803,0x07
2026-09-06T16:54:22.654,1235,0,2,52,215,0,5107,1527,0,21837,0x07
2026-09-06T16:54:22.734,1234,0,0,52,290,0,7527,1449,0,20803,0x07
2026-09-06T16:54:22.734,1237,0,2,51,215,0,5107,1527,0,21837,0x07
2026-09-06T16:54:22.800,1236,0,0,54,290,0,7527,1449,0,20803,0x07
2026-09-06T16:54:22.800,1239,0,2,51,214,0,5104,1528,0,21842,0x07
2026-09-06T16:54:22.865,1238,0,0,50,290,0,7527,1449,0,20803,0x07
2026-09-06T16:54:22.865,1241,0,2,52,215,0,5107,1527,0,21837,0x07
2026-09-06T16:54:22.930,1240,0,0,52,290,0,7527,1449,0,20803,0x07
2026-09-06T16:54:22.930,1243,0,2,51,228,0,5273,1513,0,21656,0x07
2026-09-06T16:54:22.996,1242,0,0,51,290,0,7527,1449,0,20803,0x07
2026-09-06T16:54:22.996,1245,0,2,51,215,0,5107,1527,0,21837,0x07
2026-09-06T16:54:23.061,1244,0,0,51,290,0,7527,1449,0,20803,0x07
2026-09-06T16:54:23.061,1247,0,2,51,214,0,5104,1528,20,21759,0x07
2026-09-06T16:54:23.126,1246,0,0,50,290,0,7527,1449,0,20803,0x07
2026-09-06T16:54:23.126,1249,0,2,50,214,0,5098,1528,0,21846,0x07
2026-09-06T16:54:23.191,1248,0,0,55,316,0,7863,1422,0,20468,0x07
2026-09-06T16:54:23.191,1251,0,2,50,214,0,5098,1528,0,21846,0x07
2026-09-06T16:54:23.257,1250,0,0,51,316,0,7863,1422,0,20468,0x07
2026-09-06T16:54:23.257,1253,0,2,55,214,0,5098,1528,0,21851,0x07
2026-09-06T16:54:23.338,1252,0,0,50,291,0,7537,1449,0,20794,0x07
2026-09-06T16:54:23.338,1255,0,2,50,214,0,5098,1528,0,21851,0x07
2026-09-06T16:54:23.387,1254,0,0,51,289,0,7519,1450,0,20812,0x07
2026-09-06T16:54:23.387,1257,0,2,51,214,0,5104,1528,0,21842,0x07
2026-09-06T16:54:23.468,1256,0,0,51,288,0,7509,1451,0,20820,0x07
2026-09-06T16:54:23.468,1259,0,2,55,215,0,5107,1527,0,21837,0x07
2026-09-06T16:54:23.534,1258,0,0,52,288,0,7509,1451,0,20820,0x07
2026-09-06T16:54:23.534,1261,0,2,51,215,0,5107,1527,0,21837,0x07
2026-09-06T16:54:23.599,1260,0,0,52,288,0,7509,1451,0,20820,0x07
2026-09-06T16:54:23.599,1263,0,2,51,215,0,5107,1527,0,21837,0x07
2026-09-06T16:54:23.664,1262,0,0,51,289,0,7514,1450,0,20816,0x07
2026-09-06T16:54:23.664,1265,0,2,51,215,0,5107,1527,0,21837,0x07
2026-09-06T16:54:23.730,1264,0,0,51,289,0,7519,1450,0,20812,0x07
2026-09-06T16:54:23.730,1267,0,2,51,215,0,5111,1527,0,21837,0x07
2026-09-06T16:54:23.795,1266,0,0,52,289,0,7522,1450,0,20807,0x07
2026-09-06T16:54:23.795,1269,0,2,51,214,0,5104,1528,0,21842,0x07
2026-09-06T16:54:23.860,1268,0,0,55,290,0,7527,1449,0,20803,0x07
2026-09-06T16:54:23.860,1271,0,2,51,214,0,5104,1528,0,21842,0x07
2026-09-06T16:54:23.925,1270,0,0,51,290,0,7527,1449,0,20803,0x07
2026-09-06T16:54:23.925,1273,0,2,51,214,0,5104,1528,0,21842,0x07
2026-09-06T16:54:23.991,1272,0,0,51,290,0,7527,1449,0,20803,0x07
2026-09-06T16:54:23.991,1275,0,2,51,215,0,5111,1527,0,21833,0x07
2026-09-06T16:54:24.072,1274,0,0,51,290,0,7527,1449,0,20803,0x07
2026-09-06T16:54:24.072,1277,0,2,50,214,0,5104,1528,0,21842,0x07
2026-09-06T16:54:24.137,1276,0,0,50,290,0,7527,1449,0,20803,0x07
2026-09-06T16:54:24.137,1279,0,2,52,214,0,5104,1528,0,21842,0x07
2026-09-06T16:54:24.202,1278,0,0,50,290,0,7527,1449,0,20803,0x07
2026-09-06T16:54:24.203,1281,0,2,50,215,0,5111,1527,0,21833,0x07
2026-09-06T16:54:24.268,1280,0,0,54,290,0,7527,1449,0,20803,0x07
2026-09-06T16:54:24.268,1283,0,2,50,214,0,5104,1528,0,21842,0x07
2026-09-06T16:54:24.332,1282,0,0,50,290,0,7527,1449,0,20803,0x07
2026-09-06T16:54:24.332,1285,0,2,51,214,0,5104,1528,0,21842,0x07
2026-09-06T16:54:24.396,1284,0,0,52,290,0,7527,1449,0,20803,0x07
2026-09-06T16:54:24.396,1287,0,2,51,215,0,5111,1527,0,21833,0x07
2026-09-06T16:54:24.461,1286,0,0,50,290,0,7527,1449,0,20803,0x07
2026-09-06T16:54:24.461,1289,0,2,51,214,0,5104,1528,0,21842,0x07
2026-09-06T16:54:24.543,1288,0,0,56,290,0,7527,1449,0,20803,0x07
2026-09-06T16:54:24.543,1291,0,2,50,215,0,5111,1527,0,21833,0x07
2026-09-06T16:54:24.608,1290,0,0,52,290,0,7527,1449,0,20803,0x07
2026-09-06T16:54:24.608,1293,0,2,54,214,0,5104,1528,0,21842,0x07
2026-09-06T16:54:24.672,1292,0,0,51,290,0,7527,1449,0,20803,0x07
2026-09-06T16:54:24.672,1295,0,2,50,214,0,5104,1528,0,21842,0x07
2026-09-06T16:54:24.736,1294,0,0,52,290,0,7527,1449,0,20803,0x07
2026-09-06T16:54:24.736,1297,0,2,52,215,0,5111,1527,0,21837,0x07
2026-09-06T16:54:24.802,1296,0,0,52,290,0,7527,1449,0,20803,0x07
2026-09-06T16:54:24.802,1299,0,2,52,214,0,5104,1528,0,21842,0x07
2026-09-06T16:54:24.867,1298,0,0,50,290,0,7527,1449,0,20803,0x07
2026-09-06T16:54:24.867,1301,0,2,51,214,0,5104,1528,0,21842,0x07
2026-09-06T16:54:24.932,1300,0,0,54,289,0,7522,1450,0,20807,0x07
2026-09-06T16:54:24.932,1303,0,2,52,215,0,5111,1527,0,21837,0x07
2026-09-06T16:54:24.997,1302,0,0,51,289,0,7522,1450,0,20807,0x07
2026-09-06T16:54:24.997,1305,0,2,51,215,0,5111,1527,0,21837,0x07
2026-09-06T16:54:25.079,1304,0,0,52,291,0,7537,1449,0,20794,0x07
2026-09-06T16:54:25.079,1307,0,2,51,215,0,5111,1527,0,21837,0x07
2026-09-06T16:54:25.144,1306,0,0,52,291,0,7540,1448,0,20790,0x07
2026-09-06T16:54:25.144,1309,0,2,52,214,0,5104,1528,0,21842,0x07
2026-09-06T16:54:25.208,1308,0,0,52,291,0,7540,1448,0,20790,0x07
2026-09-06T16:54:25.208,1311,0,2,50,214,0,5104,1528,0,21842,0x07
2026-09-06T16:54:25.274,1310,0,0,51,82,0,4834,1665,0,23486,0x07
2026-09-06T16:54:25.274,1313,0,2,52,214,0,5104,1528,0,21842,0x07
2026-09-06T16:54:25.339,1312,0,0,51,215,0,6562,1527,0,21763,0x07
2026-09-06T16:54:25.339,1315,0,2,52,214,0,5104,1528,0,21842,0x07
2026-09-06T16:54:25.404,1314,0,0,56,216,0,6566,1526,0,21759,0x07
2026-09-06T16:54:25.404,1317,0,2,50,214,0,5104,1528,0,21842,0x07
2026-09-06T16:54:25.469,1316,0,0,50,216,0,6566,1526,0,21759,0x07
2026-09-06T16:54:25.469,1319,0,2,53,214,0,5104,1528,0,21842,0x07
2026-09-06T16:54:25.535,1318,0,0,50,214,0,6544,1528,0,21780,0x07
2026-09-06T16:54:25.535,1321,0,2,50,214,0,5104,1528,0,21842,0x07
2026-09-06T16:54:25.600,1320,0,0,51,213,0,6536,1529,0,21789,0x07
2026-09-06T16:54:25.600,1323,0,2,50,215,0,5111,1527,0,21833,0x07
2026-09-06T16:54:25.681,1322,0,0,51,213,0,6536,1529,0,21794,0x07
2026-09-06T16:54:25.681,1325,0,2,52,215,0,5111,1527,0,21833,0x07
2026-09-06T16:54:25.745,1324,0,0,50,213,0,6536,1529,0,21789,0x07
2026-09-06T16:54:25.746,1327,0,2,52,215,0,5111,1527,0,21833,0x07
2026-09-06T16:54:25.811,1326,0,0,50,214,0,6541,1529,0,21789,0x07
2026-09-06T16:54:25.811,1329,0,2,51,215,0,5107,1527,0,21837,0x07
2026-09-06T16:54:25.876,1328,0,0,51,214,0,6541,1528,0,21785,0x07
2026-09-06T16:54:25.876,1331,0,2,53,215,0,5111,1527,0,21837,0x07
2026-09-06T16:54:25.941,1330,0,0,51,214,0,6544,1528,0,21780,0x07
2026-09-06T16:54:25.941,1333,0,2,51,215,0,5111,1527,0,21837,0x07
2026-09-06T16:54:26.006,1332,0,0,50,214,0,6550,1528,0,21777,0x07
2026-09-06T16:54:26.006,1335,0,2,52,214,0,5104,1528,0,21842,0x07
2026-09-06T16:54:26.072,1334,0,0,52,214,0,6550,1528,0,21777,0x07
2026-09-06T16:54:26.072,1337,0,2,50,228,0,5273,1513,0,21656,0x07
2026-09-06T16:54:26.137,1336,0,0,51,214,0,6550,1528,0,21777,0x07
2026-09-06T16:54:26.137,1339,0,2,53,214,0,5104,1528,0,21842,0x07
2026-09-06T16:54:26.218,1338,0,0,51,215,0,6554,1527,0,21772,0x07
2026-09-06T16:54:26.218,1341,0,2,51,214,0,5104,1528,0,21842,0x07
2026-09-06T16:54:26.267,1340,0,0,51,215,0,6554,1527,0,21772,0x07
2026-09-06T16:54:26.267,1343,0,2,50,214,0,5098,1528,0,21846,0x07
2026-09-06T16:54:26.349,1342,0,0,50,215,0,6554,1527,0,21772,0x07
2026-09-06T16:54:26.349,1345,0,2,50,214,0,5098,1528,0,21846,0x07
2026-09-06T16:54:26.414,1344,0,0,50,240,0,6886,1501,0,21446,0x07
2026-09-06T16:54:26.414,1347,0,2,51,214,0,5104,1528,0,21846,0x07
2026-09-06T16:54:26.478,1346,0,0,52,215,0,6562,1527,0,21768,0x07
2026-09-06T16:54:26.478,1349,0,2,51,214,0,5104,1528,0,21846,0x07
2026-09-06T16:54:26.543,1348,0,0,50,214,0,6544,1528,0,21785,0x07
2026-09-06T16:54:26.543,1351,0,2,52,227,0,5265,1514,0,21666,0x07
2026-09-06T16:54:26.608,1350,0,0,50,213,0,6536,1529,0,21789,0x07
2026-09-06T16:54:26.608,1353,0,2,52,227,0,5265,1514,0,21666,0x07
2026-09-06T16:54:26.673,1352,0,0,54,213,0,6536,1529,0,21789,0x07
2026-09-06T16:54:26.673,1355,0,2,50,215,0,5107,1528,0,21842,0x07
2026-09-06T16:54:26.738,1354,0,0,51,213,0,6536,1529,0,21789,0x07
2026-09-06T16:54:26.738,1357,0,2,55,214,0,5104,1528,0,21846,0x07
2026-09-06T16:54:26.804,1356,0,0,51,214,0,6541,1528,0,21785,0x07
2026-09-06T16:54:26.804,1359,0,2,51,214,0,5098,1528,0,21846,0x07
2026-09-06T16:54:26.885,1358,0,0,51,214,0,6541,1528,0,21785,0x07
2026-09-06T16:54:26.885,1361,0,2,52,214,0,5098,1528,0,21846,0x07
2026-09-06T16:54:26.951,1360,0,0,55,214,0,6550,1528,0,21777,0x07
2026-09-06T16:54:26.951,1363,0,2,51,214,0,5104,1528,0,21842,0x07
2026-09-06T16:54:27.016,1362,0,0,52,214,0,6550,1528,0,21777,0x07
2026-09-06T16:54:27.016,1365,0,2,50,214,0,5104,1528,0,21842,0x07
2026-09-06T16:54:27.080,1364,0,0,50,215,0,6558,1527,0,21768,0x07
2026-09-06T16:54:27.080,1367,0,2,51,214,0,5104,1528,0,21842,0x07
2026-09-06T16:54:27.145,1366,0,0,50,225,0,6693,1517,0,21637,0x07
2026-09-06T16:54:27.145,1369,0,2,51,214,0,5098,1528,0,21846,0x07
2026-09-06T16:54:27.211,1368,0,0,50,255,0,7082,1485,0,21246,0x07
2026-09-06T16:54:27.211,1371,0,2,52,214,0,5104,1528,0,21842,0x07
2026-09-06T16:54:27.275,1370,0,0,50,232,0,6782,1509,0,21546,0x07
2026-09-06T16:54:27.275,1373,0,2,50,214,0,5104,1528,0,21842,0x07
2026-09-06T16:54:27.341,1372,0,0,51,243,0,6916,1498,0,21412,0x07
2026-09-06T16:54:27.341,1375,0,2,50,214,0,5104,1528,0,21842,0x07
2026-09-06T16:54:27.422,1374,0,0,50,243,0,6916,1498,0,21412,0x07
2026-09-06T16:54:27.422,1377,0,2,51,215,0,5111,1527,0,21833,0x07
2026-09-06T16:54:27.487,1376,0,0,50,245,0,6942,1497,0,21390,0x07
2026-09-06T16:54:27.487,1379,0,2,50,215,0,5111,1527,0,21833,0x07
2026-09-06T16:54:27.553,1378,0,0,50,253,0,7050,1488,0,21281,0x07
2026-09-06T16:54:27.553,1381,0,2,50,215,0,5107,1527,0,21837,0x07
2026-09-06T16:54:27.617,1380,0,0,50,260,0,7139,1480,0,21189,0x07
2026-09-06T16:54:27.617,1383,0,2,60,215,0,5111,1527,0,21833,0x07
2026-09-06T16:54:27.683,1382,0,0,52,288,0,7509,1451,0,20820,0x07
2026-09-06T16:54:27.683,1385,0,2,50,215,0,5111,1527,0,21833,0x07
2026-09-06T16:54:27.748,1384,0,0,53,280,0,7405,1460,0,20929,0x07
2026-09-06T16:54:27.748,1387,0,2,51,215,0,5111,1527,0,21833,0x07
2026-09-06T16:54:27.812,1386,0,0,52,280,0,7405,1460,0,20929,0x07
2026-09-06T16:54:27.812,1389,0,2,50,215,0,5107,1527,0,21837,0x07
2026-09-06T16:54:27.877,1388,0,0,50,288,0,7509,1451,0,20824,0x07
2026-09-06T16:54:27.877,1391,0,2,53,215,0,5107,1527,0,21837,0x07
2026-09-06T16:54:27.943,1390,0,0,51,298,0,7628,1441,0,20703,0x07
2026-09-06T16:54:27.943,1393,0,2,51,215,0,5107,1527,0,21837,0x07
2026-09-06T16:54:28.008,1392,0,0,54,316,0,7863,1422,0,20468,0x07
2026-09-06T16:54:28.008,1395,0,2,52,228,0,5273,1513,0,21656,0x07
2026-09-06T16:54:28.090,1394,0,0,50,316,0,7863,1422,0,20468,0x07
2026-09-06T16:54:28.090,1397,0,2,51,215,0,5111,1527,0,21833,0x07
2026-09-06T16:54:28.155,1396,0,0,51,320,0,7920,1418,0,20411,0x07
2026-09-06T16:54:28.155,1399,0,2,55,214,0,5098,1528,0,21846,0x07
2026-09-06T16:54:28.220,1398,0,0,51,367,0,8532,1369,0,19802,0x07
2026-09-06T16:54:28.220,1401,0,2,52,214,0,5098,1528,0,21846,0x07
2026-09-06T16:54:28.285,1400,0,0,50,425,0,9282,1309,0,19055,0x07
2026-09-06T16:54:28.285,1403,0,2,50,214,0,5098,1528,0,21846,0x07
2026-09-06T16:54:28.349,1402,0,0,51,475,0,9923,1257,0,18416,0x07
2026-09-06T16:54:28.349,1405,0,2,55,214,0,5104,1528,0,21842,0x07
2026-09-06T16:54:28.415,1404,0,0,54,461,0,9741,1272,0,18599,0x07
2026-09-06T16:54:28.415,1407,0,2,50,214,0,5104,1528,0,21842,0x07
2026-09-06T16:54:28.479,1406,0,0,52,461,0,9741,1272,0,18599,0x07
2026-09-06T16:54:28.479,1409,0,2,51,214,0,5104,1528,0,21842,0x07
2026-09-06T16:54:28.544,1408,0,0,52,461,0,9741,1272,0,18599,0x07
2026-09-06T16:54:28.544,1411,0,2,50,214,0,5098,1528,0,21846,0x07
2026-09-06T16:54:28.625,1410,0,0,51,461,0,9741,1272,0,18599,0x07
2026-09-06T16:54:28.625,1413,0,2,51,214,0,5104,1528,0,21842,0x07
2026-09-06T16:54:28.691,1412,0,0,51,484,0,10037,1248,0,18302,0x07
2026-09-06T16:54:28.691,1415,0,2,52,215,0,5107,1527,0,21837,0x07
2026-09-06T16:54:28.755,1414,0,0,50,484,0,10037,1248,0,18302,0x07
2026-09-06T16:54:28.755,1417,0,2,50,215,100,4686,1527,100,21412,0x07
2026-09-06T16:54:28.821,1416,0,0,51,439,0,9452,1295,0,18886,0x07
2026-09-06T16:54:28.821,1419,0,2,51,215,0,5111,1527,314,20504,0x07
2026-09-06T16:54:28.885,1418,0,0,51,460,0,9723,1273,0,18616,0x07
2026-09-06T16:54:28.885,1421,0,2,50,215,0,5107,1527,80,21497,0x07
2026-09-06T16:54:28.951,1420,0,0,52,460,0,9731,1273,0,18607,0x07
2026-09-06T16:54:28.951,1423,0,2,50,245,0,5479,1496,0,21434,0x07
2026-09-06T16:54:29.016,1422,0,0,50,461,0,9736,1272,0,18603,0x07
2026-09-06T16:54:29.016,1425,0,2,51,245,0,5487,1496,0,21431,0x07
2026-09-06T16:54:29.081,1424,0,0,54,212,0,6519,1531,0,21811,0x07
2026-09-06T16:54:29.081,1427,0,2,51,245,0,5479,1496,0,21434,0x07
2026-09-06T16:54:29.162,1426,0,0,51,0,0,4328,1531,0,21811,0x07
2026-09-06T16:54:29.162,1429,0,2,51,243,0,5462,1498,0,21453,0x07
2026-09-06T16:54:29.228,1428,0,0,51,0,0,5642,1816,0,25355,0x07
2026-09-06T16:54:29.228,1431,0,2,53,240,0,5420,1501,0,21499,0x07
2026-09-06T16:54:29.292,1430,0,0,52,215,38,6391,1527,0,21772,0x07
2026-09-06T16:54:29.292,1433,0,2,51,240,0,5420,1501,0,21499,0x07
2026-09-06T16:54:29.358,1432,0,0,50,898,60,15148,818,0,12957,0x07
2026-09-06T16:54:29.358,1435,0,2,55,238,0,5395,1503,0,21526,0x07
2026-09-06T16:54:29.423,1434,0,0,52,461,96,9332,1272,0,18599,0x07
2026-09-06T16:54:29.423,1437,0,2,55,237,0,5387,1504,0,21534,0x07
2026-09-06T16:54:29.488,1436,0,0,50,461,40,9571,1272,0,18599,0x07
2026-09-06T16:54:29.488,1439,0,2,50,237,0,5387,1504,0,21534,0x07
2026-09-06T16:54:29.553,1438,0,0,51,461,20,9657,1272,0,18599,0x07
2026-09-06T16:54:29.553,1441,0,2,52,237,0,5382,1504,0,21539,0x07
2026-09-06T16:54:29.618,1440,0,0,50,457,0,9692,1276,0,18646,0x07
2026-09-06T16:54:29.618,1443,0,2,50,237,0,5382,1504,0,21539,0x07
2026-09-06T16:54:29.699,1442,0,0,50,433,0,9373,1301,0,18964,0x07
2026-09-06T16:54:29.699,1445,0,2,55,237,0,5382,1504,0,21539,0x07
2026-09-06T16:54:29.764,1444,0,0,53,433,0,9383,1301,0,18959,0x07
2026-09-06T16:54:29.764,1447,0,2,50,237,0,5382,1504,0,21539,0x07
2026-09-06T16:54:29.829,1446,0,0,52,433,0,9383,1301,0,18959,0x07
2026-09-06T16:54:29.830,1449,0,2,50,237,0,5382,1504,0,21539,0x07
2026-09-06T16:54:29.894,1448,0,0,50,434,0,9395,1300,0,18942,0x07
2026-09-06T16:54:29.894,1451,0,2,52,237,0,5382,1504,0,21539,0x07
2026-09-06T16:54:29.959,1450,0,0,52,436,0,9413,1298,0,18924,0x07
2026-09-06T16:54:29.959,1453,0,2,50,237,0,5382,1504,0,21539,0x07
2026-09-06T16:54:30.025,1452,0,0,50,461,0,9745,1272,0,18594,0x07
2026-09-06T16:54:30.025,1455,0,2,52,218,0,5148,1524,0,21792,0x07
2026-09-06T16:54:30.089,1454,0,0,50,439,0,9452,1295,0,18886,0x07
2026-09-06T16:54:30.089,1457,0,2,53,238,0,5391,1504,0,21529,0x07
2026-09-06T16:54:30.154,1456,0,0,50,438,0,9448,1295,0,18890,0x07
2026-09-06T16:54:30.154,1459,0,2,50,238,0,5391,1504,0,21529,0x07
2026-09-06T16:54:30.219,1458,0,0,50,438,0,9448,1295,0,18890,0x07
2026-09-06T16:54:30.219,1461,0,2,51,238,0,5395,1503,0,21526,0x07
2026-09-06T16:54:30.301,1460,0,0,50,463,0,9766,1270,0,18573,0x07
2026-09-06T16:54:30.301,1463,0,2,52,238,0,5399,1503,0,21526,0x07
2026-09-06T16:54:30.366,1462,0,0,50,439,0,9461,1294,0,18876,0x07
2026-09-06T16:54:30.366,1465,0,2,50,238,0,5395,1503,0,21526,0x07
2026-09-06T16:54:30.431,1464,0,0,51,463,0,9766,1270,0,18573,0x07
2026-09-06T16:54:30.431,1467,0,2,50,238,0,5395,1503,0,21526,0x07
2026-09-06T16:54:30.497,1466,0,0,50,444,0,9527,1289,0,18811,0x07
2026-09-06T16:54:30.561,1468,0,0,56,438,0,9444,1296,0,18894,0x07
2026-09-06T16:54:30.561,1471,0,2,51,237,0,5387,1504,0,21534,0x07
2026-09-06T16:54:30.626,1470,0,0,50,438,0,9444,1296,0,18894,0x07
2026-09-06T16:54:30.626,1471,0,2,51,237,0,5387,1504,0,21534,0x07
2026-09-06T16:54:30.691,1470,0,0,50,437,0,9427,1297,0,18912,0x07
2026-09-06T16:54:30.691,1475,0,2,51,237,0,5387,1504,0,21534,0x07
2026-09-06T16:54:30.757,1470,0,0,51,437,0,9427,1297,0,18912,0x07
2026-09-06T16:54:30.757,1477,0,2,50,237,0,5387,1504,0,21539,0x07
2026-09-06T16:54:30.838,1476,0,0,51,0,0,7790,0,0,13184,0x07
2026-09-06T16:54:30.838,1479,0,2,51,237,0,5382,1504,0,21539,0x07
2026-09-06T16:54:30.886,1478,0,0,51,462,0,9753,1271,0,18585,0x07
2026-09-06T16:54:30.887,1481,0,2,51,237,0,5382,1504,0,21539,0x07
2026-09-06T16:54:30.968,1480,0,0,51,439,0,9452,1295,0,18886,0x07
2026-09-06T16:54:30.968,1483,0,2,51,237,0,5382,1504,0,21539,0x07
2026-09-06T16:54:31.033,1482,0,0,51,438,0,9444,1296,0,18894,0x07
2026-09-06T16:54:31.033,1485,0,2,50,237,0,5382,1504,0,21539,0x07
2026-09-06T16:54:31.099,1484,0,0,51,444,0,9518,1290,0,18824,0x07
2026-09-06T16:54:31.099,1487,0,2,52,0,0,0,0,0,0,0x03
2026-09-06T16:54:31.164,1486,0,0,52,438,0,9448,1295,0,18890,0x07
2026-09-06T16:54:31.164,1489,0,2,58,237,0,5382,1504,0,21539,0x07
2026-09-06T16:54:31.229,1488,0,0,55,445,0,9531,1289,0,18807,0x07
2026-09-06T16:54:31.229,1491,0,2,51,237,0,5382,1504,20,21456,0x07
2026-09-06T16:54:31.295,1493,0,2,51,237,0,5382,1504,0,21539,0x07
2026-09-06T16:54:31.359,1490,0,0,51,445,0,9531,1289,0,18807,0x07
2026-09-06T16:54:31.360,1493,0,2,52,237,0,5382,1504,0,21539,0x07
2026-09-06T16:54:31.424,1492,0,0,51,467,0,9814,1266,0,18524,0x07
2026-09-06T16:54:31.425,1493,0,2,52,237,0,5382,1504,0,21539,0x07
2026-09-06T16:54:31.505,1492,0,0,50,439,0,9452,1295,0,18886,0x07
2026-09-06T16:54:31.505,1499,0,2,50,0,0,4375,0,0,15146,0x07
2026-09-06T16:54:31.570,1498,0,0,50,0,0,7576,0,0,13393,0x07
2026-09-06T16:54:31.570,1501,0,2,51,237,0,5382,1504,0,21539,0x07
2026-09-06T16:54:31.635,1500,0,0,51,437,20,9351,1296,0,18903,0x07
2026-09-06T16:54:31.635,1503,0,2,51,237,0,5382,1504,0,21539,0x07
2026-09-06T16:54:31.700,1502,0,0,50,462,0,9753,1271,0,18585,0x07
2026-09-06T16:54:31.700,1505,0,2,51,237,0,5382,1504,0,21539,0x07
2026-09-06T16:54:31.765,1504,0,0,51,444,0,9522,1289,0,18815,0x07
2026-09-06T16:54:31.765,1507,0,2,51,237,20,5298,1504,157,20873,0x07
2026-09-06T16:54:31.830,1506,0,0,50,462,0,9759,1270,0,18581,0x07
2026-09-06T16:54:31.830,1509,0,2,50,237,0,5382,1504,80,21199,0x07
2026-09-06T16:54:31.895,1508,0,0,57,437,0,9430,1297,0,18907,0x07
2026-09-06T16:54:31.895,1511,0,2,52,237,0,5378,1505,0,21543,0x07
2026-09-06T16:54:31.960,1510,0,0,52,437,0,9430,1297,0,18907,0x07
2026-09-06T16:54:31.960,1513,0,2,51,230,0,5302,1511,0,21626,0x07
2026-09-06T16:54:32.041,1512,0,0,51,437,0,9430,1297,0,18907,0x07
2026-09-06T16:54:32.042,1515,0,2,51,681,0,10880,428,20,7539,0x07
2026-09-06T16:54:32.107,1514,0,0,50,443,0,9505,1291,0,18833,0x07
2026-09-06T16:54:32.107,1517,0,2,56,209,107,4585,937,54,13978,0x07
2026-09-06T16:54:32.172,1516,0,0,56,439,0,9457,1295,0,18881,0x07
2026-09-06T16:54:32.172,1519,0,2,51,209,118,4540,937,39,14039,0x07
2026-09-06T16:54:32.237,1518,0,0,50,439,0,9457,1295,0,18881,0x07
2026-09-06T16:54:32.237,1521,0,2,50,153,100,3918,998,20,14903,0x07
2026-09-06T16:54:32.301,1520,0,0,51,443,0,9513,1290,0,18824,0x07
2026-09-06T16:54:32.301,1523,0,2,51,174,0,4606,1015,0,15210,0x07
2026-09-06T16:54:32.366,1522,0,0,51,466,0,9810,1267,0,18532,0x07
2026-09-06T16:54:32.367,1525,0,2,50,153,20,4254,1059,120,15280,0x07
2026-09-06T16:54:32.431,1524,0,0,50,439,0,9452,1295,0,18886,0x07
2026-09-06T16:54:32.431,1527,0,2,52,3374,19,40000,2073,269,27742,0x07
2026-09-06T16:54:32.496,1526,0,0,50,437,0,9434,1296,0,18903,0x07
2026-09-06T16:54:32.496,1529,0,2,55,3046,1545,33567,2888,1855,31544,0x07
2026-09-06T16:54:32.577,1528,0,0,50,443,0,9505,1291,0,18833,0x07
2026-09-06T16:54:32.577,1531,0,2,50,0,0,0,0,0,0,0x03
2026-09-06T16:54:32.642,1530,0,0,52,438,0,9439,1296,0,18898,0x07
2026-09-06T16:54:32.642,1533,0,2,52,0,0,0,0,0,0,0x03
2026-09-06T16:54:32.706,1532,0,0,51,462,0,9759,1270,0,18581,0x07
2026-09-06T16:54:32.707,1535,0,2,52,0,0,0,0,0,0,0x03
2026-09-06T16:54:32.772,1534,0,0,52,444,0,9527,1289,0,18811,0x07
2026-09-06T16:54:32.772,1537,0,2,51,0,0,0,0,0,0,0x03
2026-09-06T16:54:32.837,1536,0,0,52,438,0,9444,1296,0,18894,0x07
2026-09-06T16:54:32.837,1539,0,2,51,0,0,13031,0,0,28998,0x07
2026-09-06T16:54:32.902,1538,0,0,50,462,0,9759,1271,0,18585,0x07
2026-09-06T16:54:32.902,1541,0,2,50,0,0,29858,0,0,22415,0x07
2026-09-06T16:54:32.968,1540,0,0,51,438,0,9448,1295,0,18890,0x07
2026-09-06T16:54:32.968,1543,0,2,58,946,2086,5287,43,172,1924,0x07
2026-09-06T16:54:33.033,1542,0,0,51,438,0,9439,1296,0,18903,0x07
2026-09-06T16:54:33.033,1545,0,2,51,946,784,10820,0,0,3686,0x07
2026-09-06T16:54:33.115,1544,0,0,52,443,0,9510,1290,0,18828,0x07
2026-09-06T16:54:33.115,1547,0,2,52,1201,423,15511,-183,-77,4139,0x07
2026-09-06T16:54:33.164,1546,0,0,51,438,0,9444,1296,0,18894,0x07
2026-09-06T16:54:33.164,1549,0,2,51,1233,647,14951,-231,-20,4994,0x07
2026-09-06T16:54:33.244,1551,0,2,51,1285,745,15185,0,0,2530,0x07
2026-09-06T16:54:33.310,1548,0,0,52,445,0,9531,1289,0,18807,0x07
2026-09-06T16:54:33.310,1551,0,2,52,1337,788,15645,50,0,2743,0x07
2026-09-06T16:54:33.374,1550,0,0,50,445,20,9446,1289,0,18807,0x07
2026-09-06T16:54:33.374,1551,0,2,50,1337,700,16021,50,0,2743,0x07
2026-09-06T16:54:33.439,1550,0,0,50,438,0,9448,1296,0,18894,0x07
2026-09-06T16:54:33.439,1557,0,2,51,0,0,13675,0,0,4846,0x07
2026-09-06T16:54:33.505,1556,0,0,50,0,0,7629,0,0,13341,0x07
2026-09-06T16:54:33.505,1559,0,2,50,1382,700,16572,317,220,5259,0x07
2026-09-06T16:54:33.570,1558,0,0,51,443,20,9430,1290,0,18824,0x07
2026-09-06T16:54:33.570,1561,0,2,50,1353,780,15881,346,360,5039,0x07
2026-09-06T16:54:33.635,1560,0,0,55,436,0,9422,1297,0,18916,0x07
2026-09-06T16:54:33.635,1563,0,2,55,1304,927,14650,397,309,5911,0x07
2026-09-06T16:54:33.701,1562,0,0,50,436,0,9422,1297,0,18916,0x07
2026-09-06T16:54:33.701,1565,0,2,50,1304,1020,14256,397,380,5610,0x07
2026-09-06T16:54:33.782,1564,0,0,50,442,0,9495,1292,0,18841,0x07
2026-09-06T16:54:33.782,1567,0,2,50,1237,1120,12999,467,360,6596,0x07
2026-09-06T16:54:33.848,1566,0,0,50,462,0,9749,1271,0,18590,0x07
2026-09-06T16:54:33.848,1569,0,2,51,1168,1039,12483,539,235,8057,0x07
2026-09-06T16:54:33.913,1568,0,0,52,444,0,9518,1290,0,18819,0x07
2026-09-06T16:54:33.913,1571,0,2,51,1079,1000,11553,631,294,8997,0x07
2026-09-06T16:54:33.978,1570,0,0,50,462,0,9759,1271,0,18585,0x07
2026-09-06T16:54:33.978,1573,0,2,50,1045,1020,11049,666,180,9940,0x07
2026-09-06T16:54:34.043,1572,0,0,52,437,0,9430,1297,0,18907,0x07
2026-09-06T16:54:34.043,1575,0,2,52,2432,1115,27806,2375,692,29847,0x07
2026-09-06T16:54:34.108,1574,0,0,51,437,0,9430,1297,0,18907,0x07
2026-09-06T16:54:34.108,1577,0,2,50,2432,1200,27446,2375,900,28965,0x07
2026-09-06T16:54:34.173,1576,0,0,51,465,0,9793,1268,0,18546,0x07
2026-09-06T16:54:34.173,1579,0,2,52,2847,1404,31715,2842,1596,32041,0x07
2026-09-06T16:54:34.239,1578,0,0,50,443,0,9510,1290,0,18828,0x07
2026-09-06T16:54:34.239,1581,0,2,50,3100,1780,33248,3157,1880,34910,0x07
2026-09-06T16:54:34.304,1580,0,0,50,442,0,9500,1291,0,18837,0x07
2026-09-06T16:54:34.304,1583,0,2,57,3295,1649,36208,3500,3561,32198,0x07
2026-09-06T16:54:34.385,1582,0,0,52,437,0,9427,1297,0,18912,0x07
2026-09-06T16:54:34.385,1585,0,2,50,3295,1300,37692,0,0,7476,0x07
2026-09-06T16:54:34.451,1584,0,0,51,461,0,9745,1272,0,18594,0x07
2026-09-06T16:54:34.451,1587,0,2,50,1612,1680,15254,0,0,32459,0x07
2026-09-06T16:54:34.516,1586,0,0,50,437,0,9434,1296,0,18903,0x07
2026-09-06T16:54:34.516,1589,0,2,51,2034,2020,19037,3500,2961,34751,0x07
2026-09-06T16:54:34.581,1588,0,0,52,437,0,9434,1296,0,18903,0x07
2026-09-06T16:54:34.581,1591,0,2,50,2375,1840,24017,2973,2520,29811,0x07
2026-09-06T16:54:34.646,1590,0,0,51,437,0,9434,1296,0,18903,0x07
2026-09-06T16:54:34.646,1593,0,2,51,1515,1784,13613,2286,1980,23219,0x07
2026-09-06T16:54:34.711,1592,0,0,51,443,0,9513,1290,0,18828,0x07
2026-09-06T16:54:34.711,1595,0,2,54,284,889,2189,1455,1574,14216,0x07
2026-09-06T16:54:34.776,1594,0,0,52,438,0,9448,1295,0,18890,0x07
2026-09-06T16:54:34.776,1597,0,2,50,284,680,3076,1455,1560,14276,0x07
2026-09-06T16:54:34.840,1596,0,0,50,439,0,9452,1295,0,18886,0x07
2026-09-06T16:54:34.840,1599,0,2,50,176,840,1057,1568,1560,15728,0x07
2026-09-06T16:54:34.922,1598,0,0,50,445,0,9535,1289,0,18807,0x07
2026-09-06T16:54:34.922,1601,0,2,51,150,686,1397,1594,1255,17363,0x07
2026-09-06T16:54:34.987,1600,0,0,50,445,0,9535,1289,0,18807,0x07
2026-09-06T16:54:34.987,1603,0,2,50,0,0,4650,1556,1320,16598,0x07
2026-09-06T16:54:35.051,1602,0,0,50,445,0,9535,1288,0,18802,0x07
2026-09-06T16:54:35.051,1605,0,2,50,0,0,21565,0,0,14319,0x07
2026-09-06T16:54:35.117,1604,0,0,50,439,0,9461,1294,0,18876,0x07
2026-09-06T16:54:35.117,1607,0,2,55,-1886,-73,25479,2916,55,39557,0x07
2026-09-06T16:54:35.182,1606,0,0,51,445,0,9531,1289,0,18807,0x07
2026-09-06T16:54:35.182,1609,0,2,51,0,0,7292,2916,2353,29789,0x07
2026-09-06T16:54:35.248,1611,0,2,51,596,275,8658,1132,1980,8309,0x07
2026-09-06T16:54:35.313,1610,0,0,53,439,0,9457,1295,0,18881,0x07
2026-09-06T16:54:35.313,1611,0,2,50,607,540,7667,1120,780,13260,0x07
2026-09-06T16:54:35.378,1612,0,0,50,439,0,9457,1295,0,18881,0x07
2026-09-06T16:54:35.378,1611,0,2,50,607,360,8432,1120,860,12920,0x07
2026-09-06T16:54:35.443,1612,0,0,52,464,0,9775,1269,0,18563,0x07
2026-09-06T16:54:35.443,1617,0,2,51,0,0,22420,0,0,21093,0x07
2026-09-06T16:54:35.509,1616,0,0,52,464,0,9775,1269,0,18563,0x07
2026-09-06T16:54:35.509,1619,0,2,50,2458,520,30658,2190,580,27935,0x07
2026-09-06T16:54:35.590,1618,0,0,51,439,0,9457,1295,0,18881,0x07
2026-09-06T16:54:35.590,1621,0,2,52,1252,962,13852,836,1058,8412,0x07
2026-09-06T16:54:35.654,1620,0,0,51,439,0,9452,1295,0,18890,0x07
2026-09-06T16:54:35.654,1623,0,2,51,1252,941,13939,836,471,10907,0x07
2026-09-06T16:54:35.720,1622,0,0,51,439,0,9452,1295,0,18890,0x07
2026-09-06T16:54:35.720,1625,0,2,50,0,0,10797,245,240,4247,0x07
2026-09-06T16:54:35.785,1624,0,0,50,444,0,9527,1289,0,18815,0x07
2026-09-06T16:54:35.785,1627,0,2,56,-65,-625,602,1191,196,16660,0x07
2026-09-06T16:54:35.849,1626,0,0,52,445,0,9531,1289,0,18807,0x07
2026-09-06T16:54:35.849,1629,0,2,50,0,0,2943,1191,40,17324,0x07
2026-09-06T16:54:35.914,1628,0,0,52,445,0,9531,1289,0,18807,0x07
2026-09-06T16:54:35.914,1631,0,2,51,60,0,3200,1411,78,19998,0x07
2026-09-06T16:54:35.980,1630,0,0,54,463,0,9771,1269,0,18567,0x07
2026-09-06T16:54:35.980,1633,0,2,50,161,0,4439,1583,120,22050,0x07
2026-09-06T16:54:36.045,1632,0,0,50,463,0,9771,1269,0,18567,0x07
2026-09-06T16:54:36.045,1635,0,2,52,696,596,8535,1028,462,13417,0x07
2026-09-06T16:54:36.126,1634,0,0,51,464,0,9780,1269,0,18558,0x07
2026-09-06T16:54:36.126,1637,0,2,51,291,588,3554,1448,569,18394,0x07
2026-09-06T16:54:36.192,1636,0,0,50,439,0,9457,1295,0,18881,0x07
2026-09-06T16:54:36.192,1639,0,2,52,292,77,5740,1447,615,18186,0x07
2026-09-06T16:54:36.257,1638,0,0,50,437,0,9434,1296,0,18903,0x07
2026-09-06T16:54:36.257,1641,0,2,50,318,400,4684,1420,820,16968,0x07
2026-09-06T16:54:36.321,1640,0,0,50,461,0,9745,1272,0,18594,0x07
2026-09-06T16:54:36.321,1643,0,2,50,414,160,6890,1321,920,15262,0x07
2026-09-06T16:54:36.386,1642,0,0,53,437,0,9430,1297,0,18907,0x07
2026-09-06T16:54:36.386,1645,0,2,52,507,288,7504,1224,981,13742,0x07
2026-09-06T16:54:36.450,1644,0,0,50,437,0,9430,1297,0,18907,0x07
2026-09-06T16:54:36.450,1647,0,2,56,975,393,12843,1303,875,15224,0x07
2026-09-06T16:54:36.514,1646,0,0,50,442,0,9500,1291,0,18837,0x07
2026-09-06T16:54:36.514,1649,0,2,51,975,471,12513,1303,863,15276,0x07
2026-09-06T16:54:36.580,1648,0,0,52,443,0,9510,1290,0,18828,0x07
2026-09-06T16:54:36.580,1651,0,2,50,106,640,1047,1640,960,19209,0x07
2026-09-06T16:54:36.661,1650,0,0,50,438,0,9444,1296,0,18894,0x07
2026-09-06T16:54:36.661,1653,0,2,51,408,333,6078,1327,1000,15001,0x07
2026-09-06T16:54:36.726,1652,0,0,52,466,0,9810,1266,0,18528,0x07
2026-09-06T16:54:36.726,1655,0,2,50,382,580,4709,1354,1000,15348,0x07
2026-09-06T16:54:36.792,1654,0,0,51,445,0,9531,1289,0,18807,0x07
2026-09-06T16:54:36.792,1657,0,2,51,308,549,3934,1430,725,17497,0x07
2026-09-06T16:54:36.857,1656,0,0,50,438,0,9448,1295,0,18890,0x07
2026-09-06T16:54:36.857,1659,0,2,50,240,280,4226,1502,1040,17082,0x07
2026-09-06T16:54:36.922,1658,0,0,51,462,0,9753,1271,0,18585,0x07
2026-09-06T16:54:36.922,1661,0,2,50,240,220,4481,1502,980,17337,0x07
2026-09-06T16:54:36.987,1660,0,0,50,438,0,9448,1295,0,18890,0x07
2026-09-06T16:54:36.987,1663,0,2,50,274,380,4231,1465,1120,16276,0x07
2026-09-06T16:54:37.052,1662,0,0,56,437,0,9434,1296,0,18903,0x07
2026-09-06T16:54:37.052,1665,0,2,50,623,440,8288,1104,840,12794,0x07
2026-09-06T16:54:37.117,1664,0,0,52,437,0,9434,1296,0,18903,0x07
2026-09-06T16:54:37.117,1667,0,2,50,506,640,5998,1225,300,16649,0x07
2026-09-06T16:54:37.199,1666,0,0,51,443,0,9510,1290,0,18828,0x07
2026-09-06T16:54:37.199,1669,0,2,50,480,520,6183,1252,20,18192,0x07
2026-09-06T16:54:37.264,1668,0,0,52,438,0,9444,1296,0,18894,0x07
2026-09-06T16:54:37.264,1671,0,2,51,368,255,5919,1368,157,19117,0x07
2026-09-06T16:54:37.328,1670,0,0,56,439,0,9452,1295,0,18886,0x07
2026-09-06T16:54:37.328,1673,0,2,50,489,260,7391,1243,560,15785,0x07
2026-09-06T16:54:37.393,1672,0,0,51,439,0,9452,1295,0,18886,0x07
2026-09-06T16:54:37.393,1675,0,2,52,418,250,6557,1317,385,17479,0x07
2026-09-06T16:54:37.459,1674,0,0,52,439,0,9457,1295,0,18881,0x07
2026-09-06T16:54:37.459,1677,0,2,51,393,353,5811,1343,353,17949,0x07
2026-09-06T16:54:37.524,1676,0,0,51,439,0,9461,1294,0,18876,0x07
2026-09-06T16:54:37.524,1679,0,2,50,393,300,6036,1343,540,17154,0x07
2026-09-06T16:54:37.589,1678,0,0,51,440,0,9465,1294,0,18871,0x07
2026-09-06T16:54:37.589,1681,0,2,50,452,220,7111,1281,400,16952,0x07
2026-09-06T16:54:37.654,1680,0,0,51,445,0,9540,1288,0,18798,0x07
2026-09-06T16:54:37.654,1683,0,2,52,445,0,7957,1288,0,18747,0x07
2026-09-06T16:54:37.735,1682,0,0,52,468,0,9836,1264,0,18502,0x07
2026-09-06T16:54:37.735,1685,0,2,53,453,0,8058,1280,19,18564,0x07
2026-09-06T16:54:37.800,1684,0,0,52,441,0,9478,1293,0,18863,0x07
2026-09-06T16:54:37.800,1687,0,2,54,453,19,7979,1280,37,18487,0x07
2026-09-06T16:54:37.866,1686,0,0,52,439,0,9457,1295,0,18881,0x07
2026-09-06T16:54:37.866,1689,0,2,51,450,98,7600,1283,98,18268,0x07
2026-09-06T16:54:37.931,1688,0,0,52,438,0,9448,1295,0,18890,0x07
2026-09-06T16:54:37.931,1691,0,2,50,459,0,8129,1274,0,18562,0x07
2026-09-06T16:54:37.997,1690,0,0,50,438,0,9448,1295,0,18890,0x07
2026-09-06T16:54:37.997,1693,0,2,52,457,0,8105,1276,0,18589,0x07
2026-09-06T16:54:38.062,1692,0,0,50,444,0,9522,1289,0,18815,0x07
2026-09-06T16:54:38.062,1695,0,2,51,444,0,7942,1290,0,18766,0x07
2026-09-06T16:54:38.128,1694,0,0,51,439,0,9457,1295,0,18881,0x07
2026-09-06T16:54:38.128,1697,0,2,52,443,0,7928,1291,0,18783,0x07
2026-09-06T16:54:38.193,1696,0,0,51,439,0,9457,1295,0,18881,0x07
2026-09-06T16:54:38.193,1699,0,2,51,442,0,7925,1291,0,18783,0x07
2026-09-06T16:54:38.258,1698,0,0,50,439,0,9457,1295,0,18881,0x07
2026-09-06T16:54:38.258,1701,0,2,52,443,0,7928,1291,0,18780,0x07
2026-09-06T16:54:38.324,1700,0,0,52,439,0,9461,1294,0,18876,0x07
2026-09-06T16:54:38.324,1703,0,2,50,443,0,7933,1290,0,18774,0x07
2026-09-06T16:54:38.389,1702,0,0,51,445,0,9540,1288,0,18802,0x07
2026-09-06T16:54:38.389,1705,0,2,55,444,109,7482,1289,164,18065,0x07
2026-09-06T16:54:38.469,1704,0,0,50,445,0,9540,1288,0,18802,0x07
2026-09-06T16:54:38.469,1707,0,2,51,444,157,7279,1289,412,17011,0x07
2026-09-06T16:54:38.535,1706,0,0,51,464,0,9784,1268,0,18554,0x07
2026-09-06T16:54:38.535,1709,0,2,51,422,216,6763,1312,471,17051,0x07
2026-09-06T16:54:38.599,1708,0,0,51,440,0,9474,1293,0,18863,0x07
2026-09-06T16:54:38.599,1711,0,2,50,439,80,7543,1295,280,17639,0x07
2026-09-06T16:54:38.664,1710,0,0,51,463,0,9771,1269,0,18567,0x07
2026-09-06T16:54:38.664,1713,0,2,51,490,157,7851,1241,235,17141,0x07
2026-09-06T16:54:38.728,1712,0,0,52,445,0,9531,1289,0,18811,0x07
2026-09-06T16:54:38.728,1715,0,2,51,501,137,8072,1230,157,17325,0x07
2026-09-06T16:54:38.793,1714,0,0,50,438,0,9444,1296,0,18898,0x07
2026-09-06T16:54:38.793,1717,0,2,51,508,176,7990,1223,20,17822,0x07
2026-09-06T16:54:38.859,1716,0,0,50,462,0,9749,1271,0,18590,0x07
2026-09-06T16:54:38.859,1719,0,2,50,508,260,7635,1223,100,17481,0x07
2026-09-06T16:54:38.924,1718,0,0,51,50,0,4419,1699,0,23899,0x07
2026-09-06T16:54:38.924,1721,0,2,51,472,275,7125,1260,294,17135,0x07
2026-09-06T16:54:39.006,1720,0,0,52,689,0,12692,1035,0,15659,0x07
2026-09-06T16:54:39.006,1723,0,2,51,487,353,6975,1245,451,16270,0x07
2026-09-06T16:54:39.071,1722,0,0,53,443,38,9353,1290,0,18828,0x07
2026-09-06T16:54:39.071,1725,0,2,50,463,280,6994,1270,860,14854,0x07
2026-09-06T16:54:39.136,1724,0,0,50,443,20,9428,1290,0,18828,0x07
2026-09-06T16:54:39.136,1727,0,2,51,457,39,7938,1276,706,15589,0x07
2026-09-06T16:54:39.201,1726,0,0,50,437,0,9430,1297,0,18907,0x07
2026-09-06T16:54:39.201,1729,0,2,55,434,0,7817,1300,273,17743,0x07
2026-09-06T16:54:39.267,1728,0,0,51,440,0,9470,1294,0,18867,0x07
2026-09-06T16:54:39.267,1731,0,2,52,434,38,7653,1300,58,18657,0x07
2026-09-06T16:54:39.332,1730,0,0,50,409,0,9068,1326,0,19268,0x07
2026-09-06T16:54:39.333,1733,0,2,52,437,212,6954,1297,135,18289,0x07
2026-09-06T16:54:39.397,1732,0,0,51,343,0,8221,1394,0,20111,0x07
2026-09-06T16:54:39.397,1735,0,2,51,423,275,6521,1311,294,17792,0x07
2026-09-06T16:54:39.462,1734,0,0,51,316,0,7872,1422,0,20459,0x07
2026-09-06T16:54:39.462,1737,0,2,50,425,220,6773,1309,420,17261,0x07
2026-09-06T16:54:39.528,1736,0,0,52,241,0,6894,1500,0,21433,0x07
2026-09-06T16:54:39.528,1739,0,2,51,400,118,6907,1335,196,18539,0x07
2026-09-06T16:54:39.609,1738,0,0,52,225,0,6693,1516,0,21633,0x07
2026-09-06T16:54:39.609,1741,0,2,50,284,180,5206,1455,240,19910,0x07
2026-09-06T16:54:39.675,1740,0,0,51,204,0,6419,1538,0,21908,0x07
2026-09-06T16:54:39.675,1743,0,2,56,454,143,7464,1279,411,16919,0x07
2026-09-06T16:54:39.740,1742,0,0,51,196,0,6319,1546,0,22008,0x07
2026-09-06T16:54:39.740,1745,0,2,52,454,0,8071,1279,288,17451,0x07
2026-09-06T16:54:39.806,1744,0,0,51,187,0,6191,1556,0,22133,0x07
2026-09-06T16:54:39.806,1747,0,2,50,458,0,8112,1275,360,17114,0x07
2026-09-06T16:54:39.871,1746,0,0,54,192,0,6265,1550,0,22060,0x07
2026-09-06T16:54:39.871,1749,0,2,50,463,300,6900,1270,180,17811,0x07
2026-09-06T16:54:39.936,1748,0,0,51,192,0,6265,1550,0,22060,0x07
2026-09-06T16:54:39.936,1751,0,2,50,482,300,7138,1250,360,16799,0x07
2026-09-06T16:54:40.000,1750,0,0,52,200,0,6362,1543,0,21963,0x07
2026-09-06T16:54:40.000,1753,0,2,50,480,300,7113,1252,520,16159,0x07
2026-09-06T16:54:40.065,1752,0,0,51,200,0,6362,1543,0,21963,0x07
2026-09-06T16:54:40.065,1755,0,2,53,461,38,7994,1272,57,18396,0x07
2026-09-06T16:54:40.130,1754,0,0,50,200,0,6362,1543,0,21963,0x07
2026-09-06T16:54:40.130,1757,0,2,51,0,0,5408,1272,59,18387,0x07
2026-09-06T16:54:40.212,1756,0,0,52,200,0,6362,1543,0,21963,0x07
2026-09-06T16:54:40.212,1759,0,2,50,0,0,3967,2128,160,29074,0x07
2026-09-06T16:54:40.277,1758,0,0,51,200,0,6362,1543,0,21963,0x07
2026-09-06T16:54:40.277,1761,0,2,52,187,77,4433,1556,288,21107,0x07
2026-09-06T16:54:40.343,1760,0,0,50,410,0,9081,1325,0,19259,0x07
2026-09-06T16:54:40.343,1763,0,2,52,169,250,3481,1575,635,19901,0x07
2026-09-06T16:54:40.407,1762,0,0,51,275,0,7339,1464,0,20990,0x07
2026-09-06T16:54:40.407,1765,0,2,51,137,157,3481,1608,627,20378,0x07
2026-09-06T16:54:40.473,1764,0,0,50,275,0,7339,1464,0,20990,0x07
2026-09-06T16:54:40.473,1767,0,2,50,186,120,4246,1557,1220,17208,0x07
2026-09-06T16:54:40.538,1766,0,0,50,275,0,7339,1464,0,20990,0x07
2026-09-06T16:54:40.538,1769,0,2,55,176,0,4636,1567,1018,18226,0x07
2026-09-06T16:54:40.604,1768,0,0,50,275,0,7339,1464,0,20990,0x07
2026-09-06T16:54:40.604,1771,0,2,51,176,0,4636,1567,0,22554,0x07
2026-09-06T16:54:40.668,1770,0,0,52,275,0,7339,1464,0,20990,0x07
2026-09-06T16:54:40.668,1773,0,2,50,175,0,4615,1569,0,22576,0x07
2026-09-06T16:54:40.734,1772,0,0,51,275,0,7339,1464,0,20990,0x07
2026-09-06T16:54:40.734,1775,0,2,50,154,0,4350,1591,0,22863,0x07
2026-09-06T16:54:40.799,1774,0,0,50,275,0,7339,1464,0,20990,0x07
2026-09-06T16:54:40.799,1777,0,2,51,0,0,5644,663,0,10766,0x07
2026-09-06T16:54:40.880,1776,0,0,50,275,0,7339,1464,0,20990,0x07
2026-09-06T16:54:40.946,1778,0,0,50,275,0,7339,1464,0,20990,0x07
2026-09-06T16:54:40.946,1781,0,2,51,0,0,5828,654,0,10652,0x07
2026-09-06T16:54:41.010,1780,0,0,56,275,0,7339,1464,0,20990,0x07
2026-09-06T16:54:41.010,1781,0,2,50,-416,-500,5470,2181,460,28626,0x07
2026-09-06T16:54:41.075,1780,0,0,51,275,0,7339,1464,0,20990,0x07
2026-09-06T16:54:41.075,1785,0,2,51,0,0,3762,2181,667,27766,0x07
2026-09-06T16:54:41.139,1787,0,2,50,161,40,4277,1583,460,20830,0x07
2026-09-06T16:54:41.205,1780,0,0,52,275,0,7339,1464,0,20990,0x07
2026-09-06T16:54:41.205,1787,0,2,51,146,196,3427,1598,39,22838,0x07
2026-09-06T16:54:41.270,1786,0,0,50,0,0,6169,0,0,14766,0x07
2026-09-06T16:54:41.270,1787,0,2,50,146,120,3750,1598,60,22749,0x07
2026-09-06T16:54:41.335,1786,0,0,52,275,0,7339,1464,0,20990,0x07
2026-09-06T16:54:41.335,1793,0,2,55,160,0,4431,1584,0,22818,0x07
2026-09-06T16:54:41.400,1792,0,0,57,276,0,7344,1464,0,20985,0x07
2026-09-06T16:54:41.400,1795,0,2,51,2074,0,28113,1040,39,15543,0x07
2026-09-06T16:54:41.481,1794,0,0,56,283,0,7440,1457,0,20894,0x07
2026-09-06T16:54:41.481,1797,0,2,51,0,0,7122,1040,39,15543,0x07
2026-09-06T16:54:41.546,1796,0,0,52,283,0,7440,1457,0,20894,0x07
2026-09-06T16:54:41.546,1799,0,2,51,0,0,3849,2346,98,32357,0x07
2026-09-06T16:54:41.611,1798,0,0,51,275,0,7339,1465,0,20994,0x07
2026-09-06T16:54:41.611,1801,0,2,52,172,231,3600,1572,865,18976,0x07
2026-09-06T16:54:41.676,1800,0,0,52,282,0,7431,1457,0,20897,0x07
2026-09-06T16:54:41.676,1803,0,2,51,173,196,3756,1571,176,21894,0x07
2026-09-06T16:54:41.740,1802,0,0,51,275,20,7248,1465,0,20999,0x07
2026-09-06T16:54:41.740,1805,0,2,51,0,0,16155,1513,78,21552,0x07
2026-09-06T16:54:41.806,1804,0,0,52,274,0,7327,1465,0,21002,0x07
2026-09-06T16:54:41.806,1807,0,2,50,-1687,-220,22390,1750,300,23710,0x07
2026-09-06T16:54:41.887,1806,0,0,50,282,0,7427,1457,0,20902,0x07
2026-09-06T16:54:41.887,1809,0,2,51,0,0,29858,0,0,22780,0x07
2026-09-06T16:54:41.936,1808,0,0,52,275,0,7331,1465,0,20999,0x07
2026-09-06T16:54:41.936,1811,0,2,51,3374,980,40000,0,0,4105,0x07
2026-09-06T16:54:42.017,1810,0,0,52,274,0,7327,1465,0,21002,0x07
2026-09-06T16:54:42.017,1813,0,2,53,-2248,-19,30183,3500,19,40000,0x07
2026-09-06T16:54:42.083,1812,0,0,51,275,0,7331,1465,0,20999,0x07
2026-09-06T16:54:42.083,1815,0,2,50,281,120,5419,1391,2120,11289,0x07
2026-09-06T16:54:42.147,1814,0,0,51,275,0,7331,1465,0,20999,0x07
2026-09-06T16:54:42.147,1817,0,2,52,281,288,4704,1391,942,16294,0x07
2026-09-06T16:54:42.212,1816,0,0,51,275,0,7331,1465,0,20999,0x07
2026-09-06T16:54:42.212,1819,0,2,51,142,235,3205,1350,235,18755,0x07
2026-09-06T16:54:42.278,1818,0,0,52,275,0,7335,1465,0,20994,0x07
2026-09-06T16:54:42.278,1821,0,2,57,0,0,0,0,0,0,0x03
2026-09-06T16:54:42.343,1820,0,0,54,275,0,7339,1464,0,20990,0x07
2026-09-06T16:54:42.343,1823,0,2,50,0,0,3696,0,0,11482,0x07
2026-09-06T16:54:42.407,1822,0,0,52,275,0,7339,1464,0,20990,0x07
2026-09-06T16:54:42.407,1825,0,2,50,153,40,4177,1062,100,15569,0x07
2026-09-06T16:54:42.472,1824,0,0,50,275,0,7339,1464,0,20990,0x07
2026-09-06T16:54:42.472,1827,0,2,50,3374,100,40000,1351,180,19013,0x07
2026-09-06T16:54:42.553,1826,0,0,51,275,0,7339,1464,0,20990,0x07
2026-09-06T16:54:42.553,1829,0,2,58,2785,1017,32586,2555,1310,29924,0x07
2026-09-06T16:54:42.617,1828,0,0,50,275,0,7339,1464,0,20990,0x07
2026-09-06T16:54:42.617,1831,0,2,50,2785,1240,31639,2555,2200,26143,0x07
2026-09-06T16:54:42.683,1830,0,0,51,275,0,7339,1464,0,20990,0x07
2026-09-06T16:54:42.683,1833,0,2,50,2818,1120,32562,2643,2160,27471,0x07
2026-09-06T16:54:42.747,1832,0,0,51,275,0,7339,1464,0,20990,0x07
2026-09-06T16:54:42.747,1835,0,2,50,2984,1020,35037,2952,1860,32772,0x07
2026-09-06T16:54:42.813,1834,0,0,50,275,0,7339,1464,0,20990,0x07
2026-09-06T16:54:42.813,1837,0,2,51,3193,1275,36540,3339,2137,36650,0x07
2026-09-06T16:54:42.878,1836,0,0,52,275,0,7339,1464,0,20990,0x07
2026-09-06T16:54:42.878,1839,0,2,52,3303,1731,35970,3492,2288,38013,0x07
2026-09-06T16:54:42.944,1838,0,0,50,275,0,7339,1464,0,20990,0x07
2026-09-06T16:54:42.944,1841,0,2,56,2202,2339,19753,-534,-214,8193,0x07
2026-09-06T16:54:43.009,1840,0,0,55,275,0,7339,1464,0,20990,0x07
2026-09-06T16:54:43.009,1843,0,2,51,2202,2275,20028,0,0,32965,0x07
2026-09-06T16:54:43.091,1842,0,0,50,275,0,7339,1464,0,20990,0x07
2026-09-06T16:54:43.091,1845,0,2,50,2173,2440,18971,3500,1060,40000,0x07
2026-09-06T16:54:43.156,1844,0,0,51,275,0,7339,1464,0,20990,0x07
2026-09-06T16:54:43.156,1847,0,2,50,2985,2220,29949,1835,3380,11725,0x07
2026-09-06T16:54:43.221,1846,0,0,50,275,0,7339,1464,0,20990,0x07
2026-09-06T16:54:43.221,1849,0,2,51,1520,1765,13758,3274,2039,36216,0x07
2026-09-06T16:54:43.285,1848,0,0,50,275,0,7339,1464,0,20990,0x07
2026-09-06T16:54:43.285,1851,0,2,50,1120,1540,9766,1936,2080,18567,0x07
2026-09-06T16:54:43.351,1850,0,0,50,275,0,7339,1464,0,20990,0x07
2026-09-06T16:54:43.351,1853,0,2,51,397,1824,23300,0,0,10164,0x07
2026-09-06T16:54:43.415,1852,0,0,54,744,0,13398,979,0,14959,0x07
2026-09-06T16:54:43.415,1855,0,2,50,0,0,10441,0,0,26536,0x07
2026-09-06T16:54:43.480,1854,0,0,51,0,0,3985,979,0,14959,0x07
2026-09-06T16:54:43.480,1857,0,2,50,0,0,6464,2770,900,34485,0x07
2026-09-06T16:54:43.545,1856,0,0,51,0,0,6169,1775,0,24847,0x07
2026-09-06T16:54:43.545,1859,0,2,50,494,380,6948,1238,3060,5287,0x07
2026-09-06T16:54:43.627,1858,0,0,50,275,40,7169,1464,0,20990,0x07
2026-09-06T16:54:43.627,1861,0,2,54,538,815,5647,1192,1019,13370,0x07
2026-09-06T16:54:43.691,1860,0,0,50,275,0,7339,1464,0,20990,0x07
2026-09-06T16:54:43.691,1863,0,2,52,538,692,6168,1192,1038,13285,0x07
2026-09-06T16:54:43.756,1862,0,0,50,275,20,7254,1464,0,20990,0x07
2026-09-06T16:54:43.756,1865,0,2,51,572,686,6611,1157,1000,12986,0x07
2026-09-06T16:54:43.822,1864,0,0,52,275,0,7339,1464,0,20990,0x07
2026-09-06T16:54:43.822,1867,0,2,56,1257,911,14135,1729,1089,20076,0x07
2026-09-06T16:54:43.887,1866,0,0,52,275,0,7339,1464,0,20990,0x07
2026-09-06T16:54:43.887,1869,0,2,51,1257,1216,12839,1729,1098,20039,0x07
2026-09-06T16:54:43.952,1868,0,0,51,275,0,7339,1464,0,20990,0x07
2026-09-06T16:54:43.952,1871,0,2,50,2113,940,24606,2376,1200,28057,0x07
2026-09-06T16:54:44.018,1870,0,0,51,275,0,7339,1464,0,20990,0x07
2026-09-06T16:54:44.018,1873,0,2,53,3050,1377,34332,3193,1623,36931,0x07
2026-09-06T16:54:44.083,1872,0,0,55,275,0,7339,1464,0,20990,0x07
2026-09-06T16:54:44.083,1875,0,2,51,3050,1804,32519,3193,2000,35327,0x07
2026-09-06T16:54:44.148,1874,0,0,51,275,0,7339,1464,0,20990,0x07
2026-09-06T16:54:44.149,1877,0,2,51,3362,2098,35135,3381,2431,35953,0x07
2026-09-06T16:54:44.409,1876,0,0,51,275,0,7339,1464,0,20990,0x07
2026-09-06T16:54:44.409,1879,0,2,50,3350,2420,33616,3473,2300,37709,0x07
2026-09-06T16:54:46.224,1878,0,0,50,275,0,7339,1464,0,20990,0x07
2026-09-06T16:54:46.224,1881,0,2,55,-857,-164,12364,2639,3055,23617,0x07
2026-09-06T16:54:46.306,1880,0,0,50,275,0,7339,1464,0,20990,0x07
2026-09-06T16:54:46.306,1883,0,2,50,0,0,29858,0,0,23243,0x07
2026-09-06T16:54:46.371,1882,0,0,51,0,0,3985,0,0,17304,0x07
2026-09-06T16:54:46.371,1885,0,2,52,0,0,0,0,0,0,0x03
2026-09-06T16:54:46.435,1884,0,0,55,0,0,0,0,0,0,0x03
2026-09-06T16:54:46.435,1887,0,2,50,0,0,22799,0,0,11912,0x07
2026-09-06T16:54:46.501,1886,0,0,59,0,0,6125,0,0,14808,0x07
2026-09-06T16:54:46.501,1889,0,2,51,2505,569,31028,1111,275,15465,0x07
2026-09-06T16:54:46.566,1888,0,0,52,270,58,7028,1470,0,21054,0x07
2026-09-06T16:54:46.566,1891,0,2,50,1812,720,21813,1293,860,15363,0x07
2026-09-06T16:54:46.631,1890,0,0,57,276,18,7269,1464,0,20985,0x07
2026-09-06T16:54:46.632,1893,0,2,51,1670,961,19033,1162,529,15054,0x07
2026-09-06T16:54:46.696,1892,0,0,50,276,60,7089,1464,0,20985,0x07
2026-09-06T16:54:46.696,1895,0,2,51,1533,1118,16675,994,647,12365,0x07
2026-09-06T16:54:46.760,1894,0,0,52,276,0,7344,1464,0,20985,0x07
2026-09-06T16:54:46.760,1897,0,2,51,1367,1196,14284,787,725,9321,0x07
2026-09-06T16:54:46.824,1896,0,0,50,270,0,7274,1470,0,21054,0x07
2026-09-06T16:54:46.824,1899,0,2,50,1214,1260,12122,612,680,7229,0x07
2026-09-06T16:54:46.905,1898,0,0,50,276,0,7344,1464,0,20990,0x07
2026-09-06T16:54:46.905,1901,0,2,51,1162,1333,11162,545,647,6491,0x07
2026-09-06T16:54:46.970,1900,0,0,50,276,0,7344,1464,0,20985,0x07
2026-09-06T16:54:46.970,1903,0,2,50,1170,1100,12258,536,620,6492,0x07
2026-09-06T16:54:47.035,1902,0,0,51,276,0,7344,1464,0,20985,0x07
2026-09-06T16:54:47.035,1905,0,2,51,1245,1118,13102,459,549,5788,0x07
2026-09-06T16:54:47.099,1904,0,0,54,276,0,7344,1464,0,20985,0x07
2026-09-06T16:54:47.099,1907,0,2,51,1273,1255,12873,429,549,5399,0x07
2026-09-06T16:54:47.164,1906,0,0,50,276,0,7344,1464,0,20985,0x07
2026-09-06T16:54:47.164,1909,0,2,50,1196,1200,12155,168,420,2533,0x07
2026-09-06T16:54:47.230,1908,0,0,50,276,0,7344,1464,0,20985,0x07
2026-09-06T16:54:47.230,1911,0,2,51,1317,1078,14162,384,333,5727,0x07
2026-09-06T16:54:47.311,1910,0,0,52,276,0,7344,1464,0,20985,0x07
2026-09-06T16:54:47.311,1913,0,2,51,1261,1255,12719,442,98,7485,0x07
2026-09-06T16:54:47.360,1912,0,0,51,275,0,7339,1464,0,20990,0x07
2026-09-06T16:54:47.360,1915,0,2,50,0,0,3186,3500,200,40000,0x07
2026-09-06T16:54:47.441,1914,0,0,51,275,0,7339,1464,0,20990,0x07
2026-09-06T16:54:47.441,1917,0,2,51,0,0,5990,1844,2706,14709,0x07
2026-09-06T16:54:47.506,1916,0,0,54,275,0,7339,1464,0,20990,0x07
2026-09-06T16:54:47.506,1919,0,2,52,436,154,7187,1298,1115,14343,0x07
2026-09-06T16:54:47.572,1918,0,0,54,275,0,7339,1464,0,20990,0x07
2026-09-06T16:54:47.572,1921,0,2,51,410,647,4770,1325,784,16102,0x07
2026-09-06T16:54:47.637,1920,0,0,52,275,0,7339,1464,0,20990,0x07
2026-09-06T16:54:47.637,1923,0,2,50,3374,1740,36802,1672,1000,19715,0x07
2026-09-06T16:54:47.702,1922,0,0,50,275,0,7339,1464,0,20990,0x07
2026-09-06T16:54:47.702,1925,0,2,50,2812,2020,28662,2580,660,33014,0x07
2026-09-06T16:54:47.767,1924,0,0,55,275,0,7339,1464,0,20990,0x07
2026-09-06T16:54:47.767,1927,0,2,50,0,0,11921,2627,1680,29295,0x07
2026-09-06T16:54:47.832,1926,0,0,51,275,0,7339,1464,0,20990,0x07
2026-09-06T16:54:47.832,1929,0,2,53,-170,-1038,150,941,1547,7840,0x07
2026-09-06T16:54:47.898,1928,0,0,50,275,0,7339,1464,0,20990,0x07
2026-09-06T16:54:47.898,1931,0,2,50,-170,-200,3710,941,240,13395,0x07
2026-09-06T16:54:47.979,1930,0,0,51,275,0,7339,1464,0,20990,0x07
2026-09-06T16:54:47.979,1933,0,2,50,-258,-100,5221,970,120,14290,0x07
2026-09-06T16:54:48.045,1932,0,0,51,275,0,7339,1464,0,20990,0x07
2026-09-06T16:54:48.045,1935,0,2,52,-187,-58,4524,895,19,13739,0x07
2026-09-06T16:54:48.110,1934,0,0,51,283,0,7440,1456,0,20889,0x07
2026-09-06T16:54:48.110,1937,0,2,52,-187,0,4769,895,19,13739,0x07
2026-09-06T16:54:48.175,1936,0,0,53,744,0,13407,978,0,14945,0x07
2026-09-06T16:54:48.176,1939,0,2,50,-129,-60,3796,838,0,13077,0x07
2026-09-06T16:54:48.241,1938,0,0,50,744,20,13322,978,0,14945,0x07
2026-09-06T16:54:48.241,1941,0,2,52,-151,0,4327,651,0,10635,0x07
2026-09-06T16:54:48.306,1940,0,0,50,438,40,9274,1296,0,18894,0x07
2026-09-06T16:54:48.306,1943,0,2,50,0,0,3348,651,0,10635,0x07
2026-09-06T16:54:48.371,1942,0,0,51,443,0,9513,1290,0,18824,0x07
2026-09-06T16:54:48.371,1945,0,2,50,110,100,3392,119,0,3677,0x07
2026-09-06T16:54:48.436,1944,0,0,50,444,0,9518,1290,0,18819,0x07
2026-09-06T16:54:48.436,1947,0,2,50,2733,900,32437,1928,0,27312,0x07
2026-09-06T16:54:48.501,1946,0,0,51,444,0,9522,1289,0,18815,0x07
2026-09-06T16:54:48.501,1949,0,2,51,2733,784,32928,1928,1020,22978,0x07
2026-09-06T16:54:48.582,1948,0,0,50,444,0,9522,1289,0,18815,0x07
2026-09-06T16:54:48.582,1951,0,2,52,2509,500,31373,2239,2154,22217,0x07
2026-09-06T16:54:48.631,1950,0,0,54,444,0,9522,1289,0,18815,0x07
2026-09-06T16:54:48.631,1953,0,2,50,2487,1060,28718,2183,1720,23334,0x07
2026-09-06T16:54:48.712,1952,0,0,52,444,0,9522,1289,0,18815,0x07
2026-09-06T16:54:48.712,1955,0,2,51,2565,961,30105,2338,1667,25576,0x07
2026-09-06T16:54:48.777,1954,0,0,50,444,0,9522,1289,0,18815,0x07
2026-09-06T16:54:48.777,1957,0,2,51,2717,824,32574,2563,1627,28686,0x07
2026-09-06T16:54:48.842,1956,0,0,52,444,0,9522,1289,0,18815,0x07
2026-09-06T16:54:48.842,1959,0,2,51,2917,765,35296,2860,2216,30067,0x07
2026-09-06T16:54:48.907,1958,0,0,51,444,0,9522,1289,0,18815,0x07
2026-09-06T16:54:48.908,1961,0,2,51,3097,882,37017,3112,1824,35026,0x07
2026-09-06T16:54:48.973,1960,0,0,51,444,0,9522,1289,0,18815,0x07
2026-09-06T16:54:48.973,1963,0,2,51,3248,863,38974,3413,1765,39203,0x07
2026-09-06T16:54:49.039,1962,0,0,50,444,0,9522,1289,0,18815,0x07
2026-09-06T16:54:49.039,1965,0,2,51,3303,1078,38742,3500,1706,40000,0x07
2026-09-06T16:54:49.119,1964,0,0,51,444,0,9522,1289,0,18815,0x07
2026-09-06T16:54:49.119,1967,0,2,51,0,0,0,0,0,0,0x03
2026-09-06T16:54:49.168,1966,0,0,50,444,0,9522,1289,0,18815,0x07
2026-09-06T16:54:49.168,1969,0,2,50,0,0,29376,0,0,32965,0x07
2026-09-06T16:54:49.250,1968,0,0,50,444,0,9522,1289,0,18815,0x07
2026-09-06T16:54:49.250,1971,0,2,51,3315,843,39880,3500,1000,40000,0x07
2026-09-06T16:54:49.314,1970,0,0,50,444,0,9522,1289,0,18815,0x07
2026-09-06T16:54:49.314,1973,0,2,54,3270,1185,37875,3500,2759,36113,0x07
2026-09-06T16:54:49.380,1972,0,0,51,444,0,9522,1289,0,18815,0x07
2026-09-06T16:54:49.380,1975,0,2,51,0,0,0,0,0,0,0x03
2026-09-06T16:54:49.445,1974,0,0,51,444,0,9522,1289,0,18815,0x07
2026-09-06T16:54:49.445,1977,0,2,50,0,0,0,0,0,0,0x03
2026-09-06T16:54:49.510,1976,0,0,50,444,0,9522,1289,0,18815,0x07
2026-09-06T16:54:49.510,1979,0,2,50,0,0,0,0,0,0,0x03
2026-09-06T16:54:49.575,1978,0,0,52,444,0,9522,1289,0,18815,0x07
2026-09-06T16:54:49.575,1981,0,2,51,0,0,23919,0,0,31492,0x07
2026-09-06T16:54:49.640,1980,0,0,51,444,0,9522,1289,0,18815,0x07
2026-09-06T16:54:49.640,1983,0,2,52,0,0,0,0,0,0,0x03
2026-09-06T16:54:49.706,1982,0,0,53,444,0,9522,1289,0,18815,0x07
2026-09-06T16:54:49.706,1985,0,2,51,0,0,16520,0,0,24470,0x07
2026-09-06T16:54:49.786,1984,0,0,52,444,0,9522,1289,0,18815,0x07
2026-09-06T16:54:49.786,1987,0,2,54,1347,111,18641,2022,1444,22396,0x07
2026-09-06T16:54:49.851,1986,0,0,51,444,0,9522,1289,0,18815,0x07
2026-09-06T16:54:49.851,1989,0,2,50,1347,0,19113,2022,1240,23265,0x07
2026-09-06T16:54:49.916,1988,0,0,51,444,0,9522,1289,0,18815,0x07
2026-09-06T16:54:49.916,1991,0,2,50,1816,40,24750,2242,1480,25117,0x07
2026-09-06T16:54:49.982,1990,0,0,51,444,0,9522,1289,0,18815,0x07
2026-09-06T16:54:49.982,1993,0,2,50,1816,160,24240,2242,960,27327,0x07
2026-09-06T16:54:50.047,1992,0,0,50,444,0,9522,1289,0,18815,0x07
2026-09-06T16:54:50.047,1995,0,2,50,2336,100,30932,2633,1100,31842,0x07
2026-09-06T16:54:50.111,1994,0,0,50,454,0,9653,1279,0,18684,0x07
2026-09-06T16:54:50.112,1997,0,2,51,2608,98,34308,2904,1392,34134,0x07
2026-09-06T16:54:50.176,1996,0,0,51,454,0,9653,1279,0,18684,0x07
2026-09-06T16:54:50.176,1999,0,2,56,2898,1018,33981,3184,2125,34677,0x07
2026-09-06T16:54:50.241,1998,0,0,51,444,0,9527,1289,0,18811,0x07
2026-09-06T16:54:50.241,2001,0,2,50,2898,1480,32017,3184,2560,32828,0x07
2026-09-06T16:54:50.323,2000,0,0,50,444,0,9518,1290,0,18819,0x07
2026-09-06T16:54:50.323,2003,0,2,51,3098,1980,32366,3298,2392,35036,0x07
2026-09-06T16:54:50.387,2002,0,0,56,443,0,9513,1290,0,18824,0x07
2026-09-06T16:54:50.387,2005,0,2,50,3006,2040,30977,3326,2540,34777,0x07
2026-09-06T16:54:50.453,2004,0,0,50,443,0,9513,1290,0,18824,0x07
2026-09-06T16:54:50.453,2007,0,2,51,2717,2431,25741,3186,2196,34402,0x07
2026-09-06T16:54:50.518,2006,0,0,51,444,0,9518,1290,0,18824,0x07
2026-09-06T16:54:50.518,2009,0,2,51,2334,2392,21165,2892,2431,29571,0x07
2026-09-06T16:54:50.583,2008,0,0,51,444,0,9518,1290,0,18819,0x07
2026-09-06T16:54:50.584,2011,0,2,54,1142,2130,7532,1871,2463,16098,0x07
2026-09-06T16:54:50.648,2010,0,0,50,444,0,9518,1290,0,18819,0x07
2026-09-06T16:54:50.648,2013,0,2,51,1142,1431,10500,1871,2275,16899,0x07
2026-09-06T16:54:50.714,2012,0,0,50,444,0,9522,1290,0,18819,0x07
2026-09-06T16:54:50.714,2015,0,2,50,542,1420,3121,1317,2200,9985,0x07
2026-09-06T16:54:50.778,2014,0,0,53,444,0,9522,1289,0,18815,0x07
2026-09-06T16:54:50.778,2017,0,2,50,493,1500,2176,1239,1840,10486,0x07
2026-09-06T16:54:50.859,2016,0,0,52,444,0,9522,1289,0,18815,0x07
2026-09-06T16:54:50.859,2019,0,2,51,489,922,4580,1243,1431,12282,0x07
2026-09-06T16:54:50.924,2018,0,0,50,444,0,9522,1289,0,18815,0x07
2026-09-06T16:54:50.924,2021,0,2,51,511,667,5947,1219,1353,12304,0x07
2026-09-06T16:54:50.990,2023,0,2,51,542,588,6660,1188,1255,12305,0x07
2026-09-06T16:54:51.055,2022,0,0,51,454,0,9653,1279,0,18684,0x07
2026-09-06T16:54:51.055,2023,0,2,51,617,608,7504,1161,1098,12629,0x07
2026-09-06T16:54:51.120,2024,0,0,51,444,0,9527,1289,0,18811,0x07
2026-09-06T16:54:51.120,2023,0,2,51,617,706,7088,1161,1118,12546,0x07
2026-09-06T16:54:51.185,2024,0,0,52,444,0,9518,1290,0,18819,0x07
2026-09-06T16:54:51.185,2029,0,2,50,0,0,24580,0,0,27418,0x07
2026-09-06T16:54:51.251,2028,0,0,51,444,0,9518,1290,0,18819,0x07
2026-09-06T16:54:51.251,2031,0,2,50,2724,1200,31058,2870,1840,31797,0x07
2026-09-06T16:54:51.315,2030,0,0,51,443,0,9513,1290,0,18824,0x07
2026-09-06T16:54:51.315,2033,0,2,50,3065,1240,35103,3211,1840,36240,0x07
2026-09-06T16:54:51.380,2032,0,0,50,444,0,9518,1290,0,18819,0x07
2026-09-06T16:54:51.380,2035,0,2,51,3374,1588,37448,3386,1667,39262,0x07
2026-09-06T16:54:51.446,2034,0,0,51,444,0,9518,1290,0,18819,0x07
2026-09-06T16:54:51.446,2037,0,2,50,3374,2240,34678,3385,2720,34776,0x07
2026-09-06T16:54:51.527,2036,0,0,51,444,0,9518,1290,0,18819,0x07
2026-09-06T16:54:51.527,2039,0,2,51,3374,2627,33031,3323,2941,33032,0x07
2026-09-06T16:54:51.593,2038,0,0,50,444,0,9522,1290,0,18819,0x07
2026-09-06T16:54:51.593,2041,0,2,50,3336,2700,32247,3257,2720,33103,0x07
2026-09-06T16:54:51.657,2040,0,0,51,444,0,9522,1289,0,18815,0x07
2026-09-06T16:54:51.657,2043,0,2,51,3295,2902,30888,3261,2706,33214,0x07
2026-09-06T16:54:51.723,2042,0,0,50,444,0,9522,1289,0,18815,0x07
2026-09-06T16:54:51.723,2045,0,2,50,3260,3080,29697,3165,2780,31647,0x07
2026-09-06T16:54:51.788,2044,0,0,50,444,0,9522,1289,0,18815,0x07
2026-09-06T16:54:51.788,2047,0,2,51,3262,3000,30058,3281,2667,33641,0x07
2026-09-06T16:54:51.854,2046,0,0,50,444,0,9522,1289,0,18815,0x07
2026-09-06T16:54:51.854,2049,0,2,58,2684,3121,22403,2531,3138,21846,0x07
2026-09-06T16:54:51.919,2048,0,0,52,444,0,9522,1289,0,18815,0x07
2026-09-06T16:54:51.919,2051,0,2,50,2684,3020,22831,2531,2900,22857,0x07
2026-09-06T16:54:51.985,2050,0,0,50,0,0,5615,1326,0,19272,0x07
2026-09-06T16:54:51.985,2053,0,2,51,3370,2902,31815,3328,2863,33424,0x07
2026-09-06T16:54:52.050,2052,0,0,56,200,18,6286,1543,0,21963,0x07
2026-09-06T16:54:52.050,2055,0,2,51,3312,3392,29013,3205,3059,30991,0x07
2026-09-06T16:54:52.131,2054,0,0,51,200,176,5612,1543,0,21963,0x07
2026-09-06T16:54:52.131,2057,0,2,58,2565,3086,21072,1939,3017,14625,0x07
2026-09-06T16:54:52.196,2056,0,0,50,200,220,5427,1543,0,21963,0x07
2026-09-06T16:54:52.197,2059,0,2,51,2565,3098,21021,1939,2569,16532,0x07
2026-09-06T16:54:52.262,2058,0,0,52,200,0,6362,1543,0,21963,0x07
2026-09-06T16:54:52.262,2061,0,2,51,1985,2784,15181,1402,2137,11358,0x07
2026-09-06T16:54:52.326,2060,0,0,52,200,0,6362,1543,0,21963,0x07
2026-09-06T16:54:52.326,2063,0,2,54,1208,1815,9688,497,1667,1530,0x07
2026-09-06T16:54:52.392,2062,0,0,51,200,0,6362,1543,0,21963,0x07
2026-09-06T16:54:52.392,2065,0,2,51,1208,1529,10901,497,1216,3447,0x07
2026-09-06T16:54:52.457,2064,0,0,51,200,0,6362,1543,0,21963,0x07
2026-09-06T16:54:52.457,2067,0,2,50,1218,1580,10803,487,840,4921,0x07
2026-09-06T16:54:52.522,2066,0,0,52,200,0,6362,1543,0,21963,0x07
2026-09-06T16:54:52.522,2069,0,2,51,1201,1392,11401,504,784,5373,0x07
2026-09-06T16:54:52.588,2068,0,0,52,206,0,6440,1537,0,21890,0x07
2026-09-06T16:54:52.588,2071,0,2,50,1168,1340,11209,538,580,6694,0x07
2026-09-06T16:54:52.652,2070,0,0,52,200,0,6362,1543,0,21963,0x07
2026-09-06T16:54:52.652,2073,0,2,51,1145,824,13120,562,608,6887,0x07
2026-09-06T16:54:52.734,2072,0,0,56,199,0,6356,1543,0,21967,0x07
2026-09-06T16:54:52.734,2075,0,2,51,1303,569,16157,941,588,11920,0x07
2026-09-06T16:54:52.798,2074,0,0,51,199,0,6356,1543,0,21967,0x07
2026-09-06T16:54:52.799,2077,0,2,51,1334,196,18125,366,647,4159,0x07
2026-09-06T16:54:52.864,2076,0,0,50,244,0,6929,1497,0,21399,0x07
2026-09-06T16:54:52.864,2079,0,2,51,2138,490,26819,2430,1020,29532,0x07
2026-09-06T16:54:52.929,2078,0,0,56,199,0,6353,1544,0,21972,0x07
2026-09-06T16:54:52.929,2081,0,2,51,2713,745,32854,2635,1784,28961,0x07
2026-09-06T16:54:52.993,2080,0,0,51,199,0,6353,1544,0,21972,0x07
2026-09-06T16:54:52.993,2083,0,2,51,3009,1686,32514,3044,2039,33222,0x07
2026-09-06T16:54:53.059,2082,0,0,51,199,0,6353,1544,0,21972,0x07
2026-09-06T16:54:53.059,2085,0,2,50,3173,1920,33545,3206,1800,36346,0x07
2026-09-06T16:54:53.124,2084,0,0,51,199,0,6353,1544,0,21972,0x07
2026-09-06T16:54:53.124,2087,0,2,50,2996,680,36637,3500,2740,36195,0x07
2026-09-06T16:54:53.188,2086,0,0,56,199,0,6356,1543,0,21967,0x07
2026-09-06T16:54:53.188,2089,0,2,53,0,0,0,0,0,0,0x03
2026-09-06T16:54:53.252,2088,0,0,50,199,0,6356,1543,0,21967,0x07
2026-09-06T16:54:53.252,2091,0,2,52,0,0,0,0,0,0,0x03
2026-09-06T16:54:53.334,2090,0,0,52,199,0,6356,1543,0,21967,0x07
2026-09-06T16:54:53.334,2093,0,2,51,0,0,0,0,0,0,0x03
2026-09-06T16:54:53.399,2092,0,0,51,199,0,6356,1543,0,21967,0x07
2026-09-06T16:54:53.399,2095,0,2,52,0,0,24928,0,0,30156,0x07
2026-09-06T16:54:53.465,2094,0,0,55,200,0,6362,1543,0,21963,0x07
2026-09-06T16:54:53.465,2097,0,2,50,2767,440,34818,3181,2440,33306,0x07
2026-09-06T16:54:53.530,2096,0,0,50,200,0,6362,1543,0,21963,0x07
2026-09-06T16:54:53.530,2099,0,2,50,0,0,0,0,0,0,0x03
2026-09-06T16:54:53.595,2098,0,0,51,200,0,6362,1543,0,21963,0x07
2026-09-06T16:54:53.595,2101,0,2,50,0,0,0,0,0,0,0x03
2026-09-06T16:54:53.660,2100,0,0,50,200,0,6362,1543,0,21963,0x07
2026-09-06T16:54:53.660,2103,0,2,52,0,0,25572,0,0,29706,0x07
2026-09-06T16:54:53.726,2102,0,0,50,200,0,6362,1543,0,21963,0x07
2026-09-06T16:54:53.726,2105,0,2,52,2846,38,37505,3130,750,39821,0x07
2026-09-06T16:54:53.792,2104,0,0,51,200,0,6362,1543,0,21963,0x07
2026-09-06T16:54:53.792,2107,0,2,51,2942,20,38772,3219,2490,33591,0x07
2026-09-06T16:54:53.856,2106,0,0,56,200,0,6362,1543,0,21963,0x07
2026-09-06T16:54:53.856,2109,0,2,50,3017,1040,35361,3283,2500,34377,0x07
2026-09-06T16:54:53.936,2108,0,0,51,200,0,6362,1543,0,21963,0x07
2026-09-06T16:54:53.937,2111,0,2,50,3017,280,38591,3310,3180,31839,0x07
2026-09-06T16:54:54.001,2110,0,0,50,200,0,6362,1543,0,21963,0x07
2026-09-06T16:54:54.001,2113,0,2,50,3094,0,40000,3342,3560,30649,0x07
2026-09-06T16:54:54.066,2112,0,0,50,206,0,6440,1537,0,21890,0x07
2026-09-06T16:54:54.066,2115,0,2,51,3224,510,40000,3398,2627,35349,0x07
2026-09-06T16:54:54.131,2114,0,0,51,200,0,6362,1543,0,21963,0x07
2026-09-06T16:54:54.131,2117,0,2,50,2948,500,36804,3363,1400,40000,0x07
2026-09-06T16:54:54.195,2116,0,0,51,199,0,6356,1543,0,21967,0x07
2026-09-06T16:54:54.195,2119,0,2,51,2753,569,34096,3198,1529,37391,0x07
2026-09-06T16:54:54.260,2118,0,0,55,199,0,6356,1543,0,21967,0x07
2026-09-06T16:54:54.260,2121,0,2,55,2570,582,31781,2976,1273,35593,0x07
2026-09-06T16:54:54.325,2120,0,0,51,199,0,6356,1543,0,21967,0x07
2026-09-06T16:54:54.325,2123,0,2,51,0,0,0,0,0,0,0x03
2026-09-06T16:54:54.407,2122,0,0,52,199,0,6356,1543,0,21967,0x07
2026-09-06T16:54:54.407,2125,0,2,50,0,0,25473,0,0,29453,0x07
2026-09-06T16:54:54.472,2124,0,0,52,199,0,6356,1543,0,21967,0x07
2026-09-06T16:54:54.472,2127,0,2,51,2834,39,37352,3101,588,40000,0x07
2026-09-06T16:54:54.537,2126,0,0,52,199,0,6356,1543,0,21967,0x07
2026-09-06T16:54:54.537,2129,0,2,51,3156,1157,36584,3293,2588,34139,0x07
2026-09-06T16:54:54.603,2128,0,0,50,199,0,6356,1543,0,21967,0x07
2026-09-06T16:54:54.603,2131,0,2,50,3374,1180,39182,3401,3060,33547,0x07
2026-09-06T16:54:54.668,2130,0,0,51,199,0,6356,1543,0,21967,0x07
2026-09-06T16:54:54.668,2133,0,2,53,3374,1736,36820,3292,2679,33739,0x07
2026-09-06T16:54:54.734,2132,0,0,55,200,0,6362,1543,0,21963,0x07
2026-09-06T16:54:54.734,2135,0,2,50,3374,840,40000,3292,2820,33140,0x07
2026-09-06T16:54:54.799,2134,0,0,50,200,0,6362,1543,0,21963,0x07
2026-09-06T16:54:54.799,2137,0,2,50,3315,240,40000,3238,3320,30310,0x07
2026-09-06T16:54:54.865,2136,0,0,52,200,0,6362,1543,0,21963,0x07
2026-09-06T16:54:54.866,2139,0,2,51,2210,627,27124,1183,3294,3583,0x07
2026-09-06T16:54:54.932,2138,0,0,51,200,0,6362,1543,0,21963,0x07
2026-09-06T16:54:54.932,2141,0,2,51,1776,0,24427,1277,804,15392,0x07
2026-09-06T16:54:54.997,2140,0,0,51,200,0,6362,1543,0,21963,0x07
2026-09-06T16:54:54.997,2143,0,2,51,1632,0,22648,1112,843,13064,0x07
2026-09-06T16:54:55.062,2142,0,0,51,200,0,6362,1543,0,21963,0x07
2026-09-06T16:54:55.062,2145,0,2,50,1486,0,20841,936,440,12482,0x07
2026-09-06T16:54:55.143,2144,0,0,52,206,0,6440,1536,0,21885,0x07
2026-09-06T16:54:55.143,2147,0,2,50,1347,0,19113,772,380,10597,0x07
2026-09-06T16:54:55.208,2146,0,0,52,199,0,6356,1543,0,21967,0x07
2026-09-06T16:54:55.208,2149,0,2,50,1180,0,17054,526,540,6699,0x07
2026-09-06T16:54:55.274,2148,0,0,50,199,0,6356,1543,0,21967,0x07
2026-09-06T16:54:55.274,2151,0,2,51,1187,0,17138,519,471,6903,0x07
2026-09-06T16:54:55.340,2150,0,0,52,199,0,6356,1543,0,21967,0x07
2026-09-06T16:54:55.340,2153,0,2,50,1208,0,17397,497,300,7344,0x07
2026-09-06T16:54:55.405,2152,0,0,51,199,0,6356,1543,0,21967,0x07
2026-09-06T16:54:55.405,2155,0,2,51,1230,0,17672,474,373,6735,0x07
2026-09-06T16:54:55.470,2154,0,0,51,199,0,6356,1543,0,21967,0x07
2026-09-06T16:54:55.470,2157,0,2,50,1253,0,17956,450,400,6307,0x07
2026-09-06T16:54:55.535,2156,0,0,50,205,0,6435,1537,0,21890,0x07
2026-09-06T16:54:55.535,2159,0,2,55,1386,18,19520,313,255,5129,0x07
2026-09-06T16:54:55.600,2158,0,0,50,199,0,6356,1543,0,21967,0x07
2026-09-06T16:54:55.600,2161,0,2,51,1386,20,19514,313,59,5960,0x07
2026-09-06T16:54:55.666,2160,0,0,50,199,0,6356,1543,0,21967,0x07
2026-09-06T16:54:55.666,2163,0,2,52,1344,0,19076,0,0,17547,0x07
2026-09-06T16:54:55.747,2162,0,0,51,199,0,6356,1544,0,21972,0x07
2026-09-06T16:54:55.747,2165,0,2,50,1687,0,23325,-1750,-180,24220,0x07
2026-09-06T16:54:55.811,2164,0,0,50,199,0,6356,1544,0,21972,0x07
2026-09-06T16:54:55.811,2167,0,2,50,1687,20,23240,0,0,6627,0x07
2026-09-06T16:54:55.877,2166,0,0,51,199,0,6356,1543,0,21967,0x07
2026-09-06T16:54:55.877,2169,0,2,50,1195,60,16979,511,240,7777,0x07
2026-09-06T16:54:55.942,2168,0,0,51,199,0,6356,1543,0,21967,0x07
2026-09-06T16:54:55.942,2171,0,2,51,1245,314,16526,458,549,5779,0x07
2026-09-06T16:54:56.007,2170,0,0,52,199,0,6356,1543,0,21967,0x07
2026-09-06T16:54:56.007,2173,0,2,50,0,0,0,0,0,0,0x03
2026-09-06T16:54:56.071,2172,0,0,51,199,0,6356,1543,0,21967,0x07
2026-09-06T16:54:56.071,2175,0,2,51,0,0,13343,0,0,5292,0x07
2026-09-06T16:54:56.137,2174,0,0,51,200,0,6362,1543,0,21967,0x07
2026-09-06T16:54:56.137,2177,0,2,50,1341,0,19042,359,20,6733,0x07
2026-09-06T16:54:56.201,2176,0,0,51,200,0,6362,1543,0,21963,0x07
2026-09-06T16:54:56.201,2179,0,2,52,1248,0,17890,456,38,7916,0x07
2026-09-06T16:54:56.282,2178,0,0,51,200,0,6362,1543,0,21963,0x07
2026-09-06T16:54:56.282,2181,0,2,50,1238,0,17765,466,0,8217,0x07
2026-09-06T16:54:56.347,2180,0,0,52,200,0,6362,1543,0,21963,0x07
2026-09-06T16:54:56.347,2183,0,2,52,1128,0,16408,580,19,9621,0x07
2026-09-06T16:54:56.412,2182,0,0,51,220,0,6620,1522,0,21707,0x07
2026-09-06T16:54:56.412,2185,0,2,52,1633,38,22489,1665,538,21589,0x07
2026-09-06T16:54:56.477,2184,0,0,50,200,0,6366,1542,0,21959,0x07
2026-09-06T16:54:56.477,2187,0,2,50,1529,20,21281,164,440,2402,0x07
2026-09-06T16:54:56.541,2186,0,0,52,199,0,6353,1544,0,21972,0x07
2026-09-06T16:54:56.541,2189,0,2,51,1248,0,17890,456,137,7496,0x07
2026-09-06T16:54:56.607,2188,0,0,52,199,0,6349,1544,0,21976,0x07
2026-09-06T16:54:56.607,2191,0,2,50,1250,0,17915,454,180,7292,0x07
2026-09-06T16:54:56.672,2190,0,0,54,199,0,6349,1544,0,21976,0x07
2026-09-06T16:54:56.672,2193,0,2,50,0,0,0,0,0,0,0x03
2026-09-06T16:54:56.738,2192,0,0,52,199,0,6349,1544,0,21976,0x07
2026-09-06T16:54:56.738,2195,0,2,50,0,0,13362,0,0,13926,0x07
2026-09-06T16:54:56.819,2194,0,0,50,199,0,6349,1544,0,21976,0x07
2026-09-06T16:54:56.819,2197,0,2,52,1517,38,21062,176,577,1975,0x07
2026-09-06T16:54:56.868,2196,0,0,51,199,0,6353,1544,0,21972,0x07
2026-09-06T16:54:56.950,2198,0,0,51,199,0,6356,1544,0,21972,0x07
2026-09-06T16:54:56.950,2201,0,2,52,1263,0,18074,440,0,7878,0x07
2026-09-06T16:54:57.015,2200,0,0,50,199,0,6356,1543,0,21967,0x07
2026-09-06T16:54:57.015,2201,0,2,53,1257,0,18002,446,0,7957,0x07
2026-09-06T16:54:57.079,2200,0,0,50,199,0,6356,1543,0,21967,0x07
2026-09-06T16:54:57.079,2205,0,2,50,1257,0,18002,0,0,4842,0x07
2026-09-06T16:54:57.145,2200,0,0,52,199,0,6356,1543,0,21967,0x07
2026-09-06T16:54:57.145,2207,0,2,50,1984,0,26999,0,0,6147,0x07
2026-09-06T16:54:57.210,2206,0,0,51,0,0,5513,0,0,15406,0x07
2026-09-06T16:54:57.210,2209,0,2,51,1247,0,17885,456,39,7919,0x07
2026-09-06T16:54:57.275,2208,0,0,51,200,0,6362,1543,0,21963,0x07
2026-09-06T16:54:57.275,2211,0,2,51,1259,0,18024,445,137,7354,0x07
2026-09-06T16:54:57.341,2210,0,0,52,200,0,6362,1543,0,21963,0x07
2026-09-06T16:54:57.341,2213,0,2,51,1253,0,17956,450,20,7924,0x07
2026-09-06T16:54:57.405,2212,0,0,50,200,0,6362,1543,0,21963,0x07
2026-09-06T16:54:57.405,2215,0,2,50,2360,0,31652,3114,0,40000,0x07
2026-09-06T16:54:57.486,2214,0,0,50,200,0,6362,1543,0,21963,0x07
2026-09-06T16:54:57.486,2217,0,2,53,1755,0,24164,1365,509,17786,0x07
2026-09-06T16:54:57.551,2216,0,0,51,200,0,6362,1543,0,21963,0x07
2026-09-06T16:54:57.551,2219,0,2,52,1755,38,24001,1365,250,18888,0x07
2026-09-06T16:54:57.616,2218,0,0,52,200,0,6362,1543,0,21963,0x07
2026-09-06T16:54:57.616,2221,0,2,51,2040,0,27696,1750,216,24063,0x07
2026-09-06T16:54:57.681,2220,0,0,52,200,0,6362,1543,0,21963,0x07
2026-09-06T16:54:57.681,2223,0,2,51,2981,627,36672,0,0,4376,0x07
2026-09-06T16:54:57.746,2222,0,0,53,200,0,6362,1543,0,21963,0x07
2026-09-06T16:54:57.746,2225,0,2,51,0,0,0,0,0,0,0x03
2026-09-06T16:54:57.810,2224,0,0,50,200,0,6362,1543,0,21963,0x07
2026-09-06T16:54:57.810,2227,0,2,51,0,0,0,0,0,0,0x03
2026-09-06T16:54:57.875,2226,0,0,52,200,0,6362,1543,0,21963,0x07
2026-09-06T16:54:57.875,2229,0,2,52,1706,0,23558,1895,0,26882,0x07
2026-09-06T16:54:57.940,2228,0,0,50,200,0,6362,1543,0,21963,0x07
2026-09-06T16:54:57.940,2231,0,2,50,0,0,0,0,0,0,0x03
2026-09-06T16:54:58.022,2230,0,0,55,200,0,6362,1543,0,21963,0x07
2026-09-06T16:54:58.022,2233,0,2,50,0,0,18551,0,0,15977,0x07
2026-09-06T16:54:58.086,2232,0,0,51,200,0,6362,1543,0,21963,0x07
2026-09-06T16:54:58.086,2235,0,2,50,1982,60,26719,1572,100,22232,0x07
2026-09-06T16:54:58.151,2234,0,0,50,200,0,6362,1543,0,21963,0x07
2026-09-06T16:54:58.151,2237,0,2,51,1467,0,20599,229,0,5113,0x07
2026-09-06T16:54:58.217,2236,0,0,51,200,0,6362,1543,0,21963,0x07
2026-09-06T16:54:58.217,2239,0,2,50,1292,0,18441,410,0,7476,0x07
2026-09-06T16:54:58.282,2238,0,0,52,200,0,6362,1543,0,21963,0x07
2026-09-06T16:54:58.282,2241,0,2,50,1290,0,18408,412,0,7513,0x07
2026-09-06T16:54:58.347,2240,0,0,50,200,0,6362,1543,0,21963,0x07
2026-09-06T16:54:58.347,2243,0,2,52,1286,0,18362,416,0,7563,0x07
2026-09-06T16:54:58.411,2242,0,0,52,200,0,6362,1543,0,21963,0x07
2026-09-06T16:54:58.411,2245,0,2,52,1285,0,18357,416,0,7568,0x07
2026-09-06T16:54:58.477,2244,0,0,52,200,0,6362,1543,0,21963,0x07
2026-09-06T16:54:58.477,2247,0,2,50,1296,0,18481,406,0,7432,0x07
2026-09-06T16:54:58.557,2246,0,0,51,200,0,6362,1543,0,21963,0x07
2026-09-06T16:54:58.557,2249,0,2,53,1278,0,18265,424,0,7669,0x07
2026-09-06T16:54:58.622,2248,0,0,50,200,0,6362,1543,0,21963,0x07
2026-09-06T16:54:58.622,2251,0,2,51,1278,0,18265,424,0,7669,0x07
2026-09-06T16:54:58.686,2250,0,0,55,200,0,6362,1543,0,21963,0x07
2026-09-06T16:54:58.687,2253,0,2,51,1256,0,17998,447,0,7962,0x07
2026-09-06T16:54:58.752,2252,0,0,51,200,0,6362,1543,0,21963,0x07
2026-09-06T16:54:58.752,2255,0,2,51,1220,0,17551,484,0,8455,0x07
2026-09-06T16:54:58.816,2254,0,0,50,200,0,6362,1543,0,21963,0x07
2026-09-06T16:54:58.817,2257,0,2,50,1155,0,16746,552,0,9332,0x07
2026-09-06T16:54:58.881,2256,0,0,52,200,0,6362,1543,0,21963,0x07
2026-09-06T16:54:58.881,2259,0,2,51,1232,0,17689,0,0,17547,0x07
2026-09-06T16:54:58.949,2258,0,0,51,220,0,6620,1522,0,21707,0x07
2026-09-06T16:54:58.949,2261,0,2,51,1687,0,23325,-1750,-78,24651,0x07
2026-09-06T16:54:59.013,2260,0,0,50,206,0,6445,1536,0,21882,0x07
2026-09-06T16:54:59.013,2263,0,2,52,1687,38,23161,-1750,-1077,20408,0x07
2026-09-06T16:54:59.094,2262,0,0,51,198,0,6344,1544,0,21981,0x07
2026-09-06T16:54:59.094,2265,0,2,51,1687,20,23241,-1750,-490,22901,0x07
2026-09-06T16:54:59.160,2264,0,0,51,198,0,6344,1544,0,21981,0x07
2026-09-06T16:54:59.160,2267,0,2,50,1687,100,22900,-1750,-680,22094,0x07
2026-09-06T16:54:59.225,2266,0,0,50,198,0,6340,1545,0,21985,0x07
2026-09-06T16:54:59.225,2269,0,2,50,1687,560,20945,-1750,-960,20904,0x07
2026-09-06T16:54:59.290,2268,0,0,52,198,0,6344,1544,0,21981,0x07
2026-09-06T16:54:59.290,2271,0,2,50,0,0,0,0,0,0,0x03
2026-09-06T16:54:59.355,2270,0,0,50,198,0,6344,1544,0,21981,0x07
2026-09-06T16:54:59.355,2273,0,2,53,1699,19,23395,1815,0,25834,0x07
2026-09-06T16:54:59.420,2272,0,0,50,199,0,6349,1544,0,21976,0x07
2026-09-06T16:54:59.421,2275,0,2,51,1699,1588,16725,1815,941,21834,0x07
2026-09-06T16:54:59.485,2274,0,0,56,199,0,6356,1543,0,21967,0x07
2026-09-06T16:54:59.485,2277,0,2,50,2773,1060,32262,3500,1420,40000,0x07
2026-09-06T16:54:59.550,2276,0,0,50,199,0,6356,1543,0,21967,0x07
2026-09-06T16:54:59.551,2279,0,2,51,1593,1176,17160,2664,2137,27833,0x07
2026-09-06T16:54:59.616,2278,0,0,51,199,0,6356,1543,0,21967,0x07
2026-09-06T16:54:59.616,2281,0,2,51,221,412,3436,1521,980,17824,0x07
2026-09-06T16:54:59.697,2280,0,0,51,199,0,6356,1543,0,21967,0x07
2026-09-06T16:54:59.697,2283,0,2,50,138,520,1953,1606,740,19966,0x07
2026-09-06T16:54:59.763,2282,0,0,52,200,0,6362,1543,0,21963,0x07
2026-09-06T16:54:59.763,2285,0,2,50,90,640,850,1657,900,19938,0x07
2026-09-06T16:54:59.828,2284,0,0,52,200,0,6362,1543,0,21963,0x07
2026-09-06T16:54:59.828,2287,0,2,50,59,120,2669,1689,820,20704,0x07
2026-09-06T16:54:59.893,2286,0,0,51,200,0,6362,1543,0,21963,0x07
2026-09-06T16:54:59.893,2289,0,2,51,59,157,2520,0,0,21694,0x07
2026-09-06T16:54:59.958,2288,0,0,50,200,0,6362,1543,0,21963,0x07
2026-09-06T16:54:59.958,2291,0,2,51,3374,59,40000,0,0,3954,0x07
2026-09-06T16:55:00.023,2290,0,0,51,220,0,6620,1522,0,21707,0x07
2026-09-06T16:55:00.023,2293,0,2,51,1488,980,16692,207,118,4335,0x07
2026-09-06T16:55:00.089,2292,0,0,51,200,0,6366,1542,0,21959,0x07
2026-09-06T16:55:00.089,2295,0,2,51,1509,529,18871,185,196,3708,0x07
2026-09-06T16:55:00.154,2294,0,0,50,199,0,6353,1544,0,21972,0x07
2026-09-06T16:55:00.154,2297,0,2,51,1520,78,20925,174,176,3646,0x07
2026-09-06T16:55:00.219,2296,0,0,50,199,0,6349,1544,0,21976,0x07
2026-09-06T16:55:00.219,2299,0,2,52,1441,0,20281,255,231,4480,0x07
2026-09-06T16:55:00.283,2298,0,0,52,198,0,6344,1544,0,21981,0x07
2026-09-06T16:55:00.283,2301,0,2,50,1441,0,20281,255,200,4610,0x07
2026-09-06T16:55:00.365,2300,0,0,52,199,0,6349,1544,0,21976,0x07
2026-09-06T16:55:00.365,2303,0,2,52,1492,0,20912,203,212,3875,0x07
2026-09-06T16:55:00.430,2302,0,0,50,199,0,6349,1544,0,21976,0x07
2026-09-06T16:55:00.430,2305,0,2,52,1512,0,21158,182,154,3847,0x07
2026-09-06T16:55:00.494,2304,0,0,52,199,0,6353,1544,0,21972,0x07
2026-09-06T16:55:00.494,2307,0,2,52,1580,0,22006,111,0,3573,0x07
2026-09-06T16:55:00.560,2306,0,0,56,218,0,6597,1524,0,21733,0x07
2026-09-06T16:55:00.560,2309,0,2,52,1553,0,21663,139,0,3948,0x07
2026-09-06T16:55:00.625,2308,0,0,50,218,0,6597,1524,0,21733,0x07
2026-09-06T16:55:00.625,2311,0,2,50,0,0,21513,126,0,3774,0x07
2026-09-06T16:55:00.690,2310,0,0,51,227,0,6719,1514,0,21607,0x07
2026-09-06T16:55:00.690,2313,0,2,58,167,52,4298,1577,1414,16714,0x07
2026-09-06T16:55:00.755,2312,0,0,51,236,0,6833,1505,0,21493,0x07
2026-09-06T16:55:00.755,2315,0,2,51,167,216,3601,1577,627,20056,0x07
2026-09-06T16:55:00.821,2317,0,2,52,175,96,4214,1568,38,22444,0x07
2026-09-06T16:55:00.902,2316,0,0,51,258,0,7112,1483,0,21221,0x07
2026-09-06T16:55:00.902,2317,0,2,50,182,120,4187,1562,0,22525,0x07
2026-09-06T16:55:00.967,2318,0,0,50,260,0,7139,1480,0,21189,0x07
2026-09-06T16:55:00.967,2317,0,2,52,182,212,3798,1562,0,22525,0x07
2026-09-06T16:55:01.031,2318,0,0,54,264,0,7195,1476,0,21133,0x07
2026-09-06T16:55:01.031,2323,0,2,50,0,0,4271,0,0,15499,0x07
2026-09-06T16:55:01.096,2322,0,0,52,264,0,7195,1476,0,21133,0x07
2026-09-06T16:55:01.096,2325,0,2,51,1687,137,22741,-1750,0,24984,0x07
2026-09-06T16:55:01.161,2324,0,0,51,289,0,7522,1450,0,20807,0x07
2026-09-06T16:55:01.161,2327,0,2,51,1687,196,22491,-1750,-1431,18901,0x07
2026-09-06T16:55:01.227,2326,0,0,53,317,0,7876,1421,0,20455,0x07
2026-09-06T16:55:01.227,2329,0,2,50,1687,400,21625,-1750,-1160,20054,0x07
2026-09-06T16:55:01.292,2328,0,0,52,317,0,7876,1421,0,20455,0x07
2026-09-06T16:55:01.292,2331,0,2,52,1687,269,22181,-1750,-481,22941,0x07
2026-09-06T16:55:01.357,2330,0,0,50,325,0,7977,1413,0,20355,0x07
2026-09-06T16:55:01.357,2333,0,2,54,1687,111,22853,-1750,-759,21758,0x07
2026-09-06T16:55:01.439,2332,0,0,51,345,0,8248,1392,0,20085,0x07
2026-09-06T16:55:01.439,2335,0,2,50,1687,380,21710,-1750,-860,21330,0x07
2026-09-06T16:55:01.488,2334,0,0,56,382,0,8715,1354,0,19619,0x07
2026-09-06T16:55:01.488,2337,0,2,50,0,0,0,0,0,0,0x03
2026-09-06T16:55:01.569,2336,0,0,52,382,0,8715,1354,0,19619,0x07
2026-09-06T16:55:01.569,2339,0,2,51,0,0,29858,0,0,22580,0x07
2026-09-06T16:55:01.634,2338,0,0,52,391,0,8837,1344,0,19497,0x07
2026-09-06T16:55:01.634,2341,0,2,50,3374,1200,39098,0,0,6017,0x07
2026-09-06T16:55:01.700,2340,0,0,50,417,0,9173,1317,0,19163,0x07
2026-09-06T16:55:01.700,2343,0,2,51,1262,1608,11227,441,510,5726,0x07
2026-09-06T16:55:01.764,2342,0,0,52,438,0,9439,1296,0,18898,0x07
2026-09-06T16:55:01.764,2345,0,2,55,1012,1036,10567,701,382,9656,0x07
2026-09-06T16:55:01.829,2344,0,0,51,447,0,9561,1286,0,18777,0x07
2026-09-06T16:55:01.829,2347,0,2,50,1012,920,11061,701,20,11194,0x07
2026-09-06T16:55:01.894,2346,0,0,52,474,0,9915,1258,0,18424,0x07
2026-09-06T16:55:01.894,2349,0,2,51,1397,902,15901,1316,176,18561,0x07
2026-09-06T16:55:01.976,2348,0,0,50,453,0,9635,1280,0,18702,0x07
2026-09-06T16:55:01.976,2351,0,2,51,2560,882,30374,2720,451,35739,0x07
2026-09-06T16:55:02.025,2350,0,0,52,444,0,9522,1289,0,18815,0x07
2026-09-06T16:55:02.025,2353,0,2,57,3251,1386,36788,3500,2123,38818,0x07
2026-09-06T16:55:02.106,2352,0,0,50,454,0,9653,1279,0,18684,0x07
2026-09-06T16:55:02.106,2355,0,2,50,3251,1840,34859,3500,2740,36195,0x07
2026-09-06T16:55:02.172,2354,0,0,51,454,0,9658,1279,0,18681,0x07
2026-09-06T16:55:02.172,2357,0,2,51,3184,2137,32765,3500,3118,34590,0x07
2026-09-06T16:55:02.237,2356,0,0,52,444,0,9522,1289,0,18815,0x07
2026-09-06T16:55:02.237,2359,0,2,52,3010,2558,28823,3427,2346,36919,0x07
2026-09-06T16:55:02.302,2358,0,0,50,443,0,9513,1290,0,18824,0x07
2026-09-06T16:55:02.302,2361,0,2,51,2681,1529,29119,3192,2588,32822,0x07
2026-09-06T16:55:02.367,2360,0,0,51,443,59,9260,1290,824,15328,0x07
2026-09-06T16:55:02.367,2363,0,2,51,1967,961,22711,2666,2549,26114,0x07
2026-09-06T16:55:02.433,2362,0,0,51,443,0,9510,1290,490,16745,0x07
2026-09-06T16:55:02.433,2365,0,2,56,654,321,9171,1375,839,16521,0x07
2026-09-06T16:55:02.498,2364,0,0,50,443,20,9425,1290,660,16023,0x07
2026-09-06T16:55:02.498,2367,0,2,50,654,140,9943,1375,180,19323,0x07
2026-09-06T16:55:02.563,2366,0,0,50,389,0,8810,1346,180,18759,0x07
2026-09-06T16:55:02.563,2369,0,2,50,487,20,8396,1245,20,18299,0x07
2026-09-06T16:55:02.628,2368,0,0,51,336,0,8125,1401,0,20207,0x07
2026-09-06T16:55:02.628,2371,0,2,51,520,0,8885,1211,0,17939,0x07
2026-09-06T16:55:02.709,2370,0,0,50,334,0,8094,1404,0,20237,0x07
2026-09-06T16:55:02.709,2373,0,2,53,548,0,9227,1182,0,17565,0x07
2026-09-06T16:55:02.775,2372,0,0,51,373,0,8601,1363,0,19733,0x07
2026-09-06T16:55:02.775,2375,0,2,52,548,0,9227,1182,0,17565,0x07
2026-09-06T16:55:02.839,2374,0,0,51,357,0,8396,1380,0,19937,0x07
2026-09-06T16:55:02.839,2377,0,2,52,797,0,12316,1352,0,19792,0x07
2026-09-06T16:55:02.904,2376,0,0,52,339,0,8160,1399,0,20172,0x07
2026-09-06T16:55:02.904,2379,0,2,52,797,0,12316,1352,0,19792,0x07
2026-09-06T16:55:02.969,2378,0,0,50,346,0,8256,1391,0,20076,0x07
2026-09-06T16:55:02.969,2381,0,2,51,905,0,13644,1477,0,21423,0x07
2026-09-06T16:55:03.034,2380,0,0,51,346,0,8256,1391,0,20076,0x07
2026-09-06T16:55:03.035,2383,0,2,52,1013,0,14984,1577,19,22644,0x07
2026-09-06T16:55:03.099,2382,0,0,52,348,0,8282,1389,0,20050,0x07
2026-09-06T16:55:03.099,2385,0,2,50,1287,0,18378,1804,120,25182,0x07
2026-09-06T16:55:03.164,2384,0,0,50,373,0,8601,1363,0,19733,0x07
2026-09-06T16:55:03.164,2387,0,2,51,1287,0,18378,1804,157,25025,0x07
2026-09-06T16:55:03.245,2386,0,0,53,376,0,8636,1360,0,19698,0x07
2026-09-06T16:55:03.245,2389,0,2,50,1309,0,18653,1858,120,25891,0x07
2026-09-06T16:55:03.310,2388,0,0,51,376,0,8636,1360,0,19698,0x07
2026-09-06T16:55:03.310,2391,0,2,52,2833,0,37501,2817,38,38758,0x07
2026-09-06T16:55:03.376,2390,0,0,52,354,0,8361,1382,0,19973,0x07
2026-09-06T16:55:03.376,2393,0,2,51,2698,1412,29827,3050,2549,31132,0x07
2026-09-06T16:55:03.441,2392,0,0,52,376,0,8640,1360,0,19694,0x07
2026-09-06T16:55:03.441,2395,0,2,51,2648,471,33219,3039,3333,27659,0x07
2026-09-06T16:55:03.505,2394,0,0,51,354,0,8361,1382,0,19973,0x07
2026-09-06T16:55:03.505,2397,0,2,51,2623,0,34901,3016,3314,27431,0x07
2026-09-06T16:55:03.570,2396,0,0,50,353,0,8347,1384,0,19985,0x07
2026-09-06T16:55:03.570,2399,0,2,50,0,0,6656,2989,2620,30037,0x07
2026-09-06T16:55:03.635,2398,0,0,50,-205,0,6432,1963,0,27182,0x07
2026-09-06T16:55:03.635,2401,0,2,51,-518,-333,7439,2287,2784,20163,0x07
2026-09-06T16:55:03.700,2400,0,0,52,0,0,9910,1963,0,27182,0x07
2026-09-06T16:55:03.700,2403,0,2,51,-1687,-588,20825,1750,1686,17818,0x07
2026-09-06T16:55:03.782,2402,0,0,50,706,240,11890,1018,0,15441,0x07
2026-09-06T16:55:03.782,2405,0,2,50,-1687,-380,21710,1750,0,24984,0x07
2026-09-06T16:55:03.846,2404,0,0,50,347,100,7836,1391,0,20072,0x07
2026-09-06T16:55:03.847,2407,0,2,51,-1687,-176,22575,1750,922,21068,0x07
2026-09-06T16:55:03.912,2406,0,0,51,355,39,8207,1381,569,17541,0x07
2026-09-06T16:55:03.912,2409,0,2,50,-1687,-20,23240,1750,0,24984,0x07
2026-09-06T16:55:03.977,2408,0,0,51,401,0,8968,1334,431,17535,0x07
2026-09-06T16:55:03.977,2411,0,2,50,-1687,0,23325,1750,0,24984,0x07
2026-09-06T16:55:04.042,2410,0,0,51,381,0,8705,1355,0,19633,0x07
2026-09-06T16:55:04.042,2413,0,2,50,0,0,0,0,0,0,0x03
2026-09-06T16:55:04.107,2412,0,0,50,381,0,8705,1355,0,19633,0x07
2026-09-06T16:55:04.107,2415,0,2,50,0,0,29858,0,0,22863,0x07
2026-09-06T16:55:04.173,2414,0,0,51,379,0,8675,1357,0,19660,0x07
2026-09-06T16:55:04.173,2417,0,2,51,3374,2137,35114,2353,588,30365,0x07
2026-09-06T16:55:04.237,2416,0,0,50,377,0,8654,1359,0,19685,0x07
2026-09-06T16:55:04.237,2419,0,2,50,2911,780,35160,3232,1560,37713,0x07
2026-09-06T16:55:04.318,2418,0,0,51,376,0,8636,1361,0,19702,0x07
2026-09-06T16:55:04.318,2421,0,2,50,2883,20,38038,3224,2060,35478,0x07
2026-09-06T16:55:04.383,2420,0,0,50,375,0,8623,1362,0,19711,0x07
2026-09-06T16:55:04.383,2423,0,2,54,2771,0,36742,3165,3278,29535,0x07
2026-09-06T16:55:04.447,2422,0,0,51,374,0,8618,1362,0,19716,0x07
2026-09-06T16:55:04.447,2425,0,2,51,2702,0,35882,3099,2510,31939,0x07
2026-09-06T16:55:04.513,2424,0,0,50,343,0,8221,1394,0,20111,0x07
2026-09-06T16:55:04.513,2427,0,2,51,2664,0,35418,3057,2039,33382,0x07
2026-09-06T16:55:04.578,2426,0,0,51,319,0,7902,1419,0,20428,0x07
2026-09-06T16:55:04.578,2429,0,2,50,2645,0,35172,3033,3260,27883,0x07
2026-09-06T16:55:04.643,2428,0,0,50,368,0,8539,1368,0,19794,0x07
2026-09-06T16:55:04.643,2431,0,2,51,36,0,2903,1712,2725,12908,0x07
2026-09-06T16:55:04.708,2430,0,0,50,93,0,4983,1653,0,23338,0x07
2026-09-06T16:55:04.708,2433,0,2,52,3151,58,40000,2620,712,33320,0x07
2026-09-06T16:55:04.773,2432,0,0,50,526,0,10587,1204,0,17754,0x07
2026-09-06T16:55:04.773,2435,0,2,51,2680,78,35282,3062,1216,36960,0x07
2026-09-06T16:55:04.839,2434,0,0,50,373,0,8601,1363,0,19733,0x07
2026-09-06T16:55:04.839,2437,0,2,56,1001,18,14758,1645,2732,12006,0x07
2026-09-06T16:55:04.919,2436,0,0,51,349,0,8295,1388,0,20037,0x07
2026-09-06T16:55:04.920,2439,0,2,51,1001,0,14834,1645,1725,16284,0x07
2026-09-06T16:55:04.985,2438,0,0,51,349,0,8295,1388,0,20037,0x07
2026-09-06T16:55:04.985,2441,0,2,51,723,0,11402,1404,863,16801,0x07
2026-09-06T16:55:05.050,2440,0,0,50,373,0,8601,1363,0,19733,0x07
2026-09-06T16:55:05.050,2443,0,2,50,514,0,8809,1217,0,18022,0x07
2026-09-06T16:55:05.115,2442,0,0,51,349,0,8286,1388,0,20046,0x07
2026-09-06T16:55:05.115,2445,0,2,51,0,0,16155,1240,0,18329,0x07
2026-09-06T16:55:05.179,2444,0,0,50,373,0,8601,1363,0,19733,0x07
2026-09-06T16:55:05.180,2447,0,2,51,-1687,-412,21575,1750,0,24984,0x07
2026-09-06T16:55:05.245,2446,0,0,52,374,0,8610,1363,0,19724,0x07
2026-09-06T16:55:05.245,2449,0,2,52,-1687,-308,22017,1750,0,24984,0x07
2026-09-06T16:55:05.310,2448,0,0,53,373,0,8606,1363,0,19733,0x07
2026-09-06T16:55:05.310,2451,0,2,50,-1687,-440,21455,1750,340,23540,0x07
2026-09-06T16:55:05.375,2450,0,0,50,373,0,8606,1363,0,19733,0x07
2026-09-06T16:55:05.375,2453,0,2,51,-1687,-275,22158,1750,431,23151,0x07
2026-09-06T16:55:05.441,2452,0,0,50,372,20,8511,1364,0,19737,0x07
2026-09-06T16:55:05.441,2455,0,2,52,-1687,-462,21363,1750,308,23677,0x07
2026-09-06T16:55:05.523,2454,0,0,50,347,20,8179,1390,0,20067,0x07
2026-09-06T16:55:05.523,2457,0,2,50,0,0,0,0,0,0,0x03
2026-09-06T16:55:05.588,2456,0,0,50,371,0,8575,1366,0,19763,0x07
2026-09-06T16:55:05.588,2459,0,2,51,0,0,6443,0,0,13057,0x07
2026-09-06T16:55:05.653,2458,0,0,52,371,0,8584,1365,0,19750,0x07
2026-09-06T16:55:05.653,2461,0,2,53,574,509,7384,1155,208,16332,0x07
2026-09-06T16:55:05.719,2460,0,0,53,202,0,6392,1540,0,21933,0x07
2026-09-06T16:55:05.719,2463,0,2,51,574,216,8632,1155,118,16714,0x07
2026-09-06T16:55:05.783,2462,0,0,51,202,0,6392,1540,0,21933,0x07
2026-09-06T16:55:05.783,2465,0,2,52,612,77,9698,1190,77,17344,0x07
2026-09-06T16:55:05.848,2464,0,0,50,214,0,6550,1528,0,21777,0x07
2026-09-06T16:55:05.848,2467,0,2,50,795,0,12287,1364,0,19947,0x07
2026-09-06T16:55:05.914,2466,0,0,51,208,0,6462,1535,0,21864,0x07
2026-09-06T16:55:05.914,2469,0,2,50,772,0,11999,1386,0,20226,0x07
2026-09-06T16:55:05.979,2468,0,0,51,167,0,5943,1576,0,22381,0x07
2026-09-06T16:55:05.979,2471,0,2,51,492,0,8534,1240,0,18324,0x07
2026-09-06T16:55:06.044,2470,0,0,52,158,0,5825,1586,0,22499,0x07
2026-09-06T16:55:06.044,2473,0,2,50,482,0,8413,1250,0,18456,0x07
2026-09-06T16:55:06.125,2472,0,0,50,171,0,5991,1573,0,22333,0x07
2026-09-06T16:55:06.125,2475,0,2,55,441,0,7907,1293,0,19009,0x07
2026-09-06T16:55:06.191,2474,0,0,50,166,0,5930,1577,0,22394,0x07
2026-09-06T16:55:06.191,2477,0,2,50,441,0,7907,1293,0,19009,0x07
2026-09-06T16:55:06.256,2476,0,0,50,166,0,5930,1577,0,22394,0x07
2026-09-06T16:55:06.256,2479,0,2,52,447,0,7979,1287,0,18932,0x07
2026-09-06T16:55:06.321,2478,0,0,51,163,0,5882,1581,0,22442,0x07
2026-09-06T16:55:06.321,2481,0,2,50,435,0,7838,1298,0,19088,0x07
2026-09-06T16:55:06.385,2480,0,0,51,132,20,5397,1614,0,22842,0x07
2026-09-06T16:55:06.385,2483,0,2,51,404,0,7453,1331,0,19507,0x07
2026-09-06T16:55:06.451,2482,0,0,51,163,0,5890,1581,0,22437,0x07
2026-09-06T16:55:06.451,2485,0,2,50,418,0,7619,1317,0,19325,0x07
2026-09-06T16:55:06.515,2484,0,0,51,164,0,5898,1580,0,22425,0x07
2026-09-06T16:55:06.515,2487,0,2,50,388,0,7249,1348,0,19732,0x07
2026-09-06T16:55:06.580,2486,0,0,50,139,0,5580,1605,0,22742,0x07
2026-09-06T16:55:06.580,2489,0,2,51,0,0,16155,1335,0,19562,0x07
2026-09-06T16:55:06.646,2488,0,0,51,139,0,5580,1605,0,22742,0x07
2026-09-06T16:55:06.646,2491,0,2,50,-1687,-680,20435,1750,0,24984,0x07
2026-09-06T16:55:06.727,2490,0,0,52,169,0,5969,1574,0,22355,0x07
2026-09-06T16:55:06.727,2493,0,2,51,-1687,-863,19658,1750,59,24734,0x07
2026-09-06T16:55:06.793,2492,0,0,50,170,0,5981,1573,0,22342,0x07
2026-09-06T16:55:06.793,2495,0,2,51,-1687,-745,20158,1750,686,22068,0x07
2026-09-06T16:55:06.857,2494,0,0,51,139,20,5492,1606,0,22750,0x07
2026-09-06T16:55:06.857,2497,0,2,51,-1687,-961,19241,1750,922,21068,0x07
2026-09-06T16:55:06.922,2496,0,0,52,169,0,5964,1575,0,22359,0x07
2026-09-06T16:55:06.922,2499,0,2,50,-1687,-980,19160,1750,1000,20734,0x07
2026-09-06T16:55:06.988,2498,0,0,50,210,0,6497,1532,0,21829,0x07
2026-09-06T16:55:06.988,2501,0,2,55,0,0,0,0,0,0,0x03
2026-09-06T16:55:07.053,2500,0,0,50,210,0,6497,1532,0,21829,0x07
2026-09-06T16:55:07.053,2503,0,2,51,0,0,0,0,0,0,0x03
2026-09-06T16:55:07.117,2502,0,0,52,98,19,4966,1648,0,23273,0x07
2026-09-06T16:55:07.117,2505,0,2,51,0,0,29858,0,0,23265,0x07
2026-09-06T16:55:07.182,2504,0,0,52,148,0,5698,1596,0,22625,0x07
2026-09-06T16:55:07.182,2507,0,2,51,3374,98,40000,2399,196,32627,0x07
2026-09-06T16:55:07.263,2506,0,0,54,136,0,5536,1609,0,22786,0x07
2026-09-06T16:55:07.263,2509,0,2,55,1471,382,19027,224,855,1427,0x07
2026-09-06T16:55:07.328,2508,0,0,51,136,0,5536,1609,0,22786,0x07
2026-09-06T16:55:07.328,2511,0,2,52,1471,96,20241,224,192,4241,0x07
2026-09-06T16:55:07.394,2510,0,0,50,160,40,5672,1585,0,22485,0x07
2026-09-06T16:55:07.394,2513,0,2,52,1545,0,21567,147,115,3562,0x07
2026-09-06T16:55:07.459,2512,0,0,50,146,0,5662,1599,0,22660,0x07
2026-09-06T16:55:07.459,2515,0,2,50,1329,0,18891,372,0,6983,0x07
2026-09-06T16:55:07.524,2514,0,0,50,136,0,5536,1609,0,22786,0x07
2026-09-06T16:55:07.525,2517,0,2,52,1456,0,20470,239,0,5255,0x07
2026-09-06T16:55:07.590,2516,0,0,50,145,0,5655,1600,0,22668,0x07
2026-09-06T16:55:07.590,2519,0,2,50,1447,0,20361,248,0,5374,0x07
2026-09-06T16:55:07.655,2518,0,0,56,148,0,5694,1596,0,22629,0x07
2026-09-06T16:55:07.655,2521,0,2,54,1437,0,20227,260,0,5521,0x07
2026-09-06T16:55:07.720,2520,0,0,50,148,0,5694,1596,0,22629,0x07
2026-09-06T16:55:07.720,2523,0,2,52,1437,0,20227,260,0,5521,0x07
2026-09-06T16:55:07.785,2522,0,0,51,149,0,5707,1595,0,22615,0x07
2026-09-06T16:55:07.785,2525,0,2,50,1447,0,20353,249,0,5382,0x07
2026-09-06T16:55:07.866,2524,0,0,52,173,0,6012,1571,0,22312,0x07
2026-09-06T16:55:07.866,2527,0,2,50,1427,0,20107,270,0,5657,0x07
2026-09-06T16:55:07.931,2526,0,0,50,150,0,5725,1594,0,22598,0x07
2026-09-06T16:55:07.931,2529,0,2,52,1438,0,20244,258,0,5502,0x07
2026-09-06T16:55:07.996,2528,0,0,52,149,0,5711,1595,0,22612,0x07
2026-09-06T16:55:07.996,2531,0,2,51,1438,0,20248,258,0,5497,0x07
2026-09-06T16:55:08.062,2530,0,0,51,149,0,5702,1596,0,22621,0x07
2026-09-06T16:55:08.062,2533,0,2,50,1436,0,20219,260,0,5530,0x07
2026-09-06T16:55:08.127,2532,0,0,52,149,0,5702,1596,0,22621,0x07
2026-09-06T16:55:08.127,2535,0,2,50,1435,0,20202,262,0,5548,0x07
2026-09-06T16:55:08.192,2534,0,0,51,149,0,5707,1595,0,22615,0x07
2026-09-06T16:55:08.192,2537,0,2,50,1416,0,19968,282,0,5808,0x07
2026-09-06T16:55:08.257,2536,0,0,52,149,0,5707,1595,0,22615,0x07
2026-09-06T16:55:08.257,2539,0,2,51,1432,0,20169,265,0,5589,0x07
2026-09-06T16:55:08.323,2538,0,0,53,150,0,5720,1594,0,22603,0x07
2026-09-06T16:55:08.323,2541,0,2,53,1415,0,19964,282,0,5808,0x07
2026-09-06T16:55:08.388,2540,0,0,50,150,0,5720,1594,0,22603,0x07
2026-09-06T16:55:08.388,2543,0,2,50,1415,0,19964,282,0,5808,0x07
2026-09-06T16:55:08.453,2542,0,0,50,149,0,5707,1595,0,22615,0x07
2026-09-06T16:55:08.453,2545,0,2,52,1416,0,19978,281,0,5795,0x07
2026-09-06T16:55:08.534,2544,0,0,50,149,0,5702,1596,0,22625,0x07
2026-09-06T16:55:08.534,2547,0,2,52,1418,0,19993,279,0,5776,0x07
2026-09-06T16:55:08.599,2546,0,0,50,148,0,5698,1596,0,22625,0x07
2026-09-06T16:55:08.599,2549,0,2,51,1419,0,20015,278,0,5754,0x07
2026-09-06T16:55:08.664,2548,0,0,52,149,0,5702,1596,0,22621,0x07
2026-09-06T16:55:08.730,2550,0,0,57,149,0,5707,1595,0,22615,0x07
2026-09-06T16:55:08.730,2551,0,2,51,1421,0,20031,276,0,5735,0x07
2026-09-06T16:55:08.795,2552,0,0,51,149,0,5707,1595,0,22615,0x07
2026-09-06T16:55:08.795,2551,0,2,50,1422,0,20052,274,0,5712,0x07
2026-09-06T16:55:08.861,2552,0,0,50,149,0,5711,1595,0,22612,0x07
2026-09-06T16:55:08.861,2557,0,2,50,0,0,16155,0,0,17547,0x07
2026-09-06T16:55:08.926,2552,0,0,51,149,0,5711,1595,0,22612,0x07
2026-09-06T16:55:08.926,2559,0,2,50,-1687,-1320,17715,1750,220,24050,0x07
2026-09-06T16:55:08.991,2558,0,0,50,0,0,5079,0,0,15830,0x07
2026-09-06T16:55:08.991,2561,0,2,50,-1687,-480,21285,1750,480,22944,0x07
2026-09-06T16:55:09.056,2560,0,0,51,150,0,5716,1595,0,22607,0x07
2026-09-06T16:55:09.056,2563,0,2,51,-1687,-686,20408,1750,765,21734,0x07
2026-09-06T16:55:09.138,2562,0,0,50,150,0,5716,1595,0,22607,0x07
2026-09-06T16:55:09.138,2565,0,2,50,0,0,0,0,0,0,0x03
2026-09-06T16:55:09.203,2564,0,0,51,141,0,5607,1603,0,22716,0x07
2026-09-06T16:55:09.203,2567,0,2,57,-1852,-18,25287,3500,18,40000,0x07
2026-09-06T16:55:09.268,2566,0,0,50,141,0,5607,1603,0,22716,0x07
2026-09-06T16:55:09.268,2569,0,2,50,0,0,7267,3500,1800,40000,0x07
2026-09-06T16:55:09.333,2568,0,0,50,173,0,6017,1570,0,22306,0x07
2026-09-06T16:55:09.333,2571,0,2,51,593,196,8953,1135,1627,10041,0x07
2026-09-06T16:55:09.399,2570,0,0,52,167,0,5943,1576,0,22381,0x07
2026-09-06T16:55:09.399,2573,0,2,50,719,400,9652,1004,1200,10138,0x07
2026-09-06T16:55:09.463,2572,0,0,50,188,0,6204,1555,0,22119,0x07
2026-09-06T16:55:09.463,2575,0,2,50,1759,80,23870,1857,1180,21363,0x07
2026-09-06T16:55:09.528,2574,0,0,51,171,0,5991,1573,0,22333,0x07
2026-09-06T16:55:09.528,2577,0,2,51,3093,431,38887,2991,1137,36365,0x07
2026-09-06T16:55:09.594,2576,0,0,53,183,0,6148,1560,0,22177,0x07
2026-09-06T16:55:09.594,2579,0,2,55,3349,1527,37402,2946,2673,29245,0x07
2026-09-06T16:55:09.676,2578,0,0,50,183,0,6148,1560,0,22177,0x07
2026-09-06T16:55:09.676,2581,0,2,51,3349,2098,34976,2946,2451,30188,0x07
2026-09-06T16:55:09.741,2580,0,0,51,138,0,5562,1607,0,22759,0x07
2026-09-06T16:55:09.741,2583,0,2,50,3236,2220,33056,3273,2060,36124,0x07
2026-09-06T16:55:09.806,2582,0,0,50,166,0,5921,1578,0,22407,0x07
2026-09-06T16:55:09.806,2585,0,2,58,2656,2655,24030,2120,2276,20140,0x07
2026-09-06T16:55:09.871,2584,0,0,50,137,0,5550,1608,0,22772,0x07
2026-09-06T16:55:09.871,2587,0,2,51,2656,2549,24481,2120,2294,20062,0x07
2026-09-06T16:55:09.935,2586,0,0,52,161,0,5864,1583,0,22458,0x07
2026-09-06T16:55:09.935,2589,0,2,51,2589,2294,24729,2355,2333,22966,0x07
2026-09-06T16:55:10.001,2588,0,0,53,189,0,6226,1554,0,22098,0x07
2026-09-06T16:55:10.001,2591,0,2,50,2767,2800,24783,2646,2440,26322,0x07
2026-09-06T16:55:10.066,2590,0,0,50,189,0,6226,1554,0,22098,0x07
2026-09-06T16:55:10.066,2593,0,2,55,2858,945,33800,2560,891,31771,0x07
2026-09-06T16:55:10.132,2592,0,0,50,164,0,5903,1580,0,22420,0x07
2026-09-06T16:55:10.132,2595,0,2,51,2858,647,35068,2560,2020,26974,0x07
2026-09-06T16:55:10.196,2594,0,0,50,184,0,6161,1559,0,22164,0x07
2026-09-06T16:55:10.197,2597,0,2,50,2173,760,26102,1500,2460,11261,0x07
2026-09-06T16:55:10.261,2596,0,0,50,163,20,5801,1581,0,22437,0x07
2026-09-06T16:55:10.261,2599,0,2,51,1502,608,18455,802,569,10179,0x07
2026-09-06T16:55:10.342,2598,0,0,51,145,0,5655,1600,0,22668,0x07
2026-09-06T16:55:10.342,2601,0,2,57,1525,0,21321,1138,18,16915,0x07
2026-09-06T16:55:10.408,2600,0,0,50,187,0,6196,1556,0,22128,0x07
2026-09-06T16:55:10.408,2603,0,2,51,1525,20,21238,1138,0,16990,0x07
2026-09-06T16:55:10.474,2602,0,0,56,161,0,5864,1583,0,22458,0x07
2026-09-06T16:55:10.474,2605,0,2,51,1878,0,25687,1566,0,22576,0x07
2026-09-06T16:55:10.538,2604,0,0,50,161,0,5864,1583,0,22458,0x07
2026-09-06T16:55:10.538,2607,0,2,57,2161,0,29194,1846,18,26158,0x07
2026-09-06T16:55:10.603,2606,0,0,50,181,0,6113,1563,0,22212,0x07
2026-09-06T16:55:10.603,2609,0,2,50,2161,0,29194,1846,140,25638,0x07
2026-09-06T16:55:10.668,2608,0,0,50,135,0,5524,1610,0,22798,0x07
2026-09-06T16:55:10.668,2611,0,2,50,2152,0,29073,1771,340,23809,0x07
2026-09-06T16:55:10.733,2610,0,0,51,158,0,5820,1586,0,22503,0x07
2026-09-06T16:55:10.733,2613,0,2,50,2008,0,27299,1534,220,21233,0x07
2026-09-06T16:55:10.799,2612,0,0,50,157,0,5807,1587,0,22516,0x07
2026-09-06T16:55:10.799,2615,0,2,50,2008,0,27299,1534,40,21998,0x07
2026-09-06T16:55:10.864,2614,0,0,53,137,0,5546,1608,0,22777,0x07
2026-09-06T16:55:10.864,2617,0,2,51,1819,0,24962,1321,0,19380,0x07
2026-09-06T16:55:10.945,2616,0,0,51,137,0,5546,1608,0,22777,0x07
2026-09-06T16:55:10.945,2619,0,2,52,1773,0,24389,1318,0,19343,0x07
2026-09-06T16:55:11.010,2618,0,0,51,192,0,6261,1551,0,22064,0x07
2026-09-06T16:55:11.010,2621,0,2,53,1613,0,22406,1086,0,16317,0x07
2026-09-06T16:55:11.075,2620,0,0,52,147,0,5677,1598,0,22646,0x07
2026-09-06T16:55:11.075,2623,0,2,52,1613,0,22406,1086,0,16317,0x07
2026-09-06T16:55:11.140,2622,0,0,51,137,0,5554,1608,0,22772,0x07
2026-09-06T16:55:11.140,2625,0,2,50,1462,0,20540,905,0,13954,0x07
2026-09-06T16:55:11.205,2624,0,0,50,145,0,5659,1599,0,22664,0x07
2026-09-06T16:55:11.205,2627,0,2,56,1369,0,19393,850,0,13232,0x07
2026-09-06T16:55:11.270,2626,0,0,52,162,0,5877,1582,0,22446,0x07
2026-09-06T16:55:11.271,2629,0,2,50,1369,0,19393,850,0,13232,0x07
2026-09-06T16:55:11.336,2628,0,0,50,139,0,5580,1605,0,22742,0x07
2026-09-06T16:55:11.336,2631,0,2,51,1250,0,17919,656,0,10699,0x07
2026-09-06T16:55:11.401,2630,0,0,50,190,0,6240,1553,0,22086,0x07
2026-09-06T16:55:11.401,2633,0,2,52,1249,0,17902,703,0,11307,0x07
2026-09-06T16:55:11.482,2632,0,0,51,163,0,5890,1581,0,22433,0x07
2026-09-06T16:55:11.483,2635,0,2,52,1245,0,17856,690,0,11142,0x07
2026-09-06T16:55:11.547,2634,0,0,53,164,0,5898,1580,0,22425,0x07
2026-09-06T16:55:11.547,2637,0,2,51,1217,0,17514,651,0,10625,0x07
2026-09-06T16:55:11.612,2636,0,0,50,164,0,5898,1580,0,22425,0x07
2026-09-06T16:55:11.612,2639,0,2,54,1151,0,16688,556,0,9396,0x07
2026-09-06T16:55:11.678,2638,0,0,50,162,0,5872,1582,0,22450,0x07
2026-09-06T16:55:11.678,2641,0,2,52,1151,0,16688,0,0,17547,0x07
2026-09-06T16:55:11.743,2640,0,0,51,161,0,5864,1583,0,22458,0x07
2026-09-06T16:55:11.743,2643,0,2,50,1687,0,23325,-1750,-600,22434,0x07
2026-09-06T16:55:11.808,2642,0,0,50,136,0,5540,1609,0,22782,0x07
2026-09-06T16:55:11.808,2645,0,2,51,1687,0,23325,-1750,-1706,17734,0x07
2026-09-06T16:55:11.873,2644,0,0,50,160,0,5850,1584,0,22473,0x07
2026-09-06T16:55:11.873,2647,0,2,52,1687,0,23325,-1750,-442,23105,0x07
2026-09-06T16:55:11.939,2646,0,0,56,163,0,5886,1581,0,22437,0x07
2026-09-06T16:55:11.939,2649,0,2,50,1687,60,23070,-1750,-720,21924,0x07
2026-09-06T16:55:12.004,2648,0,0,52,163,0,5886,1581,0,22437,0x07
2026-09-06T16:55:12.004,2651,0,2,50,1687,260,22220,-1750,-960,20904,0x07
2026-09-06T16:55:12.069,2650,0,0,52,167,0,5933,1577,0,22390,0x07
2026-09-06T16:55:12.069,2653,0,2,52,0,0,0,0,0,0,0x03
2026-09-06T16:55:12.151,2652,0,0,52,159,0,5838,1585,0,22485,0x07
2026-09-06T16:55:12.151,2655,0,2,51,0,0,18846,0,0,19403,0x07
2026-09-06T16:55:12.215,2654,0,0,55,165,0,5908,1580,0,22420,0x07
2026-09-06T16:55:12.215,2657,0,2,50,2018,940,23429,1961,600,25186,0x07
2026-09-06T16:55:12.280,2656,0,0,50,165,0,5908,1580,0,22420,0x07
2026-09-06T16:55:12.280,2659,0,2,54,3028,944,35905,3500,2389,37687,0x07
2026-09-06T16:55:12.346,2658,0,0,50,199,0,6349,1544,0,21976,0x07
2026-09-06T16:55:12.346,2661,0,2,51,3028,1373,34085,3500,2961,35257,0x07
2026-09-06T16:55:12.410,2660,0,0,50,148,0,5694,1596,0,22629,0x07
2026-09-06T16:55:12.410,2663,0,2,51,2350,1725,24200,3128,2588,31977,0x07
2026-09-06T16:55:12.476,2662,0,0,50,205,0,6427,1538,0,21899,0x07
2026-09-06T16:55:12.476,2665,0,2,51,1091,1843,8115,2021,2333,18605,0x07
2026-09-06T16:55:12.541,2664,0,0,51,175,0,6042,1568,0,22280,0x07
2026-09-06T16:55:12.541,2667,0,2,51,367,686,4077,1369,1255,14678,0x07
2026-09-06T16:55:12.605,2666,0,0,53,179,0,6100,1564,0,22229,0x07
2026-09-06T16:55:12.605,2669,0,2,50,306,440,4373,1433,1160,15907,0x07
2026-09-06T16:55:12.687,2668,0,0,51,179,0,6100,1564,0,22229,0x07
2026-09-06T16:55:12.687,2671,0,2,50,210,500,2918,1533,620,19511,0x07
2026-09-06T16:55:12.751,2670,0,0,52,155,0,5781,1589,0,22542,0x07
2026-09-06T16:55:12.751,2673,0,2,51,204,294,3732,1538,314,20881,0x07
2026-09-06T16:55:12.817,2672,0,0,50,181,0,6121,1562,0,22203,0x07
2026-09-06T16:55:12.817,2675,0,2,50,75,120,2865,1673,160,23294,0x07
2026-09-06T16:55:12.881,2674,0,0,51,185,0,6165,1559,0,22160,0x07
2026-09-06T16:55:12.881,2677,0,2,50,80,0,3441,1667,80,23561,0x07
2026-09-06T16:55:12.946,2676,0,0,51,188,0,6204,1555,0,22119,0x07
2026-09-06T16:55:12.946,2679,0,2,51,114,0,3867,1631,0,23434,0x07
2026-09-06T16:55:13.011,2678,0,0,52,199,0,6353,1544,0,21972,0x07
2026-09-06T16:55:13.011,2681,0,2,50,160,0,4431,1584,0,22818,0x07
2026-09-06T16:55:13.076,2680,0,0,51,199,0,6353,1544,0,21972,0x07
2026-09-06T16:55:13.076,2683,0,2,50,146,0,4263,1598,0,23001,0x07
2026-09-06T16:55:13.142,2682,0,0,51,196,0,6309,1547,0,22016,0x07
2026-09-06T16:55:13.142,2685,0,2,51,165,0,4498,1578,0,22745,0x07
2026-09-06T16:55:13.223,2684,0,0,50,173,0,6017,1570,0,22306,0x07
2026-09-06T16:55:13.223,2687,0,2,52,191,0,4815,1552,0,22397,0x07
2026-09-06T16:55:13.289,2686,0,0,54,203,0,6410,1539,0,21916,0x07
2026-09-06T16:55:13.289,2689,0,2,52,183,0,4719,1560,0,22502,0x07
2026-09-06T16:55:13.354,2688,0,0,51,203,0,6410,1539,0,21916,0x07
2026-09-06T16:55:13.354,2691,0,2,55,220,18,5092,1522,0,22008,0x07
2026-09-06T16:55:13.420,2690,0,0,51,206,0,6445,1536,0,21882,0x07
2026-09-06T16:55:13.420,2693,0,2,51,220,0,5170,1522,0,22008,0x07
2026-09-06T16:55:13.484,2692,0,0,51,209,0,6480,1533,0,21847,0x07
2026-09-06T16:55:13.484,2695,0,2,51,204,0,4982,1538,0,22214,0x07
2026-09-06T16:55:13.549,2694,0,0,52,215,0,6562,1527,0,21763,0x07
2026-09-06T16:55:13.549,2697,0,2,50,231,0,5316,1510,0,21849,0x07
2026-09-06T16:55:13.613,2696,0,0,51,216,0,6572,1526,0,21754,0x07
2026-09-06T16:55:13.613,2699,0,2,57,293,88,5698,1447,0,21021,0x07
2026-09-06T16:55:13.679,2698,0,0,51,538,0,10739,1192,0,17602,0x07
2026-09-06T16:55:13.679,2701,0,2,51,293,373,4488,1447,0,21021,0x07
2026-09-06T16:55:13.744,2700,0,0,51,538,39,10572,1192,0,17602,0x07
2026-09-06T16:55:13.744,2703,0,2,51,309,275,5109,1429,0,20797,0x07
2026-09-06T16:55:13.826,2702,0,0,50,329,0,8033,1409,0,20298,0x07
2026-09-06T16:55:13.826,2705,0,2,52,322,0,6438,1416,0,20623,0x07
2026-09-06T16:55:13.891,2704,0,0,52,359,0,8418,1378,0,19915,0x07
2026-09-06T16:55:13.891,2707,0,2,50,327,0,6501,1410,0,20550,0x07
2026-09-06T16:55:13.955,2706,0,0,50,331,0,8064,1407,0,20271,0x07
2026-09-06T16:55:13.955,2709,0,2,53,384,0,7198,1352,0,19786,0x07
2026-09-06T16:55:14.021,2708,0,0,51,331,0,8055,1407,0,20276,0x07
2026-09-06T16:55:14.021,2711,0,2,50,1687,0,23325,-1750,0,24984,0x07
2026-09-06T16:55:14.085,2710,0,0,51,332,0,8073,1406,0,20259,0x07
2026-09-06T16:55:14.085,2713,0,2,50,1687,1240,18055,-1750,-1420,18950,0x07
2026-09-06T16:55:14.151,2712,0,0,50,332,0,8073,1406,0,20259,0x07
2026-09-06T16:55:14.151,2715,0,2,51,1687,961,19241,-1750,-1275,19568,0x07
2026-09-06T16:55:14.215,2714,0,0,50,332,0,8069,1406,0,20263,0x07
2026-09-06T16:55:14.215,2717,0,2,51,0,0,4356,0,0,19689,0x07
2026-09-06T16:55:14.280,2716,0,0,50,332,0,8069,1406,0,20263,0x07
2026-09-06T16:55:14.362,2718,0,0,51,356,0,8383,1381,0,19950,0x07
2026-09-06T16:55:14.362,2719,0,2,51,0,0,3608,1993,1882,20160,0x07
2026-09-06T16:55:14.427,2720,0,0,51,357,0,8396,1380,0,19937,0x07
2026-09-06T16:55:14.427,2719,0,2,50,142,160,3533,1602,300,21781,0x07
2026-09-06T16:55:14.492,2720,0,0,50,333,0,8086,1405,0,20245,0x07
2026-09-06T16:55:14.492,2725,0,2,51,0,0,3921,0,0,15894,0x07
2026-09-06T16:55:14.557,2720,0,0,50,333,0,8086,1405,0,20245,0x07
2026-09-06T16:55:14.557,2727,0,2,51,181,0,4690,1562,118,22034,0x07
2026-09-06T16:55:14.622,2726,0,0,50,0,0,7086,0,0,13870,0x07
2026-09-06T16:55:14.623,2729,0,2,52,216,0,5123,1526,19,21977,0x07
2026-09-06T16:55:14.688,2728,0,0,51,356,0,8387,1380,0,19946,0x07
2026-09-06T16:55:14.688,2731,0,2,55,242,164,4754,1499,0,21702,0x07
2026-09-06T16:55:14.752,2730,0,0,51,356,0,8387,1380,0,19946,0x07
2026-09-06T16:55:14.752,2733,0,2,50,242,0,5450,1499,0,21702,0x07
2026-09-06T16:55:14.817,2732,0,0,52,331,0,8055,1407,0,20276,0x07
2026-09-06T16:55:14.817,2735,0,2,50,239,0,5403,1503,20,21667,0x07
2026-09-06T16:55:14.881,2734,0,0,51,353,0,8339,1384,0,19994,0x07
2026-09-06T16:55:14.882,2737,0,2,50,234,0,5349,1507,0,21812,0x07
2026-09-06T16:55:14.963,2736,0,0,53,353,0,8343,1384,0,19990,0x07
2026-09-06T16:55:14.963,2739,0,2,50,230,0,5299,1512,20,21787,0x07
2026-09-06T16:55:15.028,2738,0,0,51,353,0,8343,1384,0,19990,0x07
2026-09-06T16:55:15.029,2741,0,2,52,229,0,5282,1513,0,21885,0x07
2026-09-06T16:55:15.093,2740,0,0,50,329,0,8033,1409,0,20298,0x07
2026-09-06T16:55:15.093,2743,0,2,53,224,0,5229,1517,0,21945,0x07
2026-09-06T16:55:15.158,2742,0,0,51,328,0,8025,1410,0,20312,0x07
2026-09-06T16:55:15.158,2745,0,2,51,0,0,0,0,0,0,0x03
2026-09-06T16:55:15.222,2744,0,0,52,351,0,8317,1386,0,20016,0x07
2026-09-06T16:55:15.222,2747,0,2,51,0,0,11444,0,0,7430,0x07
2026-09-06T16:55:15.288,2746,0,0,51,354,0,8357,1383,0,19977,0x07
2026-09-06T16:55:15.288,2749,0,2,51,1107,0,16149,602,20,9904,0x07
2026-09-06T16:55:15.352,2748,0,0,50,354,0,8357,1383,0,19977,0x07
2026-09-06T16:55:15.352,2751,0,2,51,529,0,9002,1201,0,17812,0x07
2026-09-06T16:55:15.417,2750,0,0,51,354,0,8357,1383,0,19977,0x07
2026-09-06T16:55:15.417,2753,0,2,51,551,0,9273,1178,0,17515,0x07
2026-09-06T16:55:15.499,2752,0,0,50,355,0,8370,1382,0,19967,0x07
2026-09-06T16:55:15.499,2755,0,2,50,540,0,9131,1190,0,17670,0x07
2026-09-06T16:55:15.563,2754,0,0,51,353,0,8347,1384,0,19985,0x07
2026-09-06T16:55:15.563,2757,0,2,51,540,0,9136,1190,0,17666,0x07
2026-09-06T16:55:15.629,2756,0,0,50,330,0,8051,1407,0,20280,0x07
2026-09-06T16:55:15.629,2759,0,2,52,536,0,9086,1194,0,17721,0x07
2026-09-06T16:55:15.694,2758,0,0,52,360,0,8439,1376,0,19894,0x07
2026-09-06T16:55:15.694,2761,0,2,51,531,59,8773,1199,0,17789,0x07
2026-09-06T16:55:15.760,2760,0,0,53,329,0,8039,1408,0,20295,0x07
2026-09-06T16:55:15.760,2763,0,2,54,526,56,8720,1205,19,17784,0x07
2026-09-06T16:55:15.825,2762,0,0,50,329,0,8039,1408,0,20295,0x07
2026-09-06T16:55:15.825,2765,0,2,51,0,0,4693,1205,20,17780,0x07
2026-09-06T16:55:15.889,2764,0,0,50,354,0,8353,1383,0,19982,0x07
2026-09-06T16:55:15.889,2767,0,2,52,0,0,4323,2036,0,28723,0x07
2026-09-06T16:55:15.954,2766,0,0,50,355,0,8370,1382,0,19963,0x07
2026-09-06T16:55:15.954,2769,0,2,50,230,60,5047,1511,0,21863,0x07
2026-09-06T16:55:16.035,2768,0,0,51,355,0,8374,1382,0,19963,0x07
2026-09-06T16:55:16.035,2771,0,2,57,158,263,3291,1586,0,22845,0x07
2026-09-06T16:55:16.100,2770,0,0,50,331,0,8060,1407,0,20271,0x07
2026-09-06T16:55:16.100,2773,0,2,50,158,120,3900,1586,0,22845,0x07
2026-09-06T16:55:16.164,2772,0,0,50,330,0,8043,1408,0,20290,0x07
2026-09-06T16:55:16.165,2775,0,2,54,113,74,3531,1633,0,23462,0x07
2026-09-06T16:55:16.229,2774,0,0,50,354,0,8353,1383,0,19982,0x07
2026-09-06T16:55:16.229,2777,0,2,50,113,0,3846,0,0,23316,0x07
2026-09-06T16:55:16.294,2776,0,0,50,331,0,8060,1407,0,20271,0x07
2026-09-06T16:55:16.294,2779,0,2,51,3374,0,40000,-2405,-922,29620,0x07
2026-09-06T16:55:16.359,2778,0,0,51,331,0,8060,1407,0,20271,0x07
2026-09-06T16:55:16.359,2781,0,2,50,1687,740,20180,-1750,-1800,17334,0x07
2026-09-06T16:55:16.425,2780,0,0,50,331,0,8060,1407,0,20271,0x07
2026-09-06T16:55:16.425,2783,0,2,56,1471,768,17394,224,71,4745,0x07
2026-09-06T16:55:16.490,2782,0,0,51,332,0,8069,1406,0,20263,0x07
2026-09-06T16:55:16.490,2785,0,2,50,1471,300,19382,224,320,3689,0x07
2026-09-06T16:55:16.571,2784,0,0,52,332,0,8076,1405,0,20254,0x07
2026-09-06T16:55:16.571,2787,0,2,51,1466,196,19757,229,157,4456,0x07
2026-09-06T16:55:16.637,2786,0,0,50,334,20,8014,1404,0,20233,0x07
2026-09-06T16:55:16.637,2789,0,2,50,1340,180,18269,0,0,17547,0x07
2026-09-06T16:55:16.701,2788,0,0,51,334,0,8099,1404,0,20233,0x07
2026-09-06T16:55:16.701,2791,0,2,50,0,0,0,0,0,0,0x03
2026-09-06T16:55:16.766,2790,0,0,52,333,0,8086,1405,0,20245,0x07
2026-09-06T16:55:16.766,2793,0,2,51,0,0,10460,0,0,8536,0x07
2026-09-06T16:55:16.832,2792,0,0,51,333,0,8082,1405,0,20250,0x07
2026-09-06T16:55:16.832,2795,0,2,50,986,120,14140,0,0,4953,0x07
2026-09-06T16:55:16.897,2794,0,0,50,357,0,8391,1380,0,19941,0x07
2026-09-06T16:55:16.897,2797,0,2,50,1996,400,25449,0,0,4786,0x07
2026-09-06T16:55:16.963,2796,0,0,52,358,0,8405,1379,0,19929,0x07
2026-09-06T16:55:16.963,2799,0,2,51,1396,686,16810,302,137,5485,0x07
2026-09-06T16:55:17.028,2798,0,0,51,356,0,8378,1381,0,19955,0x07
2026-09-06T16:55:17.028,2801,0,2,50,1348,820,15640,352,200,5877,0x07
2026-09-06T16:55:17.094,2800,0,0,50,356,0,8378,1381,0,19955,0x07
2026-09-06T16:55:17.094,2803,0,2,58,1781,1052,20016,-97,-69,3105,0x07
2026-09-06T16:55:17.175,2802,0,0,51,332,0,8073,1406,0,20263,0x07
2026-09-06T16:55:17.175,2805,0,2,51,1781,1196,19402,0,0,7018,0x07
2026-09-06T16:55:17.224,2804,0,0,52,331,0,8055,1407,0,20276,0x07
2026-09-06T16:55:17.224,2807,0,2,51,1152,1255,11371,555,235,8377,0x07
2026-09-06T16:55:17.305,2806,0,0,51,331,0,8055,1407,0,20276,0x07
2026-09-06T16:55:17.305,2809,0,2,50,1129,1300,10891,579,600,7144,0x07
2026-09-06T16:55:17.370,2808,0,0,51,355,0,8370,1382,0,19963,0x07
2026-09-06T16:55:17.370,2811,0,2,50,0,0,0,0,0,0,0x03
2026-09-06T16:55:17.436,2810,0,0,51,355,0,8365,1382,0,19967,0x07
2026-09-06T16:55:17.436,2813,0,2,51,0,0,13381,0,0,11308,0x07
2026-09-06T16:55:17.500,2812,0,0,50,355,0,8365,1382,0,19967,0x07
2026-09-06T16:55:17.500,2815,0,2,50,2110,1360,22779,1989,1040,23691,0x07
2026-09-06T16:55:17.565,2814,0,0,52,332,0,8069,1406,0,20263,0x07
2026-09-06T16:55:17.565,2817,0,2,50,2110,1180,23544,1989,860,24456,0x07
2026-09-06T16:55:17.630,2816,0,0,51,330,0,8051,1407,0,20280,0x07
2026-09-06T16:55:17.630,2819,0,2,50,2655,1340,29603,2626,900,32605,0x07
2026-09-06T16:55:17.696,2818,0,0,50,354,0,8361,1382,0,19973,0x07
2026-09-06T16:55:17.696,2821,0,2,51,3023,1529,33352,3100,1451,36445,0x07
2026-09-06T16:55:17.761,2820,0,0,50,331,0,8064,1406,0,20268,0x07
2026-09-06T16:55:17.761,2823,0,2,50,3228,2160,33214,3373,2760,34456,0x07
2026-09-06T16:55:17.842,2822,0,0,52,331,0,8060,1407,0,20271,0x07
2026-09-06T16:55:17.842,2825,0,2,50,3312,2400,33225,3500,3000,35090,0x07
2026-09-06T16:55:17.907,2824,0,0,50,332,0,8069,1406,0,20263,0x07
2026-09-06T16:55:17.907,2827,0,2,50,3308,2560,32504,3500,2840,35770,0x07
2026-09-06T16:55:17.973,2826,0,0,52,332,0,8069,1406,0,20263,0x07
2026-09-06T16:55:17.973,2829,0,2,51,3240,2686,31125,3500,3373,33507,0x07
2026-09-06T16:55:18.038,2828,0,0,54,333,0,8090,1404,222,19297,0x07
2026-09-06T16:55:18.038,2831,0,2,50,2148,2140,19932,3028,3720,25868,0x07
2026-09-06T16:55:18.103,2830,0,0,55,355,0,8370,1382,327,18572,0x07
2026-09-06T16:55:18.103,2833,0,2,51,1083,471,13848,1968,2922,15411,0x07
2026-09-06T16:55:18.169,2832,0,0,50,355,120,7860,1382,320,18603,0x07
2026-09-06T16:55:18.169,2835,0,2,51,1248,78,17561,1811,902,21951,0x07
2026-09-06T16:55:18.234,2834,0,0,50,387,180,8023,1348,160,18866,0x07
2026-09-06T16:55:18.234,2837,0,2,52,1041,38,15166,1671,808,20513,0x07
2026-09-06T16:55:18.299,2836,0,0,51,453,176,8894,1280,0,18693,0x07
2026-09-06T16:55:18.299,2839,0,2,51,1236,0,17744,1766,961,21111,0x07
2026-09-06T16:55:18.364,2838,0,0,51,463,118,9271,1269,59,18317,0x07
2026-09-06T16:55:18.364,2841,0,2,51,1482,0,20790,1965,1255,22462,0x07
2026-09-06T16:55:18.445,2840,0,0,50,457,0,9692,1276,0,18646,0x07
2026-09-06T16:55:18.445,2843,0,2,51,1704,39,23362,2162,863,26702,0x07
2026-09-06T16:55:18.511,2842,0,0,51,453,0,9635,1280,0,18702,0x07
2026-09-06T16:55:18.511,2845,0,2,51,1863,0,25504,2315,980,28200,0x07
2026-09-06T16:55:18.576,2844,0,0,53,418,0,9186,1316,0,19150,0x07
2026-09-06T16:55:18.576,2847,0,2,50,2087,0,28275,2495,2100,25787,0x07
2026-09-06T16:55:18.640,2846,0,0,50,418,0,9186,1316,0,19150,0x07
2026-09-06T16:55:18.641,2849,0,2,51,2163,0,29215,2592,2431,25654,0x07
2026-09-06T16:55:18.706,2848,0,0,51,434,0,9391,1300,0,18946,0x07
2026-09-06T16:55:18.706,2851,0,2,51,294,0,6085,1446,2510,10341,0x07
2026-09-06T16:55:18.771,2850,0,0,51,434,0,9391,1300,0,18946,0x07
2026-09-06T16:55:18.771,2853,0,2,51,518,20,8776,1213,706,14967,0x07
2026-09-06T16:55:18.836,2852,0,0,50,434,0,9387,1300,0,18950,0x07
2026-09-06T16:55:18.836,2855,0,2,51,528,0,8981,1203,0,17835,0x07
2026-09-06T16:55:18.901,2854,0,0,51,433,0,9378,1301,0,18959,0x07
2026-09-06T16:55:18.901,2857,0,2,50,204,0,4982,1538,0,22214,0x07
2026-09-06T16:55:18.981,2856,0,0,50,432,0,9365,1302,0,18972,0x07
2026-09-06T16:55:18.981,2859,0,2,50,380,0,7148,1356,120,19331,0x07
2026-09-06T16:55:19.046,2858,0,0,51,432,0,9365,1302,0,18972,0x07
2026-09-06T16:55:19.046,2861,0,2,52,455,0,8087,1278,0,18812,0x07
2026-09-06T16:55:19.111,2860,0,0,51,431,0,9356,1303,0,18980,0x07
2026-09-06T16:55:19.111,2863,0,2,52,455,0,8087,1278,0,18812,0x07
2026-09-06T16:55:19.176,2862,0,0,51,431,0,9351,1303,0,18985,0x07
2026-09-06T16:55:19.176,2865,0,2,50,463,0,8179,1270,0,18713,0x07
2026-09-06T16:55:19.241,2864,0,0,51,431,0,9351,1303,20,18902,0x07
2026-09-06T16:55:19.241,2867,0,2,50,483,0,8430,1249,0,18443,0x07
2026-09-06T16:55:19.307,2866,0,0,50,431,0,9348,1303,0,18989,0x07
2026-09-06T16:55:19.307,2869,0,2,51,492,0,8534,1240,0,18324,0x07
2026-09-06T16:55:19.372,2868,0,0,50,431,0,9348,1303,0,18989,0x07
2026-09-06T16:55:19.372,2871,0,2,51,503,0,8676,1228,0,18169,0x07
2026-09-06T16:55:19.437,2870,0,0,51,431,0,9348,1303,0,18989,0x07
2026-09-06T16:55:19.437,2873,0,2,53,523,0,8927,1207,0,17894,0x07
2026-09-06T16:55:19.519,2872,0,0,50,431,0,9348,1303,0,18989,0x07
2026-09-06T16:55:19.519,2875,0,2,50,523,0,8927,1207,0,17894,0x07
2026-09-06T16:55:19.568,2874,0,0,50,408,0,9051,1327,0,19285,0x07
2026-09-06T16:55:19.568,2877,0,2,51,527,0,8973,1203,0,17844,0x07
2026-09-06T16:55:19.650,2876,0,0,51,430,0,9343,1304,0,18997,0x07
2026-09-06T16:55:19.650,2879,0,2,52,540,0,9127,1190,0,17675,0x07
2026-09-06T16:55:19.714,2878,0,0,51,408,0,9059,1326,0,19277,0x07
2026-09-06T16:55:19.714,2881,0,2,51,548,0,9227,1182,0,17565,0x07
2026-09-06T16:55:19.779,2880,0,0,50,431,0,9356,1303,0,18980,0x07
2026-09-06T16:55:19.779,2883,0,2,51,2992,0,39477,2717,0,37610,0x07
2026-09-06T16:55:19.845,2882,0,0,50,433,0,9373,1301,0,18964,0x07
2026-09-06T16:55:19.845,2885,0,2,53,2679,19,35517,3052,2868,29796,0x07
2026-09-06T16:55:19.909,2884,0,0,50,433,0,9378,1301,0,18959,0x07
2026-09-06T16:55:19.909,2887,0,2,50,0,0,16155,3052,3360,27705,0x07
2026-09-06T16:55:19.975,2886,0,0,51,433,0,9373,1301,0,18964,0x07
2026-09-06T16:55:19.975,2889,0,2,51,-1687,-686,20408,1750,2961,12401,0x07
2026-09-06T16:55:20.040,2888,0,0,50,433,0,9373,1301,0,18964,0x07
2026-09-06T16:55:20.040,2891,0,2,50,-1687,-1060,18820,1750,680,22094,0x07
2026-09-06T16:55:20.105,2890,0,0,51,432,0,9365,1302,0,18972,0x07
2026-09-06T16:55:20.105,2893,0,2,56,-1687,-804,19910,1750,232,23998,0x07
2026-09-06T16:55:20.187,2892,0,0,50,432,0,9361,1302,0,18976,0x07
2026-09-06T16:55:20.187,2895,0,2,50,-1687,-980,19160,1750,100,24560,0x07
2026-09-06T16:55:20.252,2894,0,0,52,431,0,9356,1303,0,18980,0x07
2026-09-06T16:55:20.252,2897,0,2,51,0,0,0,0,0,0,0x03
2026-09-06T16:55:20.317,2896,0,0,50,431,0,9351,1303,0,18985,0x07
2026-09-06T16:55:20.317,2899,0,2,52,0,0,0,0,0,0,0x03
2026-09-06T16:55:20.383,2898,0,0,52,431,0,9348,1303,0,18989,0x07
2026-09-06T16:55:20.383,2901,0,2,50,0,0,29858,0,0,26169,0x07
2026-09-06T16:55:20.448,2900,0,0,52,431,0,9348,1303,0,18989,0x07
2026-09-06T16:55:20.448,2903,0,2,51,3374,451,40000,2729,588,35266,0x07
2026-09-06T16:55:20.513,2902,0,0,52,431,19,9266,1303,0,18989,0x07
2026-09-06T16:55:20.513,2905,0,2,50,2423,1080,27839,1628,1240,18115,0x07
2026-09-06T16:55:20.577,2904,0,0,51,431,0,9348,1303,0,18989,0x07
2026-09-06T16:55:20.577,2907,0,2,51,1308,1373,12799,393,745,4100,0x07
2026-09-06T16:55:20.643,2906,0,0,51,431,0,9348,1303,0,18989,0x07
2026-09-06T16:55:20.643,2909,0,2,51,1275,1451,12058,428,549,5380,0x07
2026-09-06T16:55:20.724,2908,0,0,50,428,0,9321,1306,0,19015,0x07
2026-09-06T16:55:20.724,2911,0,2,51,1211,1392,11522,494,549,6240,0x07
2026-09-06T16:55:20.788,2910,0,0,50,431,0,9348,1303,0,18989,0x07
2026-09-06T16:55:20.788,2913,0,2,50,1130,1300,10912,578,680,6785,0x07
2026-09-06T16:55:20.853,2912,0,0,50,429,0,9326,1305,0,19011,0x07
2026-09-06T16:55:20.853,2915,0,2,50,1272,1340,12495,926,680,11334,0x07
2026-09-06T16:55:20.918,2914,0,0,51,429,0,9326,1305,0,19011,0x07
2026-09-06T16:55:20.918,2917,0,2,56,2879,1393,32158,3061,1071,37560,0x07
2026-09-06T16:55:20.982,2916,0,0,50,429,0,9326,1305,0,19011,0x07
2026-09-06T16:55:20.983,2919,0,2,51,2879,1588,31327,3061,1686,34946,0x07
2026-09-06T16:55:21.047,2918,0,0,50,405,0,9016,1330,0,19320,0x07
2026-09-06T16:55:21.047,2921,0,2,50,3218,1840,34449,3500,1880,39850,0x07
2026-09-06T16:55:21.112,2920,0,0,52,408,0,9059,1326,0,19277,0x07
2026-09-06T16:55:21.113,2923,0,2,56,2238,2357,20125,3061,2643,30876,0x07
2026-09-06T16:55:21.178,2922,0,0,50,429,0,9330,1305,0,19006,0x07
2026-09-06T16:55:21.178,2925,0,2,56,2238,2357,20125,3061,2643,30876,0x07
2026-09-06T16:55:21.259,2924,0,0,51,407,0,9041,1328,0,19294,0x07
2026-09-06T16:55:21.259,2927,0,2,50,1431,1920,12001,2222,2100,22221,0x07
2026-09-06T16:55:21.325,2926,0,0,52,407,0,9041,1328,0,19294,0x07
2026-09-06T16:55:21.325,2929,0,2,59,394,1576,633,1341,2186,10348,0x07
2026-09-06T16:55:21.390,2928,0,0,51,432,0,9361,1302,0,18976,0x07
2026-09-06T16:55:21.390,2931,0,2,51,350,1039,2364,1387,1137,15411,0x07
2026-09-06T16:55:21.456,2930,0,0,50,8,0,3887,1741,0,24429,0x07
2026-09-06T16:55:21.456,2933,0,2,52,309,212,5381,1429,308,19485,0x07
2026-09-06T16:55:21.521,2932,0,0,50,287,0,7488,1452,0,20842,0x07
2026-09-06T16:55:21.521,2935,0,2,50,340,360,5129,1397,120,19867,0x07
2026-09-06T16:55:21.586,2934,0,0,52,288,0,7501,1452,0,20833,0x07
2026-09-06T16:55:21.586,2937,0,2,50,375,360,5565,1361,20,19816,0x07
2026-09-06T16:55:21.651,2936,0,0,50,289,0,7514,1450,0,20816,0x07
2026-09-06T16:55:21.651,2939,0,2,51,411,0,7540,1323,0,19412,0x07
2026-09-06T16:55:21.716,2938,0,0,50,289,0,7514,1450,0,20816,0x07
2026-09-06T16:55:21.716,2941,0,2,50,411,0,7540,1323,0,19412,0x07
2026-09-06T16:55:21.782,2940,0,0,50,288,0,7506,1451,0,20824,0x07
2026-09-06T16:55:21.782,2943,0,2,50,428,0,7745,1306,0,19187,0x07
2026-09-06T16:55:21.847,2942,0,0,51,285,0,7470,1454,0,20859,0x07
2026-09-06T16:55:21.847,2945,0,2,50,455,0,8087,1278,0,18812,0x07
2026-09-06T16:55:21.912,2944,0,0,51,284,0,7458,1455,0,20872,0x07
2026-09-06T16:55:21.912,2947,0,2,50,455,0,8087,1278,0,18812,0x07
2026-09-06T16:55:21.993,2946,0,0,52,284,0,7453,1455,0,20876,0x07
2026-09-06T16:55:21.993,2949,0,2,50,440,0,7899,1293,0,19018,0x07
2026-09-06T16:55:22.059,2948,0,0,51,284,0,7448,1456,0,20881,0x07
2026-09-06T16:55:22.059,2951,0,2,50,436,0,7849,1298,0,19078,0x07
2026-09-06T16:55:22.124,2950,0,0,50,284,0,7448,1456,0,20881,0x07
2026-09-06T16:55:22.124,2953,0,2,50,433,0,7803,1301,0,19125,0x07
2026-09-06T16:55:22.190,2952,0,0,51,265,0,7208,1475,0,21120,0x07
2026-09-06T16:55:22.190,2955,0,2,50,438,0,7875,1295,60,18792,0x07
2026-09-06T16:55:22.254,2954,0,0,50,285,0,7466,1454,0,20864,0x07
2026-09-06T16:55:22.254,2957,0,2,50,427,140,7146,1307,340,17748,0x07
2026-09-06T16:55:22.320,2956,0,0,52,286,0,7479,1453,0,20850,0x07
2026-09-06T16:55:22.320,2959,0,2,51,392,255,6223,1343,471,17669,0x07
2026-09-06T16:55:22.579,2958,0,0,51,284,0,7458,1455,0,20872,0x07
2026-09-06T16:55:22.579,2961,0,2,52,430,231,6789,1304,577,16713,0x07
2026-09-06T16:55:23.924,2960,0,0,52,284,0,7458,1455,0,20872,0x07
2026-09-06T16:55:23.924,2963,0,2,51,424,392,6028,1310,725,16159,0x07
2026-09-06T16:55:23.989,2962,0,0,51,284,0,7458,1455,0,20872,0x07
2026-09-06T16:55:23.989,2965,0,2,50,0,0,6656,0,0,12816,0x07
2026-09-06T16:55:24.070,2964,0,0,55,283,0,7444,1456,0,20885,0x07
2026-09-06T16:55:24.070,2967,0,2,52,0,0,0,0,0,0,0x03
2026-09-06T16:55:24.135,2966,0,0,51,0,0,0,0,0,0,0x03
2026-09-06T16:55:24.135,2969,0,2,51,0,0,26616,0,0,24448,0x07
2026-09-06T16:55:24.200,2968,0,0,51,0,0,6348,0,0,14591,0x07
2026-09-06T16:55:24.200,2971,0,2,50,2975,1880,31269,2533,2340,25270,0x07
2026-09-06T16:55:24.266,2970,0,0,50,296,0,7606,1443,0,20724,0x07
2026-09-06T16:55:24.266,2973,0,2,51,2776,1314,31213,3069,2078,33381,0x07
2026-09-06T16:55:24.330,2972,0,0,51,284,0,7448,1456,0,20881,0x07
2026-09-06T16:55:24.330,2975,0,2,50,2987,1000,35155,3216,1260,38778,0x07
2026-09-06T16:55:24.395,2974,0,0,52,283,0,7444,1456,0,20885,0x07
2026-09-06T16:55:24.396,2977,0,2,50,3019,1640,32832,3291,2360,35085,0x07
2026-09-06T16:55:24.460,2976,0,0,51,261,0,7160,1479,0,21168,0x07
2026-09-06T16:55:24.461,2979,0,2,50,2937,2120,29777,3280,2140,35875,0x07
2026-09-06T16:55:24.526,2978,0,0,52,283,0,7440,1456,0,20889,0x07
2026-09-06T16:55:24.526,2981,0,2,50,2837,2240,28028,3217,2380,34032,0x07
2026-09-06T16:55:24.607,2980,0,0,51,284,0,7453,1455,0,20876,0x07
2026-09-06T16:55:24.607,2983,0,2,52,2373,1885,23807,2874,2212,30259,0x07
2026-09-06T16:55:24.673,2982,0,0,54,263,0,7177,1477,0,21151,0x07
2026-09-06T16:55:24.673,2985,0,2,51,2373,1255,26483,2874,3039,26742,0x07
2026-09-06T16:55:24.737,2984,0,0,51,263,0,7177,1477,0,21151,0x07
2026-09-06T16:55:24.737,2987,0,2,51,2200,1118,24916,2706,2980,24797,0x07
2026-09-06T16:55:24.802,2986,0,0,51,284,0,7458,1455,0,20876,0x07
2026-09-06T16:55:24.802,2989,0,2,51,1238,804,14356,2035,1373,22868,0x07
2026-09-06T16:55:24.867,2988,0,0,57,285,0,7466,1454,0,20864,0x07
2026-09-06T16:55:24.867,2991,0,2,52,313,154,5676,1425,788,17387,0x07
2026-09-06T16:55:24.933,2990,0,0,50,285,0,7466,1454,0,20864,0x07
2026-09-06T16:55:24.933,2993,0,2,51,84,20,3404,1663,59,23601,0x07
2026-09-06T16:55:24.998,2992,0,0,50,268,0,7244,1472,0,21085,0x07
2026-09-06T16:55:24.998,2995,0,2,52,0,0,0,0,0,0,0x03
2026-09-06T16:55:25.063,2994,0,0,50,286,0,7476,1454,0,20855,0x07
2026-09-06T16:55:25.063,2997,0,2,50,0,0,0,0,0,0,0x03
2026-09-06T16:55:25.128,2996,0,0,51,265,0,7200,1476,0,21129,0x07
2026-09-06T16:55:25.128,2999,0,2,52,0,0,0,0,0,0,0x03
2026-09-06T16:55:25.193,2998,0,0,52,286,0,7479,1454,0,20855,0x07
2026-09-06T16:55:25.193,3001,0,2,50,0,0,0,0,0,0,0x03
2026-09-06T16:55:25.274,3000,0,0,51,287,0,7488,1452,0,20842,0x07
2026-09-06T16:55:25.275,3003,0,2,52,0,0,0,0,0,0,0x03
2026-09-06T16:55:25.340,3002,0,0,51,287,0,7488,1452,0,20842,0x07
2026-09-06T16:55:25.340,3005,0,2,50,0,0,0,0,0,0,0x03
2026-09-06T16:55:25.405,3004,0,0,51,288,0,7506,1451,0,20824,0x07
2026-09-06T16:55:25.405,3007,0,2,54,0,0,0,0,0,0,0x03
2026-09-06T16:55:25.470,3006,0,0,52,286,0,7476,1454,0,20855,0x07
2026-09-06T16:55:25.470,3009,0,2,50,0,0,0,0,0,0,0x03
2026-09-06T16:55:25.534,3008,0,0,52,284,0,7458,1455,0,20872,0x07
2026-09-06T16:55:25.534,3011,0,2,50,0,0,0,0,0,0,0x03
2026-09-06T16:55:25.599,3010,0,0,51,284,0,7458,1455,0,20872,0x07
2026-09-06T16:55:25.599,3013,0,2,51,0,0,0,0,0,0,0x03
2026-09-06T16:55:25.664,3012,0,0,50,284,0,7453,1455,0,20876,0x07
2026-09-06T16:55:25.664,3015,0,2,51,0,0,0,0,0,0,0x03
2026-09-06T16:55:25.729,3014,0,0,52,284,0,7448,1456,0,20881,0x07
2026-09-06T16:55:25.729,3017,0,2,52,0,0,0,0,0,0,0x03
2026-09-06T16:55:25.810,3016,0,0,50,285,0,7470,1454,0,20859,0x07
2026-09-06T16:55:25.811,3019,0,2,51,0,0,0,0,0,0,0x03
2026-09-06T16:55:25.876,3018,0,0,50,284,0,7448,1456,0,20885,0x07
2026-09-06T16:55:25.876,3021,0,2,50,0,0,0,0,0,0,0x03
2026-09-06T16:55:25.941,3020,0,0,50,283,0,7444,1456,0,20885,0x07
2026-09-06T16:55:25.941,3023,0,2,50,0,0,0,0,0,0,0x03
2026-09-06T16:55:26.006,3022,0,0,51,285,0,7470,1454,0,20859,0x07
2026-09-06T16:55:26.006,3025,0,2,51,0,0,0,0,0,0,0x03
2026-09-06T16:55:26.071,3024,0,0,50,0,0,0,0,0,0,0x03
2026-09-06T16:55:26.071,3027,0,2,55,0,0,0,0,0,0,0x03
2026-09-06T16:55:26.137,3026,0,0,50,0,0,0,0,0,0,0x03
2026-09-06T16:55:26.137,3029,0,2,50,0,0,0,0,0,0,0x03
2026-09-06T16:55:26.201,3028,0,0,51,0,0,0,0,0,0,0x03
2026-09-06T16:55:26.201,3031,0,2,51,0,0,0,0,0,0,0x03
2026-09-06T16:55:26.266,3030,0,0,50,0,0,0,0,0,0,0x03
2026-09-06T16:55:26.266,3033,0,2,50,0,0,0,0,0,0,0x03
2026-09-06T16:55:26.347,3032,0,0,52,0,0,0,0,0,0,0x03
2026-09-06T16:55:26.347,3035,0,2,50,0,0,0,0,0,0,0x03
2026-09-06T16:55:26.413,3034,0,0,50,0,0,0,0,0,0,0x03
2026-09-06T16:55:26.413,3037,0,2,51,0,0,0,0,0,0,0x03
2026-09-06T16:55:26.477,3036,0,0,50,0,0,0,0,0,0,0x03
2026-09-06T16:55:26.477,3039,0,2,52,0,0,0,0,0,0,0x03
2026-09-06T16:55:26.542,3038,0,0,52,0,0,0,0,0,0,0x03
2026-09-06T16:55:26.542,3041,0,2,51,0,0,0,0,0,0,0x03
2026-09-06T16:55:26.606,3040,0,0,53,0,0,0,0,0,0,0x03
2026-09-06T16:55:26.606,3043,0,2,51,0,0,0,0,0,0,0x03
2026-09-06T16:55:26.671,3042,0,0,51,0,0,0,0,0,0,0x03
2026-09-06T16:55:26.671,3045,0,2,52,0,0,0,0,0,0,0x03
2026-09-06T16:55:26.736,3044,0,0,50,0,0,0,0,0,0,0x03
2026-09-06T16:55:26.736,3047,0,2,53,0,0,0,0,0,0,0x03
2026-09-06T16:55:26.802,3046,0,0,51,0,0,0,0,0,0,0x03
2026-09-06T16:55:26.802,3049,0,2,52,0,0,0,0,0,0,0x03
2026-09-06T16:55:26.882,3048,0,0,54,0,0,0,0,0,0,0x03
2026-09-06T16:55:26.882,3051,0,2,50,0,0,0,0,0,0,0x03
2026-09-06T16:55:26.947,3050,0,0,50,0,0,0,0,0,0,0x03
2026-09-06T16:55:26.947,3053,0,2,51,0,0,0,0,0,0,0x03
2026-09-06T16:55:27.012,3052,0,0,52,0,0,0,0,0,0,0x03
2026-09-06T16:55:27.012,3055,0,2,52,0,0,0,0,0,0,0x03
2026-09-06T16:55:27.078,3054,0,0,50,0,0,0,0,0,0,0x03
2026-09-06T16:55:27.078,3057,0,2,52,0,0,0,0,0,0,0x03
2026-09-06T16:55:27.143,3056,0,0,52,0,0,0,0,0,0,0x03
2026-09-06T16:55:27.143,3059,0,2,50,0,0,0,0,0,0,0x03
2026-09-06T16:55:27.209,3058,0,0,50,0,0,0,0,0,0,0x03
2026-09-06T16:55:27.209,3061,0,2,50,0,0,0,0,0,0,0x03
2026-09-06T16:55:27.273,3060,0,0,54,0,0,0,0,0,0,0x03
2026-09-06T16:55:27.273,3063,0,2,52,0,0,0,0,0,0,0x03
2026-09-06T16:55:27.339,3062,0,0,50,0,0,0,0,0,0,0x03
2026-09-06T16:55:27.339,3065,0,2,51,0,0,0,0,0,0,0x03
2026-09-06T16:55:27.404,3064,0,0,50,0,0,0,0,0,0,0x03
2026-09-06T16:55:27.404,3067,0,2,52,0,0,0,0,0,0,0x03
2026-09-06T16:55:27.485,3066,0,0,50,0,0,0,0,0,0,0x03
2026-09-06T16:55:27.486,3069,0,2,51,0,0,0,0,0,0,0x03
2026-09-06T16:55:27.551,3068,0,0,51,0,0,9748,0,0,11273,0x07
2026-09-06T16:55:27.551,3071,0,2,50,0,0,0,0,0,0,0x03
2026-09-06T16:55:27.616,3070,0,0,52,687,19,12587,1037,0,15680,0x07
2026-09-06T16:55:27.616,3073,0,2,52,0,0,0,0,0,0,0x03
2026-09-06T16:55:27.683,3072,0,0,53,429,0,9330,1305,0,19011,0x07
2026-09-06T16:55:27.683,3075,0,2,51,0,0,0,0,0,0,0x03
2026-09-06T16:55:27.750,3074,0,0,52,429,0,9330,1305,0,19011,0x07
2026-09-06T16:55:27.750,3077,0,2,51,0,0,0,0,0,0,0x03
2026-09-06T16:55:27.816,3076,0,0,51,429,0,9330,1305,0,19006,0x07
2026-09-06T16:55:27.816,3079,0,2,54,0,0,0,0,0,0,0x03
2026-09-06T16:55:27.881,3078,0,0,51,429,0,9330,1305,0,19006,0x07
2026-09-06T16:55:27.881,3081,0,2,51,0,0,0,0,0,0,0x03
2026-09-06T16:55:27.946,3080,0,0,50,0,0,0,0,0,0,0x03
2026-09-06T16:55:27.946,3083,0,2,50,0,0,0,0,0,0,0x03
2026-09-06T16:55:28.011,3082,0,0,50,0,0,0,0,0,0,0x03
2026-09-06T16:55:28.011,3085,0,2,52,0,0,0,0,0,0,0x03
2026-09-06T16:55:28.076,3084,0,0,50,0,0,0,0,0,0,0x03
2026-09-06T16:55:28.076,3087,0,2,50,0,0,0,0,0,0,0x03
2026-09-06T16:55:28.142,3086,0,0,54,0,0,0,0,0,0,0x03
2026-09-06T16:55:28.142,3089,0,2,51,0,0,0,0,0,0,0x03
2026-09-06T16:55:28.222,3088,0,0,52,0,0,0,0,0,0,0x03
2026-09-06T16:55:28.222,3091,0,2,51,0,0,0,0,0,0,0x03
2026-09-06T16:55:28.271,3090,0,0,50,0,0,7506,0,0,13461,0x07
2026-09-06T16:55:28.271,3093,0,2,50,0,0,0,0,0,0,0x03
2026-09-06T16:55:28.353,3095,0,2,50,0,0,0,0,0,0,0x03
2026-09-06T16:55:28.418,3092,0,0,51,429,0,9330,1305,0,19006,0x07
2026-09-06T16:55:28.418,3095,0,2,50,0,0,0,0,0,0,0x03
2026-09-06T16:55:28.483,3094,0,0,52,429,77,9003,1305,0,19006,0x07
2026-09-06T16:55:28.483,3095,0,2,51,0,0,0,0,0,0,0x03
2026-09-06T16:55:28.548,3094,0,0,50,429,0,9330,1305,0,19006,0x07
2026-09-06T16:55:28.548,3101,0,2,50,0,0,0,0,0,0,0x03
2026-09-06T16:55:28.613,3100,0,0,51,0,0,7899,0,0,13081,0x07
2026-09-06T16:55:28.614,3103,0,2,51,0,0,0,0,0,0,0x03
2026-09-06T16:55:28.678,3102,0,0,52,474,19,9833,1258,0,18429,0x07
2026-09-06T16:55:28.678,3105,0,2,50,0,0,0,0,0,0,0x03
2026-09-06T16:55:28.760,3104,0,0,51,473,0,9893,1260,0,18447,0x07
2026-09-06T16:55:28.760,3107,0,2,50,0,0,0,0,0,0,0x03
2026-09-06T16:55:28.808,3106,0,0,53,468,0,9832,1265,0,18506,0x07
2026-09-06T16:55:28.808,3109,0,2,50,0,0,0,0,0,0,0x03
2026-09-06T16:55:28.890,3108,0,0,52,468,0,9832,1265,0,18506,0x07
2026-09-06T16:55:28.890,3111,0,2,50,0,0,0,0,0,0,0x03
2026-09-06T16:55:28.955,3110,0,0,51,444,0,9527,1289,0,18811,0x07
2026-09-06T16:55:28.955,3113,0,2,52,0,0,0,0,0,0,0x03
2026-09-06T16:55:29.020,3112,0,0,50,464,0,9780,1269,0,18563,0x07
2026-09-06T16:55:29.020,3115,0,2,50,0,0,0,0,0,0,0x03
2026-09-06T16:55:29.086,3114,0,0,51,464,0,9775,1269,0,18563,0x07
2026-09-06T16:55:29.086,3117,0,2,51,0,0,0,0,0,0,0x03
2026-09-06T16:55:29.151,3116,0,0,52,463,0,9771,1269,0,18567,0x07
2026-09-06T16:55:29.151,3119,0,2,51,0,0,0,0,0,0,0x03
2026-09-06T16:55:29.216,3118,0,0,52,460,0,9723,1273,0,18616,0x07
2026-09-06T16:55:29.216,3121,0,2,50,0,0,0,0,0,0,0x03
2026-09-06T16:55:29.280,3120,0,0,51,446,0,9543,1288,0,18794,0x07
2026-09-06T16:55:29.280,3123,0,2,51,0,0,0,0,0,0,0x03
2026-09-06T16:55:29.346,3122,0,0,52,462,0,9753,1271,0,18585,0x07
2026-09-06T16:55:29.346,3125,0,2,51,0,0,0,0,0,0,0x03
2026-09-06T16:55:29.427,3124,0,0,50,440,0,9470,1294,0,18867,0x07
2026-09-06T16:55:29.427,3127,0,2,50,0,0,0,0,0,0,0x03
2026-09-06T16:55:29.492,3126,0,0,51,422,0,9242,1312,0,19094,0x07
2026-09-06T16:55:29.492,3129,0,2,50,0,0,0,0,0,0,0x03
2026-09-06T16:55:29.557,3128,0,0,51,422,0,9242,1312,0,19094,0x07
2026-09-06T16:55:29.557,3131,0,2,52,0,0,0,0,0,0,0x03
2026-09-06T16:55:29.622,3130,0,0,51,424,0,9264,1310,0,19073,0x07
2026-09-06T16:55:29.622,3133,0,2,50,0,0,0,0,0,0,0x03
2026-09-06T16:55:29.687,3132,0,0,52,463,0,9762,1270,0,18577,0x07
2026-09-06T16:55:29.687,3135,0,2,53,0,0,0,0,0,0,0x03
2026-09-06T16:55:29.753,3134,0,0,51,446,0,9549,1287,0,18789,0x07
2026-09-06T16:55:29.753,3137,0,2,51,0,0,0,0,0,0,0x03
2026-09-06T16:55:29.817,3136,0,0,50,452,0,9626,1281,0,18710,0x07
2026-09-06T16:55:29.817,3139,0,2,52,0,0,0,0,0,0,0x03
2026-09-06T16:55:29.883,3138,0,0,53,452,0,9622,1281,0,18715,0x07
2026-09-06T16:55:29.883,3141,0,2,50,0,0,0,0,0,0,0x03
2026-09-06T16:55:30.093,3140,0,0,50,452,0,9622,1281,0,18715,0x07
2026-09-06T16:55:30.093,3143,0,2,50,0,0,0,0,0,0,0x03
2026-09-06T16:55:30.159,3142,0,0,50,428,0,9312,1306,0,19023,0x07
2026-09-06T16:55:30.159,3145,0,2,52,0,0,0,0,0,0,0x03
2026-09-06T16:55:30.224,3144,0,0,51,464,0,9775,1269,0,18563,0x07
2026-09-06T16:55:30.224,3147,0,2,50,0,0,0,0,0,0,0x03
2026-09-06T16:55:30.289,3146,0,0,51,465,0,9789,1268,0,18550,0x07
2026-09-06T16:55:30.289,3149,0,2,51,0,0,29858,0,0,19412,0x07
2026-09-06T16:55:30.353,3148,0,0,51,465,0,9789,1268,0,18550,0x07
2026-09-06T16:55:30.353,3151,0,2,51,0,0,20721,0,0,32965,0x07
2026-09-06T16:55:30.419,3150,0,0,50,201,0,6379,1541,0,21946,0x07
2026-09-06T16:55:30.419,3153,0,2,50,0,0,4094,3500,880,40000,0x07
2026-09-06T16:55:30.484,3152,0,0,50,366,0,8517,1370,0,19816,0x07
2026-09-06T16:55:30.484,3155,0,2,51,0,0,0,0,0,0,0x03
2026-09-06T16:55:30.565,3154,0,0,50,396,0,8907,1339,0,19429,0x07
2026-09-06T16:55:30.565,3157,0,2,53,0,0,0,0,0,0,0x03
2026-09-06T16:55:30.631,3156,0,0,51,466,0,9802,1267,0,18537,0x07
2026-09-06T16:55:30.631,3159,0,2,51,0,0,3735,0,0,16106,0x07
2026-09-06T16:55:30.695,3158,0,0,52,499,0,10234,1232,0,18107,0x07
2026-09-06T16:55:30.695,3161,0,2,51,158,59,4156,1587,78,22516,0x07
2026-09-06T16:55:30.761,3160,0,0,52,428,0,9318,1306,0,19020,0x07
2026-09-06T16:55:30.761,3163,0,2,50,0,0,2825,952,0,14558,0x07
2026-09-06T16:55:30.826,3162,0,0,51,450,0,9601,1283,0,18737,0x07
2026-09-06T16:55:30.826,3165,0,2,51,0,0,4044,1798,0,25607,0x07
2026-09-06T16:55:30.891,3164,0,0,51,428,0,9318,1306,0,19020,0x07
2026-09-06T16:55:30.891,3167,0,2,50,196,40,4707,1547,0,22328,0x07
2026-09-06T16:55:30.956,3166,0,0,56,465,0,9796,1267,0,18541,0x07
2026-09-06T16:55:30.956,3169,0,2,52,155,38,4208,1589,0,22881,0x07
2026-09-06T16:55:31.021,3168,0,0,50,465,0,9796,1267,0,18541,0x07
2026-09-06T16:55:31.021,3171,0,2,51,180,0,4681,1563,0,22543,0x07
2026-09-06T16:55:31.102,3170,0,0,51,449,0,9583,1284,0,18755,0x07
2026-09-06T16:55:31.102,3173,0,2,51,173,0,4597,1570,0,22639,0x07
2026-09-06T16:55:31.167,3172,0,0,50,453,0,9635,1280,0,18702,0x07
2026-09-06T16:55:31.167,3175,0,2,52,156,0,4376,1589,0,22877,0x07
2026-09-06T16:55:31.232,3174,0,0,52,466,0,9802,1267,0,18537,0x07
2026-09-06T16:55:31.232,3177,0,2,50,0,0,3348,1586,0,22841,0x07
2026-09-06T16:55:31.298,3176,0,0,51,441,0,9482,1293,0,18854,0x07
2026-09-06T16:55:31.298,3179,0,2,50,-110,-40,3647,1278,220,17877,0x07
2026-09-06T16:55:31.363,3178,0,0,53,464,0,9780,1269,0,18558,0x07
2026-09-06T16:55:31.363,3181,0,2,51,0,0,0,0,0,0,0x03
2026-09-06T16:55:31.428,3180,0,0,51,464,0,9780,1269,0,18558,0x07
2026-09-06T16:55:31.428,3183,0,2,51,0,0,16155,0,0,17547,0x07
2026-09-06T16:55:31.493,3182,0,0,52,466,0,9810,1266,0,18528,0x07
2026-09-06T16:55:31.493,3185,0,2,51,-1687,-275,22158,1750,118,24484,0x07
2026-09-06T16:55:31.558,3184,0,0,50,449,0,9583,1284,0,18755,0x07
2026-09-06T16:55:31.558,3187,0,2,51,-1687,-804,19908,1750,98,24568,0x07
2026-09-06T16:55:31.623,3186,0,0,50,424,0,9264,1310,0,19073,0x07
2026-09-06T16:55:31.623,3189,0,2,53,3374,0,40000,-2205,0,30922,0x07
2026-09-06T16:55:31.704,3188,0,0,52,440,0,9474,1293,0,18863,0x07
2026-09-06T16:55:31.704,3191,0,2,50,3374,2020,35612,0,0,4009,0x07
2026-09-06T16:55:31.770,3190,0,0,51,443,0,9505,1291,0,18833,0x07
2026-09-06T16:55:31.770,3193,0,2,52,1481,1923,12606,214,346,3445,0x07
2026-09-06T16:55:31.835,3192,0,0,51,425,0,9282,1309,0,19055,0x07
2026-09-06T16:55:31.835,3195,0,2,51,1514,1078,16595,180,98,4062,0x07
2026-09-06T16:55:31.900,3194,0,0,52,466,0,9806,1267,0,18532,0x07
2026-09-06T16:55:31.900,3197,0,2,51,1479,1118,16003,216,0,4944,0x07
2026-09-06T16:55:31.964,3196,0,0,51,404,0,9003,1331,0,19333,0x07
2026-09-06T16:55:31.964,3199,0,2,50,1451,760,17176,245,0,5324,0x07
2026-09-06T16:55:32.029,3198,0,0,54,466,0,9806,1267,0,18532,0x07
2026-09-06T16:55:32.029,3201,0,2,50,1418,220,19066,279,0,5767,0x07
2026-09-06T16:55:32.094,3200,0,0,50,466,0,9806,1267,0,18532,0x07
2026-09-06T16:55:32.094,3203,0,2,52,1448,115,19879,248,0,5365,0x07
2026-09-06T16:55:32.159,3202,0,0,50,429,0,9330,1305,0,19006,0x07
2026-09-06T16:55:32.159,3205,0,2,50,1450,240,19374,246,0,5337,0x07
2026-09-06T16:55:32.225,3204,0,0,52,446,0,9549,1288,0,18794,0x07
2026-09-06T16:55:32.225,3207,0,2,50,1420,480,17982,277,0,5744,0x07
2026-09-06T16:55:32.306,3206,0,0,57,428,0,9318,1306,0,19020,0x07
2026-09-06T16:55:32.306,3209,0,2,52,0,0,0,0,0,0,0x03
2026-09-06T16:55:32.372,3208,0,0,50,428,0,9318,1306,0,19020,0x07
2026-09-06T16:55:32.372,3211,0,2,51,0,0,0,0,0,0,0x03
2026-09-06T16:55:32.436,3210,0,0,50,444,0,9522,1289,0,18815,0x07
2026-09-06T16:55:32.436,3213,0,2,50,0,0,0,0,0,0,0x03
2026-09-06T16:55:32.502,3212,0,0,52,427,0,9304,1307,0,19032,0x07
2026-09-06T16:55:32.502,3215,0,2,51,0,0,0,0,0,0,0x03
2026-09-06T16:55:32.566,3214,0,0,51,445,0,9540,1288,0,18798,0x07
2026-09-06T16:55:32.566,3217,0,2,51,0,0,0,0,0,0,0x03
2026-09-06T16:55:32.631,3216,0,0,51,468,0,9832,1265,0,18506,0x07
2026-09-06T16:55:32.631,3219,0,2,51,0,0,0,0,0,0,0x03
2026-09-06T16:55:32.696,3218,0,0,51,427,0,9308,1307,0,19028,0x07
2026-09-06T16:55:32.696,3221,0,2,50,0,0,0,0,0,0,0x03
2026-09-06T16:55:32.761,3220,0,0,50,427,0,9308,1307,0,19028,0x07
2026-09-06T16:55:32.761,3223,0,2,50,0,0,0,0,0,0,0x03
2026-09-06T16:55:32.843,3222,0,0,51,451,0,9614,1282,0,18725,0x07
2026-09-06T16:55:32.843,3225,0,2,50,0,0,0,0,0,0,0x03
2026-09-06T16:55:32.907,3224,0,0,52,447,0,9565,1286,0,18772,0x07
2026-09-06T16:55:32.907,3227,0,2,51,0,0,0,0,0,0,0x03
2026-09-06T16:55:32.973,3226,0,0,54,452,0,9632,1281,0,18710,0x07
2026-09-06T16:55:32.973,3229,0,2,50,0,0,0,0,0,0,0x03
2026-09-06T16:55:33.038,3228,0,0,51,452,0,9632,1281,0,18710,0x07
2026-09-06T16:55:33.038,3231,0,2,51,0,0,0,0,0,0,0x03
2026-09-06T16:55:33.103,3230,0,0,51,441,0,9482,1293,0,18854,0x07
2026-09-06T16:55:33.103,3233,0,2,52,0,0,0,0,0,0,0x03
2026-09-06T16:55:33.169,3232,0,0,50,445,0,9540,1288,0,18798,0x07
2026-09-06T16:55:33.169,3235,0,2,52,0,0,0,0,0,0,0x03
2026-09-06T16:55:33.234,3234,0,0,52,428,0,9312,1306,0,19023,0x07
2026-09-06T16:55:33.234,3237,0,2,52,0,0,0,0,0,0,0x03
2026-09-06T16:55:33.300,3236,0,0,51,467,0,9824,1265,0,18515,0x07
2026-09-06T16:55:33.300,3239,0,2,50,0,0,0,0,0,0,0x03
2026-09-06T16:55:33.366,3238,0,0,52,452,0,9626,1281,0,18710,0x07
2026-09-06T16:55:33.366,3241,0,2,56,0,0,0,0,0,0,0x03
2026-09-06T16:55:33.431,3240,0,0,50,445,0,9540,1288,0,18798,0x07
2026-09-06T16:55:33.431,3243,0,2,51,0,0,0,0,0,0,0x03
2026-09-06T16:55:33.497,3242,0,0,50,427,0,9304,1307,0,19032,0x07
2026-09-06T16:55:33.497,3245,0,2,50,0,0,0,0,0,0,0x03
2026-09-06T16:55:33.578,3244,0,0,51,426,0,9296,1308,0,19042,0x07
2026-09-06T16:55:33.578,3247,0,2,52,0,0,0,0,0,0,0x03
2026-09-06T16:55:33.643,3246,0,0,51,444,0,9527,1289,0,18811,0x07
2026-09-06T16:55:33.643,3249,0,2,50,0,0,0,0,0,0,0x03
2026-09-06T16:55:33.708,3248,0,0,51,441,0,9478,1293,0,18859,0x07
2026-09-06T16:55:33.708,3251,0,2,53,0,0,0,0,0,0,0x03
2026-09-06T16:55:33.774,3250,0,0,51,452,0,9626,1281,0,18710,0x07
2026-09-06T16:55:33.774,3253,0,2,52,0,0,0,0,0,0,0x03
2026-09-06T16:55:33.839,3252,0,0,51,452,0,9626,1281,0,18710,0x07
2026-09-06T16:55:33.839,3255,0,2,50,0,0,0,0,0,0,0x03
2026-09-06T16:55:33.904,3254,0,0,50,430,0,9343,1304,0,18997,0x07
2026-09-06T16:55:33.904,3257,0,2,51,0,0,0,0,0,0,0x03
2026-09-06T16:55:33.969,3256,0,0,51,453,0,9635,1280,0,18702,0x07
2026-09-06T16:55:33.969,3259,0,2,50,0,0,0,0,0,0,0x03
2026-09-06T16:55:34.034,3258,0,0,56,470,0,9854,1263,0,18485,0x07
2026-09-06T16:55:34.035,3261,0,2,52,0,0,0,0,0,0,0x03
2026-09-06T16:55:34.115,3260,0,0,50,470,0,9854,1263,0,18485,0x07
2026-09-06T16:55:34.115,3263,0,2,50,0,0,0,0,0,0,0x03
2026-09-06T16:55:34.181,3262,0,0,52,443,0,9505,1291,0,18833,0x07
2026-09-06T16:55:34.181,3265,0,2,51,0,0,0,0,0,0,0x03
2026-09-06T16:55:34.246,3264,0,0,50,465,0,9796,1267,0,18541,0x07
2026-09-06T16:55:34.246,3267,0,2,50,0,0,0,0,0,0,0x03
2026-09-06T16:55:34.311,3266,0,0,50,465,0,9796,1267,0,18541,0x07
2026-09-06T16:55:34.311,3269,0,2,51,0,0,0,0,0,0,0x03
2026-09-06T16:55:34.376,3268,0,0,51,468,0,9836,1264,0,18502,0x07
2026-09-06T16:55:34.376,3271,0,2,51,0,0,0,0,0,0,0x03
2026-09-06T16:55:34.441,3270,0,0,52,401,0,8968,1334,0,19372,0x07
2026-09-06T16:55:34.441,3273,0,2,51,0,0,0,0,0,0,0x03
2026-09-06T16:55:34.507,3272,0,0,51,401,0,8968,1334,0,19372,0x07
2026-09-06T16:55:34.507,3275,0,2,52,0,0,0,0,0,0,0x03
2026-09-06T16:55:34.572,3274,0,0,51,442,0,9492,1292,0,18845,0x07
2026-09-06T16:55:34.572,3277,0,2,51,0,0,0,0,0,0,0x03
2026-09-06T16:55:34.638,3276,0,0,52,444,0,9527,1289,0,18811,0x07
2026-09-06T16:55:34.638,3279,0,2,52,0,0,0,0,0,0,0x03
2026-09-06T16:55:34.720,3278,0,0,54,439,0,9452,1295,0,18886,0x07
2026-09-06T16:55:34.720,3281,0,2,52,0,0,0,0,0,0,0x03
2026-09-06T16:55:34.768,3280,0,0,50,439,0,9452,1295,0,18886,0x07
2026-09-06T16:55:34.768,3283,0,2,52,0,0,0,0,0,0,0x03
2026-09-06T16:55:34.850,3282,0,0,51,422,0,9234,1313,0,19107,0x07
2026-09-06T16:55:34.850,3285,0,2,55,0,0,0,0,0,0,0x03
2026-09-06T16:55:34.914,3284,0,0,50,426,0,9287,1308,0,19050,0x07
2026-09-06T16:55:34.914,3287,0,2,53,0,0,0,0,0,0,0x03
2026-09-06T16:55:34.979,3286,0,0,52,396,0,8898,1339,0,19438,0x07
2026-09-06T16:55:34.979,3289,0,2,50,0,0,0,0,0,0,0x03
2026-09-06T16:55:35.045,3288,0,0,51,368,0,8535,1368,0,19798,0x07
2026-09-06T16:55:35.045,3291,0,2,51,0,0,0,0,0,0,0x03
2026-09-06T16:55:35.110,3290,0,0,50,374,0,8618,1362,0,19716,0x07
2026-09-06T16:55:35.110,3293,0,2,51,0,0,0,0,0,0,0x03
2026-09-06T16:55:35.175,3292,0,0,51,349,0,8292,1388,0,20041,0x07
2026-09-06T16:55:35.175,3295,0,2,50,0,0,0,0,0,0,0x03
2026-09-06T16:55:35.241,3294,0,0,50,357,0,8396,1380,0,19937,0x07
2026-09-06T16:55:35.241,3297,0,2,52,0,0,0,0,0,0,0x03
2026-09-06T16:55:35.306,3296,0,0,51,382,0,8723,1353,0,19611,0x07
2026-09-06T16:55:35.306,3299,0,2,52,0,0,0,0,0,0,0x03
2026-09-06T16:55:35.386,3298,0,0,50,370,0,8570,1366,0,19763,0x07
2026-09-06T16:55:35.386,3301,0,2,52,0,0,0,0,0,0,0x03
2026-09-06T16:55:35.451,3300,0,0,50,344,0,8234,1393,0,20098,0x07
2026-09-06T16:55:35.451,3303,0,2,51,0,0,0,0,0,0,0x03
2026-09-06T16:55:35.516,3302,0,0,50,309,0,7780,1429,0,20550,0x07
2026-09-06T16:55:35.516,3305,0,2,54,0,0,0,0,0,0,0x03
2026-09-06T16:55:35.582,3304,0,0,50,286,0,7476,1454,0,20855,0x07
2026-09-06T16:55:35.582,3307,0,2,51,0,0,0,0,0,0,0x03
2026-09-06T16:55:35.646,3306,0,0,50,256,0,7090,1484,0,21237,0x07
2026-09-06T16:55:35.646,3309,0,2,51,0,0,0,0,0,0,0x03
2026-09-06T16:55:35.710,3308,0,0,51,135,0,5519,1611,0,22807,0x07
2026-09-06T16:55:35.710,3311,0,2,52,0,0,0,0,0,0,0x03
2026-09-06T16:55:35.776,3310,0,0,50,135,0,5519,1611,0,22807,0x07
2026-09-06T16:55:35.776,3313,0,2,51,0,0,0,0,0,0,0x03
2026-09-06T16:55:35.842,3312,0,0,52,241,0,6890,1500,0,21438,0x07
2026-09-06T16:55:35.842,3315,0,2,51,0,0,0,0,0,0,0x03
2026-09-06T16:55:35.923,3314,0,0,52,244,0,6938,1497,0,21390,0x07
2026-09-06T16:55:35.923,3317,0,2,50,0,0,0,0,0,0,0x03
2026-09-06T16:55:35.988,3316,0,0,53,246,0,6959,1495,0,21367,0x07
2026-09-06T16:55:35.988,3319,0,2,50,0,0,0,0,0,0,0x03
2026-09-06T16:55:36.053,3318,0,0,52,246,0,6959,1495,0,21367,0x07
2026-09-06T16:55:36.053,3321,0,2,51,0,0,0,0,0,0,0x03
2026-09-06T16:55:36.119,3320,0,0,51,223,0,6658,1519,0,21668,0x07
2026-09-06T16:55:36.119,3323,0,2,50,0,0,0,0,0,0,0x03
2026-09-06T16:55:36.183,3322,0,0,51,266,0,7213,1475,0,21116,0x07
2026-09-06T16:55:36.183,3325,0,2,50,0,0,0,0,0,0,0x03
2026-09-06T16:55:36.248,3324,0,0,50,197,0,6331,1545,0,21993,0x07
2026-09-06T16:55:36.248,3327,0,2,50,0,0,0,0,0,0,0x03
2026-09-06T16:55:36.314,3326,0,0,50,244,0,6934,1497,0,21394,0x07
2026-09-06T16:55:36.314,3329,0,2,50,0,0,0,0,0,0,0x03
2026-09-06T16:55:36.379,3328,0,0,51,193,0,6274,1550,0,22051,0x07
2026-09-06T16:55:36.379,3331,0,2,52,0,0,0,0,0,0,0x03
2026-09-06T16:55:36.445,3330,0,0,51,193,0,6274,1550,0,22051,0x07
2026-09-06T16:55:36.445,3333,0,2,51,0,0,0,0,0,0,0x03
2026-09-06T16:55:36.526,3332,0,0,51,245,0,6951,1496,0,21377,0x07
2026-09-06T16:55:36.526,3335,0,2,52,0,0,0,0,0,0,0x03
2026-09-06T16:55:36.591,3334,0,0,50,268,0,7248,1472,0,21081,0x07
2026-09-06T16:55:36.591,3337,0,2,51,0,0,0,0,0,0,0x03
2026-09-06T16:55:36.656,3336,0,0,52,249,0,6995,1492,0,21333,0x07
2026-09-06T16:55:36.656,3339,0,2,50,0,0,0,0,0,0,0x03
2026-09-06T16:55:36.721,3338,0,0,51,247,0,6977,1493,0,21350,0x07
2026-09-06T16:55:36.721,3341,0,2,50,0,0,0,0,0,0,0x03
2026-09-06T16:55:36.786,3340,0,0,52,241,0,6898,1500,0,21429,0x07
2026-09-06T16:55:36.786,3343,0,2,53,0,0,0,0,0,0,0x03
2026-09-06T16:55:36.851,3342,0,0,52,241,0,6898,1500,0,21429,0x07
2026-09-06T16:55:36.851,3345,0,2,51,0,0,0,0,0,0,0x03
2026-09-06T16:55:36.917,3344,0,0,51,245,0,6946,1496,0,21382,0x07
2026-09-06T16:55:36.917,3347,0,2,51,0,0,0,0,0,0,0x03
2026-09-06T16:55:36.982,3346,0,0,50,241,0,6894,1500,0,21433,0x07
2026-09-06T16:55:36.982,3349,0,2,52,0,0,0,0,0,0,0x03
2026-09-06T16:55:37.048,3348,0,0,56,222,0,6645,1520,0,21680,0x07
2026-09-06T16:55:37.048,3351,0,2,55,0,0,0,0,0,0,0x03
2026-09-06T16:55:37.113,3350,0,0,50,222,0,6645,1520,0,21680,0x07
2026-09-06T16:55:37.113,3353,0,2,51,0,0,0,0,0,0,0x03
2026-09-06T16:55:37.195,3352,0,0,51,191,0,6244,1552,0,22081,0x07
2026-09-06T16:55:37.195,3355,0,2,52,0,0,0,0,0,0,0x03
2026-09-06T16:55:37.260,3354,0,0,52,265,0,7200,1476,0,21129,0x07
2026-09-06T16:55:37.260,3357,0,2,51,0,0,0,0,0,0,0x03
2026-09-06T16:55:37.325,3356,0,0,56,268,0,7248,1472,0,21081,0x07
2026-09-06T16:55:37.326,3359,0,2,50,0,0,0,0,0,0,0x03
2026-09-06T16:55:37.391,3358,0,0,52,268,0,7248,1472,0,21081,0x07
2026-09-06T16:55:37.391,3361,0,2,51,0,0,0,0,0,0,0x03
2026-09-06T16:55:37.456,3360,0,0,51,244,0,6938,1497,0,21390,0x07
2026-09-06T16:55:37.456,3363,0,2,53,0,0,0,0,0,0,0x03
2026-09-06T16:55:37.521,3362,0,0,52,266,0,7222,1474,0,21107,0x07
2026-09-06T16:55:37.521,3365,0,2,50,0,0,0,0,0,0,0x03
2026-09-06T16:55:37.586,3364,0,0,50,219,0,6606,1523,0,21721,0x07
2026-09-06T16:55:37.586,3367,0,2,51,0,0,0,0,0,0,0x03
2026-09-06T16:55:37.651,3366,0,0,50,219,0,6615,1522,0,21712,0x07
2026-09-06T16:55:37.651,3369,0,2,51,0,0,0,0,0,0,0x03
2026-09-06T16:55:37.732,3368,0,0,51,265,0,7200,1476,0,21133,0x07
2026-09-06T16:55:37.732,3371,0,2,50,0,0,0,0,0,0,0x03
2026-09-06T16:55:37.796,3370,0,0,50,265,0,7200,1476,0,21133,0x07
2026-09-06T16:55:37.796,3373,0,2,50,0,0,0,0,0,0,0x03
2026-09-06T16:55:37.861,3372,0,0,50,220,0,6623,1522,0,21707,0x07
2026-09-06T16:55:37.861,3375,0,2,53,0,0,0,0,0,0,0x03
2026-09-06T16:55:37.927,3374,0,0,50,222,0,6650,1520,0,21676,0x07
2026-09-06T16:55:37.927,3377,0,2,51,0,0,0,0,0,0,0x03
2026-09-06T16:55:37.992,3376,0,0,51,246,0,6955,1495,0,21372,0x07
2026-09-06T16:55:37.992,3379,0,2,52,0,0,0,0,0,0,0x03
2026-09-06T16:55:38.057,3378,0,0,50,224,0,6671,1518,0,21654,0x07
2026-09-06T16:55:38.057,3381,0,2,51,0,0,0,0,0,0,0x03
2026-09-06T16:55:38.122,3380,0,0,54,243,0,6920,1498,0,21408,0x07
2026-09-06T16:55:38.122,3383,0,2,52,0,0,0,0,0,0,0x03
2026-09-06T16:55:38.188,3382,0,0,51,0,0,0,0,0,0,0x03
2026-09-06T16:55:38.188,3385,0,2,50,0,0,0,0,0,0,0x03
2026-09-06T16:55:38.253,3384,0,0,50,0,0,0,0,0,0,0x03
2026-09-06T16:55:38.253,3387,0,2,51,0,0,0,0,0,0,0x03
2026-09-06T16:55:38.318,3386,0,0,51,0,0,0,0,0,0,0x03
2026-09-06T16:55:38.318,3389,0,2,51,0,0,0,0,0,0,0x03
2026-09-06T16:55:38.400,3388,0,0,55,0,0,0,0,0,0,0x03
2026-09-06T16:55:38.400,3391,0,2,51,0,0,0,0,0,0,0x03
2026-09-06T16:55:38.465,3390,0,0,52,0,0,0,0,0,0,0x03
2026-09-06T16:55:38.465,3393,0,2,50,0,0,0,0,0,0,0x03
2026-09-06T16:55:38.529,3392,0,0,50,0,0,0,0,0,0,0x03
2026-09-06T16:55:38.529,3395,0,2,51,0,0,0,0,0,0,0x03
2026-09-06T16:55:38.595,3394,0,0,50,0,0,0,0,0,0,0x03
2026-09-06T16:55:38.595,3397,0,2,50,0,0,0,0,0,0,0x03
2026-09-06T16:55:38.659,3396,0,0,51,0,0,0,0,0,0,0x03
2026-09-06T16:55:38.659,3399,0,2,50,0,0,0,0,0,0,0x03
2026-09-06T16:55:38.725,3398,0,0,51,0,0,0,0,0,0,0x03
2026-09-06T16:55:38.725,3401,0,2,51,0,0,0,0,0,0,0x03
2026-09-06T16:55:38.790,3400,0,0,52,0,0,0,0,0,0,0x03
2026-09-06T16:55:38.790,3403,0,2,52,0,0,0,0,0,0,0x03
2026-09-06T16:55:38.856,3402,0,0,51,0,0,0,0,0,0,0x03
2026-09-06T16:55:38.856,3405,0,2,51,0,0,0,0,0,0,0x03
2026-09-06T16:55:38.921,3404,0,0,50,0,0,0,0,0,0,0x03
2026-09-06T16:55:38.921,3407,0,2,52,0,0,0,0,0,0,0x03
2026-09-06T16:55:39.003,3406,0,0,51,0,0,0,0,0,0,0x03
2026-09-06T16:55:39.003,3409,0,2,51,0,0,0,0,0,0,0x03
2026-09-06T16:55:39.068,3408,0,0,52,0,0,0,0,0,0,0x03
2026-09-06T16:55:39.068,3411,0,2,51,0,0,0,0,0,0,0x03
2026-09-06T16:55:39.133,3410,0,0,52,0,0,0,0,0,0,0x03
2026-09-06T16:55:39.133,3413,0,2,50,0,0,0,0,0,0,0x03
2026-09-06T16:55:39.199,3412,0,0,50,0,0,0,0,0,0,0x03
2026-09-06T16:55:39.199,3415,0,2,51,0,0,0,0,0,0,0x03
2026-09-06T16:55:39.263,3414,0,0,51,0,0,0,0,0,0,0x03
2026-09-06T16:55:39.263,3417,0,2,50,0,0,0,0,0,0,0x03
2026-09-06T16:55:39.328,3416,0,0,50,0,0,0,0,0,0,0x03
2026-09-06T16:55:39.328,3419,0,2,50,0,0,0,0,0,0,0x03
2026-09-06T16:55:39.393,3418,0,0,50,0,0,0,0,0,0,0x03
2026-09-06T16:55:39.393,3421,0,2,54,0,0,0,0,0,0,0x03
2026-09-06T16:55:39.458,3420,0,0,51,0,0,0,0,0,0,0x03
2026-09-06T16:55:39.458,3423,0,2,51,0,0,0,0,0,0,0x03
2026-09-06T16:55:39.540,3422,0,0,51,0,0,0,0,0,0,0x03
2026-09-06T16:55:39.540,3425,0,2,51,0,0,0,0,0,0,0x03
2026-09-06T16:55:39.605,3424,0,0,51,0,0,0,0,0,0,0x03
2026-09-06T16:55:39.605,3427,0,2,52,0,0,0,0,0,0,0x03
2026-09-06T16:55:39.670,3426,0,0,51,0,0,0,0,0,0,0x03
2026-09-06T16:55:39.670,3429,0,2,51,0,0,0,0,0,0,0x03
2026-09-06T16:55:39.735,3428,0,0,50,0,0,0,0,0,0,0x03
2026-09-06T16:55:39.735,3431,0,2,52,0,0,0,0,0,0,0x03
2026-09-06T16:55:39.801,3430,0,0,51,0,0,0,0,0,0,0x03
2026-09-06T16:55:39.801,3433,0,2,51,0,0,0,0,0,0,0x03
2026-09-06T16:55:39.865,3432,0,0,50,0,0,0,0,0,0,0x03
2026-09-06T16:55:39.865,3435,0,2,50,0,0,0,0,0,0,0x03
2026-09-06T16:55:39.931,3434,0,0,50,0,0,0,0,0,0,0x03
2026-09-06T16:55:39.931,3437,0,2,52,0,0,0,0,0,0,0x03
2026-09-06T16:55:39.996,3436,0,0,52,0,0,0,0,0,0,0x03
2026-09-06T16:55:39.996,3439,0,2,51,0,0,0,0,0,0,0x03
2026-09-06T16:55:40.060,3438,0,0,51,0,0,0,0,0,0,0x03
2026-09-06T16:55:40.060,3441,0,2,51,0,0,0,0,0,0,0x03
2026-09-06T16:55:40.126,3440,0,0,50,0,0,0,0,0,0,0x03
2026-09-06T16:55:40.126,3443,0,2,50,0,0,0,0,0,0,0x03
2026-09-06T16:55:40.207,3442,0,0,51,0,0,0,0,0,0,0x03
2026-09-06T16:55:40.207,3445,0,2,50,0,0,0,0,0,0,0x03
2026-09-06T16:55:40.272,3444,0,0,50,0,0,0,0,0,0,0x03
2026-09-06T16:55:40.272,3447,0,2,50,0,0,0,0,0,0,0x03
2026-09-06T16:55:40.338,3446,0,0,55,514,0,10425,1217,0,17915,0x07
2026-09-06T16:55:40.338,3449,0,2,52,0,0,0,0,0,0,0x03
2026-09-06T16:55:40.403,3448,0,0,50,514,0,10425,1217,0,17915,0x07
2026-09-06T16:55:40.403,3451,0,2,50,0,0,0,0,0,0,0x03
2026-09-06T16:55:40.468,3450,0,0,52,404,0,9003,1331,0,19333,0x07
2026-09-06T16:55:40.468,3453,0,2,51,0,0,0,0,0,0,0x03
2026-09-06T16:55:40.533,3452,0,0,52,398,0,8928,1337,0,19407,0x07
2026-09-06T16:55:40.533,3455,0,2,51,0,0,0,0,0,0,0x03
2026-09-06T16:55:40.599,3454,0,0,50,409,0,9068,1326,0,19268,0x07
2026-09-06T16:55:40.599,3457,0,2,51,0,0,0,0,0,0,0x03
2026-09-06T16:55:40.664,3456,0,0,51,439,0,9457,1295,0,18881,0x07
2026-09-06T16:55:40.664,3459,0,2,52,0,0,0,0,0,0,0x03
2026-09-06T16:55:40.730,3458,0,0,50,485,0,10045,1247,0,18293,0x07
2026-09-06T16:55:40.730,3461,0,2,55,0,0,0,0,0,0,0x03
2026-09-06T16:55:40.810,3460,0,0,50,485,0,10045,1247,0,18293,0x07
2026-09-06T16:55:40.811,3463,0,2,52,0,0,0,0,0,0,0x03
2026-09-06T16:55:40.876,3462,0,0,51,451,0,9609,1283,0,18734,0x07
2026-09-06T16:55:40.876,3465,0,2,52,0,0,0,0,0,0,0x03
2026-09-06T16:55:40.941,3464,0,0,50,467,0,9820,1266,0,18520,0x07
2026-09-06T16:55:40.941,3467,0,2,52,0,0,0,0,0,0,0x03
2026-09-06T16:55:41.005,3466,0,0,50,464,0,9780,1269,0,18558,0x07
2026-09-06T16:55:41.006,3469,0,2,50,0,0,0,0,0,0,0x03
2026-09-06T16:55:41.071,3468,0,0,52,439,0,9452,1295,0,18886,0x07
2026-09-06T16:55:41.071,3471,0,2,51,0,0,0,0,0,0,0x03
2026-09-06T16:55:41.136,3470,0,0,52,465,0,9796,1267,0,18541,0x07
2026-09-06T16:55:41.136,3473,0,2,50,0,0,0,0,0,0,0x03
2026-09-06T16:55:41.202,3472,0,0,52,465,0,9796,1267,0,18541,0x07
2026-09-06T16:55:41.202,3475,0,2,51,0,0,0,0,0,0,0x03
2026-09-06T16:55:41.266,3474,0,0,51,442,0,9500,1291,0,18837,0x07
2026-09-06T16:55:41.266,3477,0,2,52,0,0,0,0,0,0,0x03
2026-09-06T16:55:41.347,3476,0,0,50,424,0,9260,1310,0,19076,0x07
2026-09-06T16:55:41.347,3479,0,2,50,0,0,0,0,0,0,0x03
2026-09-06T16:55:41.412,3478,0,0,51,464,0,9775,1269,0,18563,0x07
2026-09-06T16:55:41.412,3481,0,2,55,0,0,0,0,0,0,0x03
2026-09-06T16:55:41.476,3480,0,0,51,462,0,9759,1270,0,18581,0x07
2026-09-06T16:55:41.477,3483,0,2,51,0,0,0,0,0,0,0x03
2026-09-06T16:55:41.542,3482,0,0,52,449,0,9588,1284,0,18751,0x07
2026-09-06T16:55:41.542,3485,0,2,51,0,0,0,0,0,0,0x03
2026-09-06T16:55:41.607,3484,0,0,51,448,0,9579,1285,0,18760,0x07
2026-09-06T16:55:41.607,3487,0,2,52,0,0,0,0,0,0,0x03
2026-09-06T16:55:41.673,3486,0,0,51,425,0,9278,1309,0,19059,0x07
2026-09-06T16:55:41.673,3489,0,2,50,0,0,0,0,0,0,0x03
2026-09-06T16:55:41.738,3488,0,0,50,437,0,9430,1297,0,18907,0x07
2026-09-06T16:55:41.738,3491,0,2,51,0,0,0,0,0,0,0x03
2026-09-06T16:55:41.803,3490,0,0,53,450,0,9604,1283,0,18734,0x07
2026-09-06T16:55:41.803,3493,0,2,52,0,0,0,0,0,0,0x03
2026-09-06T16:55:41.869,3492,0,0,52,450,0,9604,1283,0,18734,0x07
2026-09-06T16:55:41.869,3495,0,2,52,0,0,0,0,0,0,0x03
2026-09-06T16:55:41.935,3494,0,0,51,445,0,9531,1289,0,18807,0x07
2026-09-06T16:55:41.935,3497,0,2,50,0,0,0,0,0,0,0x03
2026-09-06T16:55:42.016,3496,0,0,50,427,0,9308,1307,0,19028,0x07
2026-09-06T16:55:42.016,3499,0,2,50,0,0,0,0,0,0,0x03
2026-09-06T16:55:42.082,3498,0,0,50,427,0,9304,1307,0,19032,0x07
2026-09-06T16:55:42.082,3501,0,2,52,0,0,0,0,0,0,0x03
2026-09-06T16:55:42.146,3500,0,0,51,440,0,9470,1294,0,18871,0x07
2026-09-06T16:55:42.146,3503,0,2,50,0,0,0,0,0,0,0x03
2026-09-06T16:55:42.212,3502,0,0,55,452,0,9632,1281,0,18707,0x07
2026-09-06T16:55:42.212,3505,0,2,53,0,0,0,0,0,0,0x03
2026-09-06T16:55:42.276,3504,0,0,51,452,0,9632,1281,0,18707,0x07
2026-09-06T16:55:42.276,3507,0,2,50,0,0,0,0,0,0,0x03
2026-09-06T16:55:42.341,3506,0,0,51,467,0,9824,1265,0,18515,0x07
2026-09-06T16:55:42.341,3509,0,2,52,0,0,0,0,0,0,0x03
2026-09-06T16:55:42.406,3508,0,0,52,471,0,9872,1261,0,18468,0x07
2026-09-06T16:55:42.406,3511,0,2,52,0,0,0,0,0,0,0x03
2026-09-06T16:55:42.472,3510,0,0,50,447,0,9565,1286,0,18772,0x07
2026-09-06T16:55:42.472,3513,0,2,50,0,0,0,0,0,0,0x03
2026-09-06T16:55:42.537,3512,0,0,50,451,0,9619,1282,0,18725,0x07
2026-09-06T16:55:42.537,3515,0,2,50,0,0,0,0,0,0,0x03
2026-09-06T16:55:42.618,3514,0,0,52,444,0,9522,1289,0,18815,0x07
2026-09-06T16:55:42.618,3517,0,2,50,0,0,0,0,0,0,0x03
2026-09-06T16:55:42.683,3516,0,0,50,444,0,9527,1289,0,18811,0x07
2026-09-06T16:55:42.683,3519,0,2,52,0,0,0,0,0,0,0x03
2026-09-06T16:55:42.748,3518,0,0,50,466,0,9806,1267,0,18532,0x07
2026-09-06T16:55:42.748,3521,0,2,52,0,0,0,0,0,0,0x03
2026-09-06T16:55:42.813,3520,0,0,50,426,0,9296,1308,0,19042,0x07
2026-09-06T16:55:42.813,3523,0,2,51,0,0,14283,0,0,30859,0x07
2026-09-06T16:55:42.877,3522,0,0,54,449,0,9592,1284,0,18746,0x07
2026-09-06T16:55:42.877,3525,0,2,56,216,0,5119,1526,2643,10831,0x07
2026-09-06T16:55:42.943,3524,0,0,50,449,0,9592,1284,0,18746,0x07
2026-09-06T16:55:42.943,3527,0,2,50,216,360,3589,1526,2180,12798,0x07
2026-09-06T16:55:43.008,3526,0,0,51,464,0,9775,1269,0,18563,0x07
2026-09-06T16:55:43.008,3529,0,2,51,0,0,0,0,0,0,0x03
2026-09-06T16:55:43.073,3528,0,0,51,467,0,9824,1265,0,18515,0x07
2026-09-06T16:55:43.073,3531,0,2,50,0,0,4420,0,0,15333,0x07
2026-09-06T16:55:43.154,3530,0,0,57,449,0,9588,1284,0,18751,0x07
2026-09-06T16:55:43.154,3533,0,2,52,242,212,4551,1499,635,19005,0x07
2026-09-06T16:55:43.220,3532,0,0,51,449,0,9588,1284,0,18751,0x07
2026-09-06T16:55:43.220,3535,0,2,50,258,300,4374,1482,1420,15448,0x07
2026-09-06T16:55:43.284,3534,0,0,52,425,0,9278,1309,0,19059,0x07
2026-09-06T16:55:43.284,3537,0,2,53,288,0,6021,1451,283,19873,0x07
2026-09-06T16:55:43.349,3536,0,0,54,449,0,9588,1284,0,18751,0x07
2026-09-06T16:55:43.349,3539,0,2,51,288,0,6021,1451,20,20992,0x07
2026-09-06T16:55:43.414,3538,0,0,50,449,0,9588,1284,0,18751,0x07
2026-09-06T16:55:43.414,3541,0,2,50,295,0,6104,1444,0,20985,0x07
2026-09-06T16:55:43.479,3540,0,0,51,466,0,9810,1266,0,18528,0x07
2026-09-06T16:55:43.479,3543,0,2,51,332,0,6556,1406,0,20490,0x07
2026-09-06T16:55:43.545,3542,0,0,52,450,0,9604,1283,0,18734,0x07
2026-09-06T16:55:43.545,3545,0,2,50,299,20,6065,1440,60,20679,0x07
2026-09-06T16:55:43.610,3544,0,0,51,450,0,9596,1283,0,18742,0x07
2026-09-06T16:55:43.610,3547,0,2,51,297,20,6046,1442,255,19874,0x07
2026-09-06T16:55:43.690,3546,0,0,51,30,0,4166,1719,0,24150,0x07
2026-09-06T16:55:43.691,3549,0,2,51,331,20,6464,1407,294,19250,0x07
2026-09-06T16:55:43.756,3548,0,0,51,325,0,7981,1413,0,20350,0x07
2026-09-06T16:55:43.756,3551,0,2,50,0,0,0,0,0,0,0x03
2026-09-06T16:55:43.821,3550,0,0,51,307,0,7754,1432,0,20581,0x07
2026-09-06T16:55:43.821,3553,0,2,52,0,0,0,0,0,0,0x03
2026-09-06T16:55:43.886,3552,0,0,50,302,0,7681,1437,0,20651,0x07
2026-09-06T16:55:43.886,3555,0,2,51,0,0,0,0,0,0,0x03
2026-09-06T16:55:43.951,3554,0,0,51,306,0,7741,1432,0,20589,0x07
2026-09-06T16:55:43.951,3557,0,2,52,0,0,0,0,0,0,0x03
2026-09-06T16:55:44.016,3556,0,0,54,301,0,7671,1438,0,20660,0x07
2026-09-06T16:55:44.016,3559,0,2,51,0,0,0,0,0,0,0x03
2026-09-06T16:55:44.080,3558,0,0,50,301,0,7671,1438,0,20660,0x07
2026-09-06T16:55:44.145,3560,0,0,52,284,0,7453,1455,0,20876,0x07
2026-09-06T16:55:44.145,3563,0,2,51,0,0,0,0,0,0,0x03
2026-09-06T16:55:44.227,3562,0,0,51,327,0,8007,1411,0,20324,0x07
2026-09-06T16:55:44.227,3563,0,2,51,0,0,0,0,0,0,0x03
2026-09-06T16:55:44.276,3562,0,0,51,309,0,7780,1429,0,20550,0x07
2026-09-06T16:55:44.276,3567,0,2,52,0,0,0,0,0,0,0x03
2026-09-06T16:55:44.357,3562,0,0,50,309,0,7780,1429,0,20550,0x07
2026-09-06T16:55:44.357,3569,0,2,50,0,0,0,0,0,0,0x03
2026-09-06T16:55:44.422,3568,0,0,54,286,0,7476,1454,0,20855,0x07
2026-09-06T16:55:44.422,3571,0,2,53,0,0,0,0,0,0,0x03
2026-09-06T16:55:44.487,3570,0,0,54,286,0,7476,1454,0,20855,0x07
2026-09-06T16:55:44.487,3573,0,2,50,0,0,0,0,0,0,0x03
2026-09-06T16:55:44.553,3572,0,0,50,284,0,7458,1455,0,20872,0x07
2026-09-06T16:55:44.553,3575,0,2,50,0,0,0,0,0,0,0x03
2026-09-06T16:55:44.617,3574,0,0,50,285,0,7461,1455,0,20872,0x07
2026-09-06T16:55:44.617,3577,0,2,52,0,0,0,0,0,0,0x03
2026-09-06T16:55:44.682,3576,0,0,57,286,0,7483,1453,0,20850,0x07
2026-09-06T16:55:44.682,3579,0,2,50,0,0,0,0,0,0,0x03
2026-09-06T16:55:44.764,3578,0,0,52,286,0,7483,1453,0,20850,0x07
2026-09-06T16:55:44.764,3581,0,2,52,0,0,5458,0,0,14164,0x07
2026-09-06T16:55:44.813,3580,0,0,50,287,0,7491,1452,0,20838,0x07
2026-09-06T16:55:44.813,3583,0,2,55,0,0,0,0,0,0,0x03
2026-09-06T16:55:44.894,3582,0,0,50,306,0,7737,1433,0,20594,0x07
2026-09-06T16:55:44.894,3585,0,2,51,0,0,0,0,0,0,0x03
2026-09-06T16:55:44.958,3584,0,0,50,310,0,7790,1428,0,20541,0x07
2026-09-06T16:55:44.958,3587,0,2,50,0,0,0,0,0,0,0x03
2026-09-06T16:55:45.023,3586,0,0,51,289,0,7519,1450,0,20812,0x07
2026-09-06T16:55:45.023,3589,0,2,52,0,0,0,0,0,0,0x03
2026-09-06T16:55:45.089,3588,0,0,53,311,0,7798,1428,0,20533,0x07
2026-09-06T16:55:45.089,3591,0,2,50,0,0,0,0,0,0,0x03
2026-09-06T16:55:45.154,3590,0,0,52,311,0,7798,1428,0,20533,0x07
2026-09-06T16:55:45.154,3593,0,2,51,0,0,0,0,0,0,0x03
2026-09-06T16:55:45.219,3592,0,0,51,311,0,7806,1427,0,20525,0x07
2026-09-06T16:55:45.219,3595,0,2,52,0,0,7854,0,0,11469,0x07
2026-09-06T16:55:45.284,3594,0,0,50,330,0,8051,1407,0,20280,0x07
2026-09-06T16:55:45.284,3597,0,2,50,0,0,0,0,0,0,0x03
2026-09-06T16:55:45.349,3596,0,0,50,311,0,7798,1428,0,20533,0x07
2026-09-06T16:55:45.349,3599,0,2,51,0,0,6502,0,0,12992,0x07
2026-09-06T16:55:45.431,3598,0,0,50,309,0,7772,1430,0,20558,0x07
2026-09-06T16:55:45.431,3601,0,2,50,0,0,0,0,0,0,0x03
2026-09-06T16:55:45.496,3600,0,0,50,284,0,7453,1455,0,20876,0x07
2026-09-06T16:55:45.496,3603,0,2,52,495,0,8571,1237,0,18287,0x07
2026-09-06T16:55:45.561,3602,0,0,55,326,0,7999,1412,0,20333,0x07
2026-09-06T16:55:45.561,3605,0,2,52,0,0,0,0,0,0,0x03
2026-09-06T16:55:45.626,3604,0,0,51,326,0,7999,1412,0,20333,0x07
2026-09-06T16:55:45.626,3607,0,2,50,0,0,0,0,0,0,0x03
2026-09-06T16:55:45.691,3606,0,0,52,308,0,7759,1431,0,20572,0x07
2026-09-06T16:55:45.691,3609,0,2,50,0,0,0,0,0,0,0x03
2026-09-06T16:55:45.756,3608,0,0,50,307,0,7750,1432,0,20584,0x07
2026-09-06T16:55:45.756,3611,0,2,50,0,0,6439,0,0,13060,0x07
2026-09-06T16:55:45.822,3610,0,0,51,326,0,7990,1412,0,20342,0x07
2026-09-06T16:55:45.822,3613,0,2,51,0,0,0,0,0,0,0x03
2026-09-06T16:55:45.887,3612,0,0,50,307,0,7745,1432,0,20584,0x07
2026-09-06T16:55:45.887,3615,0,2,52,0,0,0,0,0,0,0x03
2026-09-06T16:55:46.146,3614,0,0,58,305,0,7724,1434,0,20608,0x07
2026-09-06T16:55:46.146,3617,0,2,51,0,0,0,0,0,0,0x03
2026-09-06T16:55:48.564,3616,0,0,55,282,0,7427,1457,0,20902,0x07
2026-09-06T16:55:48.564,3619,0,2,50,0,0,0,0,0,0,0x03
2026-09-06T16:55:48.630,3618,0,0,50,282,0,7427,1457,0,20902,0x07
2026-09-06T16:55:48.630,3621,0,2,52,0,0,0,0,0,0,0x03
2026-09-06T16:55:48.711,3620,0,0,51,0,0,4905,0,0,15999,0x07
2026-09-06T16:55:48.711,3623,0,2,51,0,0,0,0,0,0,0x03
2026-09-06T16:55:48.776,3622,0,0,51,0,0,0,0,0,0,0x03
2026-09-06T16:55:48.776,3625,0,2,50,0,0,2731,0,0,17793,0x07
2026-09-06T16:55:48.841,3624,0,0,52,0,0,7585,0,0,13385,0x07
2026-09-06T16:55:48.841,3627,0,2,50,0,0,4497,1778,180,24584,0x07
2026-09-06T16:55:48.906,3626,0,0,51,438,0,9448,1295,0,18890,0x07
2026-09-06T16:55:48.906,3629,0,2,51,252,118,5067,1471,39,21179,0x07
2026-09-06T16:55:48.972,3628,0,0,53,285,0,7470,1454,0,20859,0x07
2026-09-06T16:55:48.972,3631,0,2,51,0,0,0,0,0,0,0x03
2026-09-06T16:55:49.036,3630,0,0,51,285,0,7470,1454,0,20859,0x07
2026-09-06T16:55:49.036,3633,0,2,50,0,0,0,0,0,0,0x03
2026-09-06T16:55:49.101,3632,0,0,51,285,0,7461,1455,0,20868,0x07
2026-09-06T16:55:49.101,3635,0,2,50,0,0,0,0,0,0,0x03
2026-09-06T16:55:49.166,3634,0,0,51,259,0,7134,1481,0,21194,0x07
2026-09-06T16:55:49.166,3637,0,2,52,0,0,0,0,0,0,0x03
2026-09-06T16:55:49.248,3636,0,0,52,309,0,7772,1430,0,20558,0x07
2026-09-06T16:55:49.248,3639,0,2,50,0,0,0,0,0,0,0x03
2026-09-06T16:55:49.313,3638,0,0,52,312,0,7811,1427,0,20525,0x07
2026-09-06T16:55:49.313,3641,0,2,52,0,0,0,0,0,0,0x03
2026-09-06T16:55:49.378,3640,0,0,50,305,0,7719,1434,0,20611,0x07
2026-09-06T16:55:49.378,3643,0,2,51,0,0,0,0,0,0,0x03
2026-09-06T16:55:49.443,3642,0,0,50,288,0,7509,1451,0,20820,0x07
2026-09-06T16:55:49.443,3645,0,2,50,0,0,0,0,0,0,0x03
2026-09-06T16:55:49.508,3644,0,0,52,305,0,7728,1433,0,20603,0x07
2026-09-06T16:55:49.508,3647,0,2,50,0,0,0,0,0,0,0x03
2026-09-06T16:55:49.574,3646,0,0,52,287,0,7488,1452,0,20842,0x07
2026-09-06T16:55:49.574,3649,0,2,50,0,0,0,0,0,0,0x03
2026-09-06T16:55:49.639,3648,0,0,56,310,0,7790,1428,0,20541,0x07
2026-09-06T16:55:49.639,3651,0,2,50,0,0,0,0,0,0,0x03
2026-09-06T16:55:49.704,3650,0,0,51,310,0,7790,1428,0,20541,0x07
2026-09-06T16:55:49.705,3653,0,2,51,0,0,6053,0,0,13494,0x07
2026-09-06T16:55:49.770,3652,0,0,51,288,0,7501,1452,0,20833,0x07
2026-09-06T16:55:49.770,3655,0,2,52,0,0,0,0,0,0,0x03
2026-09-06T16:55:49.850,3654,0,0,50,287,0,7488,1452,0,20842,0x07
2026-09-06T16:55:49.850,3657,0,2,52,0,0,0,0,0,0,0x03
2026-09-06T16:55:49.916,3656,0,0,50,287,0,7488,1452,0,20842,0x07
2026-09-06T16:55:49.916,3659,0,2,51,0,0,0,0,0,0,0x03
2026-09-06T16:55:49.981,3658,0,0,51,287,0,7497,1452,0,20838,0x07
2026-09-06T16:55:49.981,3661,0,2,50,0,0,0,0,0,0,0x03
2026-09-06T16:55:50.046,3660,0,0,51,288,0,7506,1451,0,20824,0x07
2026-09-06T16:55:50.046,3663,0,2,52,0,0,0,0,0,0,0x03
2026-09-06T16:55:50.111,3662,0,0,51,288,0,7506,1451,0,20824,0x07
2026-09-06T16:55:50.111,3665,0,2,51,0,0,0,0,0,0,0x03
2026-09-06T16:55:50.176,3664,0,0,51,312,0,7815,1426,0,20516,0x07
2026-09-06T16:55:50.176,3667,0,2,51,0,0,0,0,0,0,0x03
2026-09-06T16:55:50.242,3666,0,0,50,332,0,8073,1406,0,20259,0x07
2026-09-06T16:55:50.242,3669,0,2,51,0,0,0,0,0,0,0x03
2026-09-06T16:55:50.306,3668,0,0,51,289,0,7522,1450,0,20807,0x07
2026-09-06T16:55:50.306,3671,0,2,51,0,0,0,0,0,0,0x03
2026-09-06T16:55:50.387,3670,0,0,51,287,0,7488,1452,0,20842,0x07
2026-09-06T16:55:50.387,3673,0,2,54,0,0,0,0,0,0,0x03
2026-09-06T16:55:50.437,3672,0,0,52,286,0,7476,1454,0,20855,0x07
2026-09-06T16:55:50.437,3675,0,2,52,0,0,0,0,0,0,0x03
2026-09-06T16:55:50.517,3674,0,0,51,286,0,7483,1453,0,20846,0x07
2026-09-06T16:55:50.517,3677,0,2,50,0,0,0,0,0,0,0x03
2026-09-06T16:55:50.582,3676,0,0,51,286,0,7483,1453,0,20846,0x07
2026-09-06T16:55:50.583,3679,0,2,51,0,0,0,0,0,0,0x03
2026-09-06T16:55:50.648,3678,0,0,50,310,0,7793,1428,0,20537,0x07
2026-09-06T16:55:50.648,3681,0,2,50,0,0,0,0,0,0,0x03
2026-09-06T16:55:50.713,3680,0,0,52,288,0,7509,1451,0,20820,0x07
2026-09-06T16:55:50.713,3683,0,2,51,0,0,0,0,0,0,0x03
2026-09-06T16:55:50.778,3682,0,0,51,288,0,7501,1451,0,20829,0x07
2026-09-06T16:55:50.779,3685,0,2,50,0,0,0,0,0,0,0x03
2026-09-06T16:55:50.844,3684,0,0,51,311,0,7802,1427,0,20529,0x07
2026-09-06T16:55:50.844,3687,0,2,52,0,0,0,0,0,0,0x03
2026-09-06T16:55:50.909,3686,0,0,52,288,0,7509,1451,0,20820,0x07
2026-09-06T16:55:50.909,3689,0,2,50,0,0,0,0,0,0,0x03
2026-09-06T16:55:50.974,3688,0,0,50,0,0,0,0,0,0,0x03
2026-09-06T16:55:50.974,3691,0,2,51,0,0,0,0,0,0,0x03
2026-09-06T16:55:51.055,3690,0,0,51,0,0,0,0,0,0,0x03
2026-09-06T16:55:51.055,3693,0,2,52,0,0,0,0,0,0,0x03
2026-09-06T16:55:51.120,3692,0,0,50,0,0,0,0,0,0,0x03
2026-09-06T16:55:51.120,3695,0,2,50,0,0,0,0,0,0,0x03
2026-09-06T16:55:51.185,3694,0,0,53,0,0,0,0,0,0,0x03
2026-09-06T16:55:51.185,3697,0,2,51,0,0,0,0,0,0,0x03
2026-09-06T16:55:51.251,3696,0,0,50,0,0,0,0,0,0,0x03
2026-09-06T16:55:51.251,3699,0,2,50,0,0,0,0,0,0,0x03
2026-09-06T16:55:51.316,3698,0,0,50,0,0,0,0,0,0,0x03
2026-09-06T16:55:51.316,3701,0,2,52,0,0,0,0,0,0,0x03
2026-09-06T16:55:51.381,3700,0,0,51,0,0,0,0,0,0,0x03
2026-09-06T16:55:51.381,3703,0,2,50,0,0,0,0,0,0,0x03
2026-09-06T16:55:51.446,3702,0,0,50,0,0,0,0,0,0,0x03
2026-09-06T16:55:51.446,3705,0,2,51,0,0,0,0,0,0,0x03
2026-09-06T16:55:51.511,3704,0,0,50,0,0,0,0,0,0,0x03
2026-09-06T16:55:51.511,3707,0,2,50,0,0,0,0,0,0,0x03
2026-09-06T16:55:51.576,3706,0,0,55,0,0,0,0,0,0,0x03
2026-09-06T16:55:51.576,3709,0,2,51,0,0,0,0,0,0,0x03
2026-09-06T16:55:51.657,3708,0,0,51,0,0,0,0,0,0,0x03
2026-09-06T16:55:51.657,3711,0,2,51,0,0,0,0,0,0,0x03
2026-09-06T16:55:51.723,3710,0,0,50,0,0,0,0,0,0,0x03
2026-09-06T16:55:51.723,3713,0,2,52,0,0,16155,0,0,17547,0x07
2026-09-06T16:55:51.788,3712,0,0,51,0,0,6436,0,0,14506,0x07
2026-09-06T16:55:51.788,3715,0,2,52,0,0,0,0,0,0,0x03
2026-09-06T16:55:51.853,3714,0,0,51,0,0,0,0,0,0,0x03
2026-09-06T16:55:51.853,3717,0,2,50,0,0,0,0,0,0,0x03
2026-09-06T16:55:51.919,3716,0,0,52,0,0,0,0,0,0,0x03
2026-09-06T16:55:51.919,3719,0,2,50,0,0,0,0,0,0,0x03
2026-09-06T16:55:51.983,3718,0,0,51,0,0,0,0,0,0,0x03
2026-09-06T16:55:51.983,3721,0,2,50,0,0,16155,0,0,17547,0x07
2026-09-06T16:55:52.048,3720,0,0,50,0,0,6409,0,0,14532,0x07
2026-09-06T16:55:52.048,3723,0,2,52,-1687,-173,22589,1750,38,24821,0x07
2026-09-06T16:55:52.113,3722,0,0,50,303,0,7697,1436,0,20634,0x07
2026-09-06T16:55:52.113,3725,0,2,51,0,0,0,0,0,0,0x03
2026-09-06T16:55:52.195,3724,0,0,51,310,0,7784,1429,0,20546,0x07
2026-09-06T16:55:52.195,3727,0,2,51,0,0,10164,0,0,12113,0x07
2026-09-06T16:55:52.260,3726,0,0,51,329,0,8033,1409,0,20303,0x07
2026-09-06T16:55:52.260,3729,0,2,52,949,212,13300,1133,58,16684,0x07
2026-09-06T16:55:52.325,3728,0,0,52,286,0,7479,1453,0,20850,0x07
2026-09-06T16:55:52.325,3731,0,2,52,1427,231,19121,1830,269,24881,0x07
2026-09-06T16:55:52.389,3730,0,0,53,327,0,8003,1411,0,20329,0x07
2026-09-06T16:55:52.389,3733,0,2,50,2120,160,27997,2409,140,32996,0x07
2026-09-06T16:55:52.455,3732,0,0,50,327,0,8003,1411,0,20329,0x07
2026-09-06T16:55:52.455,3735,0,2,51,2541,255,32811,2810,275,37660,0x07
2026-09-06T16:55:52.521,3734,0,0,51,303,0,7693,1436,0,20637,0x07
2026-09-06T16:55:52.521,3737,0,2,51,2566,490,32112,2934,2020,31861,0x07
2026-09-06T16:55:52.585,3736,0,0,52,301,0,7676,1437,0,20655,0x07
2026-09-06T16:55:52.585,3739,0,2,51,2547,725,30883,2945,1235,35344,0x07
2026-09-06T16:55:52.650,3738,0,0,50,283,0,7436,1457,0,20894,0x07
2026-09-06T16:55:52.651,3741,0,2,50,2426,760,29237,2876,1600,32894,0x07
2026-09-06T16:55:52.731,3740,0,0,50,325,0,7985,1413,0,20350,0x07
2026-09-06T16:55:52.731,3743,0,2,51,948,314,12846,1801,1333,19989,0x07
2026-09-06T16:55:52.796,3742,0,0,52,308,0,7759,1431,0,20572,0x07
2026-09-06T16:55:52.796,3745,0,2,52,0,0,0,0,0,0,0x03
2026-09-06T16:55:52.861,3744,0,0,51,0,0,0,0,0,0,0x03
2026-09-06T16:55:52.861,3747,0,2,51,0,0,0,0,0,0,0x03
2026-09-06T16:55:52.926,3746,0,0,50,0,0,0,0,0,0,0x03
2026-09-06T16:55:52.926,3749,0,2,55,0,0,0,0,0,0,0x03
2026-09-06T16:55:52.991,3748,0,0,50,0,0,0,0,0,0,0x03
2026-09-06T16:55:52.991,3751,0,2,52,0,0,0,0,0,0,0x03
2026-09-06T16:55:53.056,3750,0,0,50,0,0,0,0,0,0,0x03
2026-09-06T16:55:53.056,3753,0,2,52,0,0,0,0,0,0,0x03
2026-09-06T16:55:53.121,3752,0,0,51,0,0,0,0,0,0,0x03
2026-09-06T16:55:53.121,3755,0,2,55,0,0,0,0,0,0,0x03
2026-09-06T16:55:53.186,3754,0,0,52,0,0,0,0,0,0,0x03
2026-09-06T16:55:53.186,3757,0,2,53,0,0,0,0,0,0,0x03
2026-09-06T16:55:53.268,3756,0,0,51,0,0,0,0,0,0,0x03
2026-09-06T16:55:53.268,3759,0,2,52,0,0,0,0,0,0,0x03
2026-09-06T16:55:53.332,3758,0,0,51,0,0,0,0,0,0,0x03
2026-09-06T16:55:53.332,3761,0,2,51,0,0,0,0,0,0,0x03
2026-09-06T16:55:53.397,3760,0,0,52,0,0,0,0,0,0,0x03
2026-09-06T16:55:53.397,3763,0,2,50,0,0,0,0,0,0,0x03
2026-09-06T16:55:53.462,3762,0,0,54,0,0,0,0,0,0,0x03
2026-09-06T16:55:53.462,3765,0,2,52,0,0,0,0,0,0,0x03
2026-09-06T16:55:53.528,3764,0,0,51,0,0,0,0,0,0,0x03
2026-09-06T16:55:53.528,3767,0,2,51,0,0,0,0,0,0,0x03
2026-09-06T16:55:53.592,3766,0,0,51,0,0,0,0,0,0,0x03
2026-09-06T16:55:53.592,3769,0,2,51,0,0,0,0,0,0,0x03
2026-09-06T16:55:53.657,3768,0,0,51,0,0,0,0,0,0,0x03
2026-09-06T16:55:53.657,3771,0,2,50,0,0,0,0,0,0,0x03
2026-09-06T16:55:53.722,3773,0,2,52,0,0,0,0,0,0,0x03
2026-09-06T16:55:53.788,3770,0,0,51,0,0,0,0,0,0,0x03
2026-09-06T16:55:53.788,3773,0,2,53,0,0,0,0,0,0,0x03
2026-09-06T16:55:53.853,3772,0,0,52,0,0,0,0,0,0,0x03
2026-09-06T16:55:53.853,3773,0,2,50,0,0,0,0,0,0,0x03
2026-09-06T16:55:53.934,3772,0,0,54,0,0,0,0,0,0,0x03
2026-09-06T16:55:53.934,3779,0,2,50,0,0,0,0,0,0,0x03
2026-09-06T16:55:54.000,3778,0,0,50,0,0,0,0,0,0,0x03
2026-09-06T16:55:54.000,3781,0,2,51,0,0,0,0,0,0,0x03
2026-09-06T16:55:54.065,3780,0,0,51,0,0,0,0,0,0,0x03
2026-09-06T16:55:54.065,3783,0,2,51,0,0,0,0,0,0,0x03
2026-09-06T16:55:54.130,3782,0,0,54,0,0,0,0,0,0,0x03
2026-09-06T16:55:54.130,3785,0,2,50,0,0,0,0,0,0,0x03
2026-09-06T16:55:54.196,3784,0,0,51,0,0,0,0,0,0,0x03
2026-09-06T16:55:54.196,3787,0,2,51,0,0,0,0,0,0,0x03
2026-09-06T16:55:54.261,3786,0,0,50,0,0,0,0,0,0,0x03
2026-09-06T16:55:54.261,3789,0,2,54,0,0,0,0,0,0,0x03
2026-09-06T16:55:54.326,3788,0,0,51,0,0,0,0,0,0,0x03
2026-09-06T16:55:54.326,3791,0,2,52,0,0,0,0,0,0,0x03
2026-09-06T16:55:54.390,3790,0,0,51,0,0,0,0,0,0,0x03
2026-09-06T16:55:54.391,3793,0,2,50,0,0,0,0,0,0,0x03
2026-09-06T16:55:54.471,3792,0,0,50,0,0,0,0,0,0,0x03
2026-09-06T16:55:54.471,3795,0,2,51,0,0,0,0,0,0,0x03
2026-09-06T16:55:54.536,3794,0,0,51,0,0,0,0,0,0,0x03
2026-09-06T16:55:54.536,3797,0,2,55,0,0,0,0,0,0,0x03
2026-09-06T16:55:54.601,3796,0,0,53,0,0,0,0,0,0,0x03
2026-09-06T16:55:54.601,3799,0,2,50,0,0,0,0,0,0,0x03
2026-09-06T16:55:54.666,3798,0,0,50,0,0,0,0,0,0,0x03
2026-09-06T16:55:54.666,3801,0,2,51,0,0,0,0,0,0,0x03
2026-09-06T16:55:54.731,3800,0,0,52,0,0,0,0,0,0,0x03
2026-09-06T16:55:54.731,3803,0,2,50,0,0,0,0,0,0,0x03
2026-09-06T16:55:54.796,3802,0,0,55,0,0,0,0,0,0,0x03
2026-09-06T16:55:54.796,3805,0,2,51,0,0,0,0,0,0,0x03
2026-09-06T16:55:54.862,3804,0,0,52,0,0,0,0,0,0,0x03
2026-09-06T16:55:54.862,3807,0,2,50,0,0,0,0,0,0,0x03
2026-09-06T16:55:54.927,3806,0,0,50,0,0,0,0,0,0,0x03
2026-09-06T16:55:54.927,3809,0,2,53,0,0,0,0,0,0,0x03
2026-09-06T16:55:54.992,3808,0,0,51,0,0,0,0,0,0,0x03
2026-09-06T16:55:54.992,3811,0,2,51,0,0,0,0,0,0,0x03
