timestamp,sequence,team,robot_id,interval_ms,left_target_eps,left_measured_eps,left_duty,right_target_eps,right_measured_eps,right_duty,flags
2026-09-06T10:50:04.880,620,0,2,50,151,0,4160,1593,0,21905,0x07
2026-09-06T10:50:04.944,621,0,2,51,0,0,3531,0,0,15113,0x07
2026-09-06T10:50:05.009,622,0,2,51,0,0,0,0,0,0,0x03
2026-09-06T10:50:05.090,0,0,2,51,0,0,0,0,0,0,0x03
2026-09-06T10:50:05.155,1,0,2,52,0,0,0,0,0,0,0x03
2026-09-06T10:50:05.219,2,0,2,52,0,0,0,0,0,0,0x03
2026-09-06T10:50:05.284,3,0,2,51,0,0,0,0,0,0,0x03
2026-09-06T10:50:05.349,4,0,2,51,0,0,0,0,0,0,0x03
2026-09-06T10:50:05.414,5,0,2,51,0,0,0,0,0,0,0x03
2026-09-06T10:50:05.478,6,0,2,50,0,0,0,0,0,0,0x03
2026-09-06T10:50:05.543,7,0,2,55,0,0,0,0,0,0,0x03
2026-09-06T10:50:05.624,8,0,2,52,0,0,0,0,0,0,0x03
2026-09-06T10:50:05.689,9,0,2,52,0,0,0,0,0,0,0x03
2026-09-06T10:50:05.754,10,0,2,50,0,0,0,0,0,0,0x03
2026-09-06T10:50:05.819,11,0,2,51,0,0,0,0,0,0,0x03
2026-09-06T10:50:05.884,12,0,2,51,0,0,0,0,0,0,0x03
2026-09-06T10:50:05.949,13,0,2,50,0,0,0,0,0,0,0x03
2026-09-06T10:50:06.014,14,0,2,51,0,0,0,0,0,0,0x03
2026-09-06T10:50:06.079,15,0,2,52,0,0,0,0,0,0,0x03
2026-09-06T10:50:06.160,16,0,2,51,0,0,0,0,0,0,0x03
2026-09-06T10:50:06.225,17,0,2,50,0,0,0,0,0,0,0x03
2026-09-06T10:50:06.290,18,0,2,51,0,0,0,0,0,0,0x03
2026-09-06T10:50:06.355,19,0,2,52,0,0,0,0,0,0,0x03
2026-09-06T10:50:06.420,20,0,2,54,0,0,0,0,0,0,0x03
2026-09-06T10:50:06.485,21,0,2,51,0,0,0,0,0,0,0x03
2026-09-06T10:50:06.549,22,0,2,50,0,0,0,0,0,0,0x03
2026-09-06T10:50:06.630,23,0,2,51,0,0,0,0,0,0,0x03
2026-09-06T10:50:06.695,24,0,2,50,0,0,0,0,0,0,0x03
2026-09-06T10:50:06.761,25,0,2,50,0,0,0,0,0,0,0x03
2026-09-06T10:50:07.020,26,0,2,51,0,0,0,0,0,0,0x03
2026-09-06T10:50:07.085,27,0,2,51,0,0,0,0,0,0,0x03
2026-09-06T10:50:07.166,28,0,2,50,0,0,0,0,0,0,0x03
2026-09-06T10:50:07.230,29,0,2,51,0,0,0,0,0,0,0x03
2026-09-06T10:50:07.295,33,0,2,50,0,0,0,0,0,0,0x03
2026-09-06T10:50:07.360,34,0,2,52,0,0,0,0,0,0,0x03
2026-09-06T10:50:07.425,35,0,2,50,0,0,0,0,0,0,0x03
2026-09-06T10:50:07.489,36,0,2,55,0,0,0,0,0,0,0x03
2026-09-06T10:50:07.554,37,0,2,52,0,0,0,0,0,0,0x03
2026-09-06T10:50:07.619,38,0,2,51,0,0,0,0,0,0,0x03
2026-09-06T10:50:07.699,39,0,2,51,0,0,0,0,0,0,0x03
2026-09-06T10:50:07.764,40,0,2,50,0,0,0,0,0,0,0x03
2026-09-06T10:50:07.829,41,0,2,52,0,0,0,0,0,0,0x03
2026-09-06T10:50:07.894,42,0,2,51,0,0,0,0,0,0,0x03
2026-09-06T10:50:07.959,43,0,2,50,0,0,0,0,0,0,0x03
2026-09-06T10:50:08.023,44,0,2,51,0,0,0,0,0,0,0x03
2026-09-06T10:50:08.088,45,0,2,50,0,0,0,0,0,0,0x03
2026-09-06T10:50:08.169,46,0,2,53,0,0,0,0,0,0,0x03
2026-09-06T10:50:08.233,47,0,2,50,0,0,0,0,0,0,0x03
2026-09-06T10:50:08.298,48,0,2,50,0,0,0,0,0,0,0x03
2026-09-06T10:50:08.363,49,0,2,51,0,0,0,0,0,0,0x03
2026-09-06T10:50:08.428,50,0,2,51,0,0,0,0,0,0,0x03
2026-09-06T10:50:08.492,51,0,2,51,0,0,0,0,0,0,0x03
2026-09-06T10:50:08.573,52,0,2,52,0,0,0,0,0,0,0x03
2026-09-06T10:50:08.638,53,0,2,50,0,0,0,0,0,0,0x03
2026-09-06T10:50:08.703,54,0,2,52,0,0,0,0,0,0,0x03
2026-09-06T10:50:08.768,55,0,2,54,0,0,0,0,0,0,0x03
2026-09-06T10:50:08.833,56,0,2,52,0,0,0,0,0,0,0x03
2026-09-06T10:50:08.898,57,0,2,50,0,0,0,0,0,0,0x03
2026-09-06T10:50:08.963,58,0,2,50,0,0,0,0,0,0,0x03
2026-09-06T10:50:09.028,59,0,2,52,0,0,0,0,0,0,0x03
2026-09-06T10:50:09.093,60,0,2,50,0,0,0,0,0,0,0x03
2026-09-06T10:50:09.174,61,0,2,52,0,0,0,0,0,0,0x03
2026-09-06T10:50:09.239,62,0,2,51,0,0,0,0,0,0,0x03
2026-09-06T10:50:09.304,63,0,2,50,0,0,0,0,0,0,0x03
2026-09-06T10:50:09.370,64,0,2,52,0,0,0,0,0,0,0x03
2026-09-06T10:50:09.435,65,0,2,53,0,0,0,0,0,0,0x03
2026-09-06T10:50:09.499,66,0,2,52,0,0,0,0,0,0,0x03
2026-09-06T10:50:09.564,67,0,2,51,0,0,0,0,0,0,0x03
2026-09-06T10:50:09.630,68,0,2,50,0,0,0,0,0,0,0x03
2026-09-06T10:50:09.710,69,0,2,50,0,0,0,0,0,0,0x03
2026-09-06T10:50:09.775,70,0,2,51,0,0,0,0,0,0,0x03
2026-09-06T10:50:09.840,71,0,2,53,-12,0,2490,1763,0,24027,0x07
2026-09-06T10:50:09.905,72,0,2,51,0,0,6491,1763,118,23527,0x07
2026-09-06T10:50:09.970,73,0,2,51,535,137,8182,1195,235,15927,0x07
2026-09-06T10:50:10.035,74,0,2,51,535,118,8265,1195,353,15427,0x07
2026-09-06T10:50:10.100,75,0,2,55,537,218,7862,1193,564,14505,0x07
2026-09-06T10:50:10.165,76,0,2,51,537,235,7789,1193,608,14317,0x07
2026-09-06T10:50:10.246,77,0,2,51,535,275,7602,1195,667,14089,0x07
2026-09-06T10:50:10.311,78,0,2,51,643,275,8894,1215,706,14181,0x07
2026-09-06T10:50:10.376,79,0,2,50,1099,320,14169,1581,660,18951,0x07
2026-09-06T10:50:10.441,80,0,2,50,1548,360,19391,1974,720,23604,0x07
2026-09-06T10:50:10.507,81,0,2,50,2385,600,28427,2683,1000,31273,0x07
2026-09-06T10:50:10.571,82,0,2,51,2385,784,27644,2683,1157,30606,0x07
2026-09-06T10:50:10.636,83,0,2,50,2716,960,30866,2975,1320,33561,0x07
2026-09-06T10:50:10.702,84,0,2,50,2957,1220,32650,3179,1520,35270,0x07
2026-09-06T10:50:10.767,85,0,2,51,3129,1529,33404,3318,1961,35126,0x07
2026-09-06T10:50:10.848,86,0,2,50,3300,1800,34308,3411,2060,35876,0x07
2026-09-06T10:50:10.912,87,0,2,50,0,0,0,0,0,0,0x03
2026-09-06T10:50:10.978,88,0,2,50,0,0,0,0,0,0,0x03
2026-09-06T10:50:11.042,89,0,2,51,0,0,0,0,0,0,0x03
2026-09-06T10:50:11.108,90,0,2,52,3374,115,40000,3060,77,39911,0x07
2026-09-06T10:50:11.173,91,0,2,50,3374,2780,31030,3060,3020,27403,0x07
2026-09-06T10:50:11.238,92,0,2,51,3079,1745,31884,2764,2510,25876,0x07
2026-09-06T10:50:11.319,93,0,2,51,2761,1824,27731,2385,1392,25888,0x07
2026-09-06T10:50:11.383,94,0,2,54,2385,1907,22871,2037,1667,20364,0x07
2026-09-06T10:50:11.448,95,0,2,52,2385,1962,22640,2037,1692,20255,0x07
2026-09-06T10:50:11.512,96,0,2,50,2521,2000,24105,2314,1560,24277,0x07
2026-09-06T10:50:11.577,97,0,2,50,2706,2020,26236,2557,1700,26731,0x07
2026-09-06T10:50:11.642,98,0,2,51,2867,2137,27674,2761,1765,29003,0x07
2026-09-06T10:50:11.707,99,0,2,51,3029,2000,30201,3000,1882,31482,0x07
2026-09-06T10:50:11.772,100,0,2,51,3174,2196,31110,3222,2078,33431,0x07
2026-09-06T10:50:11.853,101,0,2,51,3267,2373,31478,3333,2216,34238,0x07
2026-09-06T10:50:11.918,102,0,2,51,3319,2549,31351,3452,2294,35388,0x07
2026-09-06T10:50:11.984,103,0,2,53,3364,2660,31421,3498,2585,34725,0x07
2026-09-06T10:50:12.048,104,0,2,51,3364,2588,31728,3498,2529,34961,0x07
2026-09-06T10:50:12.114,105,0,2,50,3374,2860,30686,3494,2640,34447,0x07
2026-09-06T10:50:12.179,106,0,2,51,3374,2725,31261,3471,2627,34212,0x07
2026-09-06T10:50:12.244,107,0,2,56,1420,2643,8157,1216,2732,5582,0x07
2026-09-06T10:50:12.309,108,0,2,50,1420,1920,11229,1216,1800,9544,0x07
2026-09-06T10:50:12.390,109,0,2,51,1749,1627,16417,3069,1020,36020,0x07
2026-09-06T10:50:12.439,110,0,2,50,1576,2220,11829,2247,2720,18512,0x07
2026-09-06T10:50:12.520,111,0,2,50,949,1360,7955,1696,1640,16217,0x07
2026-09-06T10:50:12.585,112,0,2,50,442,1320,2041,1291,1640,11159,0x07
2026-09-06T10:50:12.650,113,0,2,55,3143,727,36979,-1510,-55,20632,0x07
2026-09-06T10:50:12.715,114,0,2,50,3143,1960,31740,0,0,3477,0x07
2026-09-06T10:50:12.780,115,0,2,50,1514,1180,15496,180,460,2287,0x07
2026-09-06T10:50:12.845,116,0,2,50,1559,940,17059,133,340,2210,0x07
2026-09-06T10:50:12.926,117,0,2,51,0,0,20162,89,216,2186,0x07
2026-09-06T10:50:12.975,118,0,2,51,0,0,3257,3500,137,40000,0x07
2026-09-06T10:50:13.057,119,0,2,53,3374,453,40000,-2361,0,31503,0x07
2026-09-06T10:50:13.122,120,0,2,50,1383,1560,12317,315,180,5164,0x07
2026-09-06T10:50:13.187,121,0,2,50,1383,560,16567,315,680,3039,0x07
2026-09-06T10:50:13.253,122,0,2,51,1300,549,15609,402,196,6181,0x07
2026-09-06T10:50:13.318,123,0,2,56,1310,625,15408,391,0,6883,0x07
2026-09-06T10:50:13.383,124,0,2,50,1310,640,15345,391,0,6883,0x07
2026-09-06T10:50:13.448,125,0,2,50,1252,680,14486,451,320,6267,0x07
2026-09-06T10:50:13.513,126,0,2,50,1242,620,14615,462,460,5807,0x07
2026-09-06T10:50:13.594,127,0,2,51,1172,549,14079,534,392,7001,0x07
2026-09-06T10:50:13.659,128,0,2,52,1133,577,13489,575,269,8031,0x07
2026-09-06T10:50:13.724,129,0,2,54,1207,519,14622,791,222,10939,0x07
2026-09-06T10:50:13.789,130,0,2,52,1207,538,14537,791,365,10330,0x07
2026-09-06T10:50:13.854,131,0,2,52,1665,654,19547,1335,250,17614,0x07
2026-09-06T10:50:13.919,132,0,2,52,2049,673,24082,1786,481,22268,0x07
2026-09-06T10:50:13.983,133,0,2,54,2647,944,30102,2518,796,30082,0x07
2026-09-06T10:50:14.048,134,0,2,50,2647,1020,29781,2518,900,29642,0x07
2026-09-06T10:50:14.130,135,0,2,51,2886,1235,31738,2827,1000,33079,0x07
2026-09-06T10:50:14.195,136,0,2,50,3042,1480,32565,3000,1160,34561,0x07
2026-09-06T10:50:14.260,137,0,2,51,3165,1667,33251,3187,1549,35239,0x07
2026-09-06T10:50:14.325,138,0,2,50,3252,1820,33643,3301,1800,35602,0x07
2026-09-06T10:50:14.391,139,0,2,54,3331,2167,33126,3404,2037,35881,0x07
2026-09-06T10:50:14.456,140,0,2,50,3331,2340,32390,3404,2140,35443,0x07
2026-09-06T10:50:14.521,141,0,2,50,3351,2520,31864,3382,2240,34748,0x07
2026-09-06T10:50:14.586,142,0,2,51,3344,2353,32480,3304,2275,33625,0x07
2026-09-06T10:50:14.667,143,0,2,51,3315,2529,31390,3286,2431,32735,0x07
2026-09-06T10:50:14.732,144,0,2,50,3252,2760,29644,3100,2560,29853,0x07
2026-09-06T10:50:14.796,145,0,2,53,2323,2585,19243,1846,2302,15280,0x07
2026-09-06T10:50:14.861,146,0,2,50,2323,2360,20199,1846,2180,15798,0x07
2026-09-06T10:50:14.926,147,0,2,51,1691,2314,12809,1004,2000,6047,0x07
2026-09-06T10:50:14.992,148,0,2,51,1300,2000,9443,402,1431,931,0x07
2026-09-06T10:50:15.056,149,0,2,57,1373,1632,11892,326,1175,1066,0x07
2026-09-06T10:50:15.121,150,0,2,51,1373,1490,12493,326,902,2228,0x07
2026-09-06T10:50:15.203,151,0,2,51,1413,1314,13724,284,608,2957,0x07
2026-09-06T10:50:15.268,152,0,2,51,1334,1294,12856,366,392,4901,0x07
2026-09-06T10:50:15.332,153,0,2,50,1352,1220,13445,348,340,4891,0x07
2026-09-06T10:50:15.397,154,0,2,50,1317,920,14326,384,340,5347,0x07
2026-09-06T10:50:15.462,155,0,2,53,1182,792,13289,524,434,6701,0x07
2026-09-06T10:50:15.591,156,0,2,50,1182,760,13452,524,520,6335,0x07
2026-09-06T10:50:15.656,157,0,2,50,1148,780,12986,559,520,6769,0x07
2026-09-06T10:50:15.736,158,0,2,55,1220,782,13897,852,273,11486,0x07
2026-09-06T10:50:15.801,159,0,2,50,1220,660,14440,852,360,11115,0x07
2026-09-06T10:50:15.866,161,0,2,50,0,0,0,0,0,0,0x03
2026-09-06T10:50:15.931,162,0,2,50,0,0,24599,0,0,25574,0x07
2026-09-06T10:50:15.996,163,0,2,51,2801,882,32755,2859,725,34641,0x07
2026-09-06T10:50:16.061,164,0,2,50,3133,1000,36298,3266,920,38896,0x07
2026-09-06T10:50:16.125,165,0,2,53,3316,1340,37073,3500,1189,40000,0x07
2026-09-06T10:50:16.206,166,0,2,50,3316,1600,35966,3500,1280,40000,0x07
2026-09-06T10:50:16.271,167,0,2,51,3301,1784,35006,3500,1588,38987,0x07
2026-09-06T10:50:16.336,168,0,2,58,3178,2121,32074,3488,2017,37015,0x07
2026-09-06T10:50:16.401,169,0,2,51,3178,2353,31087,3488,2196,36255,0x07
2026-09-06T10:50:16.466,170,0,2,51,2980,2353,28683,3388,2333,34420,0x07
2026-09-06T10:50:16.531,171,0,2,51,2827,2373,26738,3245,2294,32803,0x07
2026-09-06T10:50:16.596,172,0,2,55,1457,2327,10246,2261,2491,19665,0x07
2026-09-06T10:50:16.661,173,0,2,51,1457,1843,12304,2261,2275,20585,0x07
2026-09-06T10:50:16.742,174,0,2,50,1053,1460,9010,1755,2260,14317,0x07
2026-09-06T10:50:16.807,175,0,2,51,637,1902,2062,1361,1902,10922,0x07
2026-09-06T10:50:16.872,176,0,2,51,460,1098,3321,1274,1176,12911,0x07
2026-09-06T10:50:16.937,177,0,2,50,459,860,4325,1274,1220,12730,0x07
2026-09-06T10:50:17.002,178,0,2,54,-479,-19,8144,2247,815,26609,0x07
2026-09-06T10:50:17.067,179,0,2,51,0,0,3941,2247,1020,25739,0x07
2026-09-06T10:50:17.132,180,0,2,51,195,275,3605,1547,824,17831,0x07
2026-09-06T10:50:17.197,181,0,2,51,205,176,4136,1538,902,17376,0x07
2026-09-06T10:50:17.278,182,0,2,54,268,37,5498,1472,852,16771,0x07
2026-09-06T10:50:17.343,183,0,2,50,0,0,0,0,0,0,0x03
2026-09-06T10:50:17.407,184,0,2,51,0,0,5703,0,0,12853,0x07
2026-09-06T10:50:17.472,185,0,2,57,499,158,7793,1233,842,13821,0x07
2026-09-06T10:50:17.536,186,0,2,51,499,412,6714,1233,667,14567,0x07
2026-09-06T10:50:17.601,187,0,2,51,569,196,8490,1160,686,13573,0x07
2026-09-06T10:50:17.666,188,0,2,52,606,58,9523,1122,558,13642,0x07
2026-09-06T10:50:17.732,189,0,2,56,1283,143,17406,1723,554,21171,0x07
2026-09-06T10:50:17.813,190,0,2,50,1283,280,16823,1723,540,21228,0x07
2026-09-06T10:50:17.877,191,0,2,50,1702,380,21497,2112,560,26009,0x07
2026-09-06T10:50:17.943,192,0,2,51,2266,824,26489,2563,765,30772,0x07
2026-09-06T10:50:18.007,193,0,2,50,2586,940,29886,2873,840,34327,0x07
2026-09-06T10:50:18.072,194,0,2,50,2747,1100,31165,3045,1040,35635,0x07
2026-09-06T10:50:18.137,195,0,2,52,2921,1442,31826,3225,1692,35102,0x07
2026-09-06T10:50:18.202,196,0,2,51,2921,1647,30956,3225,1804,34628,0x07
2026-09-06T10:50:18.282,197,0,2,50,2713,1820,27698,3144,1760,33813,0x07
2026-09-06T10:50:18.347,198,0,2,50,2450,2020,23635,2950,1960,30531,0x07
2026-09-06T10:50:18.412,199,0,2,51,2172,1863,20926,2712,1941,27641,0x07
2026-09-06T10:50:18.477,200,0,2,50,1573,1980,13128,0,0,12088,0x07
2026-09-06T10:50:18.541,201,0,2,54,1502,1926,12502,191,19,4307,0x07
2026-09-06T10:50:18.606,202,0,2,51,1502,1569,14021,191,745,1219,0x07
2026-09-06T10:50:18.671,203,0,2,52,1483,1538,13912,212,865,961,0x07
2026-09-06T10:50:18.736,204,0,2,50,1137,1580,9527,570,600,6568,0x07
2026-09-06T10:50:18.817,205,0,2,54,1380,1333,13534,318,370,4394,0x07
2026-09-06T10:50:18.882,206,0,2,50,1380,1140,14355,318,240,4948,0x07
2026-09-06T10:50:18.947,207,0,2,50,1318,940,14446,383,320,5418,0x07
2026-09-06T10:50:19.012,208,0,2,50,1566,940,17465,126,200,2713,0x07
2026-09-06T10:50:19.077,209,0,2,52,1271,1019,13542,431,77,7055,0x07
2026-09-06T10:50:19.141,210,0,2,51,1219,1059,12737,485,235,7060,0x07
2026-09-06T10:50:19.206,211,0,2,50,1134,760,12976,573,380,7543,0x07
2026-09-06T10:50:19.271,212,0,2,52,1134,712,13182,573,115,8667,0x07
2026-09-06T10:50:19.352,213,0,2,52,1058,692,12330,653,135,9583,0x07
2026-09-06T10:50:19.416,214,0,2,50,1345,660,15967,997,240,13431,0x07
2026-09-06T10:50:19.481,215,0,2,50,1956,780,22890,1743,700,20807,0x07
2026-09-06T10:50:19.546,216,0,2,50,2401,800,28228,2250,760,26882,0x07
2026-09-06T10:50:19.611,217,0,2,51,2961,1216,33286,2922,1059,34020,0x07
2026-09-06T10:50:19.675,218,0,2,51,2961,1529,31953,2922,1216,33353,0x07
2026-09-06T10:50:19.740,219,0,2,50,3071,1720,32478,3016,1360,33908,0x07
2026-09-06T10:50:19.821,220,0,2,50,2772,1760,28667,2691,1540,29079,0x07
2026-09-06T10:50:19.886,221,0,2,56,1810,2000,15930,1530,1554,14506,0x07
2026-09-06T10:50:19.951,222,0,2,59,1810,1847,16578,1530,1508,14697,0x07
2026-09-06T10:50:20.016,223,0,2,51,0,0,5203,598,1549,2885,0x07
2026-09-06T10:50:20.081,224,0,2,52,379,0,7011,1357,1558,12328,0x07
2026-09-06T10:50:20.145,225,0,2,50,379,1060,2506,1357,1020,14614,0x07
2026-09-06T10:50:20.210,226,0,2,51,314,725,3135,1424,961,15708,0x07
2026-09-06T10:50:20.275,227,0,2,51,254,588,2987,1486,882,16821,0x07
2026-09-06T10:50:20.356,228,0,2,54,268,352,4156,1472,852,16776,0x07
2026-09-06T10:50:20.420,229,0,2,51,268,353,4151,1472,843,16813,0x07
2026-09-06T10:50:20.485,230,0,2,50,287,320,4529,1452,860,16488,0x07
2026-09-06T10:50:20.550,231,0,2,51,334,255,5376,0,0,18763,0x07
2026-09-06T10:50:20.615,232,0,2,52,0,0,20384,0,0,30862,0x07
2026-09-06T10:50:20.680,233,0,2,51,0,0,4602,3500,647,40000,0x07
2026-09-06T10:50:20.745,234,0,2,51,363,569,4397,1373,765,15908,0x07
2026-09-06T10:50:20.825,235,0,2,51,363,353,5314,1373,725,16075,0x07
2026-09-06T10:50:20.890,236,0,2,50,235,280,4062,1388,600,16796,0x07
2026-09-06T10:50:20.955,237,0,2,50,338,100,6088,1388,640,16626,0x07
2026-09-06T10:50:21.020,238,0,2,51,389,78,6800,1346,647,16067,0x07
2026-09-06T10:50:21.084,239,0,2,50,434,100,7251,1300,620,15604,0x07
2026-09-06T10:50:21.150,240,0,2,52,470,115,7625,1263,596,15241,0x07
2026-09-06T10:50:21.215,241,0,2,51,508,196,7747,1223,569,14864,0x07
2026-09-06T10:50:21.279,242,0,2,51,516,216,7753,1215,608,14597,0x07
2026-09-06T10:50:21.360,243,0,2,51,554,275,7968,1176,627,14020,0x07
2026-09-06T10:50:21.425,244,0,2,53,574,245,8334,1155,698,13462,0x07
2026-09-06T10:50:21.490,245,0,2,50,574,320,8017,1155,720,13369,0x07
2026-09-06T10:50:21.555,246,0,2,50,819,280,11174,1368,700,16112,0x07
2026-09-06T10:50:21.620,247,0,2,50,1047,360,13612,1580,700,18768,0x07
2026-09-06T10:50:21.685,248,0,2,51,1334,451,16717,1824,686,21872,0x07
2026-09-06T10:50:21.750,249,0,2,50,1323,500,16381,1875,800,22031,0x07
2026-09-06T10:50:21.815,250,0,2,53,1516,679,17965,1999,981,22805,0x07
2026-09-06T10:50:21.897,251,0,2,50,1516,820,17367,1999,1000,22725,0x07
2026-09-06T10:50:21.962,252,0,2,50,1327,820,15066,1867,980,21160,0x07
2026-09-06T10:50:22.027,253,0,2,51,1234,824,13914,1763,1137,19190,0x07
2026-09-06T10:50:22.093,254,0,2,50,983,940,10362,0,0,11641,0x07
2026-09-06T10:50:22.158,255,0,2,51,2786,863,32649,0,0,3586,0x07
2026-09-06T10:50:22.223,256,0,2,54,1537,981,16932,156,537,1661,0x07
2026-09-06T10:50:22.288,257,0,2,51,1537,1157,16187,156,451,2027,0x07
2026-09-06T10:50:22.353,258,0,2,51,1523,1098,16276,170,314,2780,0x07
2026-09-06T10:50:22.435,259,0,2,50,595,1060,5130,2008,240,26073,0x07
2026-09-06T10:50:22.483,260,0,2,51,980,843,10749,0,0,3326,0x07
2026-09-06T10:50:22.565,261,0,2,51,785,843,8374,0,0,3005,0x07
2026-09-06T10:50:22.630,262,0,2,51,1569,569,19077,123,20,3444,0x07
2026-09-06T10:50:22.695,263,0,2,50,1154,780,13128,553,280,7713,0x07
2026-09-06T10:50:22.760,264,0,2,50,1115,640,13247,594,60,9157,0x07
2026-09-06T10:50:22.825,265,0,2,52,1064,692,12405,646,115,9581,0x07
2026-09-06T10:50:22.890,266,0,2,50,1440,720,16872,1099,380,14113,0x07
2026-09-06T10:50:22.971,267,0,2,51,1976,686,23535,1744,196,22957,0x07
2026-09-06T10:50:23.019,268,0,2,51,2443,784,28809,2319,471,28978,0x07
2026-09-06T10:50:23.101,269,0,2,51,2808,1235,31338,2773,784,33318,0x07
2026-09-06T10:50:23.166,270,0,2,50,3091,1360,34250,3173,1040,37227,0x07
2026-09-06T10:50:23.231,271,0,2,50,3247,1440,35812,3354,1360,38129,0x07
2026-09-06T10:50:23.296,272,0,2,51,3310,1725,35359,3500,1569,39070,0x07
2026-09-06T10:50:23.361,273,0,2,50,3294,1880,34518,3500,1720,38427,0x07
2026-09-06T10:50:23.426,274,0,2,51,3258,1863,34151,3500,1804,38070,0x07
2026-09-06T10:50:23.507,275,0,2,53,3089,2113,31020,3434,2132,35849,0x07
2026-09-06T10:50:23.555,276,0,2,50,3089,2080,31161,3434,2280,35220,0x07
2026-09-06T10:50:23.636,277,0,2,50,2913,2260,28260,3320,2460,33033,0x07
2026-09-06T10:50:23.701,278,0,2,53,2743,2132,26733,3176,2415,31427,0x07
2026-09-06T10:50:23.766,279,0,2,50,2585,2360,23939,3036,2420,29647,0x07
2026-09-06T10:50:23.832,280,0,2,50,2378,2100,22510,2869,2480,27310,0x07
2026-09-06T10:50:23.897,281,0,2,51,2373,2137,22287,2709,2235,26355,0x07
2026-09-06T10:50:23.961,282,0,2,51,2373,2176,22163,2709,2216,26438,0x07
2026-09-06T10:50:24.043,283,0,2,50,2212,2240,19969,2690,2180,26345,0x07
2026-09-06T10:50:24.091,284,0,2,50,1623,2120,13268,2291,2460,20173,0x07
2026-09-06T10:50:24.173,285,0,2,51,269,863,2037,1206,1569,10405,0x07
2026-09-06T10:50:24.238,286,0,2,51,0,0,2668,1364,1137,14206,0x07
2026-09-06T10:50:24.303,287,0,2,54,214,19,4957,1528,1741,13689,0x07
2026-09-06T10:50:24.368,288,0,2,50,214,720,1976,1528,1720,13777,0x07
2026-09-06T10:50:24.433,289,0,2,51,0,0,0,0,0,0,0x03
2026-09-06T10:50:24.499,290,0,2,51,0,0,4822,0,0,13846,0x07
2026-09-06T10:50:24.564,291,0,2,57,464,228,7121,1269,1368,12034,0x07
2026-09-06T10:50:24.629,292,0,2,51,0,0,0,0,0,0,0x03
2026-09-06T10:50:24.710,293,0,2,50,0,0,6893,0,0,11632,0x07
2026-09-06T10:50:24.776,294,0,2,50,561,0,9276,1169,180,15834,0x07
2026-09-06T10:50:24.841,295,0,2,50,297,180,5281,1442,520,17804,0x07
2026-09-06T10:50:24.906,296,0,2,50,574,80,9102,1154,400,14719,0x07
2026-09-06T10:50:24.971,297,0,2,54,592,167,8952,1136,444,14299,0x07
2026-09-06T10:50:25.036,298,0,2,52,592,192,8843,1136,500,14063,0x07
2026-09-06T10:50:25.101,299,0,2,50,911,200,12717,1404,540,17240,0x07
2026-09-06T10:50:25.166,300,0,2,52,1448,288,18913,1868,596,22810,0x07
2026-09-06T10:50:25.247,301,0,2,56,1951,643,23564,2343,839,27708,0x07
2026-09-06T10:50:25.312,302,0,2,50,1951,820,22812,2343,900,27450,0x07
2026-09-06T10:50:25.377,303,0,2,50,2154,980,24618,2551,980,29709,0x07
2026-09-06T10:50:25.441,304,0,2,51,2306,1294,25137,2695,1255,30342,0x07
2026-09-06T10:50:25.506,305,0,2,51,2255,1471,23764,2704,1431,29706,0x07
2026-09-06T10:50:25.571,306,0,2,50,2678,1500,28818,2940,1460,32530,0x07
2026-09-06T10:50:25.636,307,0,2,50,1976,1680,19466,2573,1820,26415,0x07
2026-09-06T10:50:25.700,308,0,2,51,1976,1647,19606,2573,1902,26066,0x07
2026-09-06T10:50:25.781,309,0,2,51,1535,1647,14203,2185,1922,21136,0x07
2026-09-06T10:50:25.846,310,0,2,51,1310,1510,12032,1773,1863,16240,0x07
2026-09-06T10:50:25.911,311,0,2,50,224,680,2264,1252,1360,11864,0x07
2026-09-06T10:50:25.976,312,0,2,52,355,481,4709,1382,1327,13628,0x07
2026-09-06T10:50:26.041,313,0,2,50,2216,2000,21035,1594,1220,16725,0x07
2026-09-06T10:50:26.105,314,0,2,51,2216,1020,25201,1594,1098,17243,0x07
2026-09-06T10:50:26.170,315,0,2,51,1489,1118,15884,836,1020,8114,0x07
2026-09-06T10:50:26.251,316,0,2,51,1036,1118,10341,265,706,2300,0x07
2026-09-06T10:50:26.316,317,0,2,55,1058,927,11419,294,291,4430,0x07
2026-09-06T10:50:26.381,318,0,2,51,1058,1059,10859,294,216,4750,0x07
2026-09-06T10:50:26.511,319,0,2,51,1071,902,11692,390,275,5699,0x07
2026-09-06T10:50:26.576,320,0,2,50,1043,760,11944,492,180,7374,0x07
2026-09-06T10:50:26.641,321,0,2,51,1082,686,12736,657,490,8124,0x07
2026-09-06T10:50:26.706,322,0,2,50,2509,920,29217,2508,360,31814,0x07
2026-09-06T10:50:26.787,324,0,2,50,2509,780,29812,2508,460,31389,0x07
2026-09-06T10:50:26.852,325,0,2,50,3231,920,38056,3500,680,40000,0x07
2026-09-06T10:50:26.917,326,0,2,51,2955,1373,32746,3500,1294,40000,0x07
2026-09-06T10:50:26.981,327,0,2,51,2297,1667,23443,3001,1863,31588,0x07
2026-09-06T10:50:27.046,328,0,2,50,1538,1800,13587,2292,1740,23250,0x07
2026-09-06T10:50:27.111,329,0,2,54,450,1185,2885,1283,1574,11339,0x07
2026-09-06T10:50:27.176,330,0,2,51,450,843,4339,1283,1451,11863,0x07
2026-09-06T10:50:27.241,331,0,2,50,397,960,3189,1338,1300,13195,0x07
2026-09-06T10:50:27.322,332,0,2,51,342,765,3353,1395,1098,14758,0x07
2026-09-06T10:50:27.387,333,0,2,57,389,544,4862,1346,1000,14570,0x07
2026-09-06T10:50:27.452,334,0,2,50,389,480,5133,1346,1060,14315,0x07
2026-09-06T10:50:27.517,335,0,2,51,447,451,5968,1286,882,14319,0x07
2026-09-06T10:50:27.582,336,0,2,51,479,412,6531,1253,784,14315,0x07
2026-09-06T10:50:27.647,337,0,2,51,528,431,7046,1202,824,13514,0x07
2026-09-06T10:50:27.712,338,0,2,52,557,481,7184,1172,712,13623,0x07
2026-09-06T10:50:27.776,339,0,2,51,1163,490,14570,1604,706,19036,0x07
2026-09-06T10:50:27.857,340,0,2,51,1163,314,15320,1604,647,19286,0x07
2026-09-06T10:50:27.922,341,0,2,50,1736,380,22050,2109,660,25544,0x07
2026-09-06T10:50:27.987,342,0,2,50,2335,720,27932,2608,880,30846,0x07
2026-09-06T10:50:28.052,343,0,2,51,2692,980,31195,2945,1098,34137,0x07
2026-09-06T10:50:28.117,344,0,2,50,2911,1340,32351,3151,1220,36192,0x07
2026-09-06T10:50:28.182,345,0,2,51,3248,1647,35173,3392,1588,37640,0x07
2026-09-06T10:50:28.247,346,0,2,50,3248,1880,34183,3392,1760,36956,0x07
2026-09-06T10:50:28.458,347,0,2,51,3264,2118,33363,3450,1824,37456,0x07
2026-09-06T10:50:28.523,348,0,2,51,3214,2118,32759,3465,1980,37030,0x07
2026-09-06T10:50:28.588,349,0,2,50,0,0,26116,0,0,30002,0x07
2026-09-06T10:50:28.653,350,0,2,58,2817,2828,24872,3232,2897,30334,0x07
2026-09-06T10:50:28.718,353,0,2,51,2817,2490,26306,3232,2510,31977,0x07
2026-09-06T10:50:28.783,354,0,2,51,2326,2588,19885,2813,2471,26885,0x07
2026-09-06T10:50:28.848,355,0,2,51,2004,2333,17031,2570,2333,24406,0x07
2026-09-06T10:50:28.929,356,0,2,56,1140,1821,8623,1832,2250,15479,0x07
2026-09-06T10:50:28.994,357,0,2,51,1140,1529,9864,1832,1941,16791,0x07
2026-09-06T10:50:29.058,358,0,2,50,571,1740,2002,1333,1840,10949,0x07
2026-09-06T10:50:29.123,359,0,2,51,483,1039,3913,1249,1353,11962,0x07
2026-09-06T10:50:29.188,360,0,2,50,467,900,4298,1266,1300,12403,0x07
2026-09-06T10:50:29.253,361,0,2,50,474,700,5244,1258,1140,12983,0x07
2026-09-06T10:50:29.318,362,0,2,53,527,453,6934,1204,849,13542,0x07
2026-09-06T10:50:29.399,363,0,2,50,527,400,7158,1204,780,13835,0x07
2026-09-06T10:50:29.447,364,0,2,52,553,404,7460,1177,769,13537,0x07
2026-09-06T10:50:29.528,365,0,2,52,674,346,9193,1184,750,13707,0x07
2026-09-06T10:50:29.593,366,0,2,53,1918,208,25005,2244,811,26777,0x07
2026-09-06T10:50:29.658,367,0,2,50,1918,320,24528,2244,760,26995,0x07
2026-09-06T10:50:29.723,368,0,2,50,2501,600,30482,2743,720,33441,0x07
2026-09-06T10:50:29.788,369,0,2,50,3108,1060,35958,3180,1180,36977,0x07
2026-09-06T10:50:29.853,370,0,2,50,3359,1440,37411,3388,1580,37896,0x07
2026-09-06T10:50:29.935,371,0,2,51,3374,1843,35879,3388,1627,37699,0x07
2026-09-06T10:50:29.984,372,0,2,54,3344,2167,34132,3264,1889,35026,0x07
2026-09-06T10:50:30.065,373,0,2,51,3344,2431,33007,3264,2039,34387,0x07
2026-09-06T10:50:30.130,374,0,2,50,3311,2360,32907,3318,2060,34976,0x07
2026-09-06T10:50:30.195,375,0,2,50,3325,2520,32405,3410,2480,34344,0x07
2026-09-06T10:50:30.260,376,0,2,51,3338,2627,32100,3500,2471,35520,0x07
2026-09-06T10:50:30.390,377,0,2,51,3325,2725,31527,3500,2588,35020,0x07
2026-09-06T10:50:30.455,378,0,2,51,3220,2706,30325,3500,2882,33770,0x07
2026-09-06T10:50:30.520,379,0,2,50,3189,2300,31679,3481,3000,33036,0x07
2026-09-06T10:50:30.601,380,0,2,51,3032,1745,32104,3407,2745,33186,0x07
2026-09-06T10:50:30.666,382,0,2,57,753,2070,2828,1479,2456,10171,0x07
2026-09-06T10:50:30.730,383,0,2,51,753,1176,6626,1479,1824,12859,0x07
2026-09-06T10:50:30.795,384,0,2,50,410,600,4877,1174,1340,11082,0x07
2026-09-06T10:50:30.860,385,0,2,50,190,180,3968,1157,1080,11982,0x07
2026-09-06T10:50:30.925,386,0,2,51,422,20,7496,1312,1098,13862,0x07
2026-09-06T10:50:30.990,387,0,2,51,0,0,0,0,0,0,0x03
2026-09-06T10:50:31.071,388,0,2,50,0,0,0,0,0,0,0x03
2026-09-06T10:50:31.136,389,0,2,52,0,0,0,0,0,0,0x03
2026-09-06T10:50:31.201,390,0,2,50,0,0,0,0,0,0,0x03
2026-09-06T10:50:31.266,391,0,2,50,0,0,0,0,0,0,0x03
2026-09-06T10:50:31.331,392,0,2,52,0,0,0,0,0,0,0x03
2026-09-06T10:50:31.396,393,0,2,51,0,0,0,0,0,0,0x03
2026-09-06T10:50:31.460,394,0,2,50,0,0,0,0,0,0,0x03
2026-09-06T10:50:31.525,395,0,2,51,0,0,0,0,0,0,0x03
2026-09-06T10:50:31.606,396,0,2,50,0,0,0,0,0,0,0x03
2026-09-06T10:50:31.671,397,0,2,51,0,0,0,0,0,0,0x03
2026-09-06T10:50:31.736,398,0,2,50,0,0,0,0,0,0,0x03
2026-09-06T10:50:31.801,399,0,2,50,0,0,0,0,0,0,0x03
2026-09-06T10:50:31.866,400,0,2,51,0,0,0,0,0,0,0x03
2026-09-06T10:50:31.931,401,0,2,50,0,0,0,0,0,0,0x03
2026-09-06T10:50:31.996,402,0,2,52,0,0,0,0,0,0,0x03
2026-09-06T10:50:32.061,403,0,2,50,0,0,0,0,0,0,0x03
2026-09-06T10:50:32.141,404,0,2,51,0,0,0,0,0,0,0x03
2026-09-06T10:50:32.206,405,0,2,50,0,0,0,0,0,0,0x03
2026-09-06T10:50:32.271,406,0,2,50,0,0,0,0,0,0,0x03
2026-09-06T10:50:32.336,407,0,2,51,0,0,0,0,0,0,0x03
2026-09-06T10:50:32.401,408,0,2,51,0,0,0,0,0,0,0x03
2026-09-06T10:50:32.466,409,0,2,52,0,0,0,0,0,0,0x03
2026-09-06T10:50:32.531,410,0,2,55,0,0,0,0,0,0,0x03
2026-09-06T10:50:32.596,411,0,2,51,0,0,0,0,0,0,0x03
2026-09-06T10:50:32.677,412,0,2,50,0,0,0,0,0,0,0x03
2026-09-06T10:50:32.742,413,0,2,50,0,0,0,0,0,0,0x03
2026-09-06T10:50:32.807,414,0,2,51,0,0,0,0,0,0,0x03
2026-09-06T10:50:32.872,415,0,2,50,0,0,0,0,0,0,0x03
2026-09-06T10:50:32.937,416,0,2,51,0,0,0,0,0,0,0x03
2026-09-06T10:50:33.002,417,0,2,52,0,0,0,0,0,0,0x03
2026-09-06T10:50:33.067,418,0,2,51,0,0,0,0,0,0,0x03
2026-09-06T10:50:33.132,419,0,2,50,0,0,0,0,0,0,0x03
2026-09-06T10:50:33.213,420,0,2,51,0,0,0,0,0,0,0x03
2026-09-06T10:50:33.278,421,0,2,52,0,0,0,0,0,0,0x03
2026-09-06T10:50:33.343,422,0,2,50,0,0,0,0,0,0,0x03
2026-09-06T10:50:33.408,423,0,2,50,0,0,0,0,0,0,0x03
2026-09-06T10:50:33.473,424,0,2,50,0,0,0,0,0,0,0x03
2026-09-06T10:50:33.538,425,0,2,52,0,0,0,0,0,0,0x03
2026-09-06T10:50:33.603,426,0,2,50,0,0,0,0,0,0,0x03
2026-09-06T10:50:33.668,427,0,2,50,0,0,0,0,0,0,0x03
2026-09-06T10:50:33.749,428,0,2,51,0,0,0,0,0,0,0x03
2026-09-06T10:50:33.813,429,0,2,51,0,0,0,0,0,0,0x03
2026-09-06T10:50:33.879,430,0,2,50,0,0,0,0,0,0,0x03
2026-09-06T10:50:33.944,431,0,2,51,0,0,0,0,0,0,0x03
2026-09-06T10:50:34.009,432,0,2,50,0,0,0,0,0,0,0x03
2026-09-06T10:50:34.073,433,0,2,52,0,0,0,0,0,0,0x03
2026-09-06T10:50:34.138,434,0,2,50,0,0,0,0,0,0,0x03
2026-09-06T10:50:34.203,435,0,2,51,0,0,0,0,0,0,0x03
2026-09-06T10:50:34.284,436,0,2,52,0,0,0,0,0,0,0x03
2026-09-06T10:50:34.349,437,0,2,51,0,0,0,0,0,0,0x03
2026-09-06T10:50:34.414,438,0,2,52,0,0,0,0,0,0,0x03
2026-09-06T10:50:34.479,439,0,2,51,0,0,0,0,0,0,0x03
2026-09-06T10:50:34.544,440,0,2,50,0,0,0,0,0,0,0x03
2026-09-06T10:50:34.609,441,0,2,51,0,0,0,0,0,0,0x03
2026-09-06T10:50:34.674,442,0,2,50,0,0,0,0,0,0,0x03
2026-09-06T10:50:34.739,443,0,2,50,0,0,0,0,0,0,0x03
2026-09-06T10:50:34.820,444,0,2,51,0,0,0,0,0,0,0x03
2026-09-06T10:50:34.885,445,0,2,55,0,0,0,0,0,0,0x03
2026-09-06T10:50:34.950,446,0,2,52,0,0,0,0,0,0,0x03
2026-09-06T10:50:35.015,447,0,2,51,0,0,0,0,0,0,0x03
2026-09-06T10:50:35.080,448,0,2,50,0,0,0,0,0,0,0x03
2026-09-06T10:50:35.145,449,0,2,51,0,0,28599,0,0,26259,0x07
2026-09-06T10:50:35.210,450,0,2,50,0,0,0,0,0,0,0x03
2026-09-06T10:50:35.291,451,0,2,51,3374,0,40000,3374,20,40000,0x07
2026-09-06T10:50:35.356,452,0,2,50,0,0,0,0,0,0,0x03
2026-09-06T10:50:35.421,453,0,2,51,0,0,28837,0,0,31082,0x07
2026-09-06T10:50:35.486,454,0,2,50,3307,1740,35496,3487,1660,38847,0x07
2026-09-06T10:50:35.551,455,0,2,50,3276,1440,36399,3496,1760,38537,0x07
2026-09-06T10:50:35.616,456,0,2,51,3245,1412,36139,3488,1490,39578,0x07
2026-09-06T10:50:35.681,457,0,2,51,3205,1784,34061,3454,1627,38566,0x07
2026-09-06T10:50:35.746,458,0,2,50,3205,2020,33059,3454,1820,37748,0x07
2026-09-06T10:50:35.811,459,0,2,50,2988,2160,29805,3377,1980,36099,0x07
2026-09-06T10:50:35.876,460,0,2,51,2055,1471,21315,2554,2098,25237,0x07
2026-09-06T10:50:35.957,461,0,2,51,938,1255,8563,1659,1882,14889,0x07
2026-09-06T10:50:36.022,462,0,2,50,0,0,0,0,0,0,0x03
2026-09-06T10:50:36.087,463,0,2,50,0,0,0,0,0,0,0x03
2026-09-06T10:50:36.152,464,0,2,50,0,0,25890,0,0,27730,0x07
2026-09-06T10:50:36.217,465,0,2,50,0,0,0,0,0,0,0x03
2026-09-06T10:50:36.282,466,0,2,50,0,0,0,0,0,0,0x03
2026-09-06T10:50:36.363,467,0,2,51,0,0,20388,0,0,22253,0x07
2026-09-06T10:50:36.412,468,0,2,50,2249,900,26123,2428,680,29682,0x07
2026-09-06T10:50:36.493,469,0,2,52,1517,788,17626,1523,750,17993,0x07
2026-09-06T10:50:36.559,470,0,2,51,1800,941,20442,1695,804,19930,0x07
2026-09-06T10:50:36.624,471,0,2,51,1800,980,20275,1695,824,19847,0x07
2026-09-06T10:50:36.689,472,0,2,50,2428,1160,27203,2384,820,28532,0x07
2026-09-06T10:50:36.755,473,0,2,51,3215,1373,35938,3273,1255,37873,0x07
2026-09-06T10:50:36.820,474,0,2,50,3374,1500,37338,3443,1480,39061,0x07
2026-09-06T10:50:36.885,475,0,2,51,3362,1863,35648,3493,1824,38227,0x07
2026-09-06T10:50:36.950,476,0,2,54,3331,2148,34063,3500,2019,37486,0x07
2026-09-06T10:50:37.031,477,0,2,51,3331,2431,32859,3500,2157,36898,0x07
2026-09-06T10:50:37.096,478,0,2,51,3254,2373,32155,3500,2275,36398,0x07
2026-09-06T10:50:37.162,479,0,2,58,3016,2569,28417,3395,2552,33894,0x07
2026-09-06T10:50:37.227,480,0,2,50,3016,2580,28371,3395,2620,33604,0x07
2026-09-06T10:50:37.292,481,0,2,50,2897,1980,29454,3285,2900,31039,0x07
2026-09-06T10:50:37.357,482,0,2,51,0,0,2569,1572,2667,10460,0x07
2026-09-06T10:50:37.422,483,0,2,51,-20,-588,152,926,1176,8669,0x07
2026-09-06T10:50:37.487,484,0,2,51,0,0,0,0,0,0,0x03
2026-09-06T10:50:37.552,485,0,2,50,0,0,2655,0,0,9299,0x07
2026-09-06T10:50:37.811,486,0,2,52,0,0,0,0,0,0,0x03
2026-09-06T10:50:40.578,487,0,2,51,0,0,0,0,0,0,0x03
2026-09-06T10:50:40.643,488,0,2,50,0,0,0,0,0,0,0x03
2026-09-06T10:50:40.708,489,0,2,50,0,0,15461,0,0,12149,0x07
2026-09-06T10:50:40.773,490,0,2,50,0,0,0,0,0,0,0x03
2026-09-06T10:50:40.838,491,0,2,51,0,0,24814,0,0,27347,0x07
2026-09-06T10:50:40.903,492,0,2,52,2803,192,35911,3039,231,39282,0x07
2026-09-06T10:50:40.968,493,0,2,51,2768,569,33874,3116,490,39149,0x07
2026-09-06T10:50:41.033,494,0,2,51,2703,1000,31247,3090,980,36745,0x07
2026-09-06T10:50:41.114,495,0,2,51,2729,1235,30567,3088,1216,35717,0x07
2026-09-06T10:50:41.179,496,0,2,51,2773,1510,29941,3114,1431,35127,0x07
2026-09-06T10:50:41.244,497,0,2,50,2567,1640,26860,3020,1740,32626,0x07
2026-09-06T10:50:41.309,498,0,2,50,2345,1760,23640,2844,1980,29399,0x07
2026-09-06T10:50:41.374,499,0,2,51,2451,1980,23997,2846,2059,29077,0x07
2026-09-06T10:50:41.439,500,0,2,50,2190,1980,20809,2708,2100,27172,0x07
2026-09-06T10:50:41.504,501,0,2,50,2319,2040,22124,2728,2100,27423,0x07
2026-09-06T10:50:41.569,502,0,2,51,2113,1824,20532,2624,2118,26043,0x07
2026-09-06T10:50:41.650,503,0,2,55,2717,1927,27476,2886,2127,29303,0x07
2026-09-06T10:50:41.715,504,0,2,51,2717,1961,27334,2886,2275,28677,0x07
2026-09-06T10:50:41.780,505,0,2,51,2494,2059,24196,2933,2118,29929,0x07
2026-09-06T10:50:41.846,506,0,2,55,2519,2073,24433,2914,2400,28491,0x07
2026-09-06T10:50:41.911,507,0,2,51,2519,2118,24242,2914,2255,29108,0x07
2026-09-06T10:50:41.976,508,0,2,50,2613,2080,25556,2971,2380,29294,0x07
2026-09-06T10:50:42.041,509,0,2,51,178,2157,6254,1565,2314,11880,0x07
2026-09-06T10:50:42.106,510,0,2,50,481,980,4132,1251,1360,11982,0x07
2026-09-06T10:50:42.187,511,0,2,51,400,1235,2064,1022,1157,9964,0x07
2026-09-06T10:50:42.252,512,0,2,50,204,1000,665,1152,1480,10225,0x07
2026-09-06T10:50:42.317,513,0,2,51,120,392,2220,1353,1314,13465,0x07
2026-09-06T10:50:42.382,514,0,2,50,265,280,4464,1445,1460,13993,0x07
2026-09-06T10:50:42.447,515,0,2,52,1100,231,14891,778,1385,5926,0x07
2026-09-06T10:50:42.512,516,0,2,52,96,135,3022,863,788,9525,0x07
2026-09-06T10:50:42.577,517,0,2,52,62,58,2927,1686,615,20613,0x07
2026-09-06T10:50:42.642,518,0,2,51,489,59,8142,1243,804,14244,0x07
2026-09-06T10:50:42.723,519,0,2,51,524,78,8493,1206,608,14614,0x07
2026-09-06T10:50:42.788,520,0,2,50,567,140,8755,1162,520,14428,0x07
2026-09-06T10:50:42.853,521,0,2,51,544,176,8320,1045,490,13079,0x07
2026-09-06T10:50:42.918,522,0,2,54,927,222,12808,1330,481,16702,0x07
2026-09-06T10:50:42.982,523,0,2,50,927,300,12478,1330,500,16623,0x07
2026-09-06T10:50:43.047,524,0,2,50,878,340,11718,1257,500,15711,0x07
2026-09-06T10:50:43.112,525,0,2,51,476,353,6744,1007,569,12275,0x07
2026-09-06T10:50:43.177,526,0,2,50,0,0,5793,725,520,8927,0x07
2026-09-06T10:50:43.258,527,0,2,51,-423,-118,7091,823,353,10870,0x07
2026-09-06T10:50:43.323,528,0,2,50,-525,-360,7309,997,380,12944,0x07
2026-09-06T10:50:43.388,529,0,2,50,-367,0,6910,1027,340,13498,0x07
2026-09-06T10:50:43.453,530,0,2,52,-249,0,5460,1116,385,14440,0x07
2026-09-06T10:50:43.517,531,0,2,50,0,0,2547,1240,340,16194,0x07
2026-09-06T10:50:43.582,532,0,2,50,17,0,2619,1284,340,16780,0x07
2026-09-06T10:50:43.841,533,0,2,51,144,0,4172,1348,431,17220,0x07
2026-09-06T10:50:50.551,534,0,2,51,248,78,5110,1357,451,17266,0x07
2026-09-06T10:50:50.616,535,0,2,52,0,0,5262,0,0,13669,0x07
2026-09-06T10:50:50.681,536,0,2,58,366,0,6898,1370,0,19404,0x07
2026-09-06T10:50:50.746,537,0,2,50,0,0,0,0,0,0,0x03
2026-09-06T10:50:50.827,538,0,2,52,0,0,6904,0,0,11871,0x07
2026-09-06T10:50:50.876,539,0,2,51,0,0,0,0,0,0,0x03
2026-09-06T10:50:50.957,540,0,2,50,0,0,5887,0,0,12984,0x07
2026-09-06T10:50:51.022,541,0,2,52,435,0,7735,1299,0,18504,0x07
2026-09-06T10:50:51.087,542,0,2,50,438,20,7684,1296,0,18468,0x07
2026-09-06T10:50:51.152,543,0,2,50,460,0,8037,1273,0,18180,0x07
2026-09-06T10:50:51.217,544,0,2,51,0,0,0,0,0,0,0x03
2026-09-06T10:50:51.281,545,0,2,50,0,0,0,0,0,0,0x03
2026-09-06T10:50:51.346,546,0,2,55,41,0,2912,1708,0,23687,0x07
2026-09-06T10:50:51.427,547,0,2,51,41,0,2912,1708,20,23603,0x07
2026-09-06T10:50:51.557,548,0,2,50,302,0,6113,1436,0,20249,0x07
2026-09-06T10:50:51.622,549,0,2,56,240,0,5348,1501,0,21069,0x07
2026-09-06T10:50:51.687,550,0,2,52,240,0,5348,1501,0,21069,0x07
2026-09-06T10:50:51.752,551,0,2,51,251,0,5488,1489,0,20918,0x07
2026-09-06T10:50:51.817,553,0,2,55,217,0,5072,1525,0,21367,0x07
2026-09-06T10:50:51.882,554,0,2,50,217,0,5072,1525,0,21367,0x07
2026-09-06T10:50:51.963,555,0,2,51,0,0,15893,1494,0,20985,0x07
2026-09-06T10:50:52.028,556,0,2,50,-1687,-240,22043,1750,0,24224,0x07
2026-09-06T10:50:52.093,557,0,2,51,-1687,-196,22229,1750,59,23974,0x07
2026-09-06T10:50:52.157,558,0,2,50,-1687,-280,21873,1750,300,22950,0x07
2026-09-06T10:50:52.223,559,0,2,54,0,0,0,0,0,0,0x03
2026-09-06T10:50:52.287,560,0,2,50,0,0,15893,0,0,16787,0x07
2026-09-06T10:50:52.352,561,0,2,50,0,0,0,0,0,0,0x03
2026-09-06T10:50:52.417,562,0,2,53,447,0,7880,1287,0,18349,0x07
2026-09-06T10:50:52.498,563,0,2,50,447,140,7285,1287,620,15714,0x07
2026-09-06T10:50:52.564,564,0,2,50,493,40,8280,1238,60,17481,0x07
2026-09-06T10:50:52.628,565,0,2,51,653,98,9987,1073,235,14637,0x07
2026-09-06T10:50:52.693,566,0,2,51,653,196,9570,1073,255,14554,0x07
2026-09-06T10:50:52.758,567,0,2,51,958,196,13308,1398,294,18510,0x07
2026-09-06T10:50:52.823,568,0,2,51,1189,255,15884,1696,333,22124,0x07
2026-09-06T10:50:52.888,569,0,2,50,1371,400,17497,1877,580,23375,0x07
2026-09-06T10:50:52.952,570,0,2,50,1380,460,17345,1924,760,23195,0x07
2026-09-06T10:50:53.033,571,0,2,51,1313,549,16157,1885,902,22100,0x07
2026-09-06T10:50:53.098,572,0,2,50,1259,660,15013,1833,1080,20685,0x07
2026-09-06T10:50:53.163,573,0,2,50,1259,720,14758,1833,1120,20515,0x07
2026-09-06T10:50:53.228,574,0,2,51,1386,745,16211,1910,1078,21673,0x07
2026-09-06T10:50:53.293,575,0,2,50,1426,820,16376,1960,1220,21702,0x07
2026-09-06T10:50:53.358,576,0,2,50,1500,820,17289,2020,1260,22295,0x07
2026-09-06T10:50:53.423,577,0,2,51,1523,824,17551,2051,1235,22785,0x07
2026-09-06T10:50:53.488,578,0,2,51,3374,961,39629,1870,1412,19742,0x07
2026-09-06T10:50:53.568,579,0,2,51,3374,1529,37212,1870,1451,19576,0x07
2026-09-06T10:50:53.633,580,0,2,51,2410,1549,25330,1913,1510,19871,0x07
2026-09-06T10:50:53.698,581,0,2,51,1820,1627,17776,1177,980,12798,0x07
2026-09-06T10:50:53.763,582,0,2,51,1253,1647,10755,450,1020,3410,0x07
2026-09-06T10:50:53.828,583,0,2,51,1344,1294,13362,356,647,3799,0x07
2026-09-06T10:50:53.893,584,0,2,52,1051,904,11440,1762,1500,17996,0x07
2026-09-06T10:50:53.958,585,0,2,51,1051,824,11781,1762,922,20454,0x07
2026-09-06T10:50:54.039,586,0,2,50,403,1080,2758,1243,1100,13124,0x07
2026-09-06T10:50:54.104,587,0,2,50,314,520,4047,1373,1000,15194,0x07
2026-09-06T10:50:54.169,588,0,2,51,298,353,4555,1441,1059,15810,0x07
2026-09-06T10:50:54.234,589,0,2,50,3374,380,40000,971,1020,10006,0x07
2026-09-06T10:50:54.299,590,0,2,52,2452,962,28342,2134,1135,24266,0x07
2026-09-06T10:50:54.364,591,0,2,51,2452,1078,27846,2134,1098,24421,0x07
2026-09-06T10:50:54.429,592,0,2,51,2259,1255,24726,1831,1157,20337,0x07
2026-09-06T10:50:54.493,593,0,2,50,1886,1300,19970,1326,1120,14091,0x07
2026-09-06T10:50:54.575,594,0,2,57,1234,1351,11774,604,1000,5450,0x07
2026-09-06T10:50:54.639,595,0,2,51,1234,1275,12098,604,922,5783,0x07
2026-09-06T10:50:54.704,596,0,2,50,1171,1240,11478,535,760,5591,0x07
2026-09-06T10:50:54.769,597,0,2,52,1147,1000,12204,560,577,6684,0x07
2026-09-06T10:50:54.835,598,0,2,51,1770,902,20242,3500,529,40000,0x07
2026-09-06T10:50:54.900,599,0,2,50,2355,1060,26735,2841,1200,32952,0x07
2026-09-06T10:50:54.965,600,0,2,53,1552,1000,17165,2188,981,25602,0x07
2026-09-06T10:50:55.030,601,0,2,52,1552,1173,16429,2188,1077,25195,0x07
2026-09-06T10:50:55.111,602,0,2,50,1144,1140,11576,1820,1140,20270,0x07
2026-09-06T10:50:55.306,603,0,2,50,755,1100,6980,1462,1260,15213,0x07
2026-09-06T10:50:55.371,604,0,2,51,508,627,5961,1223,1235,12295,0x07
2026-09-06T10:50:55.436,605,0,2,51,0,0,29373,0,0,23619,0x07
2026-09-06T10:50:55.500,606,0,2,50,3374,1120,38952,2561,820,31017,0x07
2026-09-06T10:50:55.565,609,0,2,52,3290,1365,36886,3275,1212,38410,0x07
2026-09-06T10:50:55.646,610,0,2,50,3096,1240,35040,2870,1100,33745,0x07
2026-09-06T10:50:55.711,611,0,2,51,2883,1490,31366,2576,1314,29118,0x07
2026-09-06T10:50:55.776,612,0,2,51,2506,1745,25669,2168,1627,22601,0x07
2026-09-06T10:50:55.841,613,0,2,50,2506,1880,25096,2168,1580,22803,0x07
2026-09-06T10:50:55.906,614,0,2,50,2435,2020,23629,2109,1640,21811,0x07
2026-09-06T10:50:55.971,615,0,2,51,2301,1941,22325,1910,1647,19257,0x07
2026-09-06T10:50:56.036,616,0,2,50,2180,1980,20686,1778,1540,18034,0x07
2026-09-06T10:50:56.101,617,0,2,50,2211,1860,21572,1878,1620,18958,0x07
2026-09-06T10:50:56.183,618,0,2,50,2130,1900,20411,1719,1580,17118,0x07
2026-09-06T10:50:56.248,619,0,2,53,1619,1830,14445,1132,1472,10128,0x07
2026-09-06T10:50:56.313,620,0,2,50,1619,1660,15169,1132,1220,11198,0x07
2026-09-06T10:50:56.378,621,0,2,51,1290,1667,11119,744,1216,6308,0x07
2026-09-06T10:50:56.443,622,0,2,51,983,1098,9780,363,608,4059,0x07
2026-09-06T10:50:56.508,623,0,2,51,849,1020,8466,0,0,3222,0x07
2026-09-06T10:50:56.573,624,0,2,50,0,0,6564,0,0,23242,0x07
2026-09-06T10:50:56.638,625,0,2,54,196,0,4816,1297,2333,8565,0x07
2026-09-06T10:50:56.719,626,0,2,50,196,620,2181,1297,600,15932,0x07
2026-09-06T10:50:56.768,627,0,2,50,189,260,3617,1423,600,17526,0x07
2026-09-06T10:50:56.849,628,0,2,52,248,173,4708,1493,577,18515,0x07
2026-09-06T10:50:56.915,629,0,2,55,267,236,4678,1473,564,18314,0x07
2026-09-06T10:50:56.980,630,0,2,50,267,200,4833,1473,560,18329,0x07
2026-09-06T10:50:57.045,631,0,2,51,325,0,6385,1413,627,17288,0x07
2026-09-06T10:50:57.110,632,0,2,51,378,0,7037,1358,686,16338,0x07
2026-09-06T10:50:57.175,633,0,2,50,456,20,7907,1277,680,15339,0x07
2026-09-06T10:50:57.256,634,0,2,52,497,0,8492,1235,635,14996,0x07
2026-09-06T10:50:57.305,635,0,2,53,591,57,9408,1137,566,14044,0x07
2026-09-06T10:50:57.386,636,0,2,51,591,137,9065,1137,588,13949,0x07
2026-09-06T10:50:57.451,637,0,2,51,735,196,10578,1221,569,15102,0x07
2026-09-06T10:50:57.515,638,0,2,50,1231,380,15867,1683,720,20312,0x07
2026-09-06T10:50:57.580,639,0,2,51,1775,529,21891,2150,804,25885,0x07
2026-09-06T10:50:57.645,640,0,2,51,2205,784,26073,2538,902,30384,0x07
2026-09-06T10:50:57.710,641,0,2,50,2716,1140,30819,3003,1240,34841,0x07
2026-09-06T10:50:57.775,642,0,2,50,2716,1260,30309,3003,1420,34076,0x07
2026-09-06T10:50:57.840,643,0,2,50,2884,1480,31422,3151,1640,35022,0x07
2026-09-06T10:50:57.922,644,0,2,53,2674,1830,27365,3097,2000,32800,0x07
2026-09-06T10:50:57.987,645,0,2,56,2545,1857,25668,2987,2179,30653,0x07
2026-09-06T10:50:58.052,646,0,2,51,2545,2020,24978,2987,2098,30995,0x07
2026-09-06T10:50:58.117,647,0,2,51,2126,2020,19853,2687,2255,26525,0x07
2026-09-06T10:50:58.182,648,0,2,51,1200,1176,12107,1872,2000,17268,0x07
2026-09-06T10:50:58.247,649,0,2,51,0,0,3512,1057,2039,6776,0x07
2026-09-06T10:50:58.312,650,0,2,50,0,0,4900,1643,1180,17850,0x07
2026-09-06T10:50:58.377,651,0,2,52,424,942,3603,1310,981,14478,0x07
2026-09-06T10:50:58.458,652,0,2,51,424,510,5441,1310,1000,14397,0x07
2026-09-06T10:50:58.523,653,0,2,50,535,400,7262,1195,920,13276,0x07
2026-09-06T10:50:58.587,654,0,2,51,515,510,6548,1120,725,13149,0x07
2026-09-06T10:50:58.652,655,0,2,51,486,490,6280,902,725,10383,0x07
2026-09-06T10:50:58.717,656,0,2,51,2431,490,30086,0,0,4745,0x07
2026-09-06T10:50:58.782,657,0,2,52,1275,731,14914,428,0,7459,0x07
2026-09-06T10:50:58.847,658,0,2,51,1275,804,14603,428,0,7459,0x07
2026-09-06T10:50:58.913,659,0,2,51,1294,863,14588,407,0,7200,0x07
2026-09-06T10:50:58.993,660,0,2,50,1305,780,15076,396,300,5779,0x07
2026-09-06T10:50:59.058,661,0,2,50,1303,920,14452,398,420,5301,0x07
2026-09-06T10:50:59.123,662,0,2,50,1266,940,13918,436,380,5955,0x07
2026-09-06T10:50:59.188,663,0,2,53,1191,792,13623,514,491,6475,0x07
2026-09-06T10:50:59.317,664,0,2,51,1191,745,13824,514,412,6810,0x07
2026-09-06T10:50:59.382,665,0,2,50,1116,760,12848,592,200,8690,0x07
2026-09-06T10:50:59.657,666,0,2,57,1683,719,19951,1356,298,17965,0x07
2026-09-06T10:50:59.722,667,0,2,51,1683,745,19841,1356,451,17315,0x07
2026-09-06T10:50:59.787,669,0,2,52,0,0,24814,0,0,24879,0x07
2026-09-06T10:50:59.852,670,0,2,52,2739,2038,27281,2664,1115,31070,0x07
2026-09-06T10:50:59.917,674,0,2,50,2739,940,31949,2664,900,31985,0x07
2026-09-06T10:50:59.998,675,0,2,50,0,0,2940,1209,860,13713,0x07
2026-09-06T10:51:00.063,676,0,2,51,-66,-39,3054,1335,902,15127,0x07
2026-09-06T10:51:00.128,677,0,2,51,0,0,3027,1425,961,16018,0x07
2026-09-06T10:51:00.193,678,0,2,51,77,216,2437,1618,902,18718,0x07
2026-09-06T10:51:00.258,679,0,2,50,172,160,3843,1571,940,17961,0x07
2026-09-06T10:51:00.323,680,0,2,50,172,140,3928,1571,840,18386,0x07
2026-09-06T10:51:00.388,681,0,2,50,155,120,3794,1590,820,18706,0x07
2026-09-06T10:51:00.453,682,0,2,51,302,39,5937,1437,843,16673,0x07
2026-09-06T10:51:00.534,683,0,2,57,454,421,6182,1279,772,14971,0x07
2026-09-06T10:51:00.599,684,0,2,51,454,333,6554,1279,725,15168,0x07
2026-09-06T10:51:00.663,685,0,2,51,478,98,7853,1254,706,14932,0x07
2026-09-06T10:51:00.729,686,0,2,50,539,160,8327,1191,700,14163,0x07
2026-09-06T10:51:00.794,687,0,2,51,576,176,8707,1153,765,13404,0x07
2026-09-06T10:51:00.858,688,0,2,50,0,0,0,0,0,0,0x03
2026-09-06T10:51:00.923,689,0,2,54,1495,19,20630,1820,19,25037,0x07
2026-09-06T10:51:00.988,690,0,2,51,1495,529,18458,1820,882,21365,0x07
2026-09-06T10:51:01.069,691,0,2,50,2010,480,24971,2346,700,28806,0x07
2026-09-06T10:51:01.134,692,0,2,51,2472,588,30169,2749,627,34222,0x07
2026-09-06T10:51:01.199,693,0,2,50,2770,1120,31556,3023,1100,35689,0x07
2026-09-06T10:51:01.264,694,0,2,51,2798,1333,30997,3123,1314,36045,0x07
2026-09-06T10:51:01.329,695,0,2,50,0,0,0,0,0,0,0x03
2026-09-06T10:51:01.394,696,0,2,50,0,0,23542,0,0,28041,0x07
2026-09-06T10:51:01.458,697,0,2,51,0,0,0,0,0,0,0x03
2026-09-06T10:51:01.539,698,0,2,51,0,0,22072,0,0,26764,0x07
2026-09-06T10:51:01.604,699,0,2,54,2263,2259,20514,2766,2222,27662,0x07
2026-09-06T10:51:01.669,700,0,2,51,0,0,0,0,0,0,0x03
2026-09-06T10:51:01.734,701,0,2,51,0,0,18530,0,0,23631,0x07
2026-09-06T10:51:01.799,702,0,2,50,2017,2000,18602,2562,2200,25170,0x07
2026-09-06T10:51:01.864,703,0,2,51,1742,1627,16823,2325,1627,24599,0x07
2026-09-06T10:51:01.928,704,0,2,50,1607,1420,16049,2172,1620,22686,0x07
2026-09-06T10:51:01.994,705,0,2,50,1189,1360,11187,1795,1580,18081,0x07
2026-09-06T10:51:02.075,706,0,2,51,1189,1255,11634,1795,1608,17963,0x07
2026-09-06T10:51:02.140,707,0,2,51,1202,1078,12548,1773,1588,17771,0x07
2026-09-06T10:51:02.205,708,0,2,52,529,712,5863,1304,1346,12854,0x07
2026-09-06T10:51:02.270,709,0,2,50,493,520,6240,1238,1300,12211,0x07
2026-09-06T10:51:02.335,710,0,2,51,547,804,5686,1183,1255,11701,0x07
2026-09-06T10:51:02.400,711,0,2,50,583,600,6994,1190,860,13473,0x07
2026-09-06T10:51:02.465,712,0,2,51,583,588,7044,1190,784,13795,0x07
2026-09-06T10:51:02.530,713,0,2,51,605,510,7651,1228,804,14191,0x07
2026-09-06T10:51:02.611,714,0,2,50,570,460,7433,1207,840,13767,0x07
2026-09-06T10:51:02.660,715,0,2,50,579,440,7625,1191,820,13647,0x07
2026-09-06T10:51:02.742,716,0,2,50,548,360,7593,1151,780,13316,0x07
2026-09-06T10:51:02.807,717,0,2,52,1010,115,14282,1416,692,17044,0x07
2026-09-06T10:51:02.871,718,0,2,52,1097,308,14536,1471,615,18067,0x07
2026-09-06T10:51:02.937,719,0,2,51,1267,431,16087,1484,627,18180,0x07
2026-09-06T10:51:03.002,720,0,2,51,1355,471,16994,1318,647,15998,0x07
2026-09-06T10:51:03.066,721,0,2,50,1266,680,15023,988,620,11933,0x07
2026-09-06T10:51:03.148,722,0,2,52,2190,769,25947,821,558,10072,0x07
2026-09-06T10:51:03.197,723,0,2,51,1249,863,14036,454,510,5629,0x07
2026-09-06T10:51:03.278,724,0,2,51,1254,1020,13426,449,294,6484,0x07
2026-09-06T10:51:03.343,725,0,2,52,1242,1019,13283,462,288,6663,0x07
2026-09-06T10:51:03.408,726,0,2,51,1259,902,13984,444,333,6255,0x07
2026-09-06T10:51:03.473,727,0,2,52,1151,846,12908,556,96,8674,0x07
2026-09-06T10:51:03.537,728,0,2,50,1151,880,12765,556,260,7978,0x07
2026-09-06T10:51:03.602,729,0,2,50,1096,820,12337,614,180,9050,0x07
2026-09-06T10:51:03.683,730,0,2,50,1320,720,15509,944,20,13915,0x07
2026-09-06T10:51:03.732,731,0,2,51,1960,667,23566,1763,333,22971,0x07
2026-09-06T10:51:03.814,732,0,2,51,2501,804,29611,2421,549,30402,0x07
2026-09-06T10:51:03.879,733,0,2,51,2851,1039,32891,2819,725,34697,0x07
2026-09-06T10:51:03.944,734,0,2,50,3101,1600,33568,3166,1340,36479,0x07
2026-09-06T10:51:04.009,735,0,2,50,3247,1680,35020,3351,1680,37378,0x07
2026-09-06T10:51:04.074,736,0,2,51,3318,1902,34940,3462,1686,38767,0x07
2026-09-06T10:51:04.139,737,0,2,50,3323,2180,33821,3500,1820,38677,0x07
2026-09-06T10:51:04.269,738,0,2,51,3278,2255,33004,3500,2098,37495,0x07
2026-09-06T10:51:04.350,739,0,2,51,2570,2490,23336,3150,2353,31979,0x07
2026-09-06T10:51:04.416,740,0,2,50,2570,2360,23979,3150,2420,31694,0x07
2026-09-06T10:51:04.481,741,0,2,51,1697,2431,12945,2466,2647,22057,0x07
2026-09-06T10:51:04.546,743,0,2,51,0,0,8297,1527,1765,13897,0x07
2026-09-06T10:51:04.611,744,0,2,51,0,0,3354,1658,1529,16562,0x07
2026-09-06T10:51:04.676,745,0,2,50,115,240,2824,1538,1660,14499,0x07
2026-09-06T10:51:04.741,746,0,2,50,0,0,0,0,0,0,0x03
2026-09-06T10:51:04.806,747,0,2,51,0,0,4726,0,0,14322,0x07
2026-09-06T10:51:04.887,748,0,2,50,286,160,5262,1453,480,18458,0x07
2026-09-06T10:51:04.952,749,0,2,50,312,360,4727,1427,1580,13446,0x07
2026-09-06T10:51:05.017,750,0,2,50,403,360,5842,1332,720,15905,0x07
2026-09-06T10:51:05.082,751,0,2,51,472,392,6555,1261,647,15303,0x07
2026-09-06T10:51:05.147,752,0,2,53,486,396,6712,1246,566,15461,0x07
2026-09-06T10:51:05.212,753,0,2,51,486,255,7313,1246,569,15450,0x07
2026-09-06T10:51:05.277,754,0,2,52,519,269,7658,1212,615,14820,0x07
2026-09-06T10:51:05.343,755,0,2,51,514,294,7490,1158,647,13997,0x07
2026-09-06T10:51:05.408,756,0,2,55,412,345,6021,947,655,11285,0x07
2026-09-06T10:51:05.489,757,0,2,51,412,333,6072,947,706,11067,0x07
2026-09-06T10:51:05.554,758,0,2,51,399,294,6080,963,647,11525,0x07
2026-09-06T10:51:05.619,759,0,2,52,369,269,5818,925,519,11584,0x07
2026-09-06T10:51:05.684,760,0,2,52,284,212,5014,827,519,10338,0x07
2026-09-06T10:51:05.749,761,0,2,50,0,0,3814,687,440,8893,0x07
2026-09-06T10:51:05.814,762,0,2,50,-301,-160,5444,664,260,9374,0x07
2026-09-06T10:51:05.879,763,0,2,50,0,0,29544,664,300,9204,0x07
2026-09-06T10:51:05.961,764,0,2,51,3374,902,40000,2848,216,37302,0x07
2026-09-06T10:51:06.010,765,0,2,51,3374,647,40000,3426,1020,40000,0x07
2026-09-06T10:51:06.091,766,0,2,50,3374,1140,39038,3333,940,40000,0x07
2026-09-06T10:51:06.155,767,0,2,51,3325,1490,36945,3190,1196,37468,0x07
2026-09-06T10:51:06.220,768,0,2,53,3106,1736,33215,2934,1755,31845,0x07
2026-09-06T10:51:06.285,769,0,2,51,3106,2020,32009,2934,1745,31886,0x07
2026-09-06T10:51:06.350,770,0,2,51,3017,2137,30414,2823,1922,29735,0x07
2026-09-06T10:51:06.415,771,0,2,51,2759,2137,27242,2384,1961,23985,0x07
2026-09-06T10:51:06.496,772,0,2,56,1146,2089,7625,260,1571,0,0x07
2026-09-06T10:51:06.545,773,0,2,50,1146,1500,10130,260,540,3054,0x07
2026-09-06T10:51:06.626,774,0,2,50,1391,1160,14586,307,480,3905,0x07
2026-09-06T10:51:06.690,775,0,2,52,1263,1692,10755,440,1000,3374,0x07
2026-09-06T10:51:06.755,776,0,2,51,1290,1235,13022,412,647,4528,0x07
2026-09-06T10:51:06.820,777,0,2,51,1296,1176,13345,406,510,5032,0x07
2026-09-06T10:51:06.885,778,0,2,51,1285,1275,12797,417,471,5340,0x07
2026-09-06T10:51:06.950,779,0,2,51,1228,843,13933,476,471,6087,0x07
2026-09-06T10:51:07.031,780,0,2,51,1220,784,14084,484,510,6027,0x07
2026-09-06T10:51:07.096,781,0,2,50,1176,820,13385,531,500,6655,0x07
2026-09-06T10:51:07.161,782,0,2,52,1145,827,12979,562,404,7468,0x07
2026-09-06T10:51:07.226,783,0,2,52,1089,769,12544,620,154,9260,0x07
2026-09-06T10:51:07.291,784,0,2,50,1444,660,17360,1107,140,15507,0x07
2026-09-06T10:51:07.356,785,0,2,51,1979,745,23570,1746,431,22386,0x07
2026-09-06T10:51:07.420,786,0,2,51,2516,745,30174,2448,608,30545,0x07
2026-09-06T10:51:07.485,787,0,2,51,2941,922,34653,3003,902,36344,0x07
2026-09-06T10:51:07.566,788,0,2,53,3299,1415,36953,3500,1679,39358,0x07
2026-09-06T10:51:07.631,789,0,2,50,3299,1720,35658,3500,1740,39100,0x07
2026-09-06T10:51:07.696,790,0,2,50,3334,2000,34886,3500,1740,39100,0x07
2026-09-06T10:51:07.761,791,0,2,50,3346,2280,33845,3500,2120,37485,0x07
2026-09-06T10:51:07.826,792,0,2,50,3344,2440,33149,3500,2300,36720,0x07
2026-09-06T10:51:07.890,793,0,2,51,3332,2451,32953,3500,2627,35328,0x07
2026-09-06T10:51:07.955,794,0,2,56,3240,2607,31161,3500,2661,35187,0x07
2026-09-06T10:51:08.020,795,0,2,50,3240,2800,30342,3500,2680,35105,0x07
2026-09-06T10:51:08.166,796,0,2,51,3201,2745,30086,3474,2902,33828,0x07
2026-09-06T10:51:08.230,797,0,2,50,3146,2780,29266,3440,2840,33665,0x07
2026-09-06T10:51:08.489,798,0,2,51,0,0,0,0,0,0,0x03
2026-09-06T10:51:08.699,799,0,2,50,0,0,0,0,0,0,0x03
2026-09-06T10:51:08.764,801,0,2,51,0,0,0,0,0,0,0x03
2026-09-06T10:51:08.828,802,0,2,55,0,0,0,0,0,0,0x03
2026-09-06T10:51:08.893,803,0,2,50,0,0,0,0,0,0,0x03
2026-09-06T10:51:08.958,804,0,2,51,0,0,22948,0,0,9578,0x07
2026-09-06T10:51:09.039,805,0,2,51,2543,373,32171,0,0,5184,0x07
2026-09-06T10:51:09.104,806,0,2,50,1331,280,17636,370,400,5055,0x07
2026-09-06T10:51:09.169,807,0,2,51,1275,431,16303,428,451,5578,0x07
2026-09-06T10:51:09.234,808,0,2,53,1238,453,15755,1501,321,19796,0x07
2026-09-06T10:51:09.299,809,0,2,52,1238,538,15391,1501,635,18462,0x07
2026-09-06T10:51:09.364,810,0,2,51,1774,588,21782,1389,373,18150,0x07
2026-09-06T10:51:09.429,811,0,2,50,2117,700,25535,1868,380,24215,0x07
2026-09-06T10:51:09.493,812,0,2,56,2766,1000,32256,2672,750,32880,0x07
2026-09-06T10:51:09.574,813,0,2,51,2766,1098,31839,2672,1039,31650,0x07
2026-09-06T10:51:09.639,814,0,2,50,2929,1200,33418,2841,1340,32525,0x07
2026-09-06T10:51:09.704,815,0,2,52,3018,1885,31596,2925,1615,32428,0x07
2026-09-06T10:51:09.769,816,0,2,50,3068,1880,32236,2977,1660,32898,0x07
2026-09-06T10:51:09.834,817,0,2,50,3045,2020,31362,2884,1760,31288,0x07
2026-09-06T10:51:09.898,818,0,2,52,2812,2154,27921,2494,1885,25797,0x07
2026-09-06T10:51:09.963,819,0,2,52,2812,1981,28657,2494,2038,25143,0x07
2026-09-06T10:51:10.044,820,0,2,51,2367,2039,22926,1848,2157,16418,0x07
2026-09-06T10:51:10.109,821,0,2,50,1861,2000,16859,1262,1980,9708,0x07
2026-09-06T10:51:10.174,822,0,2,51,1241,1529,11225,463,765,4690,0x07
2026-09-06T10:51:10.239,823,0,2,51,1294,1275,12956,0,0,2794,0x07
2026-09-06T10:51:10.304,824,0,2,51,1570,1667,14690,121,20,3513,0x07
2026-09-06T10:51:10.369,825,0,2,52,1570,1462,15562,121,481,1553,0x07
2026-09-06T10:51:10.434,826,0,2,51,1575,1078,17248,117,333,2117,0x07
2026-09-06T10:51:10.499,827,0,2,51,926,1039,9427,505,118,7984,0x07
2026-09-06T10:51:10.580,828,0,2,55,2568,1145,29201,2889,1982,30416,0x07
2026-09-06T10:51:10.645,829,0,2,51,2568,1000,29819,2889,1078,34255,0x07
2026-09-06T10:51:10.709,830,0,2,50,2617,1120,29904,3218,780,39709,0x07
2026-09-06T10:51:10.774,831,0,2,51,1940,1431,20249,2851,1275,32931,0x07
2026-09-06T10:51:10.839,832,0,2,50,339,1460,403,1399,1460,13652,0x07
2026-09-06T10:51:10.904,833,0,2,50,310,680,3365,1428,1360,14456,0x07
2026-09-06T10:51:10.969,834,0,2,52,253,769,2278,1488,1212,15845,0x07
2026-09-06T10:51:11.034,835,0,2,50,253,740,2402,1488,1320,15384,0x07
2026-09-06T10:51:11.115,836,0,2,51,262,529,3419,1478,1176,15865,0x07
2026-09-06T10:51:11.164,837,0,2,50,289,420,4207,1450,1140,15673,0x07
2026-09-06T10:51:11.245,838,0,2,50,320,360,4841,1419,1020,15778,0x07
2026-09-06T10:51:11.310,839,0,2,50,410,320,6129,1324,1040,14493,0x07
2026-09-06T10:51:11.375,840,0,2,53,572,453,7551,1157,887,13014,0x07
2026-09-06T10:51:11.440,841,0,2,50,572,500,7350,1157,860,13128,0x07
2026-09-06T10:51:11.504,842,0,2,50,641,200,9477,1085,820,12384,0x07
2026-09-06T10:51:11.569,843,0,2,51,1360,196,18349,1670,686,20395,0x07
2026-09-06T10:51:11.650,844,0,2,55,2953,655,36026,3056,964,36865,0x07
2026-09-06T10:51:11.715,845,0,2,50,2953,980,34643,3056,1020,36625,0x07
2026-09-06T10:51:11.780,846,0,2,51,3357,1373,37957,3348,1196,39598,0x07
2026-09-06T10:51:11.845,847,0,2,51,3374,1804,36327,3419,1686,38414,0x07
2026-09-06T10:51:11.910,848,0,2,51,3374,2059,35244,3374,1784,37424,0x07
2026-09-06T10:51:11.975,849,0,2,51,3374,2255,34410,3330,1941,36195,0x07
2026-09-06T10:51:12.039,850,0,2,52,3350,2519,32996,3437,2308,36001,0x07
2026-09-06T10:51:12.104,851,0,2,50,3350,2540,32908,3437,2380,35694,0x07
2026-09-06T10:51:12.186,852,0,2,50,3348,2620,32539,3500,2400,36415,0x07
2026-09-06T10:51:12.250,853,0,2,51,3320,2667,32050,3500,2471,36115,0x07
2026-09-06T10:51:12.316,854,0,2,51,3204,2902,29721,3500,2784,34782,0x07
2026-09-06T10:51:12.381,855,0,2,50,3076,2740,28882,3448,2740,34311,0x07
2026-09-06T10:51:12.446,856,0,2,54,2684,2667,24422,3137,2796,30110,0x07
2026-09-06T10:51:12.511,857,0,2,50,2684,2780,23982,3137,2800,30094,0x07
2026-09-06T10:51:12.576,858,0,2,51,2513,2608,22629,2978,2843,27892,0x07
2026-09-06T10:51:12.640,859,0,2,51,2254,2667,19156,2776,2745,25723,0x07
2026-09-06T10:51:12.705,860,0,2,51,1008,2020,6425,1768,2627,13397,0x07
2026-09-06T10:51:12.787,861,0,2,52,1008,1500,8651,1768,2019,16003,0x07
2026-09-06T10:51:12.851,862,0,2,51,181,1608,5201,1562,1843,14129,0x07
2026-09-06T10:51:12.916,863,0,2,57,343,825,3244,1394,1456,13642,0x07
2026-09-06T10:51:12.981,864,0,2,51,343,765,3499,1394,1412,13846,0x07
2026-09-06T10:51:13.046,865,0,2,50,311,580,3881,1428,1400,14348,0x07
2026-09-06T10:51:13.110,866,0,2,50,338,520,4472,1399,1200,14852,0x07
2026-09-06T10:51:13.191,867,0,2,50,377,380,5549,1359,460,17514,0x07
2026-09-06T10:51:13.256,868,0,2,51,468,333,6886,1264,59,18005,0x07
2026-09-06T10:51:13.321,869,0,2,50,497,320,7299,1234,0,17873,0x07
2026-09-06T10:51:13.386,870,0,2,51,497,20,8576,1234,0,17873,0x07
2026-09-06T10:51:13.450,871,0,2,51,468,0,8294,1265,0,18263,0x07
2026-09-06T10:51:13.515,872,0,2,50,493,0,8613,1238,0,17923,0x07
2026-09-06T10:51:13.581,873,0,2,50,446,0,8021,1288,0,18555,0x07
2026-09-06T10:51:13.645,874,0,2,50,431,0,7836,1303,0,18752,0x07
2026-09-06T10:51:13.726,875,0,2,51,413,0,7613,1322,0,18990,0x07
2026-09-06T10:51:13.791,876,0,2,50,392,0,7358,1343,0,19263,0x07
2026-09-06T10:51:13.856,877,0,2,52,392,0,7358,1343,0,19263,0x07
2026-09-06T10:51:13.921,878,0,2,50,390,0,7329,1345,0,19294,0x07
2026-09-06T10:51:13.986,879,0,2,55,384,0,7248,1352,0,19379,0x07
2026-09-06T10:51:14.051,880,0,2,50,384,0,7248,1352,0,19379,0x07
2026-09-06T10:51:14.116,881,0,2,51,411,0,7592,1323,0,19011,0x07
2026-09-06T10:51:14.181,882,0,2,52,307,0,6291,1432,0,20401,0x07
2026-09-06T10:51:14.262,883,0,2,51,316,0,6409,1422,0,20276,0x07
2026-09-06T10:51:14.326,884,0,2,50,323,0,6488,1415,0,20191,0x07
2026-09-06T10:51:14.391,885,0,2,52,305,0,6275,1433,0,20419,0x07
2026-09-06T10:51:14.456,886,0,2,52,305,0,6275,1433,0,20419,0x07
2026-09-06T10:51:14.521,887,0,2,52,295,0,6144,1444,0,20557,0x07
2026-09-06T10:51:14.586,888,0,2,50,288,0,6064,1451,0,20643,0x07
2026-09-06T10:51:14.651,889,0,2,50,0,0,16301,1459,0,20747,0x07
2026-09-06T10:51:14.733,890,0,2,51,-1687,-588,20971,1750,0,24476,0x07
2026-09-06T10:51:14.782,891,0,2,52,-1687,-712,20447,1750,0,24476,0x07
2026-09-06T10:51:14.863,892,0,2,51,-1687,-353,21971,1750,0,24476,0x07
2026-09-06T10:51:14.928,893,0,2,51,-1687,-490,21387,1750,0,24476,0x07
2026-09-06T10:51:14.993,894,0,2,51,-1687,-627,20804,1750,0,24476,0x07
2026-09-06T10:51:15.058,895,0,2,56,0,0,0,0,0,0,0x03
2026-09-06T10:51:15.123,896,0,2,52,0,0,5828,0,0,13405,0x07
2026-09-06T10:51:15.188,897,0,2,52,409,192,6750,1325,77,18711,0x07
2026-09-06T10:51:15.253,898,0,2,52,0,0,0,0,0,0,0x03
2026-09-06T10:51:15.318,899,0,2,50,0,0,0,0,0,0,0x03
2026-09-06T10:51:15.399,900,0,2,50,0,0,0,0,0,0,0x03
2026-09-06T10:51:15.464,901,0,2,51,0,0,0,0,0,0,0x03
2026-09-06T10:51:15.529,902,0,2,50,0,0,0,0,0,0,0x03
2026-09-06T10:51:15.594,903,0,2,50,0,0,0,0,0,0,0x03
2026-09-06T10:51:15.659,904,0,2,51,0,0,7368,0,0,11738,0x07
2026-09-06T10:51:15.724,905,0,2,55,617,36,9996,1110,73,15973,0x07
2026-09-06T10:51:15.789,906,0,2,52,0,0,0,0,0,0,0x03
2026-09-06T10:51:15.854,907,0,2,51,0,0,7233,0,0,11885,0x07
2026-09-06T10:51:15.935,908,0,2,50,0,0,0,0,0,0,0x03
2026-09-06T10:51:16.000,909,0,2,53,0,0,0,0,0,0,0x03
2026-09-06T10:51:16.065,910,0,2,50,0,0,7012,0,0,12124,0x07
2026-09-06T10:51:16.130,911,0,2,51,554,39,9198,1176,20,17037,0x07
2026-09-06T10:51:16.195,912,0,2,50,0,0,0,0,0,0,0x03
2026-09-06T10:51:16.260,913,0,2,52,0,0,0,0,0,0,0x03
2026-09-06T10:51:16.325,914,0,2,52,0,0,0,0,0,0,0x03
2026-09-06T10:51:16.390,915,0,2,51,540,0,9193,1190,0,17304,0x07
2026-09-06T10:51:16.471,916,0,2,50,0,0,0,0,0,0,0x03
2026-09-06T10:51:16.536,917,0,2,52,0,0,6807,0,0,12346,0x07
2026-09-06T10:51:16.601,918,0,2,51,529,20,8971,1202,59,17203,0x07
2026-09-06T10:51:16.666,919,0,2,51,0,0,0,0,0,0,0x03
2026-09-06T10:51:16.730,920,0,2,52,0,0,0,0,0,0,0x03
2026-09-06T10:51:16.795,921,0,2,51,0,0,0,0,0,0,0x03
2026-09-06T10:51:16.860,922,0,2,51,0,0,0,0,0,0,0x03
2026-09-06T10:51:16.925,923,0,2,51,0,0,0,0,0,0,0x03
2026-09-06T10:51:17.006,924,0,2,50,0,0,0,0,0,0,0x03
2026-09-06T10:51:17.071,925,0,2,52,0,0,0,0,0,0,0x03
2026-09-06T10:51:17.136,926,0,2,50,0,0,16301,0,0,17038,0x07
2026-09-06T10:51:17.201,927,0,2,51,0,0,0,0,0,0,0x03
2026-09-06T10:51:17.266,928,0,2,51,0,0,0,0,0,0,0x03
2026-09-06T10:51:17.331,929,0,2,50,0,0,16301,0,0,17038,0x07
2026-09-06T10:51:17.396,930,0,2,52,0,0,0,0,0,0,0x03
2026-09-06T10:51:17.461,931,0,2,51,0,0,0,0,0,0,0x03
2026-09-06T10:51:17.542,932,0,2,50,0,0,0,0,0,0,0x03
2026-09-06T10:51:17.607,933,0,2,51,0,0,0,0,0,0,0x03
2026-09-06T10:51:17.672,934,0,2,51,0,0,0,0,0,0,0x03
2026-09-06T10:51:17.737,935,0,2,51,0,0,0,0,0,0,0x03
2026-09-06T10:51:17.802,936,0,2,50,0,0,0,0,0,0,0x03
2026-09-06T10:51:17.866,937,0,2,50,770,0,12061,1292,0,18608,0x07
2026-09-06T10:51:17.931,938,0,2,51,770,608,9477,1292,98,18192,0x07
2026-09-06T10:51:17.996,939,0,2,51,0,0,0,0,0,0,0x03
2026-09-06T10:51:18.078,940,0,2,50,0,0,10286,0,0,15133,0x07
2026-09-06T10:51:18.143,941,0,2,56,999,357,13386,1578,446,20373,0x07
2026-09-06T10:51:18.208,942,0,2,51,999,333,13487,1578,275,21104,0x07
2026-09-06T10:51:18.273,943,0,2,51,1188,294,16010,1719,392,22409,0x07
2026-09-06T10:51:18.338,944,0,2,50,1278,400,16685,1817,700,22357,0x07
2026-09-06T10:51:18.403,945,0,2,51,0,0,0,0,0,0,0x03
2026-09-06T10:51:18.468,946,0,2,51,0,0,15245,0,0,19750,0x07
2026-09-06T10:51:18.532,947,0,2,52,1870,1250,20438,2291,1385,25524,0x07
2026-09-06T10:51:18.614,948,0,2,50,1870,720,22690,2291,800,28009,0x07
2026-09-06T10:51:18.678,949,0,2,50,1788,820,21237,2302,860,27887,0x07
2026-09-06T10:51:18.744,950,0,2,51,1719,1020,19537,2248,1157,25937,0x07
2026-09-06T10:51:18.809,951,0,2,51,1713,1098,19126,2230,1216,25448,0x07
2026-09-06T10:51:18.874,952,0,2,50,1635,1140,17982,2175,1260,24565,0x07
2026-09-06T10:51:18.939,953,0,2,54,114,1241,0,1103,1481,9892,0x07
2026-09-06T10:51:19.004,954,0,2,51,114,510,1723,1103,1196,11105,0x07
2026-09-06T10:51:19.069,955,0,2,50,118,220,3012,1099,1200,11043,0x07
2026-09-06T10:51:19.150,956,0,2,51,109,804,418,1197,1020,13060,0x07
2026-09-06T10:51:19.215,957,0,2,57,272,281,4661,1429,737,17234,0x07
2026-09-06T10:51:19.280,958,0,2,51,272,235,4854,1429,784,17032,0x07
2026-09-06T10:51:19.345,959,0,2,50,334,160,5956,0,0,15436,0x07
2026-09-06T10:51:19.409,960,0,2,50,2356,1000,27544,-1563,-1020,17743,0x07
2026-09-06T10:51:19.474,961,0,2,51,1039,569,12986,-161,-412,2374,0x07
2026-09-06T10:51:19.539,962,0,2,50,1116,500,14244,-183,-20,4329,0x07
2026-09-06T10:51:19.620,963,0,2,53,1269,566,15858,-166,0,4186,0x07
2026-09-06T10:51:19.685,964,0,2,50,1269,340,16819,-166,-40,4016,0x07
2026-09-06T10:51:19.750,965,0,2,51,1232,373,16226,0,0,2536,0x07
2026-09-06T10:51:19.815,966,0,2,51,1147,451,14839,55,0,2770,0x07
2026-09-06T10:51:19.879,967,0,2,50,1075,460,13902,53,20,2663,0x07
2026-09-06T10:51:19.945,968,0,2,51,948,431,12440,125,20,3583,0x07
2026-09-06T10:51:20.009,969,0,2,51,758,490,9822,139,98,3433,0x07
2026-09-06T10:51:20.074,970,0,2,51,758,490,9822,139,137,3267,0x07
2026-09-06T10:51:20.220,971,0,2,51,638,510,8252,160,78,3786,0x07
2026-09-06T10:51:20.285,972,0,2,51,620,412,8438,249,78,4920,0x07
2026-09-06T10:51:20.351,973,0,2,50,0,0,13560,249,260,4149,0x07
2026-09-06T10:51:20.415,974,0,2,53,117,19,3855,1628,1396,16981,0x07
2026-09-06T10:51:20.480,976,0,2,51,117,314,2602,1628,333,21498,0x07
2026-09-06T10:51:20.545,977,0,2,51,107,118,3309,1639,392,21383,0x07
2026-09-06T10:51:20.610,978,0,2,50,128,80,3721,1618,500,20656,0x07
2026-09-06T10:51:20.691,979,0,2,54,202,93,4592,1541,685,18883,0x07
2026-09-06T10:51:20.756,980,0,2,50,202,120,4476,1541,720,18735,0x07
2026-09-06T10:51:20.821,981,0,2,51,247,196,4715,1494,784,17861,0x07
2026-09-06T10:51:20.885,982,0,2,50,327,60,6284,1411,720,17077,0x07
2026-09-06T10:51:20.950,983,0,2,50,412,40,7427,1323,660,16202,0x07
2026-09-06T10:51:21.015,984,0,2,52,499,19,8608,1232,538,15554,0x07
2026-09-06T10:51:21.080,985,0,2,54,576,130,9086,1153,556,14472,0x07
2026-09-06T10:51:21.161,986,0,2,51,576,176,8887,1153,529,14583,0x07
2026-09-06T10:51:21.210,987,0,2,50,629,200,9452,1098,480,14082,0x07
2026-09-06T10:51:21.291,988,0,2,56,1698,321,22243,2073,482,26562,0x07
2026-09-06T10:51:21.356,989,0,2,56,1698,321,22243,2073,482,26562,0x07
2026-09-06T10:51:21.421,990,0,2,51,1985,588,24679,2382,686,29657,0x07
2026-09-06T10:51:21.485,991,0,2,50,2394,720,29204,2704,920,32787,0x07
2026-09-06T10:51:21.550,992,0,2,56,2576,1161,29598,2931,1393,33680,0x07
2026-09-06T10:51:21.615,993,0,2,50,2576,1400,28581,2931,1520,33140,0x07
2026-09-06T10:51:21.696,994,0,2,51,2742,1588,29847,3050,1529,34616,0x07
2026-09-06T10:51:21.744,995,0,2,50,2873,1720,30926,3158,1700,35275,0x07
2026-09-06T10:51:21.825,996,0,2,50,2950,1960,30863,3232,1900,35380,0x07
2026-09-06T10:51:21.890,997,0,2,51,2903,2157,29434,3240,2118,34554,0x07
2026-09-06T10:51:21.955,998,0,2,53,-1373,-170,18839,2202,2189,20953,0x07
2026-09-06T10:51:22.020,999,0,2,51,0,0,30127,0,0,24305,0x07
2026-09-06T10:51:22.086,1000,0,2,51,3374,922,40000,0,0,3599,0x07
2026-09-06T10:51:22.150,1001,0,2,50,1514,2080,12480,179,460,2406,0x07
2026-09-06T10:51:22.231,1002,0,2,55,1098,1036,11738,-253,-164,4607,0x07
2026-09-06T10:51:22.296,1003,0,2,50,1098,1460,9938,-253,-720,2242,0x07
2026-09-06T10:51:22.426,1004,0,2,52,1306,1231,13495,0,0,2677,0x07
2026-09-06T10:51:22.490,1005,0,2,56,1355,1250,14025,344,250,5414,0x07
2026-09-06T10:51:22.555,1006,0,2,50,1355,880,15598,344,380,4862,0x07
2026-09-06T10:51:22.620,1007,0,2,50,1342,860,15515,358,340,5211,0x07
2026-09-06T10:51:22.685,1009,0,2,56,1116,768,13098,593,286,8439,0x07
2026-09-06T10:51:22.750,1010,0,2,50,1116,740,13216,593,220,8718,0x07
2026-09-06T10:51:22.831,1011,0,2,51,1048,725,12429,663,98,10143,0x07
2026-09-06T10:51:22.896,1012,0,2,52,1686,692,20511,1522,154,20909,0x07
2026-09-06T10:51:22.961,1013,0,2,50,2358,780,28511,2267,480,29058,0x07
2026-09-06T10:51:23.026,1014,0,2,50,2854,940,33996,2900,660,36401,0x07
2026-09-06T10:51:23.091,1015,0,2,51,3273,1490,36874,3430,1216,40000,0x07
2026-09-06T10:51:23.156,1016,0,2,58,3273,1793,35587,3430,1500,39612,0x07
2026-09-06T10:51:23.221,1017,0,2,51,3316,1824,35999,3500,1686,39716,0x07
2026-09-06T10:51:23.286,1018,0,2,51,3271,2020,34598,3500,1961,38550,0x07
2026-09-06T10:51:23.366,1019,0,2,50,2974,2120,30473,3385,2140,36318,0x07
2026-09-06T10:51:23.431,1020,0,2,51,2974,2333,29567,3385,2196,36080,0x07
2026-09-06T10:51:23.496,1021,0,2,50,2782,2340,27147,3222,2320,33465,0x07
2026-09-06T10:51:23.561,1022,0,2,57,2267,2421,20400,2800,2632,26740,0x07
2026-09-06T10:51:23.626,1023,0,2,51,2267,2235,21190,2800,2431,27591,0x07
2026-09-06T10:51:23.691,1024,0,2,50,1996,2320,17461,2554,2540,23979,0x07
2026-09-06T10:51:23.772,1025,0,2,50,1572,2080,13203,2210,2400,20164,0x07
2026-09-06T10:51:23.821,1026,0,2,51,1210,1451,11365,1870,2137,16928,0x07
2026-09-06T10:51:23.902,1027,0,2,51,1015,1725,7775,1655,1961,14927,0x07
2026-09-06T10:51:23.967,1028,0,2,51,0,0,6138,1503,1745,13899,0x07
2026-09-06T10:51:24.032,1029,0,2,51,0,0,4664,2214,1412,24413,0x07
2026-09-06T10:51:24.097,1030,0,2,50,267,560,3420,1473,1360,15145,0x07
2026-09-06T10:51:24.161,1031,0,2,50,290,440,4211,1449,1280,15186,0x07
2026-09-06T10:51:24.226,1032,0,2,51,327,255,5460,1411,961,16049,0x07
2026-09-06T10:51:24.307,1033,0,2,52,395,346,5916,1340,923,15308,0x07
2026-09-06T10:51:24.372,1034,0,2,50,499,220,7750,1232,940,13851,0x07
2026-09-06T10:51:24.437,1035,0,2,50,588,180,9032,1140,740,13513,0x07
2026-09-06T10:51:24.502,1036,0,2,52,675,212,9977,1050,673,12646,0x07
2026-09-06T10:51:24.567,1037,0,2,50,1578,240,21089,1861,560,23521,0x07
2026-09-06T10:51:24.632,1038,0,2,52,2539,750,30890,2683,808,32995,0x07
2026-09-06T10:51:24.697,1039,0,2,51,3134,1020,37148,3187,1078,38294,0x07
2026-09-06T10:51:24.762,1040,0,2,50,3374,1200,39366,3379,1440,39218,0x07
2026-09-06T10:51:24.826,1041,0,2,51,3304,1804,35931,3017,1549,34110,0x07
2026-09-06T10:51:24.907,1042,0,2,50,3304,2040,34928,3017,1760,33214,0x07
2026-09-06T10:51:24.972,1043,0,2,50,2845,2140,28787,2366,1940,24122,0x07
2026-09-06T10:51:25.037,1044,0,2,51,2229,2314,20386,1642,1686,15923,0x07
2026-09-06T10:51:25.101,1045,0,2,51,1681,2059,14641,1043,1824,7676,0x07
2026-09-06T10:51:25.166,1046,0,2,50,1226,1840,9914,478,1420,2154,0x07
2026-09-06T10:51:25.231,1047,0,2,51,1174,1451,10926,532,725,5790,0x07
2026-09-06T10:51:25.312,1048,0,2,50,1164,1400,11012,542,920,5103,0x07
2026-09-06T10:51:25.361,1049,0,2,50,1160,1260,11560,546,780,5748,0x07
2026-09-06T10:51:25.442,1050,0,2,50,1127,1160,11565,581,640,6791,0x07
2026-09-06T10:51:25.507,1051,0,2,52,1128,904,12671,580,558,7123,0x07
2026-09-06T10:51:25.571,1052,0,2,50,1184,780,13890,638,600,7682,0x07
2026-09-06T10:51:25.636,1053,0,2,50,1297,860,14957,790,620,9546,0x07
2026-09-06T10:51:25.701,1054,0,2,51,1602,961,18325,1222,1137,12874,0x07
2026-09-06T10:51:25.766,1055,0,2,50,1785,920,20779,1391,1120,15113,0x07
2026-09-06T10:51:25.847,1056,0,2,50,1923,980,22246,1551,600,19375,0x07
2026-09-06T10:51:25.912,1057,0,2,52,2310,1154,26318,2071,808,25147,0x07
2026-09-06T10:51:25.976,1058,0,2,50,2310,1320,25612,2071,900,24755,0x07
2026-09-06T10:51:26.042,1059,0,2,50,2557,1380,28431,2387,1060,28127,0x07
2026-09-06T10:51:26.106,1060,0,2,50,2796,1680,30130,2703,1320,31097,0x07
2026-09-06T10:51:26.171,1061,0,2,51,3040,1882,32310,3070,1451,35247,0x07
2026-09-06T10:51:26.236,1062,0,2,50,3178,1860,34118,3192,1720,35692,0x07
2026-09-06T10:51:26.317,1063,0,2,54,3337,2352,34005,3498,2130,37946,0x07
2026-09-06T10:51:26.365,1064,0,2,51,3337,2294,34250,3498,2196,37698,0x07
2026-09-06T10:51:26.446,1065,0,2,50,3324,2500,33220,3500,2420,36848,0x07
2026-09-06T10:51:26.706,1066,0,2,56,3177,2679,30627,3496,2643,35881,0x07
2026-09-06T10:51:28.112,1067,0,2,50,3177,2680,30621,3496,2700,35672,0x07
2026-09-06T10:51:28.177,1068,0,2,50,0,0,26483,0,0,30910,0x07
2026-09-06T10:51:28.242,1069,0,2,50,0,0,25578,0,0,29969,0x07
2026-09-06T10:51:28.323,1070,0,2,51,0,0,0,0,0,0,0x03
2026-09-06T10:51:28.388,1071,0,2,51,0,0,19738,0,0,5863,0x07
2026-09-06T10:51:28.452,1072,0,2,51,2106,529,26440,0,0,6273,0x07
2026-09-06T10:51:28.518,1073,0,2,50,1222,580,15223,482,140,7728,0x07
2026-09-06T10:51:28.583,1074,0,2,51,1221,588,15167,484,98,7925,0x07
2026-09-06T10:51:28.648,1075,0,2,50,1232,440,15931,0,0,4029,0x07
2026-09-06T10:51:28.713,1076,0,2,52,1902,500,24025,0,0,4565,0x07
2026-09-06T10:51:28.778,1077,0,2,52,1412,615,17433,285,0,5777,0x07
2026-09-06T10:51:28.859,1078,0,2,51,1355,647,16584,345,0,6551,0x07
2026-09-06T10:51:28.923,1079,0,2,52,1259,615,15530,444,0,7825,0x07
2026-09-06T10:51:28.988,1080,0,2,50,1239,640,15173,465,0,8096,0x07
2026-09-06T10:51:29.053,1081,0,2,55,1091,636,13354,618,0,10072,0x07
2026-09-06T10:51:29.118,1082,0,2,50,1091,640,13339,618,0,10072,0x07
2026-09-06T10:51:29.183,1083,0,2,51,2554,627,31601,3210,0,40000,0x07
2026-09-06T10:51:29.247,1084,0,2,50,3145,960,37536,3261,680,40000,0x07
2026-09-06T10:51:29.329,1085,0,2,56,3248,1107,38200,3500,929,40000,0x07
2026-09-06T10:51:29.393,1086,0,2,51,3248,1333,37238,3500,1353,40000,0x07
2026-09-06T10:51:29.458,1087,0,2,50,2925,1720,31572,3459,1620,39882,0x07
2026-09-06T10:51:29.523,1088,0,2,50,2498,1800,25920,3084,1820,34195,0x07
2026-09-06T10:51:29.588,1089,0,2,51,2294,1922,22853,2813,1980,30014,0x07
2026-09-06T10:51:29.653,1090,0,2,51,1932,1961,18181,2519,2059,25884,0x07
2026-09-06T10:51:29.718,1091,0,2,53,1421,1774,12620,2032,2170,19114,0x07
2026-09-06T10:51:29.784,1092,0,2,50,1421,1600,13357,2032,1940,20091,0x07
2026-09-06T10:51:29.865,1093,0,2,50,1173,1500,10700,1806,1920,17260,0x07
2026-09-06T10:51:29.930,1094,0,2,51,778,1373,6320,1479,1863,13283,0x07
2026-09-06T10:51:29.995,1095,0,2,50,0,0,6627,576,880,5795,0x07
2026-09-06T10:51:30.060,1096,0,2,50,292,40,5936,1447,1760,13308,0x07
2026-09-06T10:51:30.125,1097,0,2,55,281,673,3112,1458,1291,15445,0x07
2026-09-06T10:51:30.190,1098,0,2,50,281,300,4696,1458,760,17701,0x07
2026-09-06T10:51:30.255,1099,0,2,50,227,0,5304,1514,600,19101,0x07
2026-09-06T10:51:30.319,1100,0,2,52,0,0,0,0,0,0,0x03
2026-09-06T10:51:30.401,1101,0,2,58,498,0,8672,1233,0,18025,0x07
2026-09-06T10:51:30.466,1102,0,2,50,498,300,7397,1233,920,14115,0x07
2026-09-06T10:51:30.530,1103,0,2,52,528,192,8229,1202,423,15823,0x07
2026-09-06T10:51:30.595,1104,0,2,50,2859,440,36188,2329,520,29969,0x07
2026-09-06T10:51:30.660,1105,0,2,51,2917,784,35448,3093,569,39623,0x07
2026-09-06T10:51:30.725,1106,0,2,52,3213,1173,37482,3322,827,40000,0x07
2026-09-06T10:51:30.790,1107,0,2,51,3339,1431,37947,3429,1549,39805,0x07
2026-09-06T10:51:30.855,1108,0,2,57,3303,2035,34932,3500,2053,38577,0x07
2026-09-06T10:51:30.936,1109,0,2,50,3303,2100,34656,3500,2180,38036,0x07
2026-09-06T10:51:31.000,1110,0,2,51,3190,2275,32516,3500,2098,38384,0x07
2026-09-06T10:51:31.065,1111,0,2,51,2860,2275,28405,3351,2333,35459,0x07
2026-09-06T10:51:31.131,1112,0,2,50,2863,2480,27568,3227,2160,34600,0x07
2026-09-06T10:51:31.196,1113,0,2,51,1988,2451,16795,2721,2137,28159,0x07
2026-09-06T10:51:31.261,1114,0,2,53,320,1283,1003,1418,1792,12793,0x07
2026-09-06T10:51:31.326,1115,0,2,51,320,1000,2205,1418,1627,13495,0x07
2026-09-06T10:51:31.391,1116,0,2,50,238,1280,4141,1504,1520,15054,0x07
2026-09-06T10:51:31.472,1117,0,2,50,203,1020,671,1539,1380,16106,0x07
2026-09-06T10:51:31.537,1118,0,2,50,180,460,2756,1564,1100,17617,0x07
2026-09-06T10:51:31.602,1119,0,2,51,221,392,3562,1521,1000,17486,0x07
2026-09-06T10:51:31.667,1120,0,2,52,273,231,4895,1467,981,16872,0x07
2026-09-06T10:51:31.732,1121,0,2,51,273,176,5125,1467,843,17457,0x07
2026-09-06T10:51:31.797,1122,0,2,50,361,240,5943,1376,780,16549,0x07
2026-09-06T10:51:31.862,1123,0,2,50,462,360,6689,1271,820,15028,0x07
2026-09-06T10:51:31.927,1124,0,2,57,640,123,9914,1086,895,12323,0x07
2026-09-06T10:51:32.008,1125,0,2,50,640,160,9756,1086,800,12725,0x07
2026-09-06T10:51:32.138,1126,0,2,51,1123,196,15620,1466,706,18031,0x07
2026-09-06T10:51:32.203,1127,0,2,50,2035,460,25844,2284,840,28026,0x07
2026-09-06T10:51:32.268,1128,0,2,50,2546,840,30588,2787,1060,33587,0x07
2026-09-06T10:51:32.333,1129,0,2,56,3230,1393,36750,3346,1464,39094,0x07
2026-09-06T10:51:32.462,1131,0,2,51,3230,1588,35920,3346,1686,38150,0x07
2026-09-06T10:51:32.543,1132,0,2,51,3374,1667,37383,3476,1922,38823,0x07
2026-09-06T10:51:32.607,1133,0,2,57,3374,2193,35146,3402,2368,35965,0x07
2026-09-06T10:51:32.672,1134,0,2,51,3374,2412,34216,3402,2373,35948,0x07
2026-09-06T10:51:32.737,1135,0,2,50,3374,2380,34352,3279,2600,33398,0x07
2026-09-06T10:51:32.801,1136,0,2,51,3206,2529,31622,2932,2667,28658,0x07
2026-09-06T10:51:32.866,1137,0,2,50,2947,2720,27595,2639,2600,25156,0x07
2026-09-06T10:51:32.931,1138,0,2,51,2523,2667,22547,2040,2588,17461,0x07
2026-09-06T10:51:33.012,1139,0,2,51,1357,2196,10026,343,1627,0,0x07
2026-09-06T10:51:33.061,1140,0,2,51,0,0,0,0,0,0,0x03
2026-09-06T10:51:33.142,1141,0,2,50,0,0,18195,0,0,24282,0x07
2026-09-06T10:51:33.207,1142,0,2,52,0,0,10591,2557,250,34089,0x07
2026-09-06T10:51:33.337,1143,0,2,50,990,1540,8255,723,1380,5573,0x07
2026-09-06T10:51:33.402,1144,0,2,52,143,1250,3387,1602,442,20921,0x07
2026-09-06T10:51:33.467,1145,0,2,51,111,569,1444,1634,686,20305,0x07
2026-09-06T10:51:33.547,1146,0,2,51,147,373,2717,0,0,19092,0x07
2026-09-06T10:51:33.612,1147,0,2,51,3374,235,40000,0,0,4579,0x07
2026-09-06T10:51:33.677,1148,0,2,52,1411,538,17746,286,385,4161,0x07
2026-09-06T10:51:33.742,1149,0,2,51,1469,569,18341,226,314,3685,0x07
2026-09-06T10:51:33.807,1150,0,2,51,1535,608,18994,158,235,3135,0x07
2026-09-06T10:51:33.872,1151,0,2,51,1566,765,18709,126,118,3224,0x07
2026-09-06T10:51:33.937,1152,0,2,51,1533,765,18306,160,118,3658,0x07
2026-09-06T10:51:34.001,1153,0,2,50,1457,780,17292,239,120,4670,0x07
2026-09-06T10:51:34.083,1154,0,2,53,1323,811,15487,378,302,5698,0x07
2026-09-06T10:51:34.148,1155,0,2,50,1323,20,18850,378,280,5792,0x07
2026-09-06T10:51:34.213,1156,0,2,51,1167,118,16495,540,157,8405,0x07
2026-09-06T10:51:34.278,1157,0,2,51,1182,0,17180,524,39,8705,0x07
2026-09-06T10:51:34.343,1158,0,2,50,1160,0,16911,547,20,9076,0x07
2026-09-06T10:51:34.408,1159,0,2,51,1120,0,16411,588,20,9616,0x07
2026-09-06T10:51:34.473,1160,0,2,51,1172,0,17063,534,0,8999,0x07
2026-09-06T10:51:34.602,1161,0,2,50,1172,0,17063,534,0,8999,0x07
2026-09-06T10:51:34.684,1162,0,2,51,1164,0,16962,542,0,9107,0x07
2026-09-06T10:51:34.749,1163,0,2,51,1167,0,16999,539,0,9066,0x07
2026-09-06T10:51:34.814,1164,0,2,50,1225,0,17717,480,0,8297,0x07
2026-09-06T10:51:34.879,1165,0,2,51,1242,0,17936,461,0,8059,0x07
2026-09-06T10:51:34.944,1166,0,2,50,1242,0,17936,461,0,8059,0x07
2026-09-06T10:51:35.009,1167,0,2,51,1242,0,17928,462,0,8066,0x07
2026-09-06T10:51:35.074,1168,0,2,50,1250,0,18028,454,0,7963,0x07
2026-09-06T10:51:35.140,1169,0,2,50,1241,0,17915,463,0,8080,0x07
2026-09-06T10:51:35.221,1170,0,2,50,1239,0,17898,465,0,8102,0x07
2026-09-06T10:51:35.286,1171,0,2,50,1238,0,17881,466,0,8116,0x07
2026-09-06T10:51:35.351,1172,0,2,50,1230,0,17790,474,0,8216,0x07
2026-09-06T10:51:35.415,1173,0,2,51,1234,0,17830,470,0,8171,0x07
2026-09-06T10:51:35.480,1174,0,2,50,-1687,0,23471,1750,0,24716,0x07
2026-09-06T10:51:35.545,1175,0,2,50,-1687,-1340,17776,1750,480,22676,0x07
2026-09-06T10:51:35.609,1176,0,2,51,-1687,-255,22387,1750,118,24216,0x07
2026-09-06T10:51:35.675,1177,0,2,50,-1687,-300,22196,1750,420,22930,0x07
2026-09-06T10:51:35.756,1178,0,2,57,-1687,-333,22054,1750,193,23895,0x07
2026-09-06T10:51:35.821,1179,0,2,50,-1687,-540,21176,1750,60,24460,0x07
2026-09-06T10:51:35.886,1180,0,2,51,0,0,0,0,0,0,0x03
2026-09-06T10:51:35.951,1181,0,2,51,0,0,15811,0,0,2633,0x07
2026-09-06T10:51:36.016,1182,0,2,50,1627,520,20517,62,0,2896,0x07
2026-09-06T10:51:36.081,1183,0,2,52,1506,269,20071,188,38,4361,0x07
2026-09-06T10:51:36.146,1184,0,2,50,1569,320,20641,122,20,3595,0x07
2026-09-06T10:51:36.211,1185,0,2,50,1596,520,20122,95,0,3322,0x07
2026-09-06T10:51:36.292,1186,0,2,51,0,0,21798,104,0,3434,0x07
2026-09-06T10:51:36.357,1187,0,2,51,0,0,0,0,0,0,0x03
2026-09-06T10:51:36.422,1188,0,2,52,0,0,6174,0,0,13214,0x07
2026-09-06T10:51:36.487,1189,0,2,50,0,0,0,0,0,0,0x03
2026-09-06T10:51:36.552,1190,0,2,51,0,0,3409,0,0,16251,0x07
2026-09-06T10:51:36.617,1191,0,2,51,114,20,3810,1632,39,23019,0x07
2026-09-06T10:51:36.682,1192,0,2,52,81,0,3478,0,0,22051,0x07
2026-09-06T10:51:36.747,1193,0,2,51,3374,0,40000,0,0,3924,0x07
2026-09-06T10:51:36.828,1194,0,2,50,1485,340,19514,209,40,4631,0x07
2026-09-06T10:51:36.893,1195,0,2,50,1485,280,19769,209,140,4206,0x07
2026-09-06T10:51:36.958,1196,0,2,51,1541,216,20732,152,255,2981,0x07
2026-09-06T10:51:37.023,1197,0,2,53,1526,0,21468,167,19,4173,0x07
2026-09-06T10:51:37.087,1198,0,2,51,1526,0,21468,167,0,4254,0x07
2026-09-06T10:51:37.152,1199,0,2,50,1509,0,21253,185,0,4484,0x07
2026-09-06T10:51:37.217,1200,0,2,51,1479,0,20888,216,0,4882,0x07
2026-09-06T10:51:37.281,1201,0,2,50,1496,0,21093,198,0,4657,0x07
2026-09-06T10:51:37.362,1202,0,2,50,1485,0,20950,210,0,4810,0x07
2026-09-06T10:51:37.427,1203,0,2,50,1355,0,19343,344,0,6542,0x07
2026-09-06T10:51:37.491,1204,0,2,51,1472,0,20795,223,196,4143,0x07
2026-09-06T10:51:37.556,1205,0,2,50,1500,0,21144,194,20,4516,0x07
2026-09-06T10:51:37.621,1206,0,2,50,1516,0,21337,178,0,4394,0x07
2026-09-06T10:51:37.686,1207,0,2,56,1519,0,21380,174,0,4349,0x07
2026-09-06T10:51:37.751,1208,0,2,52,1519,0,21380,174,0,4349,0x07
2026-09-06T10:51:37.832,1209,0,2,51,1507,0,21228,187,0,4511,0x07
2026-09-06T10:51:37.897,1210,0,2,52,1546,0,21711,147,0,3991,0x07
2026-09-06T10:51:37.962,1211,0,2,52,1534,0,21573,158,0,4140,0x07
2026-09-06T10:51:38.026,1212,0,2,52,1518,0,21362,176,0,4367,0x07
2026-09-06T10:51:38.091,1213,0,2,50,1435,0,20329,262,0,5480,0x07
2026-09-06T10:51:38.156,1214,0,2,50,1508,0,21240,186,0,4498,0x07
2026-09-06T10:51:38.221,1215,0,2,50,1493,0,21061,201,0,4692,0x07
2026-09-06T10:51:38.285,1216,0,2,50,0,0,16301,202,0,4701,0x07
2026-09-06T10:51:38.367,1217,0,2,50,-1687,-1360,17691,1750,780,21400,0x07
2026-09-06T10:51:38.431,1218,0,2,51,-1687,-137,22887,1750,157,24049,0x07
2026-09-06T10:51:38.497,1219,0,2,50,0,0,0,0,0,0,0x03
2026-09-06T10:51:38.562,1220,0,2,51,0,0,0,0,0,0,0x03
2026-09-06T10:51:38.626,1221,0,2,51,0,0,16301,0,0,17278,0x07
2026-09-06T10:51:38.691,1222,0,2,51,0,0,0,0,0,0,0x03
2026-09-06T10:51:38.756,1223,0,2,55,-2092,0,28509,3500,0,40000,0x07
2026-09-06T10:51:38.837,1224,0,2,51,0,0,4625,3500,157,40000,0x07
2026-09-06T10:51:38.901,1225,0,2,51,262,235,4741,1478,0,21195,0x07
2026-09-06T10:51:38.966,1226,0,2,54,283,56,5762,1456,0,20919,0x07
2026-09-06T10:51:39.031,1227,0,2,51,283,59,5748,1456,0,20919,0x07
2026-09-06T10:51:39.096,1228,0,2,52,285,231,5046,1454,0,20887,0x07
2026-09-06T10:51:39.160,1229,0,2,51,276,98,5497,1463,0,21009,0x07
2026-09-06T10:51:39.225,1230,0,2,56,272,0,5858,1468,0,21069,0x07
2026-09-06T10:51:39.290,1231,0,2,50,0,0,0,0,0,0,0x03
2026-09-06T10:51:39.370,1232,0,2,51,0,0,4299,0,0,15273,0x07
2026-09-06T10:51:39.435,1233,0,2,51,223,0,5245,1519,78,21395,0x07
2026-09-06T10:51:39.500,1234,0,2,50,246,0,5531,1495,0,21421,0x07
2026-09-06T10:51:39.565,1235,0,2,50,272,0,5858,1468,0,21069,0x07
2026-09-06T10:51:39.630,1236,0,2,52,285,0,6023,1454,0,20893,0x07
2026-09-06T10:51:39.695,1237,0,2,52,277,0,5926,1462,0,20996,0x07
2026-09-06T10:51:39.760,1238,0,2,50,0,0,16301,1458,0,20946,0x07
2026-09-06T10:51:39.841,1239,0,2,50,-1687,-220,22536,1750,0,24716,0x07
2026-09-06T10:51:39.906,1240,0,2,50,-1687,-80,23131,1750,0,24716,0x07
2026-09-06T10:51:39.970,1241,0,2,52,-1687,-77,23144,1750,0,24716,0x07
2026-09-06T10:51:40.230,1242,0,2,50,-1687,-20,23386,1750,0,24716,0x07
2026-09-06T10:51:40.570,1243,0,2,57,-1687,0,23471,1750,0,24716,0x07
2026-09-06T10:51:40.635,1244,0,2,55,0,0,0,0,0,0,0x03
2026-09-06T10:51:40.700,1245,0,2,51,0,0,4786,0,0,14739,0x07
2026-09-06T10:51:40.766,1246,0,2,51,0,0,0,0,0,0,0x03
2026-09-06T10:51:40.831,1247,0,2,51,0,0,0,0,0,0,0x03
2026-09-06T10:51:40.912,1248,0,2,52,0,0,5510,0,0,13943,0x07
2026-09-06T10:51:40.977,1249,0,2,50,370,40,6914,1366,0,19747,0x07
2026-09-06T10:51:41.042,1250,0,2,50,313,300,5092,1426,0,20522,0x07
2026-09-06T10:51:41.107,1251,0,2,51,0,0,0,0,0,0,0x03
2026-09-06T10:51:41.171,1252,0,2,52,0,0,4905,0,0,14608,0x07
2026-09-06T10:51:41.237,1253,0,2,50,0,0,16301,1442,0,20738,0x07
2026-09-06T10:51:41.302,1254,0,2,51,-1687,-627,20804,1750,0,24716,0x07
2026-09-06T10:51:41.367,1255,0,2,51,-1687,-706,20471,1750,0,24716,0x07
2026-09-06T10:51:41.448,1256,0,2,51,-1687,-98,23054,1750,0,24716,0x07
2026-09-06T10:51:41.513,1257,0,2,51,-1687,-216,22554,1750,0,24716,0x07
2026-09-06T10:51:41.578,1258,0,2,50,-1687,-320,22111,1750,120,24206,0x07
2026-09-06T10:51:41.643,1259,0,2,51,0,0,0,0,0,0,0x03
2026-09-06T10:51:41.708,1260,0,2,52,0,0,6075,0,0,13324,0x07
2026-09-06T10:51:41.773,1261,0,2,52,439,19,7860,1294,308,17517,0x07
2026-09-06T10:51:41.838,1262,0,2,50,546,480,7228,1184,260,16291,0x07
2026-09-06T10:51:41.903,1263,0,2,50,546,40,9098,1184,240,16376,0x07
2026-09-06T10:51:41.985,1264,0,2,50,0,0,0,0,0,0,0x03
2026-09-06T10:51:42.050,1265,0,2,51,0,0,12551,0,0,15798,0x07
2026-09-06T10:51:42.115,1266,0,2,51,1229,373,16193,1580,627,19844,0x07
2026-09-06T10:51:42.180,1267,0,2,50,1382,360,18144,1877,440,24482,0x07
2026-09-06T10:51:42.245,1268,0,2,55,1883,655,23128,2337,691,29370,0x07
2026-09-06T10:51:42.310,1269,0,2,51,1883,863,22243,2337,784,28973,0x07
2026-09-06T10:51:42.375,1270,0,2,51,1979,941,23108,2432,922,29615,0x07
2026-09-06T10:51:42.440,1271,0,2,51,2143,1098,24477,2558,980,30993,0x07
2026-09-06T10:51:42.505,1272,0,2,56,2123,1375,23048,2598,1321,30060,0x07
2026-09-06T10:51:42.586,1273,0,2,50,2123,1460,22687,2598,1520,29216,0x07
2026-09-06T10:51:42.651,1274,0,2,51,2185,1451,23497,2624,1510,29590,0x07
2026-09-06T10:51:42.716,1275,0,2,51,1857,1627,18674,2430,1863,25593,0x07
2026-09-06T10:51:42.781,1276,0,2,50,1899,1560,19482,2389,1860,25071,0x07
2026-09-06T10:51:42.846,1277,0,2,51,0,0,0,0,0,0,0x03
2026-09-06T10:51:42.911,1278,0,2,52,0,0,0,0,0,0,0x03
2026-09-06T10:51:42.976,1279,0,2,50,0,0,0,0,0,0,0x03
2026-09-06T10:51:43.057,1280,0,2,51,0,0,0,0,0,0,0x03
2026-09-06T10:51:43.106,1281,0,2,51,0,0,0,0,0,0,0x03
2026-09-06T10:51:43.187,1282,0,2,51,0,0,0,0,0,0,0x03
2026-09-06T10:51:43.252,1283,0,2,51,0,0,0,0,0,0,0x03
2026-09-06T10:51:43.317,1284,0,2,55,0,0,0,0,0,0,0x03
2026-09-06T10:51:43.382,1285,0,2,52,0,0,0,0,0,0,0x03
2026-09-06T10:51:43.447,1286,0,2,50,0,0,0,0,0,0,0x03
2026-09-06T10:51:43.512,1287,0,2,50,0,0,0,0,0,0,0x03
2026-09-06T10:51:43.577,1288,0,2,51,0,0,0,0,0,0,0x03
2026-09-06T10:51:43.642,1289,0,2,52,0,0,0,0,0,0,0x03
2026-09-06T10:51:43.724,1290,0,2,50,0,0,0,0,0,0,0x03
2026-09-06T10:51:43.788,1291,0,2,50,0,0,0,0,0,0,0x03
2026-09-06T10:51:43.853,1292,0,2,52,0,0,0,0,0,0,0x03
2026-09-06T10:51:43.919,1293,0,2,52,0,0,0,0,0,0,0x03
2026-09-06T10:51:43.984,1294,0,2,51,0,0,0,0,0,0,0x03
2026-09-06T10:51:44.049,1295,0,2,51,0,0,0,0,0,0,0x03
2026-09-06T10:51:44.114,1296,0,2,51,0,0,0,0,0,0,0x03
2026-09-06T10:51:44.179,1297,0,2,51,0,0,0,0,0,0,0x03
2026-09-06T10:51:44.260,1298,0,2,52,0,0,0,0,0,0,0x03
2026-09-06T10:51:44.325,1299,0,2,50,0,0,0,0,0,0,0x03
2026-09-06T10:51:44.389,1300,0,2,50,0,0,0,0,0,0,0x03
2026-09-06T10:51:44.454,1301,0,2,51,0,0,0,0,0,0,0x03
2026-09-06T10:51:44.518,1302,0,2,51,0,0,0,0,0,0,0x03
2026-09-06T10:51:44.583,1303,0,2,50,0,0,0,0,0,0,0x03
2026-09-06T10:51:44.648,1304,0,2,52,0,0,0,0,0,0,0x03
2026-09-06T10:51:44.906,1305,0,2,51,0,0,0,0,0,0,0x03
2026-09-06T10:51:59.577,1306,0,2,50,0,0,0,0,0,0,0x03
2026-09-06T10:51:59.658,1307,0,2,52,0,0,0,0,0,0,0x03
2026-09-06T10:51:59.918,1308,0,2,50,0,0,0,0,0,0,0x03
2026-09-06T10:52:01.325,1309,0,2,51,0,0,0,0,0,0,0x03
2026-09-06T10:52:01.585,1310,0,2,55,0,0,0,0,0,0,0x03
2026-09-06T10:52:03.203,1311,0,2,50,0,0,0,0,0,0,0x03
2026-09-06T10:52:03.268,1312,0,2,50,0,0,0,0,0,0,0x03
2026-09-06T10:52:03.333,1313,0,2,50,0,0,19512,0,0,3744,0x07
2026-09-06T10:52:03.463,1314,0,2,51,0,0,0,0,0,0,0x03
2026-09-06T10:52:03.543,1315,0,2,50,0,0,26306,0,0,32459,0x07
2026-09-06T10:52:03.608,1316,0,2,50,2908,700,35689,3500,1820,39599,0x07
2026-09-06T10:52:03.673,1317,0,2,50,3349,1120,39396,3500,960,40000,0x07
2026-09-06T10:52:03.738,1319,0,2,51,3360,1392,38378,3500,1510,40000,0x07
2026-09-06T10:52:03.803,1320,0,2,52,3310,1942,35410,3500,1558,40000,0x07
2026-09-06T10:52:03.868,1321,0,2,50,3310,1940,35420,3500,1900,39259,0x07
2026-09-06T10:52:03.949,1322,0,2,51,3240,2235,33304,3500,2176,38084,0x07
2026-09-06T10:52:04.014,1323,0,2,51,3020,2392,29891,3437,2275,36853,0x07
2026-09-06T10:52:04.079,1324,0,2,50,2791,2520,26496,3250,2360,34069,0x07
2026-09-06T10:52:04.143,1325,0,2,51,2573,2353,24502,3051,2490,30946,0x07
2026-09-06T10:52:04.208,1326,0,2,51,2834,2549,26914,3240,2588,32976,0x07
2026-09-06T10:52:04.273,1327,0,2,50,2834,2520,27037,3240,2560,33096,0x07
2026-09-06T10:52:04.338,1328,0,2,50,2737,2520,25829,3142,2560,31826,0x07
2026-09-06T10:52:04.403,1329,0,2,50,2615,2420,24733,3044,2680,30049,0x07
2026-09-06T10:52:04.484,1330,0,2,51,2617,2490,24464,3008,2784,29145,0x07
2026-09-06T10:52:04.549,1331,0,2,50,2284,2480,20363,2815,2560,27601,0x07
2026-09-06T10:52:04.614,1332,0,2,53,1662,2170,13938,2281,2491,20997,0x07
2026-09-06T10:52:04.679,1333,0,2,51,1662,1902,15076,2281,2333,21665,0x07
2026-09-06T10:52:04.743,1334,0,2,50,1108,1740,8874,1820,2380,15505,0x07
2026-09-06T10:52:04.808,1335,0,2,50,423,1600,944,1311,1900,10963,0x07
2026-09-06T10:52:04.872,1336,0,2,50,383,960,3164,0,0,16324,0x07
2026-09-06T10:52:04.953,1337,0,2,51,2472,745,30075,0,0,15358,0x07
2026-09-06T10:52:05.002,1338,0,2,51,1172,1843,9233,1529,549,19522,0x07
2026-09-06T10:52:05.083,1339,0,2,51,1297,804,15203,404,882,3570,0x07
2026-09-06T10:52:05.342,1340,0,2,50,0,0,15017,363,180,6018,0x07
2026-09-06T10:52:06.623,1341,0,2,50,0,0,4570,2939,400,38378,0x07
2026-09-06T10:52:06.688,1342,0,2,50,390,0,7329,693,0,11048,0x07
2026-09-06T10:52:06.753,1343,0,2,58,1124,0,16457,1286,0,18712,0x07
2026-09-06T10:52:06.817,1344,0,2,51,0,0,0,0,0,0,0x03
2026-09-06T10:52:06.883,1345,0,2,50,0,0,16301,0,0,17278,0x07
2026-09-06T10:52:06.948,1346,0,2,51,1687,118,22971,-1750,-275,23549,0x07
2026-09-06T10:52:07.029,1347,0,2,50,1687,320,22111,-1750,-600,22166,0x07
2026-09-06T10:52:07.094,1348,0,2,50,1687,540,21176,-1750,-460,22760,0x07
2026-09-06T10:52:07.159,1349,0,2,51,1687,980,19304,-1750,-706,21716,0x07
2026-09-06T10:52:07.224,1350,0,2,51,1687,1039,19054,-1750,-843,21132,0x07
2026-09-06T10:52:07.289,1351,0,2,51,0,0,0,0,0,0,0x03
2026-09-06T10:52:07.354,1352,0,2,51,0,0,0,0,0,0,0x03
2026-09-06T10:52:07.419,1353,0,2,50,0,0,4233,0,0,19208,0x07
2026-09-06T10:52:07.484,1354,0,2,51,0,0,30127,0,0,20590,0x07
2026-09-06T10:52:07.565,1355,0,2,50,3374,760,40000,0,0,7105,0x07
2026-09-06T10:52:07.614,1356,0,2,50,1005,460,13033,707,500,9108,0x07
2026-09-06T10:52:07.695,1357,0,2,51,1005,549,12655,707,725,8149,0x07
2026-09-06T10:52:07.760,1358,0,2,51,987,510,12586,861,588,10723,0x07
2026-09-06T10:52:07.825,1359,0,2,57,2478,561,30932,2392,561,30621,0x07
2026-09-06T10:52:07.891,1360,0,2,52,2478,788,29967,2392,558,30637,0x07
2026-09-06T10:52:07.956,1361,0,2,50,2927,1020,34569,2996,760,37586,0x07
2026-09-06T10:52:08.021,1362,0,2,51,3186,1294,36632,3322,961,40000,0x07
2026-09-06T10:52:08.086,1363,0,2,50,3300,1660,36488,3490,1660,40000,0x07
2026-09-06T10:52:08.151,1364,0,2,50,3315,1880,35738,3500,1720,40000,0x07
2026-09-06T10:52:08.233,1365,0,2,51,3207,2137,33310,3500,1882,39334,0x07
2026-09-06T10:52:08.298,1366,0,2,53,2737,2340,26596,3221,2321,33861,0x07
2026-09-06T10:52:08.363,1367,0,2,51,2737,2314,26706,3221,2333,33807,0x07
2026-09-06T10:52:08.428,1368,0,2,50,2193,2280,20083,2820,2300,28765,0x07
2026-09-06T10:52:08.493,1369,0,2,51,1003,1510,8538,1819,1843,17777,0x07
2026-09-06T10:52:08.558,1370,0,2,51,55,1412,29182,0,0,16238,0x07
2026-09-06T10:52:08.623,1371,0,2,50,0,0,18126,0,0,32459,0x07
2026-09-06T10:52:08.688,1372,0,2,53,98,38,3527,1649,3094,10257,0x07
2026-09-06T10:52:08.768,1373,0,2,51,98,275,2521,1649,1980,14991,0x07
2026-09-06T10:52:08.833,1374,0,2,51,104,686,850,0,0,7412,0x07
2026-09-06T10:52:08.898,1375,0,2,50,2992,1660,32655,0,0,6587,0x07
2026-09-06T10:52:08.963,1376,0,2,50,1171,920,13135,518,260,7682,0x07
2026-09-06T10:52:09.028,1377,0,2,51,1029,882,11528,471,588,5684,0x07
2026-09-06T10:52:09.093,1378,0,2,50,858,700,10178,138,240,2854,0x07
2026-09-06T10:52:09.158,1379,0,2,51,858,647,10403,138,0,3874,0x07
2026-09-06T10:52:09.222,1380,0,2,52,867,577,10810,203,250,3662,0x07
2026-09-06T10:52:09.303,1381,0,2,50,921,680,11048,313,160,5459,0x07
2026-09-06T10:52:09.368,1382,0,2,54,1366,685,16569,1014,0,15200,0x07
2026-09-06T10:52:09.433,1383,0,2,50,1366,780,16166,0,0,7400,0x07
2026-09-06T10:52:09.497,1384,0,2,52,2276,731,27701,0,0,4527,0x07
2026-09-06T10:52:09.562,1385,0,2,50,1417,800,16706,280,180,4953,0x07
2026-09-06T10:52:09.627,1386,0,2,50,0,0,9838,344,140,5947,0x07
2026-09-06T10:52:09.692,1387,0,2,51,0,0,4061,2707,59,36828,0x07
2026-09-06T10:52:09.773,1388,0,2,51,0,0,0,0,0,0,0x03
2026-09-06T10:52:09.838,1389,0,2,51,0,0,0,0,0,0,0x03
2026-09-06T10:52:09.903,1390,0,2,51,0,0,3696,0,0,14126,0x07
2026-09-06T10:52:09.968,1391,0,2,56,2265,0,30664,-1182,-18,17293,0x07
2026-09-06T10:52:10.033,1392,0,2,50,2265,1200,25564,0,0,4776,0x07
2026-09-06T10:52:10.098,1393,0,2,52,0,0,0,0,0,0,0x03
2026-09-06T10:52:10.163,1394,0,2,50,0,0,0,0,0,0,0x03
2026-09-06T10:52:10.228,1395,0,2,57,1176,0,17113,478,0,8280,0x07
2026-09-06T10:52:10.309,1396,0,2,51,0,0,0,0,0,0,0x03
2026-09-06T10:52:10.374,1397,0,2,51,0,0,21721,0,0,25806,0x07
2026-09-06T10:52:10.439,1398,0,2,50,2348,340,30256,2733,1500,31047,0x07
2026-09-06T10:52:10.504,1399,0,2,51,2787,529,34906,2653,647,33641,0x07
2026-09-06T10:52:10.570,1400,0,2,50,2882,900,34515,2741,700,34551,0x07
2026-09-06T10:52:10.635,1401,0,2,57,1584,1263,16821,504,1053,4132,0x07
2026-09-06T10:52:10.700,1402,0,2,50,1584,1200,17089,504,560,6226,0x07
2026-09-06T10:52:10.765,1403,0,2,50,1403,1180,14916,910,480,11818,0x07
2026-09-06T10:52:10.830,1404,0,2,50,1485,1220,15770,1004,840,11500,0x07
2026-09-06T10:52:10.911,1405,0,2,56,1681,1268,18011,1240,1161,13195,0x07
2026-09-06T10:52:10.975,1406,0,2,50,1681,1320,17789,1240,1260,12773,0x07
2026-09-06T10:52:11.040,1407,0,2,51,1713,1157,18876,1260,1196,13302,0x07
2026-09-06T10:52:11.106,1408,0,2,51,2907,1471,32405,3423,1412,40000,0x07
2026-09-06T10:52:11.171,1409,0,2,50,3219,1560,35913,3204,1360,37722,0x07
2026-09-06T10:52:11.236,1410,0,2,51,3258,1745,35602,3266,1529,37803,0x07
2026-09-06T10:52:11.301,1411,0,2,52,3316,2115,34750,3500,2058,38589,0x07
2026-09-06T10:52:11.382,1412,0,2,51,3316,2235,34240,3500,2137,38251,0x07
2026-09-06T10:52:11.430,1413,0,2,51,3285,2392,33196,3500,2176,38084,0x07
2026-09-06T10:52:11.512,1414,0,2,52,3080,2577,29853,3500,2385,37199,0x07
2026-09-06T10:52:11.576,1415,0,2,57,2833,2544,26920,3243,2632,32834,0x07
2026-09-06T10:52:11.641,1416,0,2,51,2833,2627,26565,3243,2686,32602,0x07
2026-09-06T10:52:11.900,1417,0,2,51,2590,2549,23874,3067,2706,30238,0x07
2026-09-06T10:52:12.045,1418,0,2,56,1677,2321,13483,2334,2571,21337,0x07
2026-09-06T10:52:12.110,1419,0,2,56,3160,143,40000,-1528,-54,21623,0x07
2026-09-06T10:52:12.175,1420,0,2,50,0,0,21414,0,0,32459,0x07
2026-09-06T10:52:12.240,1421,0,2,50,0,0,0,0,0,0,0x03
2026-09-06T10:52:12.305,1422,0,2,50,0,0,8207,0,0,10983,0x07
2026-09-06T10:52:12.386,1423,0,2,50,699,580,8715,1024,20,15252,0x07
2026-09-06T10:52:12.451,1424,0,2,50,22,360,1221,1727,400,22721,0x07
2026-09-06T10:52:12.516,1425,0,2,52,22,38,2587,0,0,22078,0x07
2026-09-06T10:52:12.581,1426,0,2,51,3374,20,40000,0,0,4558,0x07
2026-09-06T10:52:12.646,1427,0,2,51,1413,510,17898,284,255,4681,0x07
2026-09-06T10:52:12.711,1428,0,2,50,1466,620,18081,230,320,3703,0x07
2026-09-06T10:52:12.776,1429,0,2,50,1529,620,18874,163,40,4038,0x07
2026-09-06T10:52:12.841,1430,0,2,53,1435,679,17442,262,0,5480,0x07
2026-09-06T10:52:12.906,1431,0,2,52,1435,731,17223,262,0,5480,0x07
2026-09-06T10:52:12.971,1432,0,2,51,1492,784,17714,202,0,4706,0x07
2026-09-06T10:52:13.052,1433,0,2,50,1440,860,16741,256,0,5407,0x07
2026-09-06T10:52:13.117,1434,0,2,56,1294,911,14708,408,0,7366,0x07
2026-09-06T10:52:13.182,1435,0,2,51,1294,824,15078,408,0,7366,0x07
2026-09-06T10:52:13.247,1436,0,2,51,1231,784,14464,473,0,8208,0x07
2026-09-06T10:52:13.311,1437,0,2,50,1166,760,13761,540,600,6526,0x07
2026-09-06T10:52:13.376,1438,0,2,50,1111,720,13246,597,560,7434,0x07
2026-09-06T10:52:13.457,1439,0,2,50,1057,700,12656,653,300,9266,0x07
2026-09-06T10:52:13.506,1440,0,2,52,1970,654,24214,1752,192,23925,0x07
2026-09-06T10:52:13.587,1441,0,2,51,1970,686,24076,1752,529,22492,0x07
2026-09-06T10:52:13.651,1442,0,2,50,2396,800,28897,2237,420,29222,0x07
2026-09-06T10:52:13.716,1443,0,2,50,2701,1200,30990,2596,820,32158,0x07
2026-09-06T10:52:13.781,1444,0,2,51,3119,1333,35626,3370,1078,40000,0x07
2026-09-06T10:52:13.846,1445,0,2,50,0,0,0,0,0,0,0x03
2026-09-06T10:52:13.911,1446,0,2,53,2611,75,34656,2678,57,36462,0x07
2026-09-06T10:52:13.992,1447,0,2,51,2611,2471,24477,2678,1882,28702,0x07
2026-09-06T10:52:14.057,1448,0,2,51,1824,2000,16672,1736,1627,17621,0x07
2026-09-06T10:52:14.121,1449,0,2,58,1080,1328,10277,-681,-17,10825,0x07
2026-09-06T10:52:14.186,1450,0,2,50,0,0,0,0,0,0,0x03
2026-09-06T10:52:14.251,1451,0,2,51,0,0,12896,0,0,4394,0x07
2026-09-06T10:52:14.315,1452,0,2,50,1272,600,15751,0,0,3713,0x07
2026-09-06T10:52:14.380,1453,0,2,57,1794,877,21078,-111,-18,3459,0x07
2026-09-06T10:52:14.461,1454,0,2,50,1794,660,22001,0,0,4315,0x07
2026-09-06T10:52:14.525,1455,0,2,50,1441,700,17430,256,140,4807,0x07
2026-09-06T10:52:14.590,1456,0,2,51,1382,725,16595,316,333,4764,0x07
2026-09-06T10:52:14.655,1457,0,2,51,1365,784,16127,47,314,1369,0x07
2026-09-06T10:52:14.720,1458,0,2,52,1238,846,14289,244,154,4590,0x07
2026-09-06T10:52:14.785,1459,0,2,51,1222,922,13772,263,137,4914,0x07
2026-09-06T10:52:14.850,1460,0,2,50,1204,800,14057,295,240,4889,0x07
2026-09-06T10:52:14.914,1461,0,2,50,1173,780,13756,350,260,5514,0x07
2026-09-06T10:52:14.995,1462,0,2,51,1058,765,12397,652,333,9107,0x07
2026-09-06T10:52:15.059,1463,0,2,51,1249,706,15024,927,451,12157,0x07
2026-09-06T10:52:15.124,1464,0,2,50,1249,680,15134,927,220,13139,0x07
2026-09-06T10:52:15.188,1465,0,2,51,1870,647,23000,1633,294,21954,0x07
2026-09-06T10:52:15.254,1466,0,2,51,2401,902,28519,2286,588,29141,0x07
2026-09-06T10:52:15.319,1467,0,2,51,2842,1078,33265,2861,725,35990,0x07
2026-09-06T10:52:15.383,1468,0,2,51,3143,1314,36007,3277,961,40000,0x07
2026-09-06T10:52:15.464,1469,0,2,51,2149,1706,21974,3268,1627,37423,0x07
2026-09-06T10:52:15.529,1470,0,2,51,2149,1784,21641,3268,1627,37423,0x07
2026-09-06T10:52:15.594,1471,0,2,50,1774,1860,16649,2447,1840,25906,0x07
2026-09-06T10:52:15.659,1472,0,2,50,671,1020,6488,1510,1660,14557,0x07
2026-09-06T10:52:15.724,1473,0,2,50,145,780,960,1248,1580,11512,0x07
2026-09-06T10:52:15.789,1474,0,2,51,57,1137,4020,1420,1373,14620,0x07
2026-09-06T10:52:15.854,1475,0,2,51,226,529,3038,1516,961,17600,0x07
2026-09-06T10:52:15.918,1476,0,2,51,226,314,3954,1516,863,18016,0x07
2026-09-06T10:52:15.999,1477,0,2,50,250,240,4569,1491,860,17708,0x07
2026-09-06T10:52:16.064,1478,0,2,51,292,255,5019,1448,902,16973,0x07
2026-09-06T10:52:16.129,1479,0,2,52,354,327,5490,1383,923,16046,0x07
2026-09-06T10:52:16.194,1480,0,2,50,433,340,6417,1301,840,15340,0x07
2026-09-06T10:52:16.259,1481,0,2,52,561,58,9211,1168,692,14248,0x07
2026-09-06T10:52:16.324,1482,0,2,51,561,78,9123,1168,608,14607,0x07
2026-09-06T10:52:16.389,1483,0,2,50,626,100,9835,1101,560,13947,0x07
2026-09-06T10:52:16.454,1484,0,2,51,1289,176,17761,1622,549,20720,0x07
2026-09-06T10:52:16.536,1485,0,2,56,2481,554,30999,2743,661,34736,0x07
2026-09-06T10:52:16.601,1486,0,2,50,2481,840,29782,2743,740,34399,0x07
2026-09-06T10:52:16.666,1487,0,2,50,2790,1040,32778,3033,940,37308,0x07
2026-09-06T10:52:16.731,1488,0,2,51,2947,1373,33313,3196,1588,36652,0x07
2026-09-06T10:52:16.796,1489,0,2,51,2993,1706,32481,3270,1725,37027,0x07
2026-09-06T10:52:16.861,1490,0,2,50,2888,1920,30260,3250,1780,36539,0x07
2026-09-06T10:52:16.926,1491,0,2,53,2620,2132,26020,3063,2094,32783,0x07
2026-09-06T10:52:16.991,1492,0,2,50,2620,2240,25562,3063,2080,32844,0x07
2026-09-06T10:52:17.072,1493,0,2,51,2221,2078,21288,2787,2275,28457,0x07
2026-09-06T10:52:17.137,1494,0,2,51,1010,2176,5788,1802,2353,15393,0x07
2026-09-06T10:52:17.202,1495,0,2,50,85,780,213,1250,1620,11361,0x07
2026-09-06T10:52:17.267,1496,0,2,50,64,480,1237,1446,1300,15263,0x07
2026-09-06T10:52:17.332,1497,0,2,52,129,558,1712,1616,1615,16117,0x07
2026-09-06T10:52:17.397,1498,0,2,51,129,510,1916,1616,1667,15899,0x07
2026-09-06T10:52:17.462,1499,0,2,50,222,300,3958,1520,1360,15962,0x07
2026-09-06T10:52:17.527,1500,0,2,50,292,200,5256,1447,940,16807,0x07
2026-09-06T10:52:17.608,1501,0,2,50,367,320,5679,1370,860,16157,0x07
2026-09-06T10:52:17.673,1502,0,2,50,423,360,6206,1311,980,14908,0x07
2026-09-06T10:52:17.739,1503,0,2,55,576,36,9483,1153,709,14031,0x07
2026-09-06T10:52:17.804,1504,0,2,50,576,80,9297,1153,660,14251,0x07
2026-09-06T10:52:17.870,1505,0,2,52,667,96,10364,1058,596,13298,0x07
2026-09-06T10:52:17.935,1506,0,2,50,1570,160,21337,1855,600,23614,0x07
2026-09-06T10:52:17.999,1507,0,2,50,2087,640,25727,2408,800,29949,0x07
2026-09-06T10:52:18.064,1508,0,2,51,2605,882,31151,2842,843,35397,0x07
2026-09-06T10:52:18.129,1509,0,2,50,2894,1160,33561,3115,1100,37856,0x07
2026-09-06T10:52:18.194,1510,0,2,52,3222,1635,35626,3401,1423,40000,0x07
2026-09-06T10:52:18.276,1511,0,2,51,3222,1765,35073,3401,1784,38684,0x07
2026-09-06T10:52:18.341,1512,0,2,50,3188,2020,33572,3435,1900,38662,0x07
2026-09-06T10:52:18.406,1513,0,2,50,3080,2160,31634,3408,2320,36585,0x07
2026-09-06T10:52:18.470,1514,0,2,51,2946,2373,29054,3325,2412,35139,0x07
2026-09-06T10:52:18.535,1515,0,2,51,2671,2392,25553,3149,2471,32628,0x07
2026-09-06T10:52:18.600,1516,0,2,50,1454,2420,10279,2170,2480,19834,0x07
2026-09-06T10:52:18.665,1517,0,2,51,1454,1725,13231,2170,1804,22726,0x07
2026-09-06T10:52:18.746,1518,0,2,50,424,1460,1543,1310,1920,11036,0x07
2026-09-06T10:52:18.810,1519,0,2,51,825,1569,6079,1374,1216,14877,0x07
2026-09-06T10:52:18.875,1520,0,2,51,356,1000,2658,1380,1275,14728,0x07
2026-09-06T10:52:18.941,1521,0,2,50,2730,740,33310,2452,960,30050,0x07
2026-09-06T10:52:19.005,1522,0,2,50,471,840,4766,1331,1160,14571,0x07
2026-09-06T10:52:19.070,1523,0,2,50,0,0,5828,1331,1060,15008,0x07
2026-09-06T10:52:19.135,1524,0,2,52,0,0,4930,2131,1077,25381,0x07
2026-09-06T10:52:19.200,1525,0,2,51,300,137,5620,1439,1137,16091,0x07
2026-09-06T10:52:19.282,1526,0,2,51,418,392,6014,1308,1000,14967,0x07
2026-09-06T10:52:19.347,1527,0,2,50,2403,360,30855,1721,980,20450,0x07
2026-09-06T10:52:19.412,1528,0,2,52,2646,750,32221,3056,981,37924,0x07
2026-09-06T10:52:19.477,1529,0,2,51,2646,1059,30908,3056,1078,37533,0x07
2026-09-06T10:52:19.542,1530,0,2,50,176,1340,7314,1396,1320,14792,0x07
2026-09-06T10:52:19.607,1531,0,2,51,590,588,7323,1194,1333,12085,0x07
2026-09-06T10:52:19.671,1532,0,2,51,686,1000,6765,1289,1255,13685,0x07
2026-09-06T10:52:19.736,1533,0,2,51,486,902,4688,1246,980,14299,0x07
2026-09-06T10:52:19.818,1534,0,2,50,448,680,5157,1286,900,15169,0x07
2026-09-06T10:52:19.883,1535,0,2,51,3374,451,40000,1423,824,17324,0x07
2026-09-06T10:52:19.948,1536,0,2,50,3374,1700,37242,1423,880,17096,0x07
2026-09-06T10:52:20.013,1537,0,2,50,2108,1200,23607,1589,840,19438,0x07
2026-09-06T10:52:20.078,1538,0,2,52,1347,1019,14902,0,0,4159,0x07
2026-09-06T10:52:20.143,1539,0,2,51,1905,1118,21438,0,0,3739,0x07
2026-09-06T10:52:20.208,1540,0,2,50,1514,1280,15880,179,60,4246,0x07
2026-09-06T10:52:20.273,1541,0,2,50,1422,1060,15668,275,0,5756,0x07
2026-09-06T10:52:20.338,1542,0,2,51,1422,1137,15340,275,59,5506,0x07
2026-09-06T10:52:20.419,1543,0,2,50,0,0,14409,292,440,4116,0x07
2026-09-06T10:52:20.484,1544,0,2,50,0,0,3672,3261,280,40000,0x07
2026-09-06T10:52:20.549,1545,0,2,50,146,700,1318,1598,1160,18214,0x07
2026-09-06T10:52:20.614,1546,0,2,51,65,216,2372,1682,471,22243,0x07
2026-09-06T10:52:20.679,1547,0,2,52,3374,19,40000,-2315,-19,32479,0x07
2026-09-06T10:52:20.744,1548,0,2,51,3374,1431,38383,0,0,4212,0x07
2026-09-06T10:52:20.809,1549,0,2,51,1463,863,17015,232,412,3450,0x07
2026-09-06T10:52:20.874,1550,0,2,50,1478,800,17476,216,280,3797,0x07
2026-09-06T10:52:20.956,1551,0,2,50,1548,1000,17487,145,160,3365,0x07
2026-09-06T10:52:21.021,1552,0,2,50,1611,1000,18272,79,40,3016,0x07
2026-09-06T10:52:21.086,1553,0,2,52,1468,904,16904,227,96,4722,0x07
2026-09-06T10:52:21.151,1554,0,2,50,1468,980,16580,227,240,4110,0x07
2026-09-06T10:52:21.215,1555,0,2,50,1355,940,15343,344,220,5736,0x07
2026-09-06T10:52:21.280,1556,0,2,51,1262,941,14183,441,235,6935,0x07
2026-09-06T10:52:21.345,1557,0,2,51,0,0,0,0,0,0,0x03
2026-09-06T10:52:21.426,1558,0,2,51,0,0,10808,0,0,8324,0x07
2026-09-06T10:52:21.491,1559,0,2,50,1017,320,13770,695,0,11278,0x07
2026-09-06T10:52:21.555,1560,0,2,50,1251,560,15670,1044,280,14672,0x07
2026-09-06T10:52:21.620,1561,0,2,51,2065,608,25586,1930,196,26666,0x07
2026-09-06T10:52:21.685,1562,0,2,52,2623,673,32255,2588,462,34186,0x07
2026-09-06T10:52:21.750,1563,0,2,50,2971,1060,34947,2999,1120,36786,0x07
2026-09-06T10:52:21.815,1564,0,2,51,3181,1333,36394,3275,1294,39669,0x07
2026-09-06T10:52:21.880,1565,0,2,51,3292,1647,36442,3451,1353,40000,0x07
2026-09-06T10:52:21.961,1566,0,2,51,3310,1941,35420,3500,2137,39042,0x07
2026-09-06T10:52:22.025,1567,0,2,51,3310,2216,34253,3500,2137,39042,0x07
2026-09-06T10:52:22.090,1568,0,2,51,3222,2314,32739,3500,2235,38625,0x07
2026-09-06T10:52:22.155,1569,0,2,56,3058,2571,29608,3411,2429,36636,0x07
2026-09-06T10:52:22.220,1570,0,2,51,3058,2549,29703,3411,2765,35207,0x07
2026-09-06T10:52:22.285,1571,0,2,51,2500,2627,22425,2934,2627,29519,0x07
2026-09-06T10:52:22.349,1572,0,2,50,3088,2440,30532,3295,2720,33876,0x07
2026-09-06T10:52:22.415,1573,0,2,58,2148,2534,18435,2770,2776,26741,0x07
2026-09-06T10:52:22.496,1574,0,2,51,2148,2373,19123,2770,2725,26955,0x07
2026-09-06T10:52:22.560,1575,0,2,50,0,0,4821,1253,2720,7043,0x07
2026-09-06T10:52:22.625,1576,0,2,58,172,0,4620,1571,1690,15605,0x07
2026-09-06T10:52:22.691,1577,0,2,50,172,640,1900,1571,1940,14541,0x07
2026-09-06T10:52:22.756,1578,0,2,51,207,863,1381,1535,1725,14983,0x07
2026-09-06T10:52:22.820,1579,0,2,51,222,569,2816,1520,1627,15203,0x07
2026-09-06T10:52:22.885,1580,0,2,50,291,320,4737,1448,1060,16668,0x07
2026-09-06T10:52:22.966,1581,0,2,51,354,216,5959,1383,902,16484,0x07
2026-09-06T10:52:23.015,1582,0,2,51,419,275,6518,1316,882,15684,0x07
2026-09-06T10:52:23.096,1583,0,2,50,499,240,7665,1232,1060,13830,0x07
2026-09-06T10:52:23.161,1584,0,2,51,0,0,0,0,0,0,0x03
2026-09-06T10:52:23.227,1585,0,2,50,0,0,8137,0,0,11328,0x07
2026-09-06T10:52:23.292,1586,0,2,50,691,120,10564,1033,620,13084,0x07
2026-09-06T10:52:23.357,1587,0,2,51,1559,314,20549,1837,608,23693,0x07
2026-09-06T10:52:23.422,1588,0,2,50,2738,360,35025,2791,460,36851,0x07
2026-09-06T10:52:23.487,1589,0,2,52,3315,1058,39242,3383,962,40000,0x07
2026-09-06T10:52:23.552,1590,0,2,52,3315,1423,37689,3383,1212,40000,0x07
2026-09-06T10:52:23.633,1591,0,2,50,3331,1620,37048,3464,1420,40000,0x07
2026-09-06T10:52:23.698,1592,0,2,50,3335,1800,36329,3490,1620,40000,0x07
2026-09-06T10:52:23.762,1593,0,2,51,3293,2216,34043,3500,2196,38792,0x07
2026-09-06T10:52:23.827,1594,0,2,51,3262,2314,33239,3499,2196,38778,0x07
2026-09-06T10:52:23.892,1595,0,2,52,2731,2500,25834,3174,2385,33714,0x07
2026-09-06T10:52:23.957,1596,0,2,51,2731,2588,25459,3174,2647,32599,0x07
2026-09-06T10:52:24.038,1597,0,2,52,2486,2481,22868,2978,2692,29832,0x07
2026-09-06T10:52:24.087,1598,0,2,51,2230,2451,19810,2757,2608,27281,0x07
2026-09-06T10:52:24.168,1599,0,2,51,1966,2157,17776,2524,2549,24468,0x07
2026-09-06T10:52:24.232,1600,0,2,51,1688,2098,14571,2278,2549,21241,0x07
2026-09-06T10:52:24.297,1601,0,2,51,1469,1902,12674,2067,2314,19473,0x07
2026-09-06T10:52:24.362,1602,0,2,51,1466,1922,12554,2015,2118,19611,0x07
2026-09-06T10:52:24.427,1603,0,2,51,1430,1745,12854,1984,2039,19540,0x07
2026-09-06T10:52:24.492,1604,0,2,50,1362,1620,12537,1930,1880,19514,0x07
2026-09-06T10:52:24.573,1605,0,2,52,1085,1346,10257,1695,1712,17144,0x07
2026-09-06T10:52:24.638,1606,0,2,51,1085,1216,10812,1695,1608,17585,0x07
2026-09-06T10:52:24.703,1607,0,2,51,0,0,3373,1771,1451,19250,0x07
2026-09-06T10:52:24.768,1608,0,2,50,0,0,5203,1864,1580,19915,0x07
2026-09-06T10:52:24.833,1609,0,2,51,333,627,3952,1405,1431,14515,0x07
2026-09-06T10:52:24.898,1610,0,2,50,362,560,4595,1375,1200,15107,0x07
2026-09-06T10:52:24.963,1611,0,2,50,380,320,5843,1356,1000,15710,0x07
2026-09-06T10:52:25.028,1612,0,2,51,380,333,5786,1356,922,16043,0x07
2026-09-06T10:52:25.093,1613,0,2,51,1497,275,19943,1299,863,15542,0x07
2026-09-06T10:52:25.158,1614,0,2,50,1776,560,22195,2139,780,26934,0x07
2026-09-06T10:52:25.239,1615,0,2,50,2368,800,28549,2636,960,32693,0x07
2026-09-06T10:52:25.304,1616,0,2,50,2853,880,34247,3036,1160,37099,0x07
2026-09-06T10:52:25.368,1617,0,2,54,3374,1500,38092,3430,1574,40000,0x07
2026-09-06T10:52:25.434,1618,0,2,51,3374,1824,36716,3430,1627,40000,0x07
2026-09-06T10:52:25.498,1619,0,2,52,3374,2077,35640,3327,1923,37681,0x07
2026-09-06T10:52:25.563,1620,0,2,51,3152,2118,32707,2704,2000,29165,0x07
2026-09-06T10:52:25.628,1621,0,2,56,1434,2232,10838,778,2000,3868,0x07
2026-09-06T10:52:25.709,1622,0,2,51,1434,1686,13158,0,0,2990,0x07
2026-09-06T10:52:25.774,1623,0,2,51,1003,1471,8705,-95,-118,2893,0x07
2026-09-06T10:52:25.839,1624,0,2,56,1439,1554,13778,54,0,2854,0x07
2026-09-06T10:52:25.904,1625,0,2,51,1439,1392,14464,54,412,1104,0x07
2026-09-06T10:52:25.969,1626,0,2,50,0,0,14907,241,260,4210,0x07
2026-09-06T10:52:26.034,1627,0,2,51,-1517,-196,20521,2532,294,34157,0x07
2026-09-06T10:52:26.099,1628,0,2,56,-297,-54,5941,1435,946,16975,0x07
2026-09-06T10:52:26.163,1629,0,2,50,-297,0,6169,1435,360,19468,0x07
2026-09-06T10:52:26.309,1630,0,2,51,0,0,30127,0,0,23365,0x07
2026-09-06T10:52:26.374,1631,0,2,50,3374,400,40000,0,0,3683,0x07
2026-09-06T10:52:26.439,1632,0,2,50,1520,600,18846,173,160,3738,0x07
2026-09-06T10:52:26.504,1633,0,2,54,-2283,-37,30730,3500,130,40000,0x07
2026-09-06T10:52:26.568,1635,0,2,50,0,0,3907,3500,1800,40000,0x07
2026-09-06T10:52:26.633,1636,0,2,52,175,423,2852,1569,846,19158,0x07
2026-09-06T10:52:26.698,1637,0,2,50,72,380,1753,1675,720,21097,0x07
2026-09-06T10:52:26.779,1638,0,2,58,3374,17,40000,-2403,-52,33491,0x07
2026-09-06T10:52:26.843,1639,0,2,51,3374,1529,37966,0,0,4106,0x07
2026-09-06T10:52:26.909,1640,0,2,51,1474,686,17908,220,431,3210,0x07
2026-09-06T10:52:26.974,1641,0,2,55,-2293,-36,30858,3500,145,40000,0x07
2026-09-06T10:52:27.039,1642,0,2,50,0,0,5151,3500,2120,39115,0x07
2026-09-06T10:52:27.104,1643,0,2,50,327,320,5179,1411,2200,11335,0x07
2026-09-06T10:52:27.169,1644,0,2,50,157,560,2051,1587,480,20953,0x07
2026-09-06T10:52:27.251,1645,0,2,50,240,40,5294,1501,520,19652,0x07
2026-09-06T10:52:27.316,1646,0,2,50,101,80,3385,1646,580,21305,0x07
2026-09-06T10:52:27.381,1647,0,2,54,171,0,4607,1572,630,20124,0x07
2026-09-06T10:52:27.446,1648,0,2,51,171,20,4524,1572,647,20050,0x07
2026-09-06T10:52:27.510,1649,0,2,51,232,0,5368,1509,686,19052,0x07
2026-09-06T10:52:27.575,1650,0,2,50,253,0,5628,1487,700,18708,0x07
2026-09-06T10:52:27.641,1651,0,2,56,404,36,7352,1331,732,16516,0x07
2026-09-06T10:52:27.706,1652,0,2,51,404,216,6587,1331,843,16044,0x07
2026-09-06T10:52:27.771,1653,0,2,50,497,80,8324,1234,800,14958,0x07
2026-09-06T10:52:27.852,1654,0,2,50,546,0,9268,1184,780,14382,0x07
2026-09-06T10:52:27.917,1655,0,2,50,620,20,10111,1107,600,14134,0x07
2026-09-06T10:52:27.982,1656,0,2,52,743,19,11635,1189,577,15309,0x07
2026-09-06T10:52:28.047,1657,0,2,52,1928,231,25483,2311,558,30140,0x07
2026-09-06T10:52:28.112,1658,0,2,51,1928,471,24464,2311,725,29427,0x07
2026-09-06T10:52:28.177,1659,0,2,51,2526,725,30831,2766,863,34817,0x07
2026-09-06T10:52:28.242,1660,0,2,50,3141,1020,37231,3198,1000,39906,0x07
2026-09-06T10:52:28.307,1661,0,2,50,3264,1560,36464,3388,1360,40000,0x07
2026-09-06T10:52:28.388,1662,0,2,51,3374,1725,37133,3445,1745,39987,0x07
2026-09-06T10:52:28.453,1663,0,2,50,3374,1980,36052,3474,2040,39119,0x07
2026-09-06T10:52:28.518,1664,0,2,51,3313,2392,33536,3500,2216,38708,0x07
2026-09-06T10:52:28.583,1665,0,2,50,3374,2440,34096,3456,2320,37690,0x07
2026-09-06T10:52:28.648,1666,0,2,50,3326,2500,33245,3500,2420,37840,0x07
2026-09-06T10:52:28.713,1667,0,2,50,3052,2720,28905,3500,2660,36820,0x07
2026-09-06T10:52:28.778,1668,0,2,52,2816,2731,25920,3289,2827,33342,0x07
2026-09-06T10:52:28.842,1669,0,2,51,0,0,4974,1962,2667,16584,0x07
2026-09-06T10:52:28.924,1670,0,2,50,50,40,2926,1698,1440,18335,0x07
2026-09-06T10:52:28.989,1671,0,2,51,50,1118,4739,1698,1333,18789,0x07
2026-09-06T10:52:29.054,1672,0,2,50,0,0,2618,1463,1920,13210,0x07
2026-09-06T10:52:29.119,1673,0,2,51,0,0,3923,1768,1588,18625,0x07
2026-09-06T10:52:29.184,1674,0,2,51,177,275,3508,1567,1608,15893,0x07
2026-09-06T10:52:29.249,1675,0,2,51,216,235,4157,1526,980,18031,0x07
2026-09-06T10:52:29.313,1676,0,2,50,280,140,5369,1459,960,17234,0x07
2026-09-06T10:52:29.378,1677,0,2,51,383,275,6077,1353,706,16917,0x07
2026-09-06T10:52:29.459,1678,0,2,51,447,118,7538,1286,745,15877,0x07
2026-09-06T10:52:29.524,1679,0,2,51,520,39,8782,1210,686,15130,0x07
2026-09-06T10:52:29.589,1680,0,2,51,561,39,9290,1168,627,14822,0x07
2026-09-06T10:52:29.653,1681,0,2,51,612,39,9929,1115,627,14133,0x07
2026-09-06T10:52:29.718,1682,0,2,50,939,40,13991,1363,540,17761,0x07
2026-09-06T10:52:29.783,1683,0,2,52,1572,288,20817,1951,596,25265,0x07
2026-09-06T10:52:29.848,1684,0,2,50,2153,480,27225,2459,700,31516,0x07
2026-09-06T10:52:29.929,1685,0,2,51,2632,686,32311,2871,882,36147,0x07
2026-09-06T10:52:29.995,1686,0,2,51,3143,1314,36007,3309,1392,39762,0x07
2026-09-06T10:52:30.060,1687,0,2,51,3143,1686,34424,3309,1529,39178,0x07
2026-09-06T10:52:30.125,1688,0,2,51,3232,1667,35620,3403,1784,39343,0x07
2026-09-06T10:52:30.190,1689,0,2,51,3308,2255,34060,3451,2059,38797,0x07
2026-09-06T10:52:30.255,1690,0,2,51,3286,2137,34287,3484,2275,38337,0x07
2026-09-06T10:52:30.320,1691,0,2,50,3206,2400,32175,3483,2480,37484,0x07
2026-09-06T10:52:30.385,1692,0,2,50,2940,2460,28608,3365,2520,35804,0x07
2026-09-06T10:52:30.466,1693,0,2,51,2940,2745,27396,3365,2627,35370,0x07
2026-09-06T10:52:30.514,1694,0,2,50,2312,2420,20963,2763,2740,26948,0x07
2026-09-06T10:52:30.596,1695,0,2,51,3311,2627,32511,2142,2353,20420,0x07
2026-09-06T10:52:30.660,1696,0,2,58,2197,2707,18316,1668,2328,14271,0x07
2026-09-06T10:52:30.725,1697,0,2,51,2197,2431,19487,1668,2098,15257,0x07
2026-09-06T10:52:30.791,1698,0,2,51,1590,2255,12677,903,1667,6997,0x07
2026-09-06T10:52:30.855,1699,0,2,58,-1461,-121,20149,3266,1121,40000,0x07
2026-09-06T10:52:30.920,1700,0,2,51,0,0,3483,3266,2725,33684,0x07
2026-09-06T10:52:31.001,1701,0,2,51,123,451,2090,1623,2137,14495,0x07
2026-09-06T10:52:31.066,1702,0,2,50,120,580,1503,1625,1240,18356,0x07
2026-09-06T10:52:31.131,1703,0,2,51,101,196,2901,0,0,23387,0x07
2026-09-06T10:52:31.196,1704,0,2,51,3374,0,40000,0,0,3387,0x07
2026-09-06T10:52:31.261,1705,0,2,50,-2258,-20,30491,3500,660,40000,0x07
2026-09-06T10:52:31.326,1706,0,2,51,0,0,5884,3500,2235,38923,0x07
2026-09-06T10:52:31.390,1707,0,2,50,416,400,5952,1318,2120,10581,0x07
2026-09-06T10:52:31.455,1708,0,2,50,538,560,6797,1191,580,15446,0x07
2026-09-06T10:52:31.520,1709,0,2,51,553,176,8607,1176,647,14963,0x07
2026-09-06T10:52:31.601,1710,0,2,51,520,118,8440,1211,490,16093,0x07
2026-09-06T10:52:31.666,1711,0,2,50,557,140,8808,1172,500,15537,0x07
2026-09-06T10:52:31.731,1712,0,2,51,577,235,8655,1152,529,15135,0x07
2026-09-06T10:52:31.797,1713,0,2,52,676,250,9827,1205,538,15808,0x07
2026-09-06T10:52:31.862,1714,0,2,52,1089,308,14721,1577,615,20393,0x07
2026-09-06T10:52:31.927,1715,0,2,57,1851,649,22747,2263,754,28875,0x07
2026-09-06T10:52:31.992,1716,0,2,50,1851,900,21681,2263,880,28341,0x07
2026-09-06T10:52:32.057,1717,0,2,51,2200,1000,25599,2557,1078,31374,0x07
2026-09-06T10:52:32.138,1718,0,2,51,2423,1059,28125,2771,1216,33617,0x07
2026-09-06T10:52:32.203,1719,0,2,57,2460,1491,26753,2875,1526,33674,0x07
2026-09-06T10:52:32.268,1720,0,2,50,2460,1700,25866,2875,1660,33106,0x07
2026-09-06T10:52:32.333,1721,0,2,50,2433,1600,25951,2856,1760,32432,0x07
2026-09-06T10:52:32.398,1722,0,2,50,2305,1920,23008,2775,2020,30258,0x07
2026-09-06T10:52:32.463,1723,0,2,51,2151,1863,21323,2652,2000,28715,0x07
2026-09-06T10:52:32.528,1724,0,2,50,1893,1880,18050,2452,2120,25568,0x07
2026-09-06T10:52:32.592,1725,0,2,51,1444,1745,13035,2041,2118,20143,0x07
2026-09-06T10:52:32.673,1726,0,2,51,1444,1529,13952,2041,2098,20226,0x07
2026-09-06T10:52:32.738,1727,0,2,51,1320,1510,12489,1910,1922,19247,0x07
2026-09-06T10:52:32.803,1728,0,2,51,1075,1255,10524,1714,1765,17314,0x07
2026-09-06T10:52:32.868,1729,0,2,51,940,1137,9340,1571,1588,16176,0x07
2026-09-06T10:52:32.933,1730,0,2,50,768,1120,7272,1421,1560,14312,0x07
2026-09-06T10:52:32.998,1731,0,2,50,516,860,5235,1215,1260,12872,0x07
2026-09-06T10:52:33.063,1732,0,2,50,516,780,5575,1215,1060,13722,0x07
2026-09-06T10:52:33.128,1733,0,2,50,511,660,6026,1220,940,14301,0x07
2026-09-06T10:52:33.209,1734,0,2,50,549,640,6590,1181,940,13774,0x07
2026-09-06T10:52:33.275,1735,0,2,50,538,620,6533,1192,860,14270,0x07
2026-09-06T10:52:33.340,1736,0,2,51,691,569,8661,1250,804,15267,0x07
2026-09-06T10:52:33.405,1737,0,2,56,725,732,8383,1341,804,16476,0x07
2026-09-06T10:52:33.470,1738,0,2,52,725,750,8307,1341,769,16622,0x07
2026-09-06T10:52:33.535,1739,0,2,52,863,462,11254,1440,865,17514,0x07
2026-09-06T10:52:33.601,1740,0,2,51,854,471,11098,1458,922,17529,0x07
2026-09-06T10:52:33.666,1741,0,2,55,1441,582,17932,1930,891,23898,0x07
2026-09-06T10:52:33.731,1742,0,2,50,1441,680,17515,1930,860,24042,0x07
2026-09-06T10:52:33.812,1743,0,2,50,1956,800,23412,2318,940,28831,0x07
2026-09-06T10:52:33.877,1744,0,2,51,2303,922,27222,2639,1098,32415,0x07
2026-09-06T10:52:33.942,1745,0,2,51,2441,1333,27193,2806,1314,33735,0x07
2026-09-06T10:52:34.007,1746,0,2,51,2669,1451,29527,2974,1412,35566,0x07
2026-09-06T10:52:34.071,1747,0,2,53,2791,1792,29597,3118,1906,35404,0x07
2026-09-06T10:52:34.137,1748,0,2,50,2791,1880,29225,3118,1920,35361,0x07
2026-09-06T10:52:34.201,1749,0,2,51,2786,1745,29731,3136,1922,35613,0x07
2026-09-06T10:52:34.266,1750,0,2,52,2548,1904,26096,2988,1981,33436,0x07
2026-09-06T10:52:34.348,1751,0,2,57,2255,2053,21810,2783,2211,29752,0x07
2026-09-06T10:52:34.413,1752,0,2,51,2255,2078,21735,2783,2275,29495,0x07
2026-09-06T10:52:34.477,1753,0,2,50,1372,2040,10906,1694,2200,15336,0x07
2026-09-06T10:52:34.542,1754,0,2,51,0,0,2617,1280,1627,12285,0x07
2026-09-06T10:52:34.607,1755,0,2,50,0,0,19709,862,1440,7522,0x07
2026-09-06T10:52:34.672,1756,0,2,50,2099,920,24720,2245,960,27937,0x07
2026-09-06T10:52:34.737,1757,0,2,52,1508,904,17420,1963,1846,20442,0x07
2026-09-06T10:52:34.802,1758,0,2,52,1508,1096,16602,1963,1115,23558,0x07
2026-09-06T10:52:34.867,1759,0,2,51,1715,941,19842,2172,1176,26083,0x07
2026-09-06T10:52:34.948,1760,0,2,51,2118,1118,24111,2479,1255,29828,0x07
2026-09-06T10:52:35.013,1761,0,2,50,2270,1260,25410,2660,1460,31391,0x07
2026-09-06T10:52:35.078,1762,0,2,50,2477,1260,27979,2824,1600,33000,0x07
2026-09-06T10:52:35.143,1763,0,2,53,3017,1717,32777,3239,1717,38058,0x07
2026-09-06T10:52:35.208,1764,0,2,51,3017,1882,32074,3239,1961,37037,0x07
2026-09-06T10:52:35.273,1765,0,2,51,3200,1961,34014,3359,1980,38567,0x07
2026-09-06T10:52:35.354,1766,0,2,51,3339,2216,34659,3434,1922,39832,0x07
2026-09-06T10:52:35.402,1767,0,2,55,3374,2473,34007,3403,2400,37400,0x07
2026-09-06T10:52:35.483,1768,0,2,50,3374,2480,33976,3403,2400,37416,0x07
2026-09-06T10:52:35.548,1769,0,2,51,3374,2627,33350,3365,2510,36457,0x07
2026-09-06T10:52:35.612,1770,0,2,51,3334,2392,33850,3208,2431,34726,0x07
2026-09-06T10:52:35.677,1771,0,2,50,3299,1840,35763,3341,2320,37000,0x07
2026-09-06T10:52:35.742,1772,0,2,51,2804,843,33829,2863,1667,33378,0x07
2026-09-06T10:52:35.807,1773,0,2,51,434,902,4055,871,314,12511,0x07
2026-09-06T10:52:35.888,1774,0,2,51,0,0,12251,871,59,13594,0x07
2026-09-06T10:52:35.953,1775,0,2,50,0,0,0,0,0,0,0x03
2026-09-06T10:52:36.018,1776,0,2,58,-800,0,12450,1373,0,20552,0x07
2026-09-06T10:52:36.083,1777,0,2,50,0,0,28438,0,0,25474,0x07
2026-09-06T10:52:36.148,1778,0,2,52,3162,1058,37382,0,0,2517,0x07
2026-09-06T10:52:36.212,1779,0,2,51,974,980,10452,35,392,998,0x07
2026-09-06T10:52:36.277,1780,0,2,56,1345,536,16954,355,0,6950,0x07
2026-09-06T10:52:36.342,1781,0,2,50,1345,500,17105,355,20,6865,0x07
2026-09-06T10:52:36.407,1782,0,2,51,1380,529,17426,318,0,6459,0x07
2026-09-06T10:52:36.488,1783,0,2,50,1385,540,17436,314,0,6393,0x07
2026-09-06T10:52:36.553,1784,0,2,51,1352,608,16744,347,0,6842,0x07
2026-09-06T10:52:36.618,1785,0,2,51,1316,647,16123,385,0,7352,0x07
2026-09-06T10:52:36.683,1786,0,2,51,1199,725,14330,506,0,8970,0x07
2026-09-06T10:52:36.748,1787,0,2,50,1199,760,14184,506,0,8970,0x07
2026-09-06T10:52:36.813,1788,0,2,50,1133,680,13704,575,0,9882,0x07
2026-09-06T10:52:36.894,1789,0,2,50,1071,620,13191,639,0,10739,0x07
2026-09-06T10:52:36.959,1790,0,2,52,1354,558,16974,1018,269,14660,0x07
2026-09-06T10:52:37.024,1791,0,2,50,2059,560,25759,1909,1140,22864,0x07
2026-09-06T10:52:37.089,1792,0,2,52,3046,865,36757,3132,442,40000,0x07
2026-09-06T10:52:37.154,1793,0,2,52,3046,1038,36022,3132,808,40000,0x07
2026-09-06T10:52:37.218,1794,0,2,51,3247,1235,37690,3447,1235,40000,0x07
2026-09-06T10:52:37.283,1795,0,2,50,3251,1500,36604,3500,1680,40000,0x07
2026-09-06T10:52:37.348,1796,0,2,57,3026,2000,31687,3407,1754,40000,0x07
2026-09-06T10:52:37.494,1797,0,2,51,3026,1549,33603,3407,1706,40000,0x07
2026-09-06T10:52:37.559,1798,0,2,50,2883,1400,32450,3285,2100,37182,0x07
2026-09-06T10:52:37.624,1799,0,2,50,2613,380,33422,3098,1340,37905,0x07
2026-09-06T10:52:37.689,1800,0,2,52,0,0,0,0,0,0,0x03
2026-09-06T10:52:37.755,1802,0,2,50,416,0,7662,1319,20,19742,0x07
2026-09-06T10:52:37.820,1803,0,2,50,416,80,7322,1319,100,19402,0x07
2026-09-06T10:52:37.885,1804,0,2,52,356,0,6909,1381,0,20661,0x07
2026-09-06T10:52:37.966,1805,0,2,52,395,0,7397,1340,0,20117,0x07
2026-09-06T10:52:38.015,1806,0,2,55,405,0,7518,1330,0,19982,0x07
2026-09-06T10:52:38.096,1807,0,2,50,405,0,7518,1330,0,19982,0x07
2026-09-06T10:52:38.161,1808,0,2,51,441,0,7972,1293,0,19476,0x07
2026-09-06T10:52:38.226,1809,0,2,50,477,0,8418,1255,0,18981,0x07
2026-09-06T10:52:38.291,1810,0,2,51,441,0,7969,1293,0,19482,0x07
2026-09-06T10:52:38.356,1811,0,2,50,443,0,8001,1290,0,19444,0x07
2026-09-06T10:52:38.421,1812,0,2,51,471,0,8342,1262,0,19064,0x07
2026-09-06T10:52:38.486,1813,0,2,51,471,0,8342,1262,0,19064,0x07
2026-09-06T10:52:38.551,1814,0,2,50,444,0,8015,1289,0,19435,0x07
2026-09-06T10:52:38.632,1815,0,2,50,470,0,8333,1262,0,19073,0x07
2026-09-06T10:52:38.697,1816,0,2,51,441,0,7969,1293,0,19485,0x07
2026-09-06T10:52:38.762,1817,0,2,52,434,0,7888,1300,0,19571,0x07
2026-09-06T10:52:38.827,1818,0,2,50,452,0,8107,1281,0,19328,0x07
2026-09-06T10:52:38.892,1819,0,2,51,452,0,8107,0,0,18154,0x07
2026-09-06T10:52:38.957,1820,0,2,50,1687,0,23498,-1750,-520,23382,0x07
2026-09-06T10:52:39.022,1821,0,2,51,1687,0,23498,-1750,-1627,18675,0x07
2026-09-06T10:52:39.087,1822,0,2,51,1687,0,23498,-1750,-196,24758,0x07
2026-09-06T10:52:39.168,1823,0,2,51,1687,0,23498,-1750,-353,24092,0x07
2026-09-06T10:52:39.233,1824,0,2,50,1687,0,23498,-1750,-540,23296,0x07
2026-09-06T10:52:39.298,1825,0,2,51,0,0,0,0,0,0,0x03
2026-09-06T10:52:39.363,1826,0,2,51,0,0,5536,0,0,14631,0x07
2026-09-06T10:52:39.493,1827,0,2,51,372,59,6869,1364,196,19593,0x07
2026-09-06T10:52:39.559,1828,0,2,50,362,180,6224,1374,40,20401,0x07
2026-09-06T10:52:39.624,1829,0,2,50,239,100,5025,1503,300,21008,0x07
2026-09-06T10:52:39.705,1830,0,2,54,-11,0,2616,1762,537,23463,0x07
2026-09-06T10:52:39.770,1832,0,2,50,0,0,0,0,0,0,0x03
2026-09-06T10:52:39.835,1833,0,2,50,0,0,14265,0,0,4579,0x07
2026-09-06T10:52:39.900,1834,0,2,50,1436,880,16626,261,0,5687,0x07
2026-09-06T10:52:39.965,1835,0,2,51,1495,235,20109,199,0,4859,0x07
2026-09-06T10:52:40.160,1836,0,2,52,1538,269,20490,155,0,4279,0x07
2026-09-06T10:52:40.306,1837,0,2,54,-2295,-37,30920,3500,0,40000,0x07
2026-09-06T10:52:40.371,1838,0,2,50,0,0,4110,0,0,16275,0x07
2026-09-06T10:52:40.436,1839,0,2,52,0,0,0,0,0,0,0x03
2026-09-06T10:52:40.501,1842,0,2,50,0,0,0,0,0,0,0x03
2026-09-06T10:52:40.566,1844,0,2,52,0,0,0,0,0,0,0x03
2026-09-06T10:52:40.696,1845,0,2,50,0,0,3796,0,0,16634,0x07
2026-09-06T10:52:40.777,1846,0,2,51,161,20,4395,1583,0,23363,0x07
2026-09-06T10:52:40.842,1847,0,2,50,172,160,3942,1572,0,23206,0x07
2026-09-06T10:52:40.907,1848,0,2,50,168,40,4406,1575,0,23256,0x07
2026-09-06T10:52:40.972,1850,0,2,52,165,0,4529,1579,0,23308,0x07
2026-09-06T10:52:41.037,1851,0,2,50,159,0,4462,1585,0,23382,0x07
2026-09-06T10:52:41.101,1852,0,2,52,157,0,4437,1587,0,23416,0x07
2026-09-06T10:52:41.166,1853,0,2,51,162,0,4500,1582,0,23341,0x07
2026-09-06T10:52:41.231,1854,0,2,52,162,0,4500,1582,0,23341,0x07
2026-09-06T10:52:41.312,1855,0,2,51,155,0,4404,1590,0,23453,0x07
2026-09-06T10:52:41.377,1856,0,2,50,0,0,0,0,0,0,0x03
2026-09-06T10:52:41.442,1857,0,2,51,0,0,3771,0,0,16663,0x07
2026-09-06T10:52:41.507,1858,0,2,51,0,0,0,0,0,0,0x03
2026-09-06T10:52:41.571,1859,0,2,51,0,0,3650,0,0,16804,0x07
2026-09-06T10:52:41.701,1860,0,2,50,0,0,0,0,0,0,0x03
2026-09-06T10:52:41.782,1861,0,2,52,0,0,3664,0,0,16788,0x07
2026-09-06T10:52:41.831,1862,0,2,50,1687,0,23498,-1750,0,25592,0x07
2026-09-06T10:52:41.912,1863,0,2,51,1687,275,22331,-1750,-1118,20842,0x07
2026-09-06T10:52:41.976,1865,0,2,51,1687,235,22498,-1750,-1373,19758,0x07
2026-09-06T10:52:42.041,1866,0,2,50,0,0,0,0,0,0,0x03
2026-09-06T10:52:42.106,1867,0,2,51,0,0,16328,0,0,18154,0x07
2026-09-06T10:52:42.171,1868,0,2,52,0,0,0,0,0,0,0x03
2026-09-06T10:52:42.236,1869,0,2,50,0,0,0,0,0,0,0x03
2026-09-06T10:52:42.317,1870,0,2,52,0,0,30177,0,0,21867,0x07
2026-09-06T10:52:42.382,1871,0,2,52,3374,1019,40000,0,0,6151,0x07
2026-09-06T10:52:42.512,1872,0,2,53,1198,528,15157,508,509,6819,0x07
2026-09-06T10:52:42.577,1873,0,2,51,1198,686,14486,508,549,6651,0x07
2026-09-06T10:52:42.642,1874,0,2,50,1192,600,14776,514,60,8814,0x07
2026-09-06T10:52:42.707,1875,0,2,51,1193,529,15092,512,176,8301,0x07
2026-09-06T10:52:42.772,1877,0,2,52,1149,538,14508,558,192,8841,0x07
2026-09-06T10:52:42.853,1878,0,2,51,1215,569,15204,852,216,12665,0x07
2026-09-06T10:52:42.918,1879,0,2,50,2137,720,26049,1905,560,25287,0x07
2026-09-06T10:52:42.983,1880,0,2,51,2137,824,25609,1905,490,25584,0x07
2026-09-06T10:52:43.048,1881,0,2,52,2481,962,29303,2322,692,30286,0x07
2026-09-06T10:52:43.113,1882,0,2,50,2771,1240,31738,2691,1040,33745,0x07
2026-09-06T10:52:43.178,1883,0,2,50,3034,1460,34074,3068,1200,38103,0x07
2026-09-06T10:52:43.243,1884,0,2,50,3193,1680,35123,3246,1360,39809,0x07
2026-09-06T10:52:43.373,1885,0,2,52,3322,1962,35529,3398,2000,39114,0x07
2026-09-06T10:52:43.438,1886,0,2,51,3322,2196,34532,3398,2039,38947,0x07
2026-09-06T10:52:43.519,1887,0,2,51,3329,2451,33541,3500,2314,39146,0x07
2026-09-06T10:52:43.585,1888,0,2,57,3320,2526,33111,3500,2702,37497,0x07
2026-09-06T10:52:43.650,1890,0,2,51,3320,2686,32431,3500,2706,37479,0x07
2026-09-06T10:52:43.715,1891,0,2,51,3278,2667,31990,3500,2804,37062,0x07
2026-09-06T10:52:43.780,1892,0,2,50,3271,2740,31595,3496,3000,36173,0x07
2026-09-06T10:52:43.846,1893,0,2,51,3292,2824,31495,3486,2902,36459,0x07
2026-09-06T10:52:43.911,1894,0,2,51,3283,2824,31381,3490,3059,35848,0x07
2026-09-06T10:52:43.976,1895,0,2,51,1007,2216,5611,2234,2627,20889,0x07
2026-09-06T10:52:44.057,1896,0,2,51,1007,1490,8694,2234,2353,22055,0x07
2026-09-06T10:52:44.123,1897,0,2,51,340,1961,4248,1397,2294,11121,0x07
2026-09-06T10:52:44.188,1898,0,2,51,216,1157,248,1526,1373,16768,0x07
2026-09-06T10:52:44.253,1899,0,2,52,142,750,1065,1602,1500,17242,0x07
2026-09-06T10:52:44.318,1900,0,2,50,315,500,4275,1423,1580,14512,0x07
2026-09-06T10:52:44.383,1901,0,2,51,295,275,4981,1444,863,17840,0x07
2026-09-06T10:52:44.447,1902,0,2,50,295,160,5468,1444,880,17767,0x07
2026-09-06T10:52:44.512,1903,0,2,50,359,200,6105,1377,900,16783,0x07
2026-09-06T10:52:44.593,1904,0,2,51,447,353,6548,1286,784,16059,0x07
2026-09-06T10:52:44.658,1905,0,2,50,474,40,8215,1258,580,16553,0x07
2026-09-06T10:52:44.723,1906,0,2,51,528,78,8727,1202,686,15348,0x07
2026-09-06T10:52:44.788,1907,0,2,53,949,208,13426,1334,642,17298,0x07
2026-09-06T10:52:44.853,1908,0,2,50,949,260,13203,1334,660,17219,0x07
2026-09-06T10:52:44.917,1909,0,2,52,1668,385,21623,2012,673,26238,0x07
2026-09-06T10:52:44.982,1910,0,2,51,2238,569,27941,2530,824,32517,0x07
2026-09-06T10:52:45.047,1911,0,2,55,2983,1145,34780,3178,1091,40000,0x07
2026-09-06T10:52:45.128,1912,0,2,51,0,0,0,0,0,0,0x03
2026-09-06T10:52:45.193,1913,0,2,51,0,0,28161,0,0,32481,0x07
2026-09-06T10:52:45.258,1914,0,2,51,3128,2510,30790,3322,2059,37849,0x07
2026-09-06T10:52:45.323,1915,0,2,50,3135,1780,33971,3381,1600,40000,0x07
2026-09-06T10:52:45.452,1916,0,2,51,3102,1725,33791,3386,1863,39537,0x07
2026-09-06T10:52:45.518,1917,0,2,52,2766,2096,28037,3208,2135,36006,0x07
2026-09-06T10:52:45.583,1918,0,2,51,2766,2353,26946,3208,2314,35245,0x07
2026-09-06T10:52:45.664,1919,0,2,51,2457,2157,23928,2975,2451,31551,0x07
2026-09-06T10:52:45.728,1921,0,2,57,352,2053,0,1385,2474,10198,0x07
2026-09-06T10:52:45.794,1922,0,2,51,352,1020,2534,0,0,21991,0x07
2026-09-06T10:52:45.858,1923,0,2,51,2958,667,36500,0,0,32155,0x07
2026-09-06T10:52:45.923,1924,0,2,50,1374,1720,12282,3286,2920,33711,0x07
2026-09-06T10:52:45.988,1925,0,2,51,1169,1216,11882,0,0,6292,0x07
2026-09-06T10:52:46.053,1926,0,2,51,1333,1294,13588,-449,-118,7699,0x07
2026-09-06T10:52:46.134,1927,0,2,50,1543,1060,17193,150,40,4034,0x07
2026-09-06T10:52:46.199,1928,0,2,50,1543,1100,17023,150,500,2079,0x07
2026-09-06T10:52:46.264,1929,0,2,50,0,0,12959,172,280,3313,0x07
2026-09-06T10:52:46.329,1930,0,2,51,0,0,5541,3074,2157,34126,0x07
2026-09-06T10:52:46.394,1931,0,2,50,373,440,5257,1363,1760,12942,0x07
2026-09-06T10:52:46.459,1932,0,2,50,306,560,3916,1432,640,18624,0x07
2026-09-06T10:52:46.524,1933,0,2,54,71,185,2574,1676,630,21933,0x07
2026-09-06T10:52:46.589,1934,0,2,52,71,38,3198,1676,750,21422,0x07
2026-09-06T10:52:46.670,1935,0,2,51,121,0,3982,1625,843,20332,0x07
2026-09-06T10:52:46.735,1936,0,2,51,198,0,4949,1544,941,18840,0x07
2026-09-06T10:52:46.800,1937,0,2,51,282,157,5326,1457,863,18013,0x07
2026-09-06T10:52:46.865,1938,0,2,52,362,192,6171,1374,827,17057,0x07
2026-09-06T10:52:46.929,1939,0,2,50,452,40,7945,1281,800,15918,0x07
2026-09-06T10:52:46.994,1940,0,2,51,528,20,8969,1203,804,14858,0x07
2026-09-06T10:52:47.059,1941,0,2,51,590,0,9830,1138,686,14493,0x07
2026-09-06T10:52:47.124,1942,0,2,50,643,0,10490,1083,640,13955,0x07
2026-09-06T10:52:47.205,1943,0,2,51,1971,196,26199,2277,627,29965,0x07
2026-09-06T10:52:47.270,1944,0,2,51,1971,412,25283,2277,686,29715,0x07
2026-09-06T10:52:47.335,1945,0,2,50,2488,640,30758,2745,840,35324,0x07
2026-09-06T10:52:47.400,1946,0,2,50,2891,1280,33061,3085,1320,37816,0x07
2026-09-06T10:52:47.465,1947,0,2,51,3244,1569,36235,3324,1431,40000,0x07
2026-09-06T10:52:47.530,1948,0,2,50,3342,1640,37144,3436,1680,40000,0x07
2026-09-06T10:52:47.594,1949,0,2,50,3362,2200,35019,3492,1980,40000,0x07
2026-09-06T10:52:47.741,1950,0,2,51,3362,2176,35119,3492,2157,39701,0x07
2026-09-06T10:52:48.195,1951,0,2,50,3346,2300,34389,3500,2460,38524,0x07
2026-09-06T10:52:48.260,1952,0,2,52,3324,2750,32202,3500,2615,37864,0x07
2026-09-06T10:52:48.341,1953,0,2,50,0,0,29252,0,0,34101,0x07
2026-09-06T10:52:48.406,1955,0,2,50,3261,700,40000,3500,640,40000,0x07
2026-09-06T10:52:48.536,1962,0,2,51,2523,1843,26085,2843,2235,30703,0x07
2026-09-06T10:52:48.602,1963,0,2,50,172,1760,4013,1572,1660,16151,0x07
2026-09-06T10:52:48.668,1964,0,2,52,187,385,3173,1556,1077,18423,0x07
2026-09-06T10:52:48.733,1965,0,2,52,135,154,3510,1610,519,21508,0x07
2026-09-06T10:52:48.945,1967,0,2,50,132,60,3871,0,0,24340,0x07
2026-09-06T10:52:49.010,1968,0,2,54,1524,1370,15648,169,167,3748,0x07
2026-09-06T10:52:49.075,1969,0,2,50,0,0,14965,0,0,3771,0x07
2026-09-06T10:52:49.141,1970,0,2,51,1521,98,21013,172,0,4503,0x07
2026-09-06T10:52:49.206,1973,0,2,51,1544,78,21386,148,0,4181,0x07
2026-09-06T10:52:49.271,1974,0,2,50,1457,100,20200,239,0,5397,0x07
2026-09-06T10:52:49.336,1975,0,2,52,1471,96,20394,225,269,4060,0x07
2026-09-06T10:52:49.401,1976,0,2,51,1448,118,20022,248,255,4431,0x07
2026-09-06T10:52:49.466,1977,0,2,51,1436,137,19783,261,176,4937,0x07
2026-09-06T10:52:49.548,1978,0,2,51,1432,216,19407,264,0,5733,0x07
2026-09-06T10:52:49.939,1979,0,2,50,1432,280,19134,264,0,5733,0x07
2026-09-06T10:52:50.004,1980,0,2,56,1423,179,19456,273,18,5780,0x07
2026-09-06T10:52:50.069,1981,0,2,51,0,0,13909,0,0,4986,0x07
2026-09-06T10:52:50.150,1982,0,2,51,1392,39,19660,306,0,6285,0x07
2026-09-06T10:52:50.215,1988,0,2,50,1375,0,19613,323,0,6524,0x07
2026-09-06T10:52:50.280,1989,0,2,52,1332,0,19079,368,0,7118,0x07
2026-09-06T10:52:50.346,1990,0,2,50,1341,0,19185,359,0,7001,0x07
2026-09-06T10:52:50.410,1991,0,2,51,1341,0,19185,359,0,7001,0x07
2026-09-06T10:52:50.475,1992,0,2,52,1345,0,19238,355,0,6940,0x07
2026-09-06T10:52:50.540,1993,0,2,54,1687,0,23498,-1750,0,25592,0x07
2026-09-06T10:52:50.605,1994,0,2,53,1687,0,23498,-1750,-1453,19417,0x07
2026-09-06T10:52:50.686,1995,0,2,51,1687,0,23498,-1750,-608,23008,0x07
2026-09-06T10:52:50.750,1996,0,2,50,1687,0,23498,-1750,-340,24146,0x07
2026-09-06T10:52:50.816,1997,0,2,56,1687,89,23118,-1750,-696,22632,0x07
2026-09-06T10:52:50.881,1998,0,2,50,1687,340,22053,-1750,-760,22362,0x07
2026-09-06T10:52:50.946,1999,0,2,50,0,0,0,0,0,0,0x03
2026-09-06T10:52:51.076,2000,0,2,52,0,0,12510,0,0,6598,0x07
2026-09-06T10:52:51.141,2001,0,2,51,1222,1098,13037,482,333,7231,0x07
2026-09-06T10:52:51.222,2002,0,2,51,1124,412,14727,584,59,9764,0x07
2026-09-06T10:52:51.287,2003,0,2,50,1028,460,13328,684,160,10662,0x07
2026-09-06T10:52:51.352,2005,0,2,52,1989,577,24804,1996,596,26346,0x07
2026-09-06T10:52:51.417,2006,0,2,51,3223,706,39638,3500,471,40000,0x07
2026-09-06T10:52:51.482,2007,0,2,56,3222,1304,37081,3500,1036,40000,0x07
2026-09-06T10:52:51.547,2008,0,2,50,3222,1620,35736,3500,1440,40000,0x07
2026-09-06T10:52:51.611,2009,0,2,51,3069,1843,32879,3455,1588,40000,0x07
2026-09-06T10:52:51.676,2010,0,2,50,2942,1900,31057,3332,1680,39589,0x07
2026-09-06T10:52:51.757,2011,0,2,50,2699,2040,27431,3163,2240,34955,0x07
2026-09-06T10:52:51.887,2012,0,2,51,2343,2176,22424,2890,2235,31325,0x07
2026-09-06T10:52:51.952,2013,0,2,54,1537,2056,12895,2185,2296,21641,0x07
2026-09-06T10:52:52.017,2014,0,2,51,1537,1569,14964,2185,2294,21650,0x07
2026-09-06T10:52:52.082,2015,0,2,50,1157,1680,9757,1827,2060,17859,0x07
2026-09-06T10:52:52.212,2017,0,2,55,692,1382,5227,1335,1582,13325,0x07
2026-09-06T10:52:52.358,2018,0,2,51,692,1157,6183,1335,1353,14298,0x07
2026-09-06T10:52:52.423,2019,0,2,50,659,900,6859,1292,1160,14542,0x07
2026-09-06T10:52:52.488,2020,0,2,50,704,800,7852,1316,920,15885,0x07
2026-09-06T10:52:52.554,2022,0,2,52,842,635,10277,1423,846,17625,0x07
2026-09-06T10:52:52.619,2024,0,2,51,842,745,9808,1423,882,17471,0x07
2026-09-06T10:52:52.749,2025,0,2,51,864,843,9661,1456,863,17991,0x07
2026-09-06T10:52:52.830,2026,0,2,57,1349,439,17416,1818,842,22915,0x07
2026-09-06T10:52:52.895,2027,0,2,50,1349,620,16645,1818,1040,22074,0x07
2026-09-06T10:52:52.960,2028,0,2,50,1472,740,17674,1977,1180,23606,0x07
2026-09-06T10:52:53.025,2030,0,2,50,1666,920,19327,2138,1160,25843,0x07
2026-09-06T10:52:53.090,2031,0,2,50,2230,980,26097,2606,1200,31933,0x07
2026-09-06T10:52:53.155,2032,0,2,51,2506,1235,28454,2829,1275,34596,0x07
2026-09-06T10:52:53.220,2033,0,2,52,2710,1481,29946,3045,1538,36364,0x07
2026-09-06T10:52:53.284,2034,0,2,50,2710,1580,29524,3045,1820,35168,0x07
2026-09-06T10:52:53.365,2035,0,2,51,2642,1863,27478,3037,2039,34129,0x07
2026-09-06T10:52:53.430,2036,0,2,50,2510,1960,25417,2953,2080,32828,0x07
2026-09-06T10:52:53.495,2037,0,2,50,2003,1780,19867,2601,1740,29567,0x07
2026-09-06T10:52:53.560,2038,0,2,51,2429,1843,24908,352,1745,6241,0x07
2026-09-06T10:52:53.625,2039,0,2,52,1217,1423,11594,488,404,7002,0x07
2026-09-06T10:52:53.690,2040,0,2,50,1217,1340,11947,488,940,4723,0x07
2026-09-06T10:52:53.755,2041,0,2,51,1216,1353,11875,489,961,4654,0x07
2026-09-06T10:52:53.820,2042,0,2,51,1222,1333,12037,482,725,5564,0x07
2026-09-06T10:52:53.901,2043,0,2,56,1713,1304,18285,1839,464,24806,0x07
2026-09-06T10:52:53.966,2044,0,2,50,1713,1580,17138,1839,1480,20489,0x07
2026-09-06T10:52:54.031,2045,0,2,50,1449,1140,15707,247,1700,7893,0x07
2026-09-06T10:52:54.096,2046,0,2,50,1073,920,11977,624,500,8422,0x07
2026-09-06T10:52:54.161,2047,0,2,50,0,0,13046,1276,240,18241,0x07
2026-09-06T10:52:54.226,2048,0,2,51,0,0,4873,3000,549,39962,0x07
2026-09-06T10:52:54.291,2049,0,2,51,265,647,3043,1475,706,18919,0x07
2026-09-06T10:52:54.356,2050,0,2,51,265,275,4626,1475,902,18085,0x07
2026-09-06T10:52:54.437,2051,0,2,51,214,157,4486,1528,765,19380,0x07
2026-09-06T10:52:54.567,2052,0,2,50,241,140,4899,1500,960,18171,0x07
2026-09-06T10:52:54.632,2053,0,2,51,308,98,5912,1431,902,17506,0x07
2026-09-06T10:52:54.697,2054,0,2,53,515,19,8835,1216,774,15189,0x07
2026-09-06T10:52:54.762,2055,0,2,50,0,0,0,0,0,0,0x03
2026-09-06T10:52:55.021,2057,0,2,51,0,0,16978,0,0,19669,0x07
2026-09-06T10:52:57.710,2058,0,2,50,1760,40,24286,1911,320,26432,0x07
2026-09-06T10:52:57.775,2059,0,2,51,0,0,30275,0,0,32465,0x07
2026-09-06T10:52:57.840,2060,0,2,50,0,0,30275,0,0,32884,0x07
2026-09-06T10:52:57.905,2061,0,2,50,0,0,0,0,0,0,0x03
2026-09-06T10:52:57.986,2062,0,2,51,0,0,26555,0,0,21591,0x07
2026-09-06T10:52:58.052,2063,0,2,50,2922,360,37444,2122,380,28993,0x07
2026-09-06T10:52:58.117,2064,0,2,50,2424,800,29351,2005,580,26578,0x07
2026-09-06T10:52:58.182,2065,0,2,51,2418,1078,28092,2132,725,27665,0x07
2026-09-06T10:52:58.247,2066,0,2,50,2370,1320,26467,2025,860,25660,0x07
2026-09-06T10:52:58.312,2067,0,2,51,2300,1471,24952,1939,1000,23916,0x07
2026-09-06T10:52:58.377,2068,0,2,50,2418,1600,25876,2171,1060,26767,0x07
2026-09-06T10:52:58.443,2069,0,2,50,2618,1740,27783,2452,1180,30015,0x07
2026-09-06T10:52:58.507,2070,0,2,53,2962,1887,31453,2874,1415,34666,0x07
2026-09-06T10:52:58.573,2071,0,2,50,2962,2080,30632,2874,1600,33880,0x07
2026-09-06T10:52:58.654,2072,0,2,50,0,0,0,0,0,0,0x03
2026-09-06T10:52:58.718,2073,0,2,50,0,0,0,0,0,0,0x03
2026-09-06T10:52:58.783,2074,0,2,50,0,0,25813,0,0,28277,0x07
2026-09-06T10:52:58.849,2075,0,2,51,2832,1314,32266,2854,686,37488,0x07
2026-09-06T10:52:58.914,2076,0,2,55,1860,1545,19144,1450,1109,16909,0x07
2026-09-06T10:52:58.978,2077,0,2,51,1860,1549,19129,1450,843,18039,0x07
2026-09-06T10:52:59.044,2078,0,2,50,1919,1620,19560,1520,1220,17369,0x07
2026-09-06T10:52:59.109,2079,0,2,51,1944,1588,20015,1539,1137,17973,0x07
2026-09-06T10:52:59.190,2080,0,2,57,2250,1544,24024,1987,1035,24404,0x07
2026-09-06T10:52:59.255,2081,0,2,50,2250,1740,23190,1987,1140,23959,0x07
2026-09-06T10:52:59.320,2082,0,2,51,2467,1569,26620,2258,1137,27592,0x07
2026-09-06T10:52:59.449,2083,0,2,51,2741,1843,28883,2651,1412,31690,0x07
2026-09-06T10:52:59.514,2084,0,2,50,2979,1860,31777,2962,1480,35561,0x07
2026-09-06T10:52:59.595,2085,0,2,54,3273,2204,33994,3412,2056,39149,0x07
2026-09-06T10:52:59.643,2086,0,2,50,3273,2300,33585,3412,2160,38705,0x07
2026-09-06T10:52:59.724,2088,0,2,50,3296,2520,32928,3500,2320,39197,0x07
2026-09-06T10:52:59.789,2089,0,2,51,997,2431,4602,0,0,2482,0x07
2026-09-06T10:52:59.853,2090,0,2,51,1200,1569,10805,0,0,26476,0x07
2026-09-06T10:52:59.918,2091,0,2,51,2018,1882,19683,2656,922,33849,0x07
2026-09-06T10:52:59.983,2092,0,2,50,1609,2020,13997,918,2780,2676,0x07
2026-09-06T10:53:00.048,2093,0,2,50,1435,1440,14288,261,160,5022,0x07
2026-09-06T10:53:00.113,2094,0,2,50,1340,1300,13699,360,120,6512,0x07
2026-09-06T10:53:00.194,2095,0,2,50,1314,1200,13792,387,760,4159,0x07
2026-09-06T10:53:00.259,2096,0,2,53,1329,981,14907,372,472,5177,0x07
2026-09-06T10:53:00.324,2097,0,2,51,1329,1020,14744,372,412,5432,0x07
2026-09-06T10:53:00.389,2098,0,2,52,1292,1019,14290,410,404,5971,0x07
2026-09-06T10:53:00.453,2099,0,2,51,1282,1020,14166,420,98,7412,0x07
2026-09-06T10:53:00.518,2100,0,2,51,1201,941,13480,504,255,7874,0x07
2026-09-06T10:53:00.583,2101,0,2,50,1165,920,13122,541,500,7329,0x07
2026-09-06T10:53:00.647,2102,0,2,52,1093,885,12376,616,442,8572,0x07
2026-09-06T10:53:00.728,2103,0,2,51,1253,843,14554,918,412,12750,0x07
2026-09-06T10:53:00.793,2104,0,2,51,1945,804,23356,1755,176,24943,0x07
2026-09-06T10:53:00.858,2105,0,2,55,2967,945,35513,3106,618,40000,0x07
2026-09-06T10:53:00.923,2106,0,2,50,2967,1220,34346,3106,1120,39022,0x07
2026-09-06T10:53:00.988,2107,0,2,50,3234,1420,36831,3460,1220,40000,0x07
2026-09-06T10:53:01.052,2108,0,2,51,3285,1706,36249,3500,1373,40000,0x07
2026-09-06T10:53:01.134,2109,0,2,57,2908,1982,30376,3380,1719,40000,0x07
2026-09-06T10:53:01.198,2110,0,2,51,2908,2137,29718,3380,2118,38445,0x07
2026-09-06T10:53:01.263,2111,0,2,51,0,0,0,0,0,0,0x03
2026-09-06T10:53:01.328,2112,0,2,51,0,0,15564,0,0,23957,0x07
2026-09-06T10:53:01.393,2113,0,2,51,1588,1412,16312,2381,1529,27575,0x07
2026-09-06T10:53:01.457,2114,0,2,51,607,1863,2145,1475,2549,11115,0x07
2026-09-06T10:53:01.522,2115,0,2,50,2155,1240,24124,-1725,-80,24959,0x07
2026-09-06T10:53:01.603,2116,0,2,51,0,0,0,0,0,0,0x03
2026-09-06T10:53:01.651,2117,0,2,51,0,0,0,0,0,0,0x03
2026-09-06T10:53:01.732,2118,0,2,50,0,0,17134,0,0,3889,0x07
2026-09-06T10:53:01.797,2119,0,2,56,-2251,-125,30060,2866,0,40000,0x07
2026-09-06T10:53:01.863,2120,0,2,50,0,0,0,0,0,0,0x03
2026-09-06T10:53:01.927,2121,0,2,50,0,0,4573,0,0,14856,0x07
2026-09-06T10:53:01.992,2122,0,2,50,0,0,2667,1385,660,17936,0x07
2026-09-06T10:53:02.057,2123,0,2,51,0,0,0,0,0,0,0x03
2026-09-06T10:53:02.139,2124,0,2,51,0,0,9192,0,0,10479,0x07
2026-09-06T10:53:02.187,2125,0,2,51,473,765,5142,1259,20,18980,0x07
2026-09-06T10:53:02.268,2126,0,2,51,0,0,2641,1259,294,17813,0x07
2026-09-06T10:53:02.333,2127,0,2,51,0,0,5128,1666,157,23841,0x07
2026-09-06T10:53:02.398,2128,0,2,52,321,58,6246,1249,308,17620,0x07
2026-09-06T10:53:02.463,2129,0,2,51,322,98,6085,1246,353,17386,0x07
2026-09-06T10:53:02.528,2130,0,2,52,308,135,5765,1241,385,17186,0x07
2026-09-06T10:53:02.593,2131,0,2,50,309,120,5834,1223,480,16532,0x07
2026-09-06T10:53:02.674,2132,0,2,52,344,154,6125,1203,538,16021,0x07
2026-09-06T10:53:02.723,2133,0,2,50,418,140,7111,1169,600,15300,0x07
2026-09-06T10:53:02.804,2134,0,2,55,482,127,7965,1200,655,15490,0x07
2026-09-06T10:53:02.869,2135,0,2,55,482,127,7965,1200,655,15490,0x07
2026-09-06T10:53:02.933,2136,0,2,50,515,120,8410,1209,600,15833,0x07
2026-09-06T10:53:02.999,2137,0,2,50,563,160,8837,1166,580,15347,0x07
2026-09-06T10:53:03.064,2138,0,2,56,1056,179,14913,1535,500,20630,0x07
2026-09-06T10:53:03.129,2139,0,2,50,1056,200,14822,1535,500,20630,0x07
2026-09-06T10:53:03.193,2140,0,2,51,1488,333,19648,1924,510,25798,0x07
2026-09-06T10:53:03.275,2141,0,2,50,1711,420,22060,2163,640,28444,0x07
2026-09-06T10:53:03.340,2142,0,2,51,1949,784,23495,2365,745,30701,0x07
2026-09-06T10:53:03.600,2143,0,2,50,2113,920,24965,2487,880,31759,0x07
2026-09-06T10:53:08.229,2144,0,2,55,1961,1127,22177,2373,1127,29175,0x07
2026-09-06T10:53:08.294,2145,0,2,57,1519,35,21299,2048,18,29539,0x07
2026-09-06T10:53:08.359,2146,0,2,50,0,0,11187,0,0,17175,0x07
2026-09-06T10:53:08.424,2147,0,2,50,0,0,0,0,0,0,0x03
2026-09-06T10:53:08.489,2148,0,2,50,0,0,7363,0,0,23806,0x07
2026-09-06T10:53:08.553,2149,0,2,51,404,59,7279,1331,490,17941,0x07
2026-09-06T10:53:08.618,2150,0,2,51,404,275,6363,1331,353,18524,0x07
2026-09-06T10:53:08.683,2151,0,2,51,0,0,0,0,0,0,0x03
2026-09-06T10:53:08.764,2152,0,2,51,0,0,0,0,0,0,0x03
2026-09-06T10:53:09.023,2153,0,2,55,0,0,0,0,0,0,0x03
2026-09-06T10:53:09.088,2154,0,2,51,0,0,0,0,0,0,0x03
2026-09-06T10:53:09.153,2155,0,2,51,0,0,0,0,0,0,0x03
2026-09-06T10:53:09.234,2156,0,2,50,0,0,0,0,0,0,0x03
2026-09-06T10:53:09.299,2157,0,2,50,0,0,5671,0,0,14530,0x07
2026-09-06T10:53:09.364,2158,0,2,50,387,40,7144,1349,280,19073,0x07
2026-09-06T10:53:09.428,2159,0,2,55,356,73,6626,1380,127,20143,0x07
2026-09-06T10:53:09.493,2160,0,2,50,356,60,6680,1380,240,19664,0x07
2026-09-06T10:53:09.558,2161,0,2,51,364,118,6528,1373,275,19415,0x07
2026-09-06T10:53:09.639,2162,0,2,50,353,160,6217,1384,400,19026,0x07
2026-09-06T10:53:09.687,2163,0,2,52,350,173,6116,1387,500,18653,0x07
2026-09-06T10:53:09.768,2164,0,2,51,351,176,6117,1386,549,18426,0x07
2026-09-06T10:53:09.833,2165,0,2,51,365,157,6382,1371,549,18224,0x07
2026-09-06T10:53:09.898,2166,0,2,51,387,137,6739,1348,608,17671,0x07
2026-09-06T10:53:09.963,2167,0,2,51,429,118,7345,1305,627,17007,0x07
2026-09-06T10:53:10.028,2168,0,2,51,467,118,7812,1266,588,16652,0x07
2026-09-06T10:53:10.158,2169,0,2,55,547,164,8616,1183,527,15801,0x07
2026-09-06T10:53:10.239,2170,0,2,51,547,216,8394,1183,569,15625,0x07
2026-09-06T10:53:10.304,2171,0,2,50,579,220,8777,1150,600,15047,0x07
2026-09-06T10:53:10.369,2172,0,2,52,727,327,10180,1210,750,15220,0x07
2026-09-06T10:53:10.434,2174,0,2,52,1400,365,18417,1796,635,23553,0x07
2026-09-06T10:53:10.498,2175,0,2,51,2294,431,29292,2620,706,34275,0x07
2026-09-06T10:53:10.563,2176,0,2,50,2062,840,24665,2574,1060,32161,0x07
2026-09-06T10:53:10.628,2177,0,2,50,2437,980,28747,2763,1240,33920,0x07
2026-09-06T10:53:10.693,2178,0,2,51,2590,1196,29745,2925,1392,35448,0x07
2026-09-06T10:53:10.774,2179,0,2,53,2659,1528,29197,3047,1585,36258,0x07
2026-09-06T10:53:10.839,2180,0,2,51,2659,1706,28442,3047,1980,34578,0x07
2026-09-06T10:53:10.904,2181,0,2,50,2760,1800,29294,3089,2100,34637,0x07
2026-09-06T10:53:10.969,2182,0,2,50,2743,2120,27731,3105,2260,34163,0x07
2026-09-06T10:53:11.034,2183,0,2,50,2509,2080,24977,2982,2260,32513,0x07
2026-09-06T10:53:11.099,2184,0,2,51,2315,1941,23137,2811,2333,29920,0x07
2026-09-06T10:53:11.164,2185,0,2,54,86,1426,0,1024,2056,7179,0x07
2026-09-06T10:53:11.229,2186,0,2,51,86,627,894,1024,1471,9665,0x07
2026-09-06T10:53:11.310,2187,0,2,50,3374,500,40000,1606,940,19717,0x07
2026-09-06T10:53:11.375,2188,0,2,50,2292,2380,20993,1761,1420,19747,0x07
2026-09-06T10:53:11.439,2189,0,2,51,1097,961,12095,0,0,4599,0x07
2026-09-06T10:53:11.504,2190,0,2,51,1252,1176,13120,-262,-314,4378,0x07
2026-09-06T10:53:11.569,2191,0,2,52,-2404,-58,32259,3500,0,40000,0x07
2026-09-06T10:53:11.634,2192,0,2,51,0,0,0,0,0,0,0x03
2026-09-06T10:53:11.699,2193,0,2,50,0,0,27194,0,0,14648,0x07
2026-09-06T10:53:11.764,2194,0,2,50,3000,440,38073,0,0,6447,0x07
2026-09-06T10:53:11.845,2195,0,2,56,1170,411,15347,537,357,7871,0x07
2026-09-06T10:53:11.910,2196,0,2,50,1170,480,15053,537,220,8454,0x07
2026-09-06T10:53:11.975,2197,0,2,50,1158,520,14734,549,460,7597,0x07
2026-09-06T10:53:12.039,2198,0,2,50,1120,480,14433,588,100,9652,0x07
2026-09-06T10:53:12.104,2199,0,2,50,1125,540,14238,583,0,10012,0x07
2026-09-06T10:53:12.169,2200,0,2,50,1429,540,18033,1045,0,16196,0x07
2026-09-06T10:53:12.234,2201,0,2,55,2358,618,29298,2195,382,29968,0x07
2026-09-06T10:53:12.315,2202,0,2,51,2358,706,28925,2195,373,30007,0x07
2026-09-06T10:53:12.380,2203,0,2,50,2778,920,33261,2763,620,36550,0x07
2026-09-06T10:53:12.445,2204,0,2,50,3036,1400,34439,3046,1100,38310,0x07
2026-09-06T10:53:12.510,2205,0,2,50,3202,1600,35663,3286,1360,40000,0x07
2026-09-06T10:53:12.575,2206,0,2,50,3297,1700,36431,3440,1700,40000,0x07
2026-09-06T10:53:12.640,2207,0,2,55,1707,2164,14599,-20,-145,1860,0x07
2026-09-06T10:53:12.704,2208,0,2,50,1707,1820,16060,0,0,34182,0x07
2026-09-06T10:53:12.769,2209,0,2,51,2438,1765,25424,3500,1392,40000,0x07
2026-09-06T10:53:12.850,2210,0,2,50,2883,2300,28715,3291,3680,30624,0x07
2026-09-06T10:53:12.915,2211,0,2,54,201,1722,0,1132,2037,8706,0x07
2026-09-06T10:53:12.980,2212,0,2,51,0,0,5663,1132,1451,11196,0x07
2026-09-06T10:53:13.046,2213,0,2,51,-386,-118,6802,1196,1235,12960,0x07
2026-09-06T10:53:13.110,2214,0,2,57,147,0,4319,1567,1316,17595,0x07
2026-09-06T10:53:13.175,2215,0,2,52,147,269,3175,1567,981,19019,0x07
2026-09-06T10:53:13.240,2216,0,2,50,182,300,3482,1561,840,19537,0x07
2026-09-06T10:53:13.305,2217,0,2,50,39,100,2549,1709,700,22114,0x07
2026-09-06T10:53:13.387,2218,0,2,51,289,137,5508,1450,863,17956,0x07
2026-09-06T10:53:13.451,2219,0,2,51,356,314,5602,1380,882,16934,0x07
2026-09-06T10:53:13.516,2220,0,2,53,453,19,8060,1280,830,15817,0x07
2026-09-06T10:53:13.581,2221,0,2,50,453,0,8140,1280,760,16115,0x07
2026-09-06T10:53:13.646,2222,0,2,50,548,20,9238,1182,760,14797,0x07
2026-09-06T10:53:13.711,2223,0,2,50,582,20,9664,1147,740,14410,0x07
2026-09-06T10:53:13.776,2224,0,2,51,655,78,10327,1071,627,13876,0x07
2026-09-06T10:53:13.842,2225,0,2,50,1428,140,19719,1787,620,23498,0x07
2026-09-06T10:53:13.923,2226,0,2,51,2123,275,27823,2407,647,31670,0x07
2026-09-06T10:53:13.988,2227,0,2,51,2644,510,33332,2867,706,37582,0x07
2026-09-06T10:53:14.053,2228,0,2,50,3039,1220,35242,3188,1220,39693,0x07
2026-09-06T10:53:14.118,2229,0,2,51,3211,1412,36575,3356,1608,40000,0x07
2026-09-06T10:53:14.183,2230,0,2,56,3374,1929,36418,3471,1821,40000,0x07
2026-09-06T10:53:14.248,2231,0,2,51,3374,2235,35114,3471,2118,39673,0x07
2026-09-06T10:53:14.313,2232,0,2,51,3374,2275,34948,3471,2137,39590,0x07
2026-09-06T10:53:14.379,2233,0,2,51,3374,2392,34448,3478,2373,38679,0x07
2026-09-06T10:53:14.444,2234,0,2,56,1544,2536,10984,1276,2357,9275,0x07
2026-09-06T10:53:14.525,2235,0,2,50,1544,2040,13090,0,0,3099,0x07
2026-09-06T10:53:14.784,2236,0,2,50,755,1520,5459,-98,-480,1474,0x07
2026-09-06T10:53:15.785,2237,0,2,51,1537,1627,14759,-1076,-78,16280,0x07
2026-09-06T10:53:15.850,2238,0,2,52,0,0,13363,0,0,2530,0x07
2026-09-06T10:53:15.915,2239,0,2,50,1430,0,20345,266,0,5772,0x07
2026-09-06T10:53:15.996,2240,0,2,52,0,0,0,0,0,0,0x03
2026-09-06T10:53:16.061,2241,0,2,52,0,0,18543,0,0,34182,0x07
2026-09-06T10:53:16.126,2242,0,2,54,227,0,5321,1514,1833,14687,0x07
2026-09-06T10:53:16.191,2243,0,2,51,227,392,3654,1514,647,19728,0x07
2026-09-06T10:53:16.256,2244,0,2,50,176,200,3840,1567,580,20717,0x07
2026-09-06T10:53:16.385,2245,0,2,50,127,100,3650,1618,600,21316,0x07
2026-09-06T10:53:16.467,2246,0,2,51,160,39,4313,1584,686,20498,0x07
2026-09-06T10:53:16.532,2247,0,2,50,203,20,4937,1539,740,19667,0x07
2026-09-06T10:53:16.597,2248,0,2,50,0,0,0,0,0,0,0x03
2026-09-06T10:53:16.662,2249,0,2,51,0,0,4924,0,0,15390,0x07
2026-09-06T10:53:16.726,2250,0,2,50,296,0,6182,1443,320,20163,0x07
2026-09-06T10:53:16.791,2251,0,2,56,545,179,8535,1184,696,15101,0x07
2026-09-06T10:53:16.856,2252,0,2,51,545,59,9044,1184,569,15644,0x07
2026-09-06T10:53:16.921,2253,0,2,51,0,0,0,0,0,0,0x03
2026-09-06T10:53:17.002,2254,0,2,50,0,0,0,0,0,0,0x03
2026-09-06T10:53:17.068,2255,0,2,51,0,0,12062,0,0,12624,0x07
2026-09-06T10:53:17.132,2256,0,2,52,0,0,3215,1140,327,16081,0x07
2026-09-06T10:53:17.197,2257,0,2,50,2838,0,37921,2059,360,28243,0x07
2026-09-06T10:53:17.262,2258,0,2,51,2838,882,34171,2059,765,26523,0x07
2026-09-06T10:53:17.327,2259,0,2,51,3227,765,39528,3183,647,40000,0x07
2026-09-06T10:53:17.392,2260,0,2,50,1561,1200,16874,2527,800,32633,0x07
2026-09-06T10:53:17.457,2261,0,2,50,1929,1140,21730,2383,1240,28836,0x07
2026-09-06T10:53:17.538,2262,0,2,51,1997,1275,22006,2455,1353,29317,0x07
2026-09-06T10:53:17.603,2263,0,2,50,1872,1380,19998,2393,1440,28118,0x07
2026-09-06T10:53:17.667,2264,0,2,50,1577,1300,16652,2176,1600,24538,0x07
2026-09-06T10:53:17.732,2265,0,2,50,0,0,0,0,0,0,0x03
2026-09-06T10:53:17.796,2266,0,2,51,0,0,10379,0,0,17098,0x07
2026-09-06T10:53:17.861,2267,0,2,50,958,1140,9606,1630,1740,16630,0x07
2026-09-06T10:53:17.926,2268,0,2,51,835,1216,7746,1476,1353,16213,0x07
2026-09-06T10:53:18.007,2269,0,2,50,676,920,7019,1335,1200,14975,0x07
2026-09-06T10:53:18.072,2270,0,2,51,912,784,10536,1468,1157,16933,0x07
2026-09-06T10:53:18.137,2271,0,2,50,1070,1000,11592,1616,1340,18143,0x07
2026-09-06T10:53:18.201,2272,0,2,50,1172,820,13638,1720,1360,19450,0x07
2026-09-06T10:53:18.266,2273,0,2,50,1265,700,15309,1806,1180,21366,0x07
2026-09-06T10:53:18.331,2274,0,2,50,1440,760,17233,1944,1180,23217,0x07
2026-09-06T10:53:18.396,2275,0,2,50,1879,880,22208,2270,1180,27573,0x07
2026-09-06T10:53:18.461,2276,0,2,52,2885,1154,33610,3061,1346,37457,0x07
2026-09-06T10:53:18.542,2277,0,2,50,2885,1300,32989,3061,1660,36123,0x07
2026-09-06T10:53:18.607,2278,0,2,52,3048,1500,34175,3257,1788,38209,0x07
2026-09-06T10:53:18.672,2279,0,2,57,3374,2035,35965,3438,2053,39504,0x07
2026-09-06T10:53:18.737,2280,0,2,51,3374,2176,35364,3438,2196,38894,0x07
2026-09-06T10:53:18.802,2281,0,2,51,3374,2314,34781,3458,2196,39157,0x07
2026-09-06T10:53:18.867,2282,0,2,50,3374,2380,34500,3440,2580,37286,0x07
2026-09-06T10:53:18.932,2283,0,2,58,3374,2707,33110,3403,2690,36328,0x07
2026-09-06T10:53:18.997,2284,0,2,51,3374,2725,33031,3403,2647,36509,0x07
2026-09-06T10:53:19.078,2285,0,2,50,2625,2740,23618,2547,2900,23975,0x07
2026-09-06T10:53:19.143,2286,0,2,51,1281,2627,7316,816,2667,1800,0x07
2026-09-06T10:53:19.208,2287,0,2,51,2316,2333,21483,3390,2353,37590,0x07
2026-09-06T10:53:19.273,2288,0,2,51,0,0,3417,1551,3431,8388,0x07
2026-09-06T10:53:19.338,2289,0,2,52,277,38,5777,1463,1712,14517,0x07
2026-09-06T10:53:19.403,2290,0,2,51,0,0,2845,1463,1608,14957,0x07
2026-09-06T10:53:19.468,2291,0,2,51,0,0,3706,1795,1294,20736,0x07
2026-09-06T10:53:19.533,2292,0,2,52,148,288,3110,1596,1115,18834,0x07
2026-09-06T10:53:19.614,2293,0,2,54,214,93,4768,1528,1056,18171,0x07
2026-09-06T10:53:19.679,2294,0,2,51,214,137,4578,1528,1078,18074,0x07
2026-09-06T10:53:19.744,2295,0,2,50,285,160,5361,1455,1140,16833,0x07
2026-09-06T10:53:19.809,2296,0,2,51,354,314,5576,1382,1039,16295,0x07
2026-09-06T10:53:19.874,2297,0,2,52,455,38,8009,1278,904,15465,0x07
2026-09-06T10:53:19.939,2298,0,2,50,572,40,9462,1156,920,13776,0x07
2026-09-06T10:53:20.004,2299,0,2,51,623,39,10096,1104,765,13734,0x07
2026-09-06T10:53:20.069,2300,0,2,51,1081,157,15322,1395,667,18043,0x07
2026-09-06T10:53:20.150,2301,0,2,50,1927,320,25185,2203,700,28719,0x07
2026-09-06T10:53:20.199,2302,0,2,51,0,0,0,0,0,0,0x03
2026-09-06T10:53:20.280,2303,0,2,50,0,0,29180,0,0,31896,0x07
2026-09-06T10:53:20.345,2304,0,2,50,3241,840,39385,3250,880,40000,0x07
2026-09-06T10:53:20.410,2305,0,2,51,3374,2216,35198,3400,2490,37139,0x07
2026-09-06T10:53:20.475,2306,0,2,50,3374,1480,38324,3383,1380,40000,0x07
2026-09-06T10:53:20.539,2307,0,2,50,3374,1740,37220,3341,1580,40000,0x07
2026-09-06T10:53:20.604,2308,0,2,50,3337,2120,35137,3265,1840,38093,0x07
2026-09-06T10:53:20.685,2309,0,2,63,3325,2270,34361,3377,2206,38036,0x07
2026-09-06T10:53:20.750,2310,0,2,56,3341,2411,33957,3453,2393,38259,0x07
2026-09-06T10:53:20.815,2311,0,2,51,3341,2608,33120,3453,2471,37929,0x07
2026-09-06T10:53:20.880,2312,0,2,50,2857,2720,26596,2948,2600,30614,0x07
2026-09-06T10:53:20.945,2313,0,2,51,1662,2118,14242,1726,2294,15558,0x07
2026-09-06T10:53:21.010,2314,0,2,50,2568,1700,27326,1516,1960,14163,0x07
2026-09-06T10:53:21.074,2315,0,2,50,2098,2760,16952,1666,1760,17023,0x07
2026-09-06T10:53:21.155,2316,0,2,50,1290,1660,11533,585,1540,3495,0x07
2026-09-06T10:53:21.220,2317,0,2,51,0,0,0,0,0,0,0x03
2026-09-06T10:53:21.285,2318,0,2,50,0,0,13324,0,0,5725,0x07
2026-09-06T10:53:21.350,2319,0,2,50,0,0,15125,385,840,3791,0x07
2026-09-06T10:53:21.415,2320,0,2,50,0,0,3856,3342,580,40000,0x07
2026-09-06T10:53:21.479,2321,0,2,50,166,280,3373,1578,2360,13298,0x07
2026-09-06T10:53:21.544,2322,0,2,50,0,0,0,0,0,0,0x03
2026-09-06T10:53:21.609,2323,0,2,51,0,0,0,0,0,0,0x03
2026-09-06T10:53:21.690,2324,0,2,50,0,0,0,0,0,0,0x03
2026-09-06T10:53:21.755,2325,0,2,50,0,0,0,0,0,0,0x03
2026-09-06T10:53:21.820,2326,0,2,50,0,0,30275,0,0,23959,0x07
2026-09-06T10:53:21.885,2327,0,2,51,3374,745,40000,0,0,3966,0x07
2026-09-06T10:53:21.950,2328,0,2,50,0,0,0,0,0,0,0x03
2026-09-06T10:53:22.015,2329,0,2,50,0,0,14927,0,0,3879,0x07
2026-09-06T10:53:22.080,2330,0,2,50,0,0,0,0,0,0,0x03
2026-09-06T10:53:22.145,2331,0,2,52,0,0,14641,0,0,4209,0x07
2026-09-06T10:53:22.226,2332,0,2,51,0,0,0,0,0,0,0x03
2026-09-06T10:53:22.291,2333,0,2,51,0,0,13716,0,0,5277,0x07
2026-09-06T10:53:22.356,2334,0,2,51,1318,373,17354,383,353,5837,0x07
2026-09-06T10:53:22.421,2335,0,2,50,1318,440,17068,383,460,5382,0x07
2026-09-06T10:53:22.486,2336,0,2,50,1298,460,16734,404,320,6254,0x07
2026-09-06T10:53:22.551,2337,0,2,51,1260,529,15972,443,176,7383,0x07
2026-09-06T10:53:22.616,2338,0,2,51,1225,549,15454,479,176,7866,0x07
2026-09-06T10:53:22.681,2339,0,2,50,1207,540,15260,498,140,8279,0x07
2026-09-06T10:53:22.762,2340,0,2,50,1180,560,14839,526,180,8484,0x07
2026-09-06T10:53:22.827,2341,0,2,52,1132,519,14414,576,231,8933,0x07
2026-09-06T10:53:22.892,2342,0,2,50,1132,500,14496,576,280,8724,0x07
2026-09-06T10:53:22.957,2343,0,2,51,1097,471,14178,612,333,8988,0x07
2026-09-06T10:53:23.022,2344,0,2,51,1262,510,16076,810,431,11219,0x07
2026-09-06T10:53:23.086,2345,0,2,51,1528,529,19321,1109,490,14971,0x07
2026-09-06T10:53:23.151,2346,0,2,50,1750,580,21868,1365,660,17679,0x07
2026-09-06T10:53:23.216,2347,0,2,53,1934,962,22549,1510,830,18885,0x07
2026-09-06T10:53:23.281,2348,0,2,52,1934,1115,21898,1510,885,18654,0x07
2026-09-06T10:53:23.362,2349,0,2,50,1934,1120,21879,1522,960,18497,0x07
2026-09-06T10:53:23.427,2350,0,2,51,1766,1176,19536,1252,941,14969,0x07
2026-09-06T10:53:23.492,2351,0,2,50,1848,1380,19699,1458,1020,17389,0x07
2026-09-06T10:53:23.557,2352,0,2,50,1880,1320,20346,1458,1080,17139,0x07
2026-09-06T10:53:23.622,2353,0,2,50,2024,1320,22153,1665,1060,19989,0x07
2026-09-06T10:53:23.688,2354,0,2,51,2024,1431,21679,1665,1118,19744,0x07
2026-09-06T10:53:23.753,2355,0,2,51,2022,1431,21647,1618,1275,18454,0x07
2026-09-06T10:53:23.818,2356,0,2,51,2167,1451,23375,1864,1373,21331,0x07
2026-09-06T10:53:23.884,2357,0,2,56,958,1446,8294,197,929,897,0x07
2026-09-06T10:53:23.965,2358,0,2,51,958,961,10358,197,412,3093,0x07
2026-09-06T10:53:24.030,2359,0,2,50,1063,960,11677,114,180,2973,0x07
2026-09-06T10:53:24.095,2360,0,2,51,1173,922,13214,134,137,3422,0x07
2026-09-06T10:53:24.160,2361,0,2,51,1161,980,12820,283,235,4996,0x07
2026-09-06T10:53:24.224,2362,0,2,50,1051,940,11610,428,320,6576,0x07
2026-09-06T10:53:24.290,2363,0,2,54,1164,741,13873,909,556,12017,0x07
2026-09-06T10:53:24.355,2364,0,2,51,1164,725,13938,909,824,10879,0x07
2026-09-06T10:53:24.420,2365,0,2,50,1855,800,22244,1808,540,24110,0x07
2026-09-06T10:53:24.501,2366,0,2,51,2483,725,30401,2764,314,37876,0x07
2026-09-06T10:53:24.566,2367,0,2,51,2598,1039,30505,3110,980,39676,0x07
2026-09-06T10:53:24.632,2368,0,2,51,2423,1137,27942,3129,1353,38346,0x07
2026-09-06T10:53:24.697,2369,0,2,52,689,1481,4804,1561,1750,15664,0x07
2026-09-06T10:53:24.762,2370,0,2,51,689,863,7444,1561,1529,16601,0x07
2026-09-06T10:53:24.827,2371,0,2,50,411,720,4580,1323,1600,13120,0x07
2026-09-06T10:53:24.892,2372,0,2,50,470,1100,3704,1262,1380,13236,0x07
2026-09-06T10:53:24.957,2373,0,2,50,484,780,5238,1248,980,14743,0x07
2026-09-06T10:53:25.038,2374,0,2,50,515,560,6556,1216,940,14488,0x07
2026-09-06T10:53:25.103,2375,0,2,50,518,460,7026,1213,1020,14110,0x07
2026-09-06T10:53:25.168,2376,0,2,50,579,460,7806,1150,1040,13177,0x07
2026-09-06T10:53:25.233,2377,0,2,52,573,558,7321,1156,923,13759,0x07
2026-09-06T10:53:25.298,2378,0,2,50,1051,120,15190,1535,820,19266,0x07
2026-09-06T10:53:25.363,2379,0,2,50,1568,440,20333,1978,800,25276,0x07
2026-09-06T10:53:25.428,2380,0,2,50,2304,580,28996,2555,840,32841,0x07
2026-09-06T10:53:25.493,2381,0,2,50,2903,840,35407,3042,900,39095,0x07
2026-09-06T10:53:25.638,2382,0,2,56,3374,1482,38599,3406,1286,40000,0x07
2026-09-06T10:53:25.704,2383,0,2,51,3374,1745,37527,3406,1686,40000,0x07
2026-09-06T10:53:25.768,2384,0,2,51,3374,2275,35411,3354,2196,37775,0x07
2026-09-06T10:53:25.833,2385,0,2,50,3370,2360,35045,3337,2260,37269,0x07
2026-09-06T10:53:25.898,2387,0,2,50,3325,2500,33918,3247,2280,35980,0x07
2026-09-06T10:53:25.963,2388,0,2,53,3297,2679,32891,3290,2547,35425,0x07
2026-09-06T10:53:26.028,2389,0,2,50,3297,2760,32589,3290,2680,34860,0x07
2026-09-06T10:53:26.110,2390,0,2,52,3307,2769,32709,3326,2596,35699,0x07
2026-09-06T10:53:26.175,2391,0,2,51,3319,2725,33099,3337,2784,35059,0x07
2026-09-06T10:53:26.240,2392,0,2,51,3327,2863,32699,3353,2843,35048,0x07
2026-09-06T10:53:26.305,2393,0,2,51,3333,3000,32227,3346,2843,34974,0x07
2026-09-06T10:53:26.370,2394,0,2,51,3359,3118,32132,3450,3059,35473,0x07
2026-09-06T10:53:26.435,2395,0,2,51,3359,3000,32670,3450,3039,35571,0x07
2026-09-06T10:53:26.500,2396,0,2,50,3374,3080,32562,3382,2980,34920,0x07
2026-09-06T10:53:26.565,2397,0,2,51,3358,2941,32988,0,0,13886,0x07
2026-09-06T10:53:26.630,2398,0,2,56,1536,2571,11268,157,0,4324,0x07
2026-09-06T10:53:26.711,2399,0,2,51,0,0,12411,157,588,1824,0x07
2026-09-06T10:53:26.840,2400,0,2,50,-1152,-900,13480,2937,900,37809,0x07
2026-09-06T10:53:26.905,2401,0,2,51,0,0,3329,1291,2333,9626,0x07
2026-09-06T10:53:26.970,2402,0,2,51,88,235,2703,1528,961,18636,0x07
2026-09-06T10:53:27.035,2403,0,2,50,142,0,4398,1602,280,22530,0x07
2026-09-06T10:53:27.100,2405,0,2,50,142,0,4398,1602,80,23380,0x07
2026-09-06T10:53:27.165,2406,0,2,51,253,0,5809,1488,0,22182,0x07
2026-09-06T10:53:27.246,2407,0,2,50,386,20,7434,1349,0,20323,0x07
2026-09-06T10:53:27.311,2408,0,2,56,483,0,8761,1248,0,18970,0x07
2026-09-06T10:53:27.376,2409,0,2,51,483,0,8761,1248,0,18970,0x07
2026-09-06T10:53:27.441,2410,0,2,50,456,0,8407,1277,0,19356,0x07
2026-09-06T10:53:27.506,2411,0,2,51,485,0,8774,1247,0,18956,0x07
2026-09-06T10:53:27.571,2412,0,2,50,488,0,8817,1244,0,18909,0x07
2026-09-06T10:53:27.636,2413,0,2,51,485,0,8774,1248,0,18960,0x07
2026-09-06T10:53:27.701,2414,0,2,52,482,0,8739,1250,0,18993,0x07
2026-09-06T10:53:27.782,2415,0,2,51,482,0,8739,1250,0,18993,0x07
2026-09-06T10:53:27.847,2416,0,2,50,510,0,9107,1220,0,18594,0x07
2026-09-06T10:53:27.911,2417,0,2,50,493,0,8886,1238,0,18834,0x07
2026-09-06T10:53:27.976,2418,0,2,52,0,0,3569,1209,0,18439,0x07
2026-09-06T10:53:28.041,2419,0,2,51,0,0,6444,1870,0,27316,0x07
2026-09-06T10:53:28.106,2420,0,2,52,453,38,8205,1280,0,19398,0x07
2026-09-06T10:53:28.187,2421,0,2,50,388,0,7536,1348,0,20303,0x07
2026-09-06T10:53:28.235,2422,0,2,50,370,0,7311,1366,0,20553,0x07
2026-09-06T10:53:28.317,2423,0,2,54,407,0,7777,1328,0,20041,0x07
2026-09-06T10:53:28.381,2424,0,2,54,407,0,7777,1328,0,20041,0x07
2026-09-06T10:53:28.446,2425,0,2,50,428,0,8053,1306,0,19744,0x07
2026-09-06T10:53:28.511,2426,0,2,50,397,0,7652,1338,0,20177,0x07
2026-09-06T10:53:28.576,2427,0,2,56,450,0,8329,1283,0,19440,0x07
2026-09-06T10:53:28.641,2428,0,2,50,450,0,8329,1283,0,19440,0x07
2026-09-06T10:53:28.706,2429,0,2,50,439,0,8187,1295,0,19600,0x07
2026-09-06T10:53:28.787,2430,0,2,50,0,0,16984,1278,0,19369,0x07
2026-09-06T10:53:28.852,2431,0,2,50,-1687,-1340,18459,1750,0,25702,0x07
2026-09-06T10:53:28.917,2432,0,2,51,-1687,-78,23820,1750,157,25035,0x07
2026-09-06T10:53:28.981,2433,0,2,53,-1687,-491,22069,1750,189,24900,0x07
2026-09-06T10:53:29.046,2434,0,2,51,-1687,-608,21570,1750,0,25702,0x07
2026-09-06T10:53:29.111,2435,0,2,51,-1687,-569,21737,1750,0,25702,0x07
2026-09-06T10:53:29.176,2436,0,2,51,0,0,0,0,0,0,0x03
2026-09-06T10:53:29.241,2437,0,2,56,1553,0,22435,1540,0,22882,0x07
2026-09-06T10:53:29.322,2438,0,2,51,1553,314,21102,1540,451,20965,0x07
2026-09-06T10:53:29.387,2439,0,2,50,2250,100,30926,2473,120,34899,0x07
2026-09-06T10:53:29.452,2440,0,2,50,3142,800,39360,3130,740,40000,0x07
2026-09-06T10:53:29.517,2441,0,2,51,3374,1118,40000,3378,1000,40000,0x07
2026-09-06T10:53:29.646,2442,0,2,50,3374,1360,39948,3355,1280,40000,0x07
2026-09-06T10:53:29.792,2443,0,2,52,3319,1846,37179,3273,1788,38543,0x07
2026-09-06T10:53:29.857,2444,0,2,51,3319,2196,35691,3273,2059,37394,0x07
2026-09-06T10:53:29.922,2445,0,2,50,3307,2640,33650,3321,2440,36412,0x07
2026-09-06T10:53:29.987,2447,0,2,50,0,0,0,0,0,0,0x03
2026-09-06T10:53:30.052,2449,0,2,53,-1296,-189,18350,1842,132,26375,0x07
2026-09-06T10:53:30.117,2450,0,2,50,-1296,-320,17792,1842,2460,16482,0x07
2026-09-06T10:53:30.182,2451,0,2,51,0,0,0,0,0,0,0x03
2026-09-06T10:53:30.247,2452,0,2,51,0,0,31389,0,0,5107,0x07
2026-09-06T10:53:30.312,2453,0,2,56,1336,2054,10933,167,839,884,0x07
2026-09-06T10:53:30.393,2454,0,2,51,1336,804,16244,167,314,3118,0x07
2026-09-06T10:53:30.459,2455,0,2,50,1542,980,18137,150,60,3975,0x07
2026-09-06T10:53:30.524,2456,0,2,50,1510,1040,17463,184,360,3156,0x07
2026-09-06T10:53:30.589,2457,0,2,51,1561,1216,17373,131,314,2639,0x07
2026-09-06T10:53:30.654,2458,0,2,51,1516,1176,16965,177,196,3763,0x07
2026-09-06T10:53:30.719,2459,0,2,50,1377,1020,15856,321,220,5593,0x07
2026-09-06T10:53:30.784,2460,0,2,51,1377,1000,15941,321,373,4944,0x07
2026-09-06T10:53:30.849,2461,0,2,51,1256,1000,14393,447,373,6630,0x07
2026-09-06T10:53:30.931,2462,0,2,51,1148,980,13095,559,392,8050,0x07
2026-09-06T10:53:30.995,2463,0,2,56,1307,750,16111,1094,179,16140,0x07
2026-09-06T10:53:31.060,2464,0,2,51,1307,706,16299,1094,216,15982,0x07
2026-09-06T10:53:31.125,2465,0,2,51,2161,647,27470,2073,333,28620,0x07
2026-09-06T10:53:31.190,2466,0,2,50,2737,960,33502,2755,880,35452,0x07
2026-09-06T10:53:31.386,2467,0,2,51,3119,1216,37304,3291,1275,40000,0x07
2026-09-06T10:53:31.467,2468,0,2,51,3282,1490,38217,3418,1608,40000,0x07
2026-09-06T10:53:31.531,2469,0,2,50,0,0,31204,0,0,34312,0x07
2026-09-06T10:53:31.596,2470,0,2,51,3352,2608,34368,3500,2725,37604,0x07
2026-09-06T10:53:31.661,2473,0,2,50,3356,2540,34706,3500,2380,39072,0x07
2026-09-06T10:53:31.791,2474,0,2,51,2138,2569,19010,2416,2529,23895,0x07
2026-09-06T10:53:31.856,2475,0,2,55,1518,2618,10860,649,2127,1883,0x07
2026-09-06T10:53:31.921,2476,0,2,51,1518,882,18237,649,412,9174,0x07
2026-09-06T10:53:32.002,2477,0,2,51,1418,216,19802,220,529,2920,0x07
2026-09-06T10:53:32.067,2479,0,2,53,1556,132,21922,135,38,3872,0x07
2026-09-06T10:53:32.132,2480,0,2,52,1556,308,21176,135,19,3951,0x07
2026-09-06T10:53:32.197,2481,0,2,50,0,0,22161,8,20,2243,0x07
2026-09-06T10:53:32.262,2482,0,2,50,0,0,4393,3500,800,40000,0x07
2026-09-06T10:53:32.327,2483,0,2,50,213,320,3936,1530,460,20786,0x07
2026-09-06T10:53:32.392,2484,0,2,52,140,288,3147,0,0,24217,0x07
2026-09-06T10:53:32.458,2485,0,2,51,1508,1196,16782,186,196,3871,0x07
2026-09-06T10:53:32.539,2486,0,2,52,1508,173,21130,186,115,4214,0x07
2026-09-06T10:53:32.587,2487,0,2,51,1498,0,21737,196,0,4845,0x07
2026-09-06T10:53:32.669,2488,0,2,55,1443,0,21033,253,0,5611,0x07
2026-09-06T10:53:32.733,2489,0,2,55,1443,0,21033,253,0,5611,0x07
2026-09-06T10:53:32.798,2490,0,2,50,1442,0,21016,254,0,5629,0x07
2026-09-06T10:53:32.864,2491,0,2,52,1411,0,20619,287,0,6062,0x07
2026-09-06T10:53:32.929,2492,0,2,56,1432,0,20891,265,0,5767,0x07
2026-09-06T10:53:32.994,2493,0,2,52,1432,0,20891,265,0,5767,0x07
2026-09-06T10:53:33.075,2494,0,2,50,1436,0,20938,261,0,5715,0x07
2026-09-06T10:53:33.124,2495,0,2,51,1454,0,21175,242,0,5456,0x07
2026-09-06T10:53:33.205,2496,0,2,51,1457,0,21210,239,0,5418,0x07
2026-09-06T10:53:33.270,2497,0,2,50,1458,0,21219,238,0,5410,0x07
2026-09-06T10:53:33.335,2498,0,2,51,1434,0,20913,263,0,5743,0x07
2026-09-06T10:53:33.400,2499,0,2,50,1434,0,20913,263,0,5743,0x07
2026-09-06T10:53:33.465,2500,0,2,51,1429,0,20847,268,0,5813,0x07
2026-09-06T10:53:33.530,2501,0,2,51,1428,0,20835,269,0,5828,0x07
2026-09-06T10:53:33.595,2502,0,2,56,1432,0,20891,265,0,5767,0x07
2026-09-06T10:53:33.676,2503,0,2,50,1432,0,20891,265,0,5767,0x07
2026-09-06T10:53:33.741,2504,0,2,50,1451,0,21136,245,0,5499,0x07
2026-09-06T10:53:33.806,2505,0,2,51,1450,0,21120,246,0,5517,0x07
2026-09-06T10:53:33.871,2506,0,2,50,1453,0,21159,243,0,5474,0x07
2026-09-06T10:53:33.936,2507,0,2,50,0,0,16984,247,0,5527,0x07
2026-09-06T10:53:34.001,2508,0,2,54,-1687,-1259,18802,1750,1278,20271,0x07
2026-09-06T10:53:34.066,2509,0,2,50,-1687,-180,23389,1750,900,21876,0x07
2026-09-06T10:53:34.131,2510,0,2,50,-1687,-360,22624,1750,60,25446,0x07
2026-09-06T10:53:34.196,2511,0,2,52,-1687,-365,22601,1750,19,25620,0x07
2026-09-06T10:53:34.277,2512,0,2,55,-1687,-709,21140,1750,236,24697,0x07
2026-09-06T10:53:34.342,2513,0,2,51,0,0,0,0,0,0,0x03
2026-09-06T10:53:34.407,2514,0,2,50,0,0,16756,0,0,2469,0x07
2026-09-06T10:53:34.472,2515,0,2,51,0,0,21466,28,20,2503,0x07
2026-09-06T10:53:34.537,2516,0,2,50,0,0,5879,3500,0,40000,0x07
2026-09-06T10:53:34.602,2517,0,2,50,387,260,6417,1349,900,16493,0x07
2026-09-06T10:53:34.667,2518,0,2,52,439,365,6643,1294,404,17869,0x07
2026-09-06T10:53:34.732,2519,0,2,51,439,78,7863,1294,412,17836,0x07
2026-09-06T10:53:34.813,2520,0,2,50,422,100,7551,1312,420,18041,0x07
2026-09-06T10:53:34.878,2521,0,2,51,468,78,8230,1265,490,17103,0x07
2026-09-06T10:53:34.943,2522,0,2,51,478,176,7942,1254,529,16795,0x07
2026-09-06T10:53:35.008,2523,0,2,51,464,196,7677,1269,647,16493,0x07
2026-09-06T10:53:35.073,2524,0,2,51,528,216,8418,1202,686,15428,0x07
2026-09-06T10:53:35.138,2525,0,2,51,528,255,8251,1202,647,15595,0x07
2026-09-06T10:53:35.203,2526,0,2,51,570,196,9028,1159,706,14773,0x07
2026-09-06T10:53:35.284,2527,0,2,51,680,196,10439,1188,627,15491,0x07
2026-09-06T10:53:35.348,2528,0,2,53,1606,321,21758,2015,623,26616,0x07
2026-09-06T10:53:35.413,2529,0,2,51,1606,451,21204,2015,706,26262,0x07
2026-09-06T10:53:35.478,2530,0,2,50,1919,660,24312,2323,800,29985,0x07
2026-09-06T10:53:35.543,2531,0,2,50,2351,1060,28144,2664,1040,33550,0x07
2026-09-06T10:53:35.608,2532,0,2,50,2495,1260,29136,2847,1120,35662,0x07
2026-09-06T10:53:35.673,2533,0,2,51,2657,1392,30643,2982,1373,36397,0x07
2026-09-06T10:53:35.738,2534,0,2,54,2497,1630,27583,2948,1870,33835,0x07
2026-09-06T10:53:35.819,2535,0,2,50,2497,1840,26689,2948,1900,33709,0x07
2026-09-06T10:53:35.885,2536,0,2,51,2260,1961,23151,2772,2078,30588,0x07
2026-09-06T10:53:35.950,2537,0,2,51,1872,1863,18605,2471,2039,26711,0x07
2026-09-06T10:53:36.014,2538,0,2,50,1316,1900,11336,2011,2220,19775,0x07
2026-09-06T10:53:36.079,2539,0,2,51,0,0,0,0,0,0,0x03
2026-09-06T10:53:36.144,2540,0,2,55,258,109,5415,1483,36,21958,0x07
2026-09-06T10:53:36.209,2541,0,2,50,0,0,7492,1483,1320,16502,0x07
2026-09-06T10:53:36.274,2542,0,2,51,0,0,4079,1930,1647,21111,0x07
2026-09-06T10:53:36.356,2543,0,2,50,176,160,4146,0,0,21512,0x07
2026-09-06T10:53:36.421,2544,0,2,50,2462,1280,28621,-2104,-1360,24675,0x07
2026-09-06T10:53:36.486,2545,0,2,51,1277,353,17406,-610,-412,8653,0x07
2026-09-06T10:53:36.551,2546,0,2,53,-2512,-38,34539,3500,0,40000,0x07
2026-09-06T10:53:36.616,2547,0,2,51,0,0,2751,3500,2137,40000,0x07
2026-09-06T10:53:36.681,2548,0,2,51,0,0,3229,1288,1647,12500,0x07
2026-09-06T10:53:36.746,2549,0,2,51,0,0,31389,0,0,25357,0x07
2026-09-06T10:53:36.811,2550,0,2,58,1278,1793,11302,139,52,3860,0x07
2026-09-06T10:53:36.876,2551,0,2,50,1278,540,16628,139,320,2720,0x07
2026-09-06T10:53:36.942,2552,0,2,50,1280,700,15970,140,100,3665,0x07
2026-09-06T10:53:37.023,2553,0,2,50,1330,540,17293,81,0,3305,0x07
2026-09-06T10:53:37.088,2554,0,2,50,1433,620,18265,71,0,3173,0x07
2026-09-06T10:53:37.218,2555,0,2,50,1391,660,17569,180,0,4630,0x07
2026-09-06T10:53:37.283,2556,0,2,50,1365,740,16892,288,0,6081,0x07
2026-09-06T10:53:37.348,2557,0,2,50,1340,760,16491,359,0,7040,0x07
2026-09-06T10:53:37.413,2558,0,2,52,1282,731,15874,420,0,7848,0x07
2026-09-06T10:53:37.477,2560,0,2,50,1235,740,15231,469,0,8509,0x07
2026-09-06T10:53:37.558,2561,0,2,51,1131,745,13880,576,0,9951,0x07
2026-09-06T10:53:37.623,2562,0,2,50,1099,760,13397,610,0,10406,0x07
2026-09-06T10:53:37.688,2563,0,2,50,1148,840,13687,746,0,12220,0x07
2026-09-06T10:53:37.753,2564,0,2,51,1682,765,20834,1378,0,20708,0x07
2026-09-06T10:53:37.818,2565,0,2,51,2238,804,27787,2088,804,26826,0x07
2026-09-06T10:53:37.883,2566,0,2,51,2719,1000,33099,2699,529,36190,0x07
2026-09-06T10:53:37.948,2567,0,2,51,3075,1196,36817,3188,863,40000,0x07
2026-09-06T10:53:38.012,2568,0,2,51,3262,1471,38045,3479,1196,40000,0x07
2026-09-06T10:53:38.094,2569,0,2,50,2431,1780,26098,2859,1480,34296,0x07
2026-09-06T10:53:38.159,2570,0,2,51,2431,1863,25747,2859,1824,32836,0x07
2026-09-06T10:53:38.224,2571,0,2,50,1576,1860,14832,2122,2020,22109,0x07
2026-09-06T10:53:38.289,2572,0,2,51,0,0,6631,1274,1431,13230,0x07
2026-09-06T10:53:38.354,2573,0,2,50,-475,-420,6864,1085,1380,10912,0x07
2026-09-06T10:53:38.419,2574,0,2,51,-457,-275,7249,1407,1118,16348,0x07
2026-09-06T10:53:38.484,2575,0,2,51,116,0,4067,1629,667,21247,0x07
2026-09-06T10:53:38.549,2576,0,2,50,116,280,2877,0,0,13455,0x07
2026-09-06T10:53:38.630,2577,0,2,51,2770,157,37338,0,0,2398,0x07
2026-09-06T10:53:38.695,2578,0,2,50,1140,1240,11893,0,0,2315,0x07
2026-09-06T10:53:38.825,2579,0,2,51,1191,510,15639,-11,-39,2194,0x07
2026-09-06T10:53:38.890,2580,0,2,50,1273,580,16398,-70,0,3154,0x07
2026-09-06T10:53:38.955,2581,0,2,51,1318,784,16094,-51,0,2901,0x07
2026-09-06T10:53:39.021,2582,0,2,51,1338,804,16271,0,0,3431,0x07
2026-09-06T10:53:39.086,2584,0,2,51,1282,745,15813,133,20,3911,0x07
2026-09-06T10:53:39.167,2585,0,2,50,1182,720,14630,398,340,6116,0x07
2026-09-06T10:53:39.232,2586,0,2,51,1141,706,14167,503,255,7882,0x07
2026-09-06T10:53:39.297,2587,0,2,51,1077,745,13189,632,490,8620,0x07
2026-09-06T10:53:39.362,2588,0,2,50,1077,680,13466,632,440,8833,0x07
2026-09-06T10:53:39.427,2589,0,2,50,1150,680,14389,737,140,11517,0x07
2026-09-06T10:53:39.491,2590,0,2,51,1653,647,20963,1345,412,18512,0x07
2026-09-06T10:53:39.556,2591,0,2,57,2286,825,28308,2080,456,28187,0x07
2026-09-06T10:53:39.621,2592,0,2,50,2286,1020,27477,2080,720,27066,0x07
2026-09-06T10:53:39.702,2593,0,2,50,2345,1220,27382,2141,840,27377,0x07
2026-09-06T10:53:39.767,2594,0,2,51,2364,1294,27314,2211,1059,27383,0x07
2026-09-06T10:53:39.832,2595,0,2,50,2329,1500,25994,2234,1340,26497,0x07
2026-09-06T10:53:39.897,2596,0,2,51,2050,1627,21876,1881,1314,21874,0x07
2026-09-06T10:53:40.092,2597,0,2,53,2387,1585,26371,2103,1453,24266,0x07
2026-09-06T10:53:40.157,2598,0,2,50,2387,1760,25627,2103,1660,23385,0x07
2026-09-06T10:53:40.238,2599,0,2,50,0,0,23774,0,0,22182,0x07
2026-09-06T10:53:40.303,2600,0,2,51,2482,1667,27240,2177,1392,25519,0x07
2026-09-06T10:53:40.368,2603,0,2,54,2117,2037,20989,1692,1759,17440,0x07
2026-09-06T10:53:40.498,2604,0,2,50,2117,1880,21656,1692,1720,17607,0x07
2026-09-06T10:53:40.563,2605,0,2,50,2004,1920,20050,1568,1520,16799,0x07
2026-09-06T10:53:40.693,2606,0,2,50,1820,1740,18462,0,0,8140,0x07
2026-09-06T10:53:40.774,2607,0,2,51,2310,1804,24452,0,0,4266,0x07
2026-09-06T10:53:40.839,2609,0,2,50,1438,1620,14079,259,640,2971,0x07
2026-09-06T10:53:40.904,2610,0,2,51,1438,1588,14214,259,490,3607,0x07
2026-09-06T10:53:40.969,2612,0,2,51,1432,1255,15557,265,353,4267,0x07
2026-09-06T10:53:41.034,2613,0,2,50,1349,1220,14645,351,360,5391,0x07
2026-09-06T10:53:41.099,2614,0,2,51,1266,1216,13606,436,392,6405,0x07
2026-09-06T10:53:41.164,2615,0,2,51,1190,1059,13293,516,451,7222,0x07
2026-09-06T10:53:41.229,2616,0,2,50,1036,940,11839,675,460,9317,0x07
2026-09-06T10:53:41.310,2617,0,2,50,1036,900,12009,675,160,10592,0x07
2026-09-06T10:53:41.375,2618,0,2,51,1554,863,18791,1321,137,19354,0x07
2026-09-06T10:53:41.440,2619,0,2,51,2250,824,27859,2142,608,28378,0x07
2026-09-06T10:53:41.505,2620,0,2,52,2812,962,34457,2870,635,38034,0x07
2026-09-06T10:53:41.569,2621,0,2,52,3169,1212,37957,3382,1058,40000,0x07
2026-09-06T10:53:41.634,2622,0,2,51,3235,1667,36872,3500,1490,40000,0x07
2026-09-06T10:53:41.699,2623,0,2,51,3235,1765,36455,3500,1745,40000,0x07
2026-09-06T10:53:41.764,2624,0,2,51,3025,1922,33100,3467,2039,40000,0x07
2026-09-06T10:53:41.829,2625,0,2,50,2759,2200,28517,3244,2240,36238,0x07
2026-09-06T10:53:41.910,2626,0,2,55,1607,2345,13158,2344,2382,23555,0x07
2026-09-06T10:53:41.975,2627,0,2,51,1607,1843,15293,2344,2255,24094,0x07
2026-09-06T10:53:42.041,2628,0,2,50,1298,1680,12042,1950,2340,18442,0x07
2026-09-06T10:53:42.105,2629,0,2,51,940,1608,7766,1622,1765,16482,0x07
2026-09-06T10:53:42.171,2630,0,2,50,526,1480,3019,1256,1700,11853,0x07
2026-09-06T10:53:42.301,2631,0,2,51,450,1137,3505,1283,1333,13763,0x07
2026-09-06T10:53:42.366,2632,0,2,51,416,647,5148,1318,1157,14993,0x07
2026-09-06T10:53:42.447,2633,0,2,51,416,451,5981,1318,980,15743,0x07
2026-09-06T10:53:42.512,2634,0,2,52,391,385,5948,1344,942,16252,0x07
2026-09-06T10:53:42.578,2636,0,2,51,414,431,6044,1320,824,16433,0x07
2026-09-06T10:53:42.643,2637,0,2,51,488,255,7734,1244,686,15997,0x07
2026-09-06T10:53:42.708,2638,0,2,50,615,100,10024,1112,680,14244,0x07
2026-09-06T10:53:42.773,2639,0,2,50,615,180,9684,1112,640,14414,0x07
2026-09-06T10:53:42.838,2640,0,2,50,1278,200,18069,1683,480,22760,0x07
2026-09-06T10:53:42.903,2641,0,2,50,1916,260,25978,2247,700,29397,0x07
2026-09-06T10:53:42.968,2642,0,2,52,2472,731,31088,2726,865,35124,0x07
2026-09-06T10:53:43.049,2643,0,2,50,2839,1040,34461,3054,1240,37936,0x07
2026-09-06T10:53:43.114,2644,0,2,51,3045,1255,36185,3247,1471,39546,0x07
2026-09-06T10:53:43.179,2645,0,2,51,3166,1824,35326,3357,1745,39853,0x07
2026-09-06T10:53:43.244,2646,0,2,50,3329,2060,36401,3427,1880,40000,0x07
2026-09-06T10:53:43.309,2647,0,2,51,3374,2137,36645,3462,2059,39930,0x07
2026-09-06T10:53:43.375,2648,0,2,50,3374,2460,35274,3479,2560,38020,0x07
2026-09-06T10:53:43.440,2649,0,2,50,3369,2520,34954,3500,2520,38477,0x07
2026-09-06T10:53:43.505,2650,0,2,50,3353,2740,33854,3500,2680,37797,0x07
2026-09-06T10:53:43.586,2651,0,2,56,2149,2857,17971,2408,2929,22086,0x07
2026-09-06T10:53:43.651,2652,0,2,50,0,0,3402,2408,2640,23312,0x07
2026-09-06T10:53:43.716,2653,0,2,50,0,0,5473,1849,2500,16401,0x07
2026-09-06T10:53:43.781,2654,0,2,51,337,1471,654,1401,1569,14346,0x07
2026-09-06T10:53:43.845,2655,0,2,51,301,1235,1194,1438,1333,15844,0x07
2026-09-06T10:53:43.911,2656,0,2,50,294,920,2448,0,0,21166,0x07
2026-09-06T10:53:43.976,2657,0,2,52,-2304,-192,31303,3500,38,40000,0x07
2026-09-06T10:53:44.040,2658,0,2,50,0,0,4841,3500,2360,39157,0x07
2026-09-06T10:53:44.122,2659,0,2,51,263,373,4376,1477,1784,14455,0x07
2026-09-06T10:53:44.186,2660,0,2,51,339,451,5017,1398,686,18064,0x07
2026-09-06T10:53:44.251,2661,0,2,50,359,360,5663,1377,640,17978,0x07
2026-09-06T10:53:44.316,2662,0,2,51,374,78,7045,1362,608,17914,0x07
2026-09-06T10:53:44.381,2663,0,2,51,423,20,7931,1311,667,16972,0x07
2026-09-06T10:53:44.446,2664,0,2,50,0,0,0,0,0,0,0x03
2026-09-06T10:53:44.511,2665,0,2,51,0,0,0,0,0,0,0x03
2026-09-06T10:53:44.576,2666,0,2,50,0,0,0,0,0,0,0x03
2026-09-06T10:53:44.657,2667,0,2,54,571,0,9901,1158,0,17758,0x07
2026-09-06T10:53:44.722,2668,0,2,50,571,240,8881,1158,900,13933,0x07
2026-09-06T10:53:44.788,2669,0,2,52,625,154,9944,1102,596,14469,0x07
2026-09-06T10:53:44.853,2670,0,2,52,652,212,10044,1175,0,17984,0x07
2026-09-06T10:53:44.983,2671,0,2,50,840,240,12341,1399,240,19965,0x07
2026-09-06T10:53:45.049,2672,0,2,50,1084,200,15638,1611,260,22736,0x07
2026-09-06T10:53:45.114,2673,0,2,50,931,400,12820,1554,620,20441,0x07
2026-09-06T10:53:45.179,2674,0,2,50,863,480,11607,1484,680,19241,0x07
2026-09-06T10:53:45.260,2676,0,2,54,744,519,9920,1386,722,17752,0x07
2026-09-06T10:53:45.325,2677,0,2,54,527,481,7297,1203,759,15137,0x07
2026-09-06T10:53:45.390,2678,0,2,52,527,423,7545,1203,712,15340,0x07
2026-09-06T10:53:45.455,2679,0,2,50,520,400,7552,1211,760,15232,0x07
2026-09-06T10:53:45.519,2680,0,2,50,541,320,8161,1189,680,15282,0x07
2026-09-06T10:53:45.584,2681,0,2,51,535,275,8284,1195,647,15496,0x07
2026-09-06T10:53:45.649,2682,0,2,51,626,314,9272,1198,686,15377,0x07
2026-09-06T10:53:45.714,2683,0,2,52,1076,385,14750,1599,750,20484,0x07
2026-09-06T10:53:45.795,2684,0,2,51,1076,353,14884,1599,824,20172,0x07
2026-09-06T10:53:45.860,2685,0,2,50,1363,520,17856,1849,800,23630,0x07
2026-09-06T10:53:45.925,2686,0,2,51,1698,667,21523,2133,902,27001,0x07
2026-09-06T10:53:45.990,2687,0,2,51,1960,804,24291,2373,941,30062,0x07
2026-09-06T10:53:46.119,2688,0,2,51,2260,961,27479,2620,1098,32716,0x07
2026-09-06T10:53:46.249,2689,0,2,50,2470,1320,28638,2814,1320,34370,0x07
2026-09-06T10:53:46.330,2690,0,2,50,2522,1500,28543,2899,1780,33561,0x07
2026-09-06T10:53:46.395,2691,0,2,51,2388,1863,25280,2777,2000,30986,0x07
2026-09-06T10:53:46.460,2693,0,2,50,1680,1900,16043,0,0,12493,0x07
2026-09-06T10:53:46.525,2695,0,2,54,1339,2037,11096,758,0,12394,0x07
2026-09-06T10:53:46.590,2696,0,2,50,1339,1420,13718,0,0,5101,0x07
2026-09-06T10:53:46.655,2697,0,2,50,1990,1420,22067,0,0,4586,0x07
2026-09-06T10:53:46.719,2698,0,2,50,1438,1980,12602,259,200,4835,0x07
2026-09-06T10:53:46.784,2699,0,2,50,1434,1320,15355,263,360,4213,0x07
2026-09-06T10:53:46.866,2700,0,2,51,1557,1255,17220,134,392,2352,0x07
2026-09-06T10:53:46.931,2701,0,2,50,1369,1320,14529,330,180,5875,0x07
2026-09-06T10:53:46.996,2702,0,2,51,1284,1098,14386,418,431,5985,0x07
2026-09-06T10:53:47.061,2703,0,2,51,1225,1078,13713,479,451,6724,0x07
2026-09-06T10:53:47.126,2704,0,2,50,1165,1020,13191,541,400,7778,0x07
2026-09-06T10:53:47.191,2705,0,2,50,0,0,0,0,0,0,0x03
2026-09-06T10:53:47.255,2706,0,2,51,0,0,15899,0,0,15673,0x07
2026-09-06T10:53:47.320,2707,0,2,51,0,0,0,0,0,0,0x03
2026-09-06T10:53:47.401,2708,0,2,53,2730,0,37578,2995,19,40000,0x07
2026-09-06T10:53:47.466,2709,0,2,50,2730,1400,31628,2995,1000,38154,0x07
2026-09-06T10:53:47.530,2710,0,2,51,3264,1137,39591,3500,1020,40000,0x07
2026-09-06T10:53:47.595,2711,0,2,50,3264,1360,38645,3500,1280,40000,0x07
2026-09-06T10:53:47.660,2712,0,2,51,3148,1588,36192,3500,1588,40000,0x07
2026-09-06T10:53:47.725,2713,0,2,50,2987,1960,32552,3402,1960,39538,0x07
2026-09-06T10:53:47.790,2714,0,2,51,2183,2137,21484,2716,2078,29832,0x07
2026-09-06T10:53:47.871,2715,0,2,51,2183,2196,21234,2716,2196,29332,0x07
2026-09-06T10:53:47.935,2716,0,2,51,1197,2059,9178,1827,2098,17813,0x07
2026-09-06T10:53:48.065,2717,0,2,50,266,800,2591,1475,1640,15035,0x07
2026-09-06T10:53:48.130,2718,0,2,51,428,1255,2738,1306,1314,14161,0x07
2026-09-06T10:53:48.195,2719,0,2,54,398,722,4626,1337,1111,15432,0x07
2026-09-06T10:53:48.276,2720,0,2,51,398,569,5279,1337,980,15987,0x07
2026-09-06T10:53:48.325,2722,0,2,51,391,431,5770,1344,863,16586,0x07
2026-09-06T10:53:48.406,2723,0,2,54,265,296,4727,1475,852,18388,0x07
2026-09-06T10:53:48.471,2724,0,2,51,219,294,4145,1523,961,18574,0x07
2026-09-06T10:53:48.536,2725,0,2,50,219,240,4375,1523,680,19768,0x07
2026-09-06T10:53:48.601,2726,0,2,51,256,196,5033,1485,843,18557,0x07
2026-09-06T10:53:48.666,2727,0,2,50,0,0,0,0,0,0,0x03
2026-09-06T10:53:48.732,2728,0,2,50,0,0,0,0,0,0,0x03
2026-09-06T10:53:48.797,2729,0,2,50,0,0,0,0,0,0,0x03
2026-09-06T10:53:48.861,2730,0,2,52,0,0,0,0,0,0,0x03
2026-09-06T10:53:48.943,2731,0,2,51,0,0,7601,0,0,12698,0x07
2026-09-06T10:53:49.008,2732,0,2,51,585,137,9504,1143,20,17473,0x07
2026-09-06T10:53:49.073,2733,0,2,50,590,100,9723,1138,0,17489,0x07
2026-09-06T10:53:49.138,2734,0,2,52,552,19,9581,1177,0,18017,0x07
2026-09-06T10:53:49.203,2735,0,2,50,550,0,9633,1180,0,18049,0x07
2026-09-06T10:53:49.268,2736,0,2,51,503,0,9039,1228,0,18693,0x07
2026-09-06T10:53:49.333,2737,0,2,52,503,0,9039,1228,0,18693,0x07
2026-09-06T10:53:49.397,2738,0,2,50,496,0,8940,1236,0,18801,0x07
2026-09-06T10:53:49.478,2739,0,2,50,513,0,9156,1218,0,18566,0x07
2026-09-06T10:53:49.544,2740,0,2,57,530,0,9377,1200,0,18327,0x07
2026-09-06T10:53:49.609,2741,0,2,50,530,0,9377,1200,0,18327,0x07
2026-09-06T10:53:49.673,2742,0,2,50,501,0,9009,1230,0,18726,0x07
2026-09-06T10:53:49.738,2743,0,2,51,514,0,9169,1217,0,18552,0x07
2026-09-06T10:53:49.803,2744,0,2,52,528,0,9360,1202,0,18345,0x07
2026-09-06T10:53:49.868,2745,0,2,50,513,0,9162,1218,0,18560,0x07
2026-09-06T10:53:49.933,2746,0,2,52,502,0,9023,1229,0,18712,0x07
2026-09-06T10:53:50.014,2747,0,2,50,502,0,9023,1229,0,18712,0x07
2026-09-06T10:53:50.079,2748,0,2,51,510,0,9122,1221,0,18603,0x07
2026-09-06T10:53:50.144,2749,0,2,50,502,0,9027,1229,0,18707,0x07
2026-09-06T10:53:50.209,2750,0,2,52,496,0,8940,1236,0,18801,0x07
2026-09-06T10:53:50.274,2751,0,2,50,0,0,17044,1254,0,19050,0x07
2026-09-06T10:53:50.339,2752,0,2,51,-1687,-1235,18964,1750,490,23618,0x07
2026-09-06T10:53:50.404,2753,0,2,51,-1687,-275,23047,1750,1510,19285,0x07
2026-09-06T10:53:50.469,2754,0,2,51,-1687,-255,23130,1750,294,24452,0x07
2026-09-06T10:53:50.550,2755,0,2,51,-1687,-608,21630,1750,294,24452,0x07
2026-09-06T10:53:50.614,2756,0,2,50,-1687,-960,20134,1750,640,22982,0x07
2026-09-06T10:53:50.679,2757,0,2,50,0,0,0,0,0,0,0x03
2026-09-06T10:53:50.744,2758,0,2,55,2583,0,35701,2379,0,34142,0x07
2026-09-06T10:53:50.809,2759,0,2,51,2583,667,32868,2379,1627,27225,0x07
2026-09-06T10:53:50.874,2760,0,2,51,3374,353,40000,3239,1275,40000,0x07
2026-09-06T10:53:50.938,2761,0,2,51,3374,667,40000,2975,1137,37313,0x07
2026-09-06T10:53:51.019,2762,0,2,54,1470,1352,15682,624,926,6656,0x07
2026-09-06T10:53:51.084,2763,0,2,50,1470,1400,15477,624,660,7786,0x07
2026-09-06T10:53:51.149,2764,0,2,51,1256,1235,13444,447,686,5292,0x07
2026-09-06T10:53:51.214,2765,0,2,50,1265,1240,13527,438,320,6735,0x07
2026-09-06T10:53:51.279,2766,0,2,50,1255,1120,13922,448,340,6779,0x07
2026-09-06T10:53:51.345,2767,0,2,51,1194,1039,13474,512,137,8498,0x07
2026-09-06T10:53:51.410,2768,0,2,53,1057,925,12205,654,434,9144,0x07
2026-09-06T10:53:51.475,2769,0,2,50,1057,980,11969,654,20,10904,0x07
2026-09-06T10:53:51.556,2770,0,2,50,1500,1000,17563,1134,0,17434,0x07
2026-09-06T10:53:51.621,2771,0,2,51,1877,1039,22227,1568,569,20847,0x07
2026-09-06T10:53:51.686,2772,0,2,52,2149,962,26047,1870,404,25600,0x07
2026-09-06T10:53:51.751,2773,0,2,51,2555,1078,30759,2459,725,32129,0x07
2026-09-06T10:53:51.816,2774,0,2,53,3195,1491,37213,3397,1358,40000,0x07
2026-09-06T10:53:51.882,2775,0,2,51,3195,1745,36131,3397,1667,40000,0x07
2026-09-06T10:53:51.946,2776,0,2,51,3296,1902,36761,3500,1647,40000,0x07
2026-09-06T10:53:52.141,2777,0,2,51,3312,2137,35965,3500,1882,40000,0x07
2026-09-06T10:53:52.287,2778,0,2,51,3022,2373,31249,3421,2255,38541,0x07
2026-09-06T10:53:52.353,2779,0,2,51,0,0,27137,0,0,32293,0x07
2026-09-06T10:53:52.418,2780,0,2,51,2865,2275,29646,3280,2392,36066,0x07
2026-09-06T10:53:52.483,2783,0,2,51,1672,2353,14023,1231,2314,8897,0x07
2026-09-06T10:53:52.548,2785,0,2,51,1672,1882,16023,1231,1608,11897,0x07
2026-09-06T10:53:52.613,2786,0,2,51,1797,1784,18044,1381,1098,16079,0x07
2026-09-06T10:53:52.678,2787,0,2,51,1924,1980,18833,1552,1412,17037,0x07
2026-09-06T10:53:52.759,2788,0,2,57,1555,2088,13645,1026,1702,8746,0x07
2026-09-06T10:53:52.824,2789,0,2,50,1555,1660,15463,1026,1240,10708,0x07
2026-09-06T10:53:53.019,2790,0,2,52,1305,1577,12619,809,1288,7595,0x07
2026-09-06T10:53:53.084,2791,0,2,52,0,0,12515,607,904,6514,0x07
2026-09-06T10:53:53.149,2792,0,2,50,345,20,6926,1392,20,20815,0x07
2026-09-06T10:53:53.213,2793,0,2,50,345,440,5141,1392,680,18010,0x07
2026-09-06T10:53:53.295,2796,0,2,51,347,431,5204,1390,490,18785,0x07
2026-09-06T10:53:53.360,2797,0,2,51,391,59,7346,1345,510,18095,0x07
2026-09-06T10:53:53.490,2798,0,2,50,507,40,8913,1224,560,16265,0x07
2026-09-06T10:53:53.555,2799,0,2,51,610,0,10411,1117,510,15038,0x07
2026-09-06T10:53:53.620,2800,0,2,51,1010,255,14448,1305,392,18060,0x07
2026-09-06T10:53:53.685,2801,0,2,51,2008,353,26831,2238,431,30420,0x07
2026-09-06T10:53:53.749,2803,0,2,50,2735,500,35527,2883,680,38016,0x07
2026-09-06T10:53:53.831,2804,0,2,51,3374,1725,38505,3434,1196,40000,0x07
2026-09-06T10:53:53.896,2805,0,2,50,3374,1320,40000,3441,1580,40000,0x07
2026-09-06T10:53:53.961,2806,0,2,54,3374,1981,37417,3346,1722,39801,0x07
2026-09-06T10:53:54.026,2807,0,2,51,3374,2157,36672,3346,2020,38537,0x07
2026-09-06T10:53:54.091,2808,0,2,51,3328,2314,35418,3236,2039,36978,0x07
2026-09-06T10:53:54.156,2809,0,2,50,3260,2460,33926,3158,2220,35163,0x07
2026-09-06T10:53:54.221,2810,0,2,58,3210,2741,32087,3167,2414,34461,0x07
2026-09-06T10:53:54.286,2811,0,2,51,3210,2647,32488,3167,2510,34053,0x07
2026-09-06T10:53:54.367,2812,0,2,50,3202,2720,32078,3115,2460,33560,0x07
2026-09-06T10:53:54.432,2813,0,2,50,3172,2700,31769,3064,2680,31940,0x07
2026-09-06T10:53:54.562,2814,0,2,50,3122,2760,30883,2980,2680,30812,0x07
2026-09-06T10:53:54.627,2815,0,2,50,3010,2900,28843,2783,2580,28603,0x07
2026-09-06T10:53:54.692,2816,0,2,51,2761,2039,29309,2401,2255,24858,0x07
2026-09-06T10:53:54.757,2817,0,2,50,2562,680,32542,2218,1540,25431,0x07
2026-09-06T10:53:54.821,2819,0,2,52,2205,635,28151,1700,519,22827,0x07
2026-09-06T10:53:54.903,2820,0,2,56,1231,411,16620,473,196,7731,0x07
2026-09-06T10:53:54.968,2821,0,2,50,1231,500,16240,473,0,8566,0x07
2026-09-06T10:53:55.033,2822,0,2,50,1380,520,18067,319,0,6494,0x07
2026-09-06T10:53:55.098,2823,0,2,50,1501,20,21740,193,20,4723,0x07
2026-09-06T10:53:55.163,2824,0,2,50,1511,0,21960,182,0,4662,0x07
2026-09-06T10:53:55.228,2825,0,2,50,1412,0,20693,285,0,6039,0x07
2026-09-06T10:53:55.293,2826,0,2,55,1071,0,16320,639,0,10788,0x07
2026-09-06T10:53:55.358,2827,0,2,50,1071,0,16320,639,20,10703,0x07
2026-09-06T10:53:55.439,2828,0,2,50,0,0,0,0,0,0,0x03
2026-09-06T10:53:55.488,2829,0,2,52,0,0,0,0,0,0,0x03
2026-09-06T10:53:55.570,2830,0,2,51,0,0,0,0,0,0,0x03
2026-09-06T10:53:55.635,2831,0,2,51,0,0,0,0,0,0,0x03
2026-09-06T10:53:55.700,2832,0,2,50,0,0,0,0,0,0,0x03
2026-09-06T10:53:55.764,2833,0,2,52,0,0,0,0,0,0,0x03
2026-09-06T10:53:55.829,2834,0,2,51,0,0,0,0,0,0,0x03
2026-09-06T10:53:55.894,2835,0,2,50,0,0,0,0,0,0,0x03
2026-09-06T10:53:55.975,2836,0,2,53,0,0,0,0,0,0,0x03
2026-09-06T10:53:56.040,2837,0,2,52,0,0,0,0,0,0,0x03
2026-09-06T10:53:56.105,2838,0,2,51,0,0,0,0,0,0,0x03
2026-09-06T10:53:56.170,2839,0,2,51,0,0,0,0,0,0,0x03
2026-09-06T10:53:56.235,2840,0,2,51,0,0,0,0,0,0,0x03
2026-09-06T10:53:56.300,2841,0,2,50,0,0,0,0,0,0,0x03
2026-09-06T10:53:56.365,2842,0,2,51,0,0,0,0,0,0,0x03
2026-09-06T10:53:56.430,2843,0,2,51,0,0,0,0,0,0,0x03
2026-09-06T10:53:56.511,2844,0,2,50,0,0,0,0,0,0,0x03
2026-09-06T10:53:56.576,2845,0,2,51,0,0,0,0,0,0,0x03
2026-09-06T10:53:56.641,2846,0,2,50,0,0,0,0,0,0,0x03
2026-09-06T10:53:56.706,2847,0,2,52,0,0,0,0,0,0,0x03
2026-09-06T10:53:56.771,2848,0,2,52,0,0,0,0,0,0,0x03
2026-09-06T10:53:56.836,2849,0,2,51,0,0,0,0,0,0,0x03
2026-09-06T10:53:56.901,2850,0,2,51,0,0,0,0,0,0,0x03
2026-09-06T10:53:56.966,2851,0,2,51,0,0,0,0,0,0,0x03
2026-09-06T10:53:57.031,2852,0,2,52,0,0,0,0,0,0,0x03
2026-09-06T10:53:57.112,2853,0,2,50,0,0,0,0,0,0,0x03
2026-09-06T10:53:57.176,2854,0,2,51,0,0,0,0,0,0,0x03
2026-09-06T10:53:57.241,2855,0,2,50,0,0,0,0,0,0,0x03
2026-09-06T10:53:57.306,2856,0,2,51,0,0,0,0,0,0,0x03
2026-09-06T10:53:57.371,2857,0,2,51,0,0,0,0,0,0,0x03
2026-09-06T10:53:57.436,2858,0,2,55,0,0,0,0,0,0,0x03
2026-09-06T10:53:57.500,2859,0,2,50,0,0,0,0,0,0,0x03
2026-09-06T10:53:57.565,2860,0,2,50,0,0,0,0,0,0,0x03
2026-09-06T10:53:57.646,2861,0,2,51,0,0,0,0,0,0,0x03
2026-09-06T10:53:57.710,2862,0,2,50,0,0,0,0,0,0,0x03
2026-09-06T10:53:57.775,2863,0,2,50,0,0,0,0,0,0,0x03
2026-09-06T10:53:57.840,2864,0,2,53,0,0,0,0,0,0,0x03
2026-09-06T10:53:57.905,2865,0,2,50,0,0,0,0,0,0,0x03
2026-09-06T10:53:57.970,2866,0,2,50,0,0,0,0,0,0,0x03
2026-09-06T10:53:58.051,2867,0,2,51,0,0,0,0,0,0,0x03
2026-09-06T10:53:58.116,2868,0,2,50,0,0,0,0,0,0,0x03
2026-09-06T10:53:58.180,2869,0,2,51,0,0,0,0,0,0,0x03
2026-09-06T10:53:58.245,2870,0,2,55,0,0,0,0,0,0,0x03
2026-09-06T10:53:58.310,2871,0,2,52,0,0,0,0,0,0,0x03
2026-09-06T10:53:58.375,2872,0,2,50,0,0,0,0,0,0,0x03
2026-09-06T10:53:58.441,2873,0,2,51,0,0,0,0,0,0,0x03
2026-09-06T10:53:58.505,2874,0,2,50,0,0,0,0,0,0,0x03
2026-09-06T10:53:58.570,2875,0,2,50,0,0,0,0,0,0,0x03
2026-09-06T10:53:58.651,2876,0,2,52,0,0,0,0,0,0,0x03
2026-09-06T10:53:58.716,2877,0,2,51,0,0,0,0,0,0,0x03
2026-09-06T10:53:58.781,2878,0,2,50,0,0,0,0,0,0,0x03
2026-09-06T10:53:58.846,2879,0,2,52,0,0,0,0,0,0,0x03
2026-09-06T10:53:58.911,2880,0,2,52,0,0,0,0,0,0,0x03
2026-09-06T10:53:58.976,2881,0,2,50,0,0,0,0,0,0,0x03
2026-09-06T10:53:59.041,2882,0,2,51,0,0,0,0,0,0,0x03
2026-09-06T10:53:59.106,2883,0,2,51,0,0,0,0,0,0,0x03
2026-09-06T10:53:59.187,2884,0,2,53,0,0,0,0,0,0,0x03
2026-09-06T10:53:59.252,2885,0,2,50,0,0,0,0,0,0,0x03
2026-09-06T10:53:59.381,2886,0,2,52,0,0,0,0,0,0,0x03
2026-09-06T10:53:59.446,2887,0,2,50,0,0,0,0,0,0,0x03
2026-09-06T10:53:59.511,2888,0,2,50,0,0,0,0,0,0,0x03
2026-09-06T10:53:59.591,2889,0,2,50,0,0,0,0,0,0,0x03
2026-09-06T10:53:59.721,2891,0,2,50,0,0,0,0,0,0,0x03
2026-09-06T10:53:59.851,2892,0,2,51,0,0,0,0,0,0,0x03
2026-09-06T10:53:59.916,2893,0,2,51,0,0,0,0,0,0,0x03
2026-09-06T10:53:59.981,2894,0,2,52,0,0,0,0,0,0,0x03
2026-09-06T10:54:00.046,2896,0,2,50,0,0,0,0,0,0,0x03
2026-09-06T10:54:00.111,2898,0,2,51,0,0,0,0,0,0,0x03
2026-09-06T10:54:00.192,2899,0,2,50,0,0,0,0,0,0,0x03
2026-09-06T10:54:00.256,2900,0,2,50,0,0,0,0,0,0,0x03
2026-09-06T10:54:00.321,2901,0,2,50,0,0,0,0,0,0,0x03
2026-09-06T10:54:00.386,2902,0,2,51,843,0,13395,44,0,2803,0x07
2026-09-06T10:54:00.451,2903,0,2,52,843,19,13314,44,0,2803,0x07
2026-09-06T10:54:00.516,2904,0,2,51,746,0,12154,198,0,4869,0x07
2026-09-06T10:54:00.581,2905,0,2,51,1268,0,18846,434,0,8044,0x07
2026-09-06T10:54:00.646,2906,0,2,56,1028,0,15765,114,0,3741,0x07
2026-09-06T10:54:00.728,2907,0,2,52,1028,0,15765,114,0,3741,0x07
2026-09-06T10:54:00.793,2908,0,2,52,1502,0,21847,191,0,4785,0x07
2026-09-06T10:54:00.857,2909,0,2,53,766,0,12408,193,0,4803,0x07
2026-09-06T10:54:00.922,2910,0,2,52,766,0,12408,193,0,4803,0x07
2026-09-06T10:54:00.987,2911,0,2,50,909,0,14243,95,0,3493,0x07
2026-09-06T10:54:01.052,2912,0,2,50,1440,0,21044,257,0,5657,0x07
2026-09-06T10:54:01.117,2913,0,2,51,865,0,13680,160,0,4366,0x07
2026-09-06T10:54:01.182,2914,0,2,50,1371,0,20160,328,0,6616,0x07
2026-09-06T10:54:01.263,2915,0,2,50,871,0,13750,175,0,4568,0x07
2026-09-06T10:54:01.328,2916,0,2,50,0,0,0,0,0,0,0x03
2026-09-06T10:54:01.393,2917,0,2,52,0,0,0,0,0,0,0x03
2026-09-06T10:54:01.458,2918,0,2,51,0,0,0,0,0,0,0x03
2026-09-06T10:54:01.522,2919,0,2,50,0,0,0,0,0,0,0x03
2026-09-06T10:54:01.587,2920,0,2,51,0,0,0,0,0,0,0x03
2026-09-06T10:54:01.668,2921,0,2,50,0,0,0,0,0,0,0x03
2026-09-06T10:54:01.717,2922,0,2,50,0,0,0,0,0,0,0x03
2026-09-06T10:54:01.798,2923,0,2,52,0,0,0,0,0,0,0x03
2026-09-06T10:54:01.862,2924,0,2,50,0,0,0,0,0,0,0x03
2026-09-06T10:54:01.928,2925,0,2,51,0,0,0,0,0,0,0x03
2026-09-06T10:54:01.993,2926,0,2,52,0,0,0,0,0,0,0x03
2026-09-06T10:54:02.057,2927,0,2,51,0,0,0,0,0,0,0x03
2026-09-06T10:54:02.122,2928,0,2,50,0,0,0,0,0,0,0x03
2026-09-06T10:54:02.188,2929,0,2,51,0,0,0,0,0,0,0x03
2026-09-06T10:54:02.252,2930,0,2,51,0,0,0,0,0,0,0x03
2026-09-06T10:54:02.334,2931,0,2,50,0,0,0,0,0,0,0x03
2026-09-06T10:54:02.399,2932,0,2,52,0,0,0,0,0,0,0x03
2026-09-06T10:54:02.464,2933,0,2,51,0,0,0,0,0,0,0x03
2026-09-06T10:54:02.530,2934,0,2,52,0,0,0,0,0,0,0x03
2026-09-06T10:54:02.594,2935,0,2,52,0,0,0,0,0,0,0x03
2026-09-06T10:54:02.659,2936,0,2,50,0,0,0,0,0,0,0x03
2026-09-06T10:54:02.789,2937,0,2,50,0,0,0,0,0,0,0x03
2026-09-06T10:54:02.870,2938,0,2,54,0,0,0,0,0,0,0x03
2026-09-06T10:54:02.935,2939,0,2,50,0,0,0,0,0,0,0x03
2026-09-06T10:54:03.000,2940,0,2,50,0,0,0,0,0,0,0x03
2026-09-06T10:54:03.065,2942,0,2,51,0,0,0,0,0,0,0x03
2026-09-06T10:54:03.129,2943,0,2,50,0,0,0,0,0,0,0x03
2026-09-06T10:54:03.194,2944,0,2,54,0,0,0,0,0,0,0x03
2026-09-06T10:54:03.259,2945,0,2,52,0,0,0,0,0,0,0x03
2026-09-06T10:54:03.325,2946,0,2,50,0,0,0,0,0,0,0x03
2026-09-06T10:54:03.406,2947,0,2,50,0,0,0,0,0,0,0x03
2026-09-06T10:54:03.471,2948,0,2,55,0,0,0,0,0,0,0x03
2026-09-06T10:54:03.665,2949,0,2,52,0,0,0,0,0,0,0x03
2026-09-06T10:54:03.730,2950,0,2,51,0,0,0,0,0,0,0x03
2026-09-06T10:54:03.795,2951,0,2,51,0,0,0,0,0,0,0x03
2026-09-06T10:54:03.941,2952,0,2,50,0,0,0,0,0,0,0x03
2026-09-06T10:54:04.070,2955,0,2,50,0,0,0,0,0,0,0x03
2026-09-06T10:54:04.135,2956,0,2,50,0,0,0,0,0,0,0x03
2026-09-06T10:54:04.200,2957,0,2,50,0,0,0,0,0,0,0x03
2026-09-06T10:54:04.265,2959,0,2,51,0,0,0,0,0,0,0x03
2026-09-06T10:54:04.329,2961,0,2,52,0,0,0,0,0,0,0x03
2026-09-06T10:54:04.540,2962,0,2,51,0,0,0,0,0,0,0x03
2026-09-06T10:54:04.605,2963,0,2,50,0,0,0,0,0,0,0x03
2026-09-06T10:54:04.734,2964,0,2,51,0,0,0,0,0,0,0x03
2026-09-06T10:54:04.945,2965,0,2,50,0,0,0,0,0,0,0x03
2026-09-06T10:54:05.010,2968,0,2,50,0,0,0,0,0,0,0x03
2026-09-06T10:54:05.139,2969,0,2,50,0,0,0,0,0,0,0x03
2026-09-06T10:54:05.334,2971,0,2,50,0,0,0,0,0,0,0x03
2026-09-06T10:54:05.415,2974,0,2,51,0,0,0,0,0,0,0x03
2026-09-06T10:54:05.480,2975,0,2,51,0,0,0,0,0,0,0x03
2026-09-06T10:54:05.804,2977,0,2,52,0,0,0,0,0,0,0x03
2026-09-06T10:54:05.950,2980,0,2,51,0,0,0,0,0,0,0x03
2026-09-06T10:54:06.015,2981,0,2,52,0,0,0,0,0,0,0x03
2026-09-06T10:54:06.080,2982,0,2,50,0,0,0,0,0,0,0x03
2026-09-06T10:54:06.145,2987,0,2,51,0,0,11787,0,0,6590,0x07
2026-09-06T10:54:06.210,2989,0,2,50,1074,1220,11165,477,0,8617,0x07
2026-09-06T10:54:06.404,2990,0,2,50,1496,940,17766,199,0,4883,0x07
2026-09-06T10:54:06.486,2991,0,2,52,1471,500,19319,224,0,5221,0x07
2026-09-06T10:54:06.551,2992,0,2,52,0,0,22159,0,0,34312,0x07
2026-09-06T10:54:06.616,2993,0,2,53,151,57,4284,1593,981,19426,0x07
2026-09-06T10:54:06.681,2996,0,2,50,151,380,2909,0,0,21079,0x07
2026-09-06T10:54:06.746,2997,0,2,50,0,0,18547,0,0,34312,0x07
2026-09-06T10:54:06.811,2998,0,2,57,174,53,4591,1570,2439,12917,0x07
2026-09-06T10:54:06.876,2999,0,2,50,174,420,3029,0,0,19974,0x07
2026-09-06T10:54:06.941,3000,0,2,51,0,0,18006,0,0,34312,0x07
2026-09-06T10:54:07.152,3001,0,2,50,0,0,31499,0,0,24690,0x07
2026-09-06T10:54:07.217,3002,0,2,50,0,0,22586,0,0,34312,0x07
2026-09-06T10:54:07.283,3003,0,2,51,164,0,4684,1580,1784,15839,0x07
2026-09-06T10:54:07.348,3004,0,2,50,164,100,4259,1580,560,21042,0x07
2026-09-06T10:54:07.412,3007,0,2,50,117,420,2298,1629,0,24077,0x07
2026-09-06T10:54:07.558,3008,0,2,50,1461,100,20890,234,0,5362,0x07
2026-09-06T10:54:07.623,3009,0,2,50,1527,0,22167,166,0,4437,0x07
2026-09-06T10:54:07.688,3010,0,2,52,1500,38,21653,194,19,4735,0x07
2026-09-06T10:54:07.818,3011,0,2,51,1500,0,21816,0,0,2578,0x07
2026-09-06T10:54:07.883,3013,0,2,51,1479,0,21545,0,0,4131,0x07
2026-09-06T10:54:07.948,3014,0,2,55,53,182,2493,591,0,10148,0x07
2026-09-06T10:54:08.012,3015,0,2,50,53,40,3096,0,0,6135,0x07
2026-09-06T10:54:08.093,3017,0,2,50,2099,20,29409,0,0,8381,0x07
2026-09-06T10:54:08.158,3018,0,2,51,129,392,2572,0,0,5704,0x07
2026-09-06T10:54:08.223,3019,0,2,52,2054,423,27116,0,0,4623,0x07
2026-09-06T10:54:08.288,3020,0,2,51,0,0,2936,262,0,5739,0x07
2026-09-06T10:54:08.353,3021,0,2,57,1631,0,23496,58,0,2995,0x07
2026-09-06T10:54:08.417,3022,0,2,51,1631,1196,18412,58,0,2995,0x07
2026-09-06T10:54:08.563,3023,0,2,50,1302,200,18424,400,0,7580,0x07
2026-09-06T10:54:08.628,3024,0,2,50,1231,0,18369,473,0,8562,0x07
2026-09-06T10:54:08.758,3025,0,2,51,1189,0,17829,517,0,9149,0x07
2026-09-06T10:54:08.822,3026,0,2,51,1145,0,17267,562,0,9759,0x07
2026-09-06T10:54:08.887,3028,0,2,51,1123,0,16977,586,0,10074,0x07
2026-09-06T10:54:08.952,3029,0,2,51,1135,0,17137,573,0,9900,0x07
2026-09-06T10:54:09.017,3031,0,2,51,1176,0,17665,530,0,9326,0x07
2026-09-06T10:54:09.098,3032,0,2,51,1185,0,17777,521,0,9204,0x07
2026-09-06T10:54:09.163,3033,0,2,50,1180,0,17713,526,0,9276,0x07
2026-09-06T10:54:09.228,3034,0,2,53,1193,0,17877,513,0,9096,0x07
2026-09-06T10:54:09.293,3035,0,2,52,1193,0,17877,513,0,9096,0x07
2026-09-06T10:54:09.358,3036,0,2,52,1174,0,17634,532,0,9359,0x07
2026-09-06T10:54:09.423,3037,0,2,51,1202,0,17997,503,0,8966,0x07
2026-09-06T10:54:09.488,3038,0,2,54,1202,0,17997,503,0,8966,0x07
2026-09-06T10:54:09.552,3039,0,2,51,1202,0,17997,503,0,8966,0x07
2026-09-06T10:54:09.698,3040,0,2,52,1189,0,17829,517,0,9149,0x07
2026-09-06T10:54:09.763,3041,0,2,54,1687,0,24214,-1750,0,25702,0x07
2026-09-06T10:54:09.828,3042,0,2,50,1687,20,24129,-1750,-1160,20772,0x07
2026-09-06T10:54:09.893,3043,0,2,50,1687,420,22429,-1750,-520,23492,0x07
2026-09-06T10:54:09.958,3045,0,2,51,1687,686,21297,-1750,-706,22702,0x07
2026-09-06T10:54:10.023,3046,0,2,50,1687,780,20899,-1750,-940,21706,0x07
2026-09-06T10:54:10.152,3047,0,2,51,0,0,0,0,0,0,0x03
2026-09-06T10:54:10.233,3048,0,2,51,0,0,0,0,0,0,0x03
2026-09-06T10:54:10.298,3049,0,2,51,0,0,0,0,0,0,0x03
2026-09-06T10:54:10.363,3050,0,2,50,0,0,0,0,0,0,0x03
2026-09-06T10:54:10.428,3052,0,2,51,0,0,19443,0,0,27514,0x07
2026-09-06T10:54:10.493,3053,0,2,50,1967,300,26528,2759,440,37368,0x07
2026-09-06T10:54:10.704,3054,0,2,50,996,240,14334,1843,540,24661,0x07
2026-09-06T10:54:10.769,3055,0,2,51,493,333,7489,1263,471,17167,0x07
2026-09-06T10:54:10.834,3056,0,2,50,0,0,6900,0,0,13475,0x07
2026-09-06T10:54:10.963,3057,0,2,51,503,59,8789,1228,78,18360,0x07
2026-09-06T10:54:11.174,3059,0,2,50,510,320,7762,1221,500,16478,0x07
2026-09-06T10:54:11.239,3060,0,2,51,1140,314,15869,1594,529,21352,0x07
2026-09-06T10:54:11.304,3061,0,2,50,0,0,23518,0,0,26955,0x07
2026-09-06T10:54:11.434,3063,0,2,50,2442,1680,26758,2698,1480,32131,0x07
2026-09-06T10:54:11.498,3064,0,2,50,0,0,0,0,0,0,0x03
2026-09-06T10:54:11.563,3065,0,2,51,0,0,0,0,0,0,0x03
2026-09-06T10:54:11.644,3066,0,2,50,0,0,0,0,0,0,0x03
2026-09-06T10:54:11.709,3067,0,2,50,0,0,31499,0,0,32688,0x07
2026-09-06T10:54:11.774,3068,0,2,50,3374,1840,38018,3323,2540,36015,0x07
2026-09-06T10:54:11.904,3069,0,2,50,3320,1400,39193,3500,1740,40000,0x07
2026-09-06T10:54:11.969,3070,0,2,50,3374,1020,40000,3495,1480,40000,0x07
2026-09-06T10:54:12.034,3071,0,2,51,3329,1765,37768,3500,1549,40000,0x07
2026-09-06T10:54:12.099,3072,0,2,50,3248,2080,35382,3500,1780,40000,0x07
2026-09-06T10:54:12.180,3074,0,2,54,3090,2185,32910,3465,1963,40000,0x07
2026-09-06T10:54:12.310,3075,0,2,51,2033,2137,19563,2910,2412,31022,0x07
2026-09-06T10:54:12.440,3076,0,2,51,2887,2196,30261,3043,2353,33052,0x07
2026-09-06T10:54:12.506,3077,0,2,51,2505,2078,25864,2995,2471,31904,0x07
2026-09-06T10:54:12.571,3078,0,2,53,2006,2189,18999,2541,2453,25897,0x07
2026-09-06T10:54:12.635,3080,0,2,58,1925,2155,18099,2395,2397,24177,0x07
2026-09-06T10:54:12.700,3082,0,2,50,1925,2120,18248,2395,2500,23737,0x07
2026-09-06T10:54:12.765,3083,0,2,51,2051,2078,20051,2508,2196,26546,0x07
2026-09-06T10:54:12.846,3084,0,2,51,2132,1882,21918,2570,2333,26795,0x07
2026-09-06T10:54:12.911,3085,0,2,57,2473,2070,25497,2843,2333,30449,0x07
2026-09-06T10:54:12.976,3086,0,2,50,2473,2000,25795,2843,2400,30165,0x07
2026-09-06T10:54:13.041,3087,0,2,51,2558,2020,26798,2924,2333,31543,0x07
2026-09-06T10:54:13.106,3088,0,2,51,2673,2118,27847,3010,2333,32699,0x07
2026-09-06T10:54:13.171,3089,0,2,51,2829,2275,29183,3120,2529,33331,0x07
2026-09-06T10:54:13.253,3090,0,2,50,2993,2280,31271,3236,2580,34679,0x07
2026-09-06T10:54:13.301,3091,0,2,54,3144,2481,32339,3367,2593,36380,0x07
2026-09-06T10:54:13.383,3092,0,2,51,3144,2471,32385,3367,2647,36148,0x07
2026-09-06T10:54:13.447,3093,0,2,51,3132,2765,30993,3393,2824,35753,0x07
2026-09-06T10:54:13.512,3094,0,2,50,3129,2860,30544,3396,2800,35892,0x07
2026-09-06T10:54:13.577,3095,0,2,50,2084,2640,18084,2474,2740,23770,0x07
2026-09-06T10:54:13.643,3096,0,2,51,759,2431,1985,1935,2725,16599,0x07
2026-09-06T10:54:13.708,3097,0,2,51,443,1353,2516,1290,1353,13783,0x07
2026-09-06T10:54:13.772,3098,0,2,51,443,1118,3516,0,0,16206,0x07
2026-09-06T10:54:13.837,3099,0,2,51,3081,549,39748,0,0,2279,0x07
2026-09-06T10:54:13.918,3100,0,2,50,0,0,0,0,0,0,0x03
2026-09-06T10:54:13.983,3101,0,2,56,0,0,0,0,0,0,0x03
2026-09-06T10:54:14.048,3102,0,2,50,0,0,0,0,0,0,0x03
2026-09-06T10:54:14.113,3103,0,2,51,0,0,0,0,0,0,0x03
2026-09-06T10:54:14.178,3104,0,2,50,0,0,0,0,0,0,0x03
2026-09-06T10:54:14.243,3105,0,2,51,0,0,0,0,0,0,0x03
2026-09-06T10:54:14.307,3106,0,2,50,0,0,0,0,0,0,0x03
2026-09-06T10:54:14.389,3107,0,2,51,0,0,0,0,0,0,0x03
2026-09-06T10:54:14.453,3108,0,2,51,0,0,0,0,0,0,0x03
2026-09-06T10:54:14.518,3109,0,2,50,0,0,0,0,0,0,0x03
2026-09-06T10:54:14.583,3110,0,2,50,0,0,0,0,0,0,0x03
2026-09-06T10:54:14.648,3111,0,2,51,0,0,0,0,0,0,0x03
2026-09-06T10:54:14.713,3112,0,2,50,0,0,0,0,0,0,0x03
2026-09-06T10:54:14.778,3113,0,2,51,0,0,0,0,0,0,0x03
2026-09-06T10:54:14.843,3114,0,2,51,0,0,0,0,0,0,0x03
2026-09-06T10:54:14.924,3115,0,2,51,0,0,0,0,0,0,0x03
2026-09-06T10:54:14.989,3116,0,2,51,0,0,0,0,0,0,0x03
2026-09-06T10:54:15.054,3117,0,2,51,0,0,0,0,0,0,0x03
2026-09-06T10:54:15.119,3118,0,2,50,0,0,0,0,0,0,0x03
2026-09-06T10:54:15.184,3119,0,2,50,0,0,0,0,0,0,0x03
2026-09-06T10:54:15.249,3120,0,2,51,0,0,0,0,0,0,0x03
2026-09-06T10:54:15.314,3121,0,2,50,0,0,0,0,0,0,0x03
2026-09-06T10:54:15.379,3122,0,2,51,0,0,0,0,0,0,0x03
2026-09-06T10:54:15.460,3123,0,2,52,0,0,0,0,0,0,0x03
2026-09-06T10:54:15.525,3124,0,2,50,0,0,0,0,0,0,0x03
2026-09-06T10:54:15.590,3125,0,2,51,0,0,0,0,0,0,0x03
2026-09-06T10:54:15.655,3126,0,2,51,0,0,0,0,0,0,0x03
2026-09-06T10:54:15.720,3127,0,2,51,0,0,0,0,0,0,0x03
2026-09-06T10:54:15.786,3128,0,2,52,0,0,0,0,0,0,0x03
2026-09-06T10:54:15.850,3129,0,2,51,0,0,0,0,0,0,0x03
2026-09-06T10:54:15.915,3130,0,2,50,0,0,0,0,0,0,0x03
2026-09-06T10:54:15.996,3131,0,2,52,0,0,0,0,0,0,0x03
2026-09-06T10:54:16.061,3132,0,2,50,0,0,0,0,0,0,0x03
2026-09-06T10:54:16.126,3133,0,2,50,0,0,0,0,0,0,0x03
2026-09-06T10:54:16.190,3134,0,2,50,0,0,0,0,0,0,0x03
2026-09-06T10:54:16.255,3135,0,2,50,0,0,0,0,0,0,0x03
2026-09-06T10:54:16.271,3136,0,2,50,0,0,0,0,0,0,0x03
