timestamp,sequence,team,robot_id,interval_ms,left_target_eps,left_measured_eps,left_duty,right_target_eps,right_measured_eps,right_duty,flags
2026-09-06T21:05:03.121,631,0,2,50,-1688,-1160,18698,-2141,-1480,23916,0x07
2026-09-06T21:05:03.121,632,0,1,51,0,0,0,0,0,0,0x03
2026-09-06T21:05:03.158,633,0,2,51,-1899,-1353,20527,-2334,-1608,25910,0x07
2026-09-06T21:05:03.158,634,0,1,50,0,0,0,0,0,0,0x03
2026-09-06T21:05:03.207,635,0,2,51,-2099,-1569,22110,-2510,-1725,27709,0x07
2026-09-06T21:05:03.207,636,0,1,50,0,0,0,0,0,0,0x03
2026-09-06T21:05:03.288,637,0,2,51,0,0,0,0,0,0,0x03
2026-09-06T21:05:03.288,0,0,1,50,0,0,0,0,0,0,0x03
2026-09-06T21:05:03.353,1,0,2,51,0,0,0,0,0,0,0x03
2026-09-06T21:05:03.353,2,0,1,55,0,0,0,0,0,0,0x03
2026-09-06T21:05:03.418,3,0,2,50,0,0,0,0,0,0,0x03
2026-09-06T21:05:03.418,4,0,1,52,0,0,0,0,0,0,0x03
2026-09-06T21:05:03.482,5,0,2,51,0,0,0,0,0,0,0x03
2026-09-06T21:05:03.482,6,0,1,51,0,0,0,0,0,0,0x03
2026-09-06T21:05:03.547,7,0,2,50,0,0,0,0,0,0,0x03
2026-09-06T21:05:03.547,8,0,1,52,0,0,0,0,0,0,0x03
2026-09-06T21:05:03.612,9,0,2,52,0,0,0,0,0,0,0x03
2026-09-06T21:05:03.612,10,0,1,51,0,0,0,0,0,0,0x03
2026-09-06T21:05:03.694,11,0,2,50,0,0,0,0,0,0,0x03
2026-09-06T21:05:03.694,12,0,1,52,0,0,0,0,0,0,0x03
2026-09-06T21:05:03.743,13,0,2,50,0,0,0,0,0,0,0x03
2026-09-06T21:05:03.743,14,0,1,50,0,0,0,0,0,0,0x03
2026-09-06T21:05:03.824,15,0,2,51,0,0,0,0,0,0,0x03
2026-09-06T21:05:03.824,16,0,1,50,0,0,0,0,0,0,0x03
2026-09-06T21:05:03.890,17,0,2,51,0,0,0,0,0,0,0x03
2026-09-06T21:05:03.890,18,0,1,51,0,0,0,0,0,0,0x03
2026-09-06T21:05:03.955,19,0,2,50,0,0,0,0,0,0,0x03
2026-09-06T21:05:03.955,20,0,1,50,0,0,0,0,0,0,0x03
2026-09-06T21:05:04.021,21,0,2,52,0,0,0,0,0,0,0x03
2026-09-06T21:05:04.021,22,0,1,51,0,0,0,0,0,0,0x03
2026-09-06T21:05:04.086,23,0,2,51,0,0,0,0,0,0,0x03
2026-09-06T21:05:04.086,24,0,1,51,0,0,0,0,0,0,0x03
2026-09-06T21:05:04.151,25,0,2,51,0,0,0,0,0,0,0x03
2026-09-06T21:05:04.151,26,0,1,52,0,0,0,0,0,0,0x03
2026-09-06T21:05:04.215,27,0,2,50,0,0,0,0,0,0,0x03
2026-09-06T21:05:04.215,28,0,1,52,0,0,0,0,0,0,0x03
2026-09-06T21:05:04.280,29,0,2,50,0,0,0,0,0,0,0x03
2026-09-06T21:05:04.280,30,0,1,50,0,0,0,0,0,0,0x03
2026-09-06T21:05:04.362,31,0,2,51,0,0,0,0,0,0,0x03
2026-09-06T21:05:04.362,32,0,1,50,0,0,0,0,0,0,0x03
2026-09-06T21:05:04.427,33,0,2,51,0,0,0,0,0,0,0x03
2026-09-06T21:05:04.427,34,0,1,51,0,0,0,0,0,0,0x03
2026-09-06T21:05:04.492,35,0,2,52,0,0,0,0,0,0,0x03
2026-09-06T21:05:04.492,36,0,1,50,0,0,0,0,0,0,0x03
2026-09-06T21:05:04.557,37,0,2,52,0,0,0,0,0,0,0x03
2026-09-06T21:05:04.557,38,0,1,53,0,0,0,0,0,0,0x03
2026-09-06T21:05:04.622,39,0,2,51,0,0,0,0,0,0,0x03
2026-09-06T21:05:04.622,40,0,1,50,0,0,0,0,0,0,0x03
2026-09-06T21:05:04.688,41,0,2,50,0,0,0,0,0,0,0x03
2026-09-06T21:05:04.688,42,0,1,52,0,0,0,0,0,0,0x03
2026-09-06T21:05:04.753,43,0,2,51,0,0,0,0,0,0,0x03
2026-09-06T21:05:04.753,44,0,1,51,0,0,0,0,0,0,0x03
2026-09-06T21:05:04.818,45,0,2,50,0,0,0,0,0,0,0x03
2026-09-06T21:05:04.818,46,0,1,51,0,0,0,0,0,0,0x03
2026-09-06T21:05:04.883,47,0,2,50,0,0,0,0,0,0,0x03
2026-09-06T21:05:04.883,48,0,1,52,0,0,0,0,0,0,0x03
2026-09-06T21:05:04.964,49,0,2,51,0,0,0,0,0,0,0x03
2026-09-06T21:05:04.964,50,0,1,50,0,0,0,0,0,0,0x03
2026-09-06T21:05:05.029,51,0,2,51,0,0,0,0,0,0,0x03
2026-09-06T21:05:05.029,52,0,1,50,0,0,0,0,0,0,0x03
2026-09-06T21:05:05.095,53,0,2,50,0,0,0,0,0,0,0x03
2026-09-06T21:05:05.095,54,0,1,51,0,0,0,0,0,0,0x03
2026-09-06T21:05:05.159,55,0,2,52,0,0,0,0,0,0,0x03
2026-09-06T21:05:05.159,56,0,1,50,0,0,0,0,0,0,0x03
2026-09-06T21:05:05.224,57,0,2,51,0,0,0,0,0,0,0x03
2026-09-06T21:05:05.224,58,0,1,52,0,0,0,0,0,0,0x03
2026-09-06T21:05:05.289,59,0,2,50,0,0,0,0,0,0,0x03
2026-09-06T21:05:05.289,60,0,1,51,0,0,0,0,0,0,0x03
2026-09-06T21:05:05.354,61,0,2,50,0,0,0,0,0,0,0x03
2026-09-06T21:05:05.354,62,0,1,51,0,0,0,0,0,0,0x03
2026-09-06T21:05:05.419,63,0,2,53,0,0,0,0,0,0,0x03
2026-09-06T21:05:05.419,64,0,1,52,0,0,0,0,0,0,0x03
2026-09-06T21:05:05.485,65,0,2,51,0,0,0,0,0,0,0x03
2026-09-06T21:05:05.485,66,0,1,50,0,0,0,0,0,0,0x03
2026-09-06T21:05:05.566,67,0,2,50,0,0,0,0,0,0,0x03
2026-09-06T21:05:05.566,68,0,1,50,0,0,0,0,0,0,0x03
2026-09-06T21:05:05.631,69,0,2,50,0,0,0,0,0,0,0x03
2026-09-06T21:05:05.631,70,0,1,51,0,0,0,0,0,0,0x03
2026-09-06T21:05:05.695,71,0,2,50,0,0,0,0,0,0,0x03
2026-09-06T21:05:05.695,72,0,1,50,0,0,0,0,0,0,0x03
2026-09-06T21:05:05.761,73,0,2,51,0,0,0,0,0,0,0x03
2026-09-06T21:05:05.761,74,0,1,51,0,0,0,0,0,0,0x03
2026-09-06T21:05:05.825,75,0,2,53,0,0,0,0,0,0,0x03
2026-09-06T21:05:05.825,76,0,1,50,0,0,0,0,0,0,0x03
2026-09-06T21:05:05.890,77,0,2,51,0,0,0,0,0,0,0x03
2026-09-06T21:05:05.890,78,0,1,50,0,0,0,0,0,0,0x03
2026-09-06T21:05:05.970,79,0,2,52,0,0,0,0,0,0,0x03
2026-09-06T21:05:05.970,80,0,1,50,0,0,0,0,0,0,0x03
2026-09-06T21:05:06.035,81,0,2,51,0,0,0,0,0,0,0x03
2026-09-06T21:05:06.035,82,0,1,50,0,0,0,0,0,0,0x03
2026-09-06T21:05:06.098,83,0,2,53,0,0,0,0,0,0,0x03
2026-09-06T21:05:06.098,84,0,1,51,0,0,0,0,0,0,0x03
2026-09-06T21:05:06.163,85,0,2,51,0,0,0,0,0,0,0x03
2026-09-06T21:05:06.163,86,0,1,51,0,0,0,0,0,0,0x03
2026-09-06T21:05:06.229,87,0,2,51,0,0,0,0,0,0,0x03
2026-09-06T21:05:06.229,88,0,1,52,0,0,0,0,0,0,0x03
2026-09-06T21:05:06.294,89,0,2,56,0,0,0,0,0,0,0x03
2026-09-06T21:05:06.294,90,0,1,50,0,0,0,0,0,0,0x03
2026-09-06T21:05:06.359,91,0,2,52,0,0,0,0,0,0,0x03
2026-09-06T21:05:06.359,92,0,1,52,0,0,0,0,0,0,0x03
2026-09-06T21:05:06.424,93,0,2,50,0,0,0,0,0,0,0x03
2026-09-06T21:05:06.424,94,0,1,50,0,0,0,0,0,0,0x03
2026-09-06T21:05:06.505,95,0,2,51,0,0,0,0,0,0,0x03
2026-09-06T21:05:06.505,96,0,1,52,0,0,0,0,0,0,0x03
2026-09-06T21:05:06.570,97,0,2,50,0,0,0,0,0,0,0x03
2026-09-06T21:05:06.570,98,0,1,52,0,0,0,0,0,0,0x03
2026-09-06T21:05:06.635,99,0,2,52,0,0,0,0,0,0,0x03
2026-09-06T21:05:06.635,100,0,1,50,0,0,0,0,0,0,0x03
2026-09-06T21:05:06.701,101,0,2,52,0,0,0,0,0,0,0x03
2026-09-06T21:05:06.701,102,0,1,52,0,0,0,0,0,0,0x03
2026-09-06T21:05:06.766,103,0,2,51,0,0,0,0,0,0,0x03
2026-09-06T21:05:06.766,104,0,1,50,0,0,0,0,0,0,0x03
2026-09-06T21:05:06.831,105,0,2,51,0,0,0,0,0,0,0x03
2026-09-06T21:05:06.831,106,0,1,50,0,0,0,0,0,0,0x03
2026-09-06T21:05:06.895,107,0,2,51,0,0,0,0,0,0,0x03
2026-09-06T21:05:06.895,108,0,1,52,0,0,0,0,0,0,0x03
2026-09-06T21:05:06.961,109,0,2,50,0,0,0,0,0,0,0x03
2026-09-06T21:05:06.961,110,0,1,50,0,0,0,0,0,0,0x03
2026-09-06T21:05:07.042,111,0,2,51,0,0,0,0,0,0,0x03
2026-09-06T21:05:07.042,112,0,1,51,0,0,0,0,0,0,0x03
2026-09-06T21:05:07.091,113,0,2,50,0,0,0,0,0,0,0x03
2026-09-06T21:05:07.091,114,0,1,50,0,0,0,0,0,0,0x03
2026-09-06T21:05:07.172,115,0,2,52,0,0,0,0,0,0,0x03
2026-09-06T21:05:07.172,116,0,1,50,0,0,0,0,0,0,0x03
2026-09-06T21:05:07.237,117,0,2,51,0,0,0,0,0,0,0x03
2026-09-06T21:05:07.237,118,0,1,52,0,0,0,0,0,0,0x03
2026-09-06T21:05:07.303,119,0,2,52,0,0,0,0,0,0,0x03
2026-09-06T21:05:07.303,120,0,1,50,0,0,0,0,0,0,0x03
2026-09-06T21:05:07.369,121,0,2,53,0,0,0,0,0,0,0x03
2026-09-06T21:05:07.369,122,0,1,51,0,0,0,0,0,0,0x03
2026-09-06T21:05:07.433,123,0,2,50,0,0,0,0,0,0,0x03
2026-09-06T21:05:07.433,124,0,1,51,0,0,0,0,0,0,0x03
2026-09-06T21:05:07.499,125,0,2,51,0,0,0,0,0,0,0x03
2026-09-06T21:05:07.499,126,0,1,50,0,0,0,0,0,0,0x03
2026-09-06T21:05:07.564,127,0,2,51,0,0,0,0,0,0,0x03
2026-09-06T21:05:07.564,128,0,1,52,0,0,0,0,0,0,0x03
2026-09-06T21:05:07.628,129,0,2,51,0,0,0,0,0,0,0x03
2026-09-06T21:05:07.629,130,0,1,51,0,0,0,0,0,0,0x03
2026-09-06T21:05:07.711,131,0,2,51,0,0,0,0,0,0,0x03
2026-09-06T21:05:07.711,132,0,1,50,0,0,0,0,0,0,0x03
2026-09-06T21:05:07.776,133,0,2,51,0,0,0,0,0,0,0x03
2026-09-06T21:05:07.776,134,0,1,51,0,0,0,0,0,0,0x03
2026-09-06T21:05:07.841,135,0,2,52,0,0,0,0,0,0,0x03
2026-09-06T21:05:07.841,136,0,1,50,0,0,0,0,0,0,0x03
2026-09-06T21:05:07.906,137,0,2,50,0,0,0,0,0,0,0x03
2026-09-06T21:05:07.906,138,0,1,52,0,0,0,0,0,0,0x03
2026-09-06T21:05:07.971,139,0,2,52,0,0,0,0,0,0,0x03
2026-09-06T21:05:07.971,140,0,1,50,0,0,0,0,0,0,0x03
2026-09-06T21:05:08.037,141,0,2,55,0,0,0,0,0,0,0x03
2026-09-06T21:05:08.037,142,0,1,51,0,0,0,0,0,0,0x03
2026-09-06T21:05:08.102,143,0,2,50,0,0,0,0,0,0,0x03
2026-09-06T21:05:08.102,144,0,1,52,0,0,0,0,0,0,0x03
2026-09-06T21:05:08.167,145,0,2,52,0,0,0,0,0,0,0x03
2026-09-06T21:05:08.167,146,0,1,51,0,0,0,0,0,0,0x03
2026-09-06T21:05:08.231,147,0,2,51,0,0,0,0,0,0,0x03
2026-09-06T21:05:08.231,148,0,1,52,0,0,0,0,0,0,0x03
2026-09-06T21:05:08.313,149,0,2,51,0,0,0,0,0,0,0x03
2026-09-06T21:05:08.313,150,0,1,50,0,0,0,0,0,0,0x03
2026-09-06T21:05:08.378,151,0,2,50,0,0,0,0,0,0,0x03
2026-09-06T21:05:08.378,152,0,1,51,0,0,0,0,0,0,0x03
2026-09-06T21:05:08.443,153,0,2,52,0,0,0,0,0,0,0x03
2026-09-06T21:05:08.443,154,0,1,51,0,0,0,0,0,0,0x03
2026-09-06T21:05:08.508,155,0,2,50,0,0,0,0,0,0,0x03
2026-09-06T21:05:08.508,156,0,1,51,0,0,0,0,0,0,0x03
2026-09-06T21:05:08.573,157,0,2,52,0,0,0,0,0,0,0x03
2026-09-06T21:05:08.573,158,0,1,51,0,0,0,0,0,0,0x03
2026-09-06T21:05:08.639,159,0,2,50,0,0,0,0,0,0,0x03
2026-09-06T21:05:08.639,160,0,1,51,0,0,0,0,0,0,0x03
2026-09-06T21:05:08.704,161,0,2,55,0,0,0,0,0,0,0x03
2026-09-06T21:05:08.704,162,0,1,50,0,0,0,0,0,0,0x03
2026-09-06T21:05:08.769,163,0,2,51,0,0,0,0,0,0,0x03
2026-09-06T21:05:08.769,164,0,1,51,0,0,0,0,0,0,0x03
2026-09-06T21:05:08.834,165,0,2,50,0,0,0,0,0,0,0x03
2026-09-06T21:05:08.834,166,0,1,50,0,0,0,0,0,0,0x03
2026-09-06T21:05:08.914,167,0,2,52,0,0,0,0,0,0,0x03
2026-09-06T21:05:08.914,168,0,1,51,0,0,0,0,0,0,0x03
2026-09-06T21:05:08.979,169,0,2,51,0,0,0,0,0,0,0x03
2026-09-06T21:05:08.979,170,0,1,50,0,0,0,0,0,0,0x03
2026-09-06T21:05:09.044,171,0,2,51,0,0,0,0,0,0,0x03
2026-09-06T21:05:09.044,172,0,1,50,0,0,0,0,0,0,0x03
2026-09-06T21:05:09.109,173,0,2,50,0,0,0,0,0,0,0x03
2026-09-06T21:05:09.109,174,0,1,50,0,0,0,0,0,0,0x03
2026-09-06T21:05:09.173,175,0,2,51,0,0,0,0,0,0,0x03
2026-09-06T21:05:09.174,176,0,1,50,0,0,0,0,0,0,0x03
2026-09-06T21:05:09.239,177,0,2,51,0,0,0,0,0,0,0x03
2026-09-06T21:05:09.239,178,0,1,51,0,0,0,0,0,0,0x03
2026-09-06T21:05:09.304,179,0,2,50,0,0,0,0,0,0,0x03
2026-09-06T21:05:09.304,180,0,1,50,0,0,0,0,0,0,0x03
2026-09-06T21:05:09.370,181,0,2,52,0,0,0,0,0,0,0x03
2026-09-06T21:05:09.370,182,0,1,50,0,0,0,0,0,0,0x03
2026-09-06T21:05:09.435,183,0,2,50,0,0,0,0,0,0,0x03
2026-09-06T21:05:09.435,184,0,1,51,0,0,0,0,0,0,0x03
2026-09-06T21:05:09.517,185,0,2,50,0,0,0,0,0,0,0x03
2026-09-06T21:05:09.517,186,0,1,52,0,0,0,0,0,0,0x03
2026-09-06T21:05:09.582,187,0,2,51,0,0,0,0,0,0,0x03
2026-09-06T21:05:09.582,188,0,1,51,0,0,0,0,0,0,0x03
2026-09-06T21:05:09.647,189,0,2,52,0,0,0,0,0,0,0x03
2026-09-06T21:05:09.647,190,0,1,51,0,0,0,0,0,0,0x03
2026-09-06T21:05:09.713,191,0,2,50,0,0,0,0,0,0,0x03
2026-09-06T21:05:09.713,192,0,1,52,0,0,0,0,0,0,0x03
2026-09-06T21:05:09.779,193,0,2,55,0,0,0,0,0,0,0x03
2026-09-06T21:05:09.779,194,0,1,51,0,0,0,0,0,0,0x03
2026-09-06T21:05:09.844,195,0,2,50,0,0,0,0,0,0,0x03
2026-09-06T21:05:09.844,196,0,1,54,0,0,0,0,0,0,0x03
2026-09-06T21:05:09.908,197,0,2,52,0,0,0,0,0,0,0x03
2026-09-06T21:05:09.908,198,0,1,52,0,0,0,0,0,0,0x03
2026-09-06T21:05:09.973,199,0,2,50,0,0,0,0,0,0,0x03
2026-09-06T21:05:09.973,200,0,1,50,0,0,0,0,0,0,0x03
2026-09-06T21:05:10.054,201,0,2,51,0,0,0,0,0,0,0x03
2026-09-06T21:05:10.054,202,0,1,52,0,0,0,0,0,0,0x03
2026-09-06T21:05:10.119,203,0,2,52,0,0,0,0,0,0,0x03
2026-09-06T21:05:10.119,204,0,1,54,0,0,0,0,0,0,0x03
2026-09-06T21:05:10.183,205,0,2,51,0,0,0,0,0,0,0x03
2026-09-06T21:05:10.183,206,0,1,52,0,0,0,0,0,0,0x03
2026-09-06T21:05:10.249,207,0,2,50,0,0,0,0,0,0,0x03
2026-09-06T21:05:10.249,208,0,1,50,0,0,0,0,0,0,0x03
2026-09-06T21:05:10.314,209,0,2,51,0,0,0,0,0,0,0x03
2026-09-06T21:05:10.314,210,0,1,52,0,0,0,0,0,0,0x03
2026-09-06T21:05:10.379,211,0,2,51,0,0,0,0,0,0,0x03
2026-09-06T21:05:10.379,212,0,1,51,0,0,0,0,0,0,0x03
2026-09-06T21:05:10.445,213,0,2,53,0,0,0,0,0,0,0x03
2026-09-06T21:05:10.445,214,0,1,50,0,0,0,0,0,0,0x03
2026-09-06T21:05:10.509,215,0,2,51,0,0,0,0,0,0,0x03
2026-09-06T21:05:10.510,216,0,1,50,0,0,0,0,0,0,0x03
2026-09-06T21:05:10.575,217,0,2,52,0,0,0,0,0,0,0x03
2026-09-06T21:05:10.575,218,0,1,51,0,0,0,0,0,0,0x03
2026-09-06T21:05:10.640,219,0,2,51,0,0,0,0,0,0,0x03
2026-09-06T21:05:10.640,220,0,1,52,0,0,0,0,0,0,0x03
2026-09-06T21:05:10.721,221,0,2,50,0,0,0,0,0,0,0x03
2026-09-06T21:05:10.721,222,0,1,51,0,0,0,0,0,0,0x03
2026-09-06T21:05:10.786,223,0,2,51,0,0,0,0,0,0,0x03
2026-09-06T21:05:10.786,224,0,1,51,0,0,0,0,0,0,0x03
2026-09-06T21:05:10.850,225,0,2,51,0,0,0,0,0,0,0x03
2026-09-06T21:05:10.850,226,0,1,50,0,0,0,0,0,0,0x03
2026-09-06T21:05:10.915,227,0,2,51,0,0,0,0,0,0,0x03
2026-09-06T21:05:10.915,228,0,1,51,0,0,0,0,0,0,0x03
2026-09-06T21:05:10.980,229,0,2,50,0,0,0,0,0,0,0x03
2026-09-06T21:05:10.980,230,0,1,55,0,0,0,0,0,0,0x03
2026-09-06T21:05:11.046,231,0,2,52,0,0,0,0,0,0,0x03
2026-09-06T21:05:11.046,232,0,1,51,0,0,0,0,0,0,0x03
2026-09-06T21:05:11.111,233,0,2,55,0,0,0,0,0,0,0x03
2026-09-06T21:05:11.111,234,0,1,50,0,0,0,0,0,0,0x03
2026-09-06T21:05:11.176,235,0,2,51,0,0,0,0,0,0,0x03
2026-09-06T21:05:11.176,236,0,1,50,0,0,0,0,0,0,0x03
2026-09-06T21:05:11.258,237,0,2,50,0,0,0,0,0,0,0x03
2026-09-06T21:05:11.258,238,0,1,50,0,0,0,0,0,0,0x03
2026-09-06T21:05:11.323,239,0,2,50,0,0,0,0,0,0,0x03
2026-09-06T21:05:11.323,240,0,1,51,0,0,0,0,0,0,0x03
2026-09-06T21:05:11.388,241,0,2,50,0,0,0,0,0,0,0x03
2026-09-06T21:05:11.388,242,0,1,50,0,0,0,0,0,0,0x03
2026-09-06T21:05:11.454,243,0,2,51,0,0,0,0,0,0,0x03
2026-09-06T21:05:11.454,244,0,1,50,0,0,0,0,0,0,0x03
2026-09-06T21:05:11.518,245,0,2,54,0,0,0,0,0,0,0x03
2026-09-06T21:05:11.518,246,0,1,51,0,0,0,0,0,0,0x03
2026-09-06T21:05:11.583,247,0,2,51,0,0,0,0,0,0,0x03
2026-09-06T21:05:11.583,248,0,1,52,0,0,0,0,0,0,0x03
2026-09-06T21:05:11.649,249,0,2,52,0,0,0,0,0,0,0x03
2026-09-06T21:05:11.649,250,0,1,51,0,0,0,0,0,0,0x03
2026-09-06T21:05:11.714,251,0,2,50,0,0,0,0,0,0,0x03
2026-09-06T21:05:11.714,252,0,1,50,0,0,0,0,0,0,0x03
2026-09-06T21:05:11.779,253,0,2,50,0,0,0,0,0,0,0x03
2026-09-06T21:05:11.779,254,0,1,50,0,0,0,0,0,0,0x03
2026-09-06T21:05:11.860,255,0,2,51,0,0,0,0,0,0,0x03
2026-09-06T21:05:11.860,256,0,1,50,0,0,0,0,0,0,0x03
2026-09-06T21:05:11.926,257,0,2,50,0,0,0,0,0,0,0x03
2026-09-06T21:05:11.926,258,0,1,52,0,0,0,0,0,0,0x03
2026-09-06T21:05:11.991,259,0,2,50,0,0,0,0,0,0,0x03
2026-09-06T21:05:11.991,260,0,1,50,0,0,0,0,0,0,0x03
2026-09-06T21:05:12.056,261,0,2,52,0,0,0,0,0,0,0x03
2026-09-06T21:05:12.056,262,0,1,51,0,0,0,0,0,0,0x03
2026-09-06T21:05:12.121,263,0,2,51,0,0,0,0,0,0,0x03
2026-09-06T21:05:12.121,264,0,1,50,0,0,0,0,0,0,0x03
2026-09-06T21:05:12.187,265,0,2,51,0,0,0,0,0,0,0x03
2026-09-06T21:05:12.187,266,0,1,51,0,0,0,0,0,0,0x03
2026-09-06T21:05:12.252,267,0,2,50,0,0,0,0,0,0,0x03
2026-09-06T21:05:12.252,268,0,1,54,0,0,0,0,0,0,0x03
2026-09-06T21:05:12.317,269,0,2,51,0,0,0,0,0,0,0x03
2026-09-06T21:05:12.317,270,0,1,51,0,0,0,0,0,0,0x03
2026-09-06T21:05:12.399,271,0,2,51,0,0,0,0,0,0,0x03
2026-09-06T21:05:12.399,272,0,1,52,0,0,0,0,0,0,0x03
2026-09-06T21:05:12.447,273,0,2,52,0,0,0,0,0,0,0x03
2026-09-06T21:05:12.448,274,0,1,50,0,0,0,0,0,0,0x03
2026-09-06T21:05:12.529,275,0,2,51,0,0,0,0,0,0,0x03
2026-09-06T21:05:12.529,276,0,1,50,0,0,0,0,0,0,0x03
2026-09-06T21:05:12.594,277,0,2,50,0,0,0,0,0,0,0x03
2026-09-06T21:05:12.594,278,0,1,50,0,0,0,0,0,0,0x03
2026-09-06T21:05:12.660,279,0,2,51,0,0,0,0,0,0,0x03
2026-09-06T21:05:12.660,280,0,1,53,0,0,0,0,0,0,0x03
2026-09-06T21:05:12.725,281,0,2,51,0,0,0,0,0,0,0x03
2026-09-06T21:05:12.725,282,0,1,50,0,0,0,0,0,0,0x03
2026-09-06T21:05:12.789,283,0,2,53,0,0,0,0,0,0,0x03
2026-09-06T21:05:12.790,284,0,1,51,0,0,0,0,0,0,0x03
2026-09-06T21:05:12.855,285,0,2,51,0,0,0,0,0,0,0x03
2026-09-06T21:05:12.855,286,0,1,52,0,0,0,0,0,0,0x03
2026-09-06T21:05:12.920,287,0,2,50,0,0,0,0,0,0,0x03
2026-09-06T21:05:12.920,288,0,1,52,0,0,0,0,0,0,0x03
2026-09-06T21:05:12.986,289,0,2,50,0,0,0,0,0,0,0x03
2026-09-06T21:05:12.986,290,0,1,51,0,0,0,0,0,0,0x03
2026-09-06T21:05:13.066,291,0,2,51,0,0,0,0,0,0,0x03
2026-09-06T21:05:13.066,292,0,1,50,0,0,0,0,0,0,0x03
2026-09-06T21:05:13.132,293,0,2,50,0,0,0,0,0,0,0x03
2026-09-06T21:05:13.132,294,0,1,52,0,0,0,0,0,0,0x03
2026-09-06T21:05:13.197,295,0,2,50,0,0,0,0,0,0,0x03
2026-09-06T21:05:13.197,296,0,1,51,0,0,0,0,0,0,0x03
2026-09-06T21:05:13.263,297,0,2,51,0,0,0,0,0,0,0x03
2026-09-06T21:05:13.263,298,0,1,51,0,0,0,0,0,0,0x03
2026-09-06T21:05:13.328,299,0,2,50,0,0,0,0,0,0,0x03
2026-09-06T21:05:13.328,300,0,1,54,0,0,0,0,0,0,0x03
2026-09-06T21:05:13.393,301,0,2,51,0,0,0,0,0,0,0x03
2026-09-06T21:05:13.393,302,0,1,50,0,0,0,0,0,0,0x03
2026-09-06T21:05:13.458,303,0,2,51,0,0,0,0,0,0,0x03
2026-09-06T21:05:13.458,304,0,1,50,0,0,0,0,0,0,0x03
2026-09-06T21:05:13.523,305,0,2,50,0,0,0,0,0,0,0x03
2026-09-06T21:05:13.523,306,0,1,50,0,0,0,0,0,0,0x03
2026-09-06T21:05:13.589,307,0,2,51,0,0,0,0,0,0,0x03
2026-09-06T21:05:13.589,308,0,1,50,0,0,0,0,0,0,0x03
2026-09-06T21:05:13.670,309,0,2,52,0,0,0,0,0,0,0x03
2026-09-06T21:05:13.670,310,0,1,52,0,0,0,0,0,0,0x03
2026-09-06T21:05:13.735,311,0,2,52,0,0,0,0,0,0,0x03
2026-09-06T21:05:13.735,312,0,1,52,0,0,0,0,0,0,0x03
2026-09-06T21:05:13.800,313,0,2,50,0,0,0,0,0,0,0x03
2026-09-06T21:05:13.800,314,0,1,51,0,0,0,0,0,0,0x03
2026-09-06T21:05:13.865,315,0,2,52,0,0,0,0,0,0,0x03
2026-09-06T21:05:13.865,316,0,1,50,0,0,0,0,0,0,0x03
2026-09-06T21:05:13.930,317,0,2,50,0,0,0,0,0,0,0x03
2026-09-06T21:05:13.930,318,0,1,50,0,0,0,0,0,0,0x03
2026-09-06T21:05:13.996,319,0,2,51,0,0,0,0,0,0,0x03
2026-09-06T21:05:13.996,320,0,1,50,0,0,0,0,0,0,0x03
2026-09-06T21:05:14.061,321,0,2,52,0,0,0,0,0,0,0x03
2026-09-06T21:05:14.061,322,0,1,51,0,0,0,0,0,0,0x03
2026-09-06T21:05:14.126,323,0,2,51,0,0,0,0,0,0,0x03
2026-09-06T21:05:14.126,324,0,1,50,0,0,0,0,0,0,0x03
2026-09-06T21:05:14.192,325,0,2,51,0,0,0,0,0,0,0x03
2026-09-06T21:05:14.192,326,0,1,53,0,0,0,0,0,0,0x03
2026-09-06T21:05:14.257,327,0,2,51,0,0,0,0,0,0,0x03
2026-09-06T21:05:14.257,328,0,1,51,0,0,0,0,0,0,0x03
2026-09-06T21:05:14.322,329,0,2,51,0,0,0,0,0,0,0x03
2026-09-06T21:05:14.322,330,0,1,50,0,0,0,0,0,0,0x03
2026-09-06T21:05:14.404,331,0,2,50,0,0,0,0,0,0,0x03
2026-09-06T21:05:14.404,332,0,1,52,0,0,0,0,0,0,0x03
2026-09-06T21:05:14.468,333,0,2,52,0,0,0,0,0,0,0x03
2026-09-06T21:05:14.468,334,0,1,52,0,0,0,0,0,0,0x03
2026-09-06T21:05:14.533,335,0,2,51,0,0,0,0,0,0,0x03
2026-09-06T21:05:14.533,336,0,1,50,0,0,0,0,0,0,0x03
2026-09-06T21:05:14.598,337,0,2,50,0,0,0,0,0,0,0x03
2026-09-06T21:05:14.598,338,0,1,51,0,0,0,0,0,0,0x03
2026-09-06T21:05:14.664,339,0,2,51,0,0,0,0,0,0,0x03
2026-09-06T21:05:14.664,340,0,1,50,0,0,0,0,0,0,0x03
2026-09-06T21:05:14.729,341,0,2,56,0,0,0,0,0,0,0x03
2026-09-06T21:05:14.729,342,0,1,50,0,0,0,0,0,0,0x03
2026-09-06T21:05:14.794,343,0,2,52,0,0,0,0,0,0,0x03
2026-09-06T21:05:14.794,344,0,1,52,0,0,0,0,0,0,0x03
2026-09-06T21:05:14.860,345,0,2,51,0,0,0,0,0,0,0x03
2026-09-06T21:05:14.860,346,0,1,54,0,0,0,0,0,0,0x03
2026-09-06T21:05:14.941,347,0,2,52,0,0,0,0,0,0,0x03
2026-09-06T21:05:14.942,348,0,1,52,0,0,0,0,0,0,0x03
2026-09-06T21:05:15.007,349,0,2,55,0,0,0,0,0,0,0x03
2026-09-06T21:05:15.007,350,0,1,52,0,0,0,0,0,0,0x03
2026-09-06T21:05:15.073,351,0,2,50,0,0,0,0,0,0,0x03
2026-09-06T21:05:15.073,352,0,1,50,0,0,0,0,0,0,0x03
2026-09-06T21:05:15.138,353,0,2,51,0,0,0,0,0,0,0x03
2026-09-06T21:05:15.138,354,0,1,50,0,0,0,0,0,0,0x03
2026-09-06T21:05:15.202,355,0,2,50,0,0,0,0,0,0,0x03
2026-09-06T21:05:15.202,356,0,1,52,0,0,0,0,0,0,0x03
2026-09-06T21:05:15.268,357,0,2,50,0,0,0,0,0,0,0x03
2026-09-06T21:05:15.268,358,0,1,52,0,0,0,0,0,0,0x03
2026-09-06T21:05:15.332,359,0,2,51,0,0,0,0,0,0,0x03
2026-09-06T21:05:15.332,360,0,1,52,0,0,0,0,0,0,0x03
2026-09-06T21:05:15.397,361,0,2,54,0,0,0,0,0,0,0x03
2026-09-06T21:05:15.397,362,0,1,50,0,0,0,0,0,0,0x03
2026-09-06T21:05:15.478,363,0,2,50,0,0,0,0,0,0,0x03
2026-09-06T21:05:15.478,364,0,1,51,0,0,0,0,0,0,0x03
2026-09-06T21:05:15.527,365,0,2,51,0,0,0,0,0,0,0x03
2026-09-06T21:05:15.527,366,0,1,51,0,0,0,0,0,0,0x03
2026-09-06T21:05:15.609,367,0,2,51,0,0,0,0,0,0,0x03
2026-09-06T21:05:15.609,368,0,1,50,0,0,0,0,0,0,0x03
2026-09-06T21:05:15.674,369,0,2,51,0,0,0,0,0,0,0x03
2026-09-06T21:05:15.674,370,0,1,51,0,0,0,0,0,0,0x03
2026-09-06T21:05:15.739,371,0,2,51,0,0,0,0,0,0,0x03
2026-09-06T21:05:15.739,372,0,1,50,0,0,0,0,0,0,0x03
2026-09-06T21:05:15.805,373,0,2,54,0,0,0,0,0,0,0x03
2026-09-06T21:05:15.805,374,0,1,52,0,0,0,0,0,0,0x03
2026-09-06T21:05:15.870,375,0,2,51,0,0,0,0,0,0,0x03
2026-09-06T21:05:15.870,376,0,1,51,0,0,0,0,0,0,0x03
2026-09-06T21:05:15.934,377,0,2,51,0,0,0,0,0,0,0x03
2026-09-06T21:05:15.934,378,0,1,50,0,0,0,0,0,0,0x03
2026-09-06T21:05:16.000,379,0,2,51,0,0,0,0,0,0,0x03
2026-09-06T21:05:16.000,380,0,1,51,0,0,0,0,0,0,0x03
2026-09-06T21:05:16.065,381,0,2,54,0,0,0,0,0,0,0x03
2026-09-06T21:05:16.065,382,0,1,50,0,0,0,0,0,0,0x03
2026-09-06T21:05:16.131,383,0,2,51,0,0,0,0,0,0,0x03
2026-09-06T21:05:16.131,384,0,1,52,0,0,0,0,0,0,0x03
2026-09-06T21:05:16.213,385,0,2,51,0,0,0,0,0,0,0x03
2026-09-06T21:05:16.213,386,0,1,51,0,0,0,0,0,0,0x03
2026-09-06T21:05:16.278,387,0,2,50,0,0,0,0,0,0,0x03
2026-09-06T21:05:16.278,388,0,1,51,0,0,0,0,0,0,0x03
2026-09-06T21:05:16.343,389,0,2,51,0,0,0,0,0,0,0x03
2026-09-06T21:05:16.343,390,0,1,52,0,0,0,0,0,0,0x03
2026-09-06T21:05:16.409,391,0,2,52,0,0,0,0,0,0,0x03
2026-09-06T21:05:16.409,392,0,1,51,0,0,0,0,0,0,0x03
2026-09-06T21:05:16.473,393,0,2,52,0,0,0,0,0,0,0x03
2026-09-06T21:05:16.473,394,0,1,51,0,0,0,0,0,0,0x03
2026-09-06T21:05:16.539,395,0,2,51,0,0,0,0,0,0,0x03
2026-09-06T21:05:16.539,396,0,1,50,0,0,0,0,0,0,0x03
2026-09-06T21:05:16.605,397,0,2,51,0,0,0,0,0,0,0x03
2026-09-06T21:05:16.605,398,0,1,51,0,0,0,0,0,0,0x03
2026-09-06T21:05:16.670,399,0,2,51,0,0,0,0,0,0,0x03
2026-09-06T21:05:16.670,400,0,1,50,0,0,0,0,0,0,0x03
2026-09-06T21:05:16.751,401,0,2,56,0,0,0,0,0,0,0x03
2026-09-06T21:05:16.751,402,0,1,52,0,0,0,0,0,0,0x03
2026-09-06T21:05:16.816,403,0,2,52,0,0,0,0,0,0,0x03
2026-09-06T21:05:16.816,404,0,1,54,0,0,0,0,0,0,0x03
2026-09-06T21:05:16.881,405,0,2,52,0,0,0,0,0,0,0x03
2026-09-06T21:05:16.881,406,0,1,50,0,0,0,0,0,0,0x03
2026-09-06T21:05:16.947,407,0,2,50,0,0,0,0,0,0,0x03
2026-09-06T21:05:16.947,408,0,1,52,0,0,0,0,0,0,0x03
2026-09-06T21:05:17.011,409,0,2,52,0,0,0,0,0,0,0x03
2026-09-06T21:05:17.011,410,0,1,52,0,0,0,0,0,0,0x03
2026-09-06T21:05:17.077,411,0,2,51,0,0,0,0,0,0,0x03
2026-09-06T21:05:17.077,412,0,1,52,0,0,0,0,0,0,0x03
2026-09-06T21:05:17.143,413,0,2,52,0,0,0,0,0,0,0x03
2026-09-06T21:05:17.143,414,0,1,50,0,0,0,0,0,0,0x03
2026-09-06T21:05:17.208,415,0,2,50,0,0,0,0,0,0,0x03
2026-09-06T21:05:17.208,416,0,1,50,0,0,0,0,0,0,0x03
2026-09-06T21:05:17.274,417,0,2,50,0,0,0,0,0,0,0x03
2026-09-06T21:05:17.274,418,0,1,51,0,0,0,0,0,0,0x03
2026-09-06T21:05:17.339,419,0,2,51,0,0,0,0,0,0,0x03
2026-09-06T21:05:17.339,420,0,1,50,0,0,0,0,0,0,0x03
2026-09-06T21:05:17.404,421,0,2,55,0,0,0,0,0,0,0x03
2026-09-06T21:05:17.404,422,0,1,52,0,0,0,0,0,0,0x03
2026-09-06T21:05:17.485,423,0,2,50,0,0,0,0,0,0,0x03
2026-09-06T21:05:17.485,424,0,1,51,0,0,0,0,0,0,0x03
2026-09-06T21:05:17.550,425,0,2,51,0,0,0,0,0,0,0x03
2026-09-06T21:05:17.551,426,0,1,52,0,0,0,0,0,0,0x03
2026-09-06T21:05:17.616,427,0,2,52,0,0,0,0,0,0,0x03
2026-09-06T21:05:17.616,428,0,1,50,0,0,0,0,0,0,0x03
2026-09-06T21:05:17.681,429,0,2,51,0,0,0,0,0,0,0x03
2026-09-06T21:05:17.681,430,0,1,50,0,0,0,0,0,0,0x03
2026-09-06T21:05:17.746,431,0,2,52,0,0,0,0,0,0,0x03
2026-09-06T21:05:17.746,432,0,1,52,0,0,0,0,0,0,0x03
2026-09-06T21:05:17.811,433,0,2,52,0,0,0,0,0,0,0x03
2026-09-06T21:05:17.812,434,0,1,50,0,0,0,0,0,0,0x03
2026-09-06T21:05:17.877,435,0,2,51,0,0,0,0,0,0,0x03
2026-09-06T21:05:17.877,436,0,1,54,0,0,0,0,0,0,0x03
2026-09-06T21:05:17.942,437,0,2,51,0,0,0,0,0,0,0x03
2026-09-06T21:05:17.942,438,0,1,51,0,0,0,0,0,0,0x03
2026-09-06T21:05:18.023,439,0,2,51,0,0,0,0,0,0,0x03
2026-09-06T21:05:18.023,440,0,1,51,0,0,0,0,0,0,0x03
2026-09-06T21:05:18.087,441,0,2,53,0,0,0,0,0,0,0x03
2026-09-06T21:05:18.087,442,0,1,51,0,0,0,0,0,0,0x03
2026-09-06T21:05:18.152,443,0,2,51,0,0,0,0,0,0,0x03
2026-09-06T21:05:18.152,444,0,1,52,0,0,0,0,0,0,0x03
2026-09-06T21:05:18.218,445,0,2,51,0,0,0,0,0,0,0x03
2026-09-06T21:05:18.218,446,0,1,50,0,0,0,0,0,0,0x03
2026-09-06T21:05:18.283,447,0,2,50,0,0,0,0,0,0,0x03
2026-09-06T21:05:18.283,448,0,1,51,0,0,0,0,0,0,0x03
2026-09-06T21:05:18.347,449,0,2,51,0,0,0,0,0,0,0x03
2026-09-06T21:05:18.347,450,0,1,50,0,0,0,0,0,0,0x03
2026-09-06T21:05:18.412,451,0,2,50,0,0,0,0,0,0,0x03
2026-09-06T21:05:18.412,452,0,1,52,0,0,0,0,0,0,0x03
2026-09-06T21:05:18.478,453,0,2,50,0,0,0,0,0,0,0x03
2026-09-06T21:05:18.478,454,0,1,52,0,0,0,0,0,0,0x03
2026-09-06T21:05:18.543,455,0,2,51,0,0,0,0,0,0,0x03
2026-09-06T21:05:18.543,456,0,1,54,0,0,0,0,0,0,0x03
2026-09-06T21:05:18.624,457,0,2,51,0,0,0,0,0,0,0x03
2026-09-06T21:05:18.625,458,0,1,50,0,0,0,0,0,0,0x03
2026-09-06T21:05:18.690,459,0,2,52,0,0,0,0,0,0,0x03
2026-09-06T21:05:18.690,460,0,1,50,0,0,0,0,0,0,0x03
2026-09-06T21:05:18.755,461,0,2,50,0,0,0,0,0,0,0x03
2026-09-06T21:05:18.755,462,0,1,52,0,0,0,0,0,0,0x03
2026-09-06T21:05:18.819,463,0,2,50,0,0,0,0,0,0,0x03
2026-09-06T21:05:18.819,464,0,1,50,0,0,0,0,0,0,0x03
2026-09-06T21:05:18.884,465,0,2,53,0,0,0,0,0,0,0x03
2026-09-06T21:05:18.884,466,0,1,52,0,0,0,0,0,0,0x03
2026-09-06T21:05:18.949,467,0,2,50,0,0,0,0,0,0,0x03
2026-09-06T21:05:18.949,468,0,1,53,0,0,0,0,0,0,0x03
2026-09-06T21:05:19.014,469,0,2,50,0,0,0,0,0,0,0x03
2026-09-06T21:05:19.014,470,0,1,51,0,0,0,0,0,0,0x03
2026-09-06T21:05:19.095,471,0,2,52,0,0,0,0,0,0,0x03
2026-09-06T21:05:19.095,472,0,1,52,0,0,0,0,0,0,0x03
2026-09-06T21:05:19.144,473,0,2,50,0,0,0,0,0,0,0x03
2026-09-06T21:05:19.144,474,0,1,50,0,0,0,0,0,0,0x03
2026-09-06T21:05:19.226,475,0,2,50,0,0,0,0,0,0,0x03
2026-09-06T21:05:19.226,476,0,1,52,0,0,0,0,0,0,0x03
2026-09-06T21:05:19.290,477,0,2,51,0,0,0,0,0,0,0x03
2026-09-06T21:05:19.290,478,0,1,51,0,0,0,0,0,0,0x03
2026-09-06T21:05:19.355,479,0,2,51,0,0,0,0,0,0,0x03
2026-09-06T21:05:19.355,480,0,1,52,0,0,0,0,0,0,0x03
2026-09-06T21:05:19.421,481,0,2,51,0,0,0,0,0,0,0x03
2026-09-06T21:05:19.421,482,0,1,51,0,0,0,0,0,0,0x03
2026-09-06T21:05:19.486,483,0,2,51,0,0,0,0,0,0,0x03
2026-09-06T21:05:19.486,484,0,1,52,0,0,0,0,0,0,0x03
2026-09-06T21:05:19.551,485,0,2,55,0,0,0,0,0,0,0x03
2026-09-06T21:05:19.551,486,0,1,50,0,0,0,0,0,0,0x03
2026-09-06T21:05:19.616,487,0,2,50,0,0,0,0,0,0,0x03
2026-09-06T21:05:19.616,488,0,1,53,0,0,0,0,0,0,0x03
2026-09-06T21:05:19.682,489,0,2,50,0,0,0,0,0,0,0x03
2026-09-06T21:05:19.682,490,0,1,50,0,0,0,0,0,0,0x03
2026-09-06T21:05:19.762,491,0,2,50,0,0,0,0,0,0,0x03
2026-09-06T21:05:19.762,492,0,1,51,0,0,0,0,0,0,0x03
2026-09-06T21:05:19.828,493,0,2,51,0,0,0,0,0,0,0x03
2026-09-06T21:05:19.828,494,0,1,50,0,0,0,0,0,0,0x03
2026-09-06T21:05:19.893,495,0,2,52,0,0,0,0,0,0,0x03
2026-09-06T21:05:19.893,496,0,1,51,0,0,0,0,0,0,0x03
2026-09-06T21:05:19.958,497,0,2,52,0,0,0,0,0,0,0x03
2026-09-06T21:05:19.958,498,0,1,51,0,0,0,0,0,0,0x03
2026-09-06T21:05:20.024,499,0,2,51,0,0,0,0,0,0,0x03
2026-09-06T21:05:20.024,500,0,1,53,0,0,0,0,0,0,0x03
2026-09-06T21:05:20.089,501,0,2,50,0,0,0,0,0,0,0x03
2026-09-06T21:05:20.089,502,0,1,50,0,0,0,0,0,0,0x03
2026-09-06T21:05:20.153,503,0,2,50,0,0,0,0,0,0,0x03
2026-09-06T21:05:20.153,504,0,1,51,0,0,0,0,0,0,0x03
2026-09-06T21:05:20.219,505,0,2,51,0,0,0,0,0,0,0x03
2026-09-06T21:05:20.219,506,0,1,51,0,0,0,0,0,0,0x03
2026-09-06T21:05:20.284,507,0,2,52,0,0,0,0,0,0,0x03
2026-09-06T21:05:20.284,508,0,1,51,0,0,0,0,0,0,0x03
2026-09-06T21:05:20.366,509,0,2,50,0,0,0,0,0,0,0x03
2026-09-06T21:05:20.366,510,0,1,51,0,0,0,0,0,0,0x03
2026-09-06T21:05:20.430,511,0,2,50,0,0,0,0,0,0,0x03
2026-09-06T21:05:20.430,512,0,1,52,0,0,0,0,0,0,0x03
2026-09-06T21:05:20.495,513,0,2,51,0,0,0,0,0,0,0x03
2026-09-06T21:05:20.495,514,0,1,52,0,0,0,0,0,0,0x03
2026-09-06T21:05:20.560,515,0,2,50,0,0,0,0,0,0,0x03
2026-09-06T21:05:20.560,516,0,1,52,0,0,0,0,0,0,0x03
2026-09-06T21:05:20.625,517,0,2,51,0,0,0,0,0,0,0x03
2026-09-06T21:05:20.625,518,0,1,51,0,0,0,0,0,0,0x03
2026-09-06T21:05:20.690,519,0,2,51,0,0,0,0,0,0,0x03
2026-09-06T21:05:20.690,520,0,1,52,0,0,0,0,0,0,0x03
2026-09-06T21:05:20.755,521,0,2,51,0,0,0,0,0,0,0x03
2026-09-06T21:05:20.755,522,0,1,50,0,0,0,0,0,0,0x03
2026-09-06T21:05:20.819,523,0,2,51,0,0,0,0,0,0,0x03
2026-09-06T21:05:20.820,524,0,1,50,0,0,0,0,0,0,0x03
2026-09-06T21:05:20.900,525,0,2,52,0,0,0,0,0,0,0x03
2026-09-06T21:05:20.900,526,0,1,52,0,0,0,0,0,0,0x03
2026-09-06T21:05:20.965,527,0,2,52,0,0,0,0,0,0,0x03
2026-09-06T21:05:20.965,528,0,1,50,0,0,0,0,0,0,0x03
2026-09-06T21:05:21.031,529,0,2,50,0,0,0,0,0,0,0x03
2026-09-06T21:05:21.031,530,0,1,50,0,0,0,0,0,0,0x03
2026-09-06T21:05:21.096,531,0,2,51,0,0,0,0,0,0,0x03
2026-09-06T21:05:21.096,532,0,1,54,0,0,0,0,0,0,0x03
2026-09-06T21:05:21.161,533,0,2,52,0,0,0,0,0,0,0x03
2026-09-06T21:05:21.161,534,0,1,51,0,0,0,0,0,0,0x03
2026-09-06T21:05:21.227,535,0,2,51,0,0,0,0,0,0,0x03
2026-09-06T21:05:21.227,536,0,1,51,0,0,0,0,0,0,0x03
2026-09-06T21:05:21.293,537,0,2,51,0,0,0,0,0,0,0x03
2026-09-06T21:05:21.293,538,0,1,50,0,0,0,0,0,0,0x03
2026-09-06T21:05:21.358,539,0,2,51,0,0,0,0,0,0,0x03
2026-09-06T21:05:21.358,540,0,1,51,0,0,0,0,0,0,0x03
2026-09-06T21:05:21.438,541,0,2,50,0,0,0,0,0,0,0x03
2026-09-06T21:05:21.438,542,0,1,50,0,0,0,0,0,0,0x03
2026-09-06T21:05:21.487,543,0,2,54,0,0,0,0,0,0,0x03
2026-09-06T21:05:21.487,544,0,1,52,0,0,0,0,0,0,0x03
2026-09-06T21:05:21.568,545,0,2,52,0,0,0,0,0,0,0x03
2026-09-06T21:05:21.568,546,0,1,52,0,0,0,0,0,0,0x03
2026-09-06T21:05:21.633,547,0,2,50,0,0,0,0,0,0,0x03
2026-09-06T21:05:21.633,548,0,1,50,0,0,0,0,0,0,0x03
2026-09-06T21:05:21.698,549,0,2,51,0,0,0,0,0,0,0x03
2026-09-06T21:05:21.698,550,0,1,50,0,0,0,0,0,0,0x03
2026-09-06T21:05:21.763,551,0,2,50,0,0,0,0,0,0,0x03
2026-09-06T21:05:21.763,552,0,1,54,0,0,0,0,0,0,0x03
2026-09-06T21:05:21.828,553,0,2,51,0,0,0,0,0,0,0x03
2026-09-06T21:05:21.828,554,0,1,52,0,0,0,0,0,0,0x03
2026-09-06T21:05:21.894,555,0,2,51,0,0,0,0,0,0,0x03
2026-09-06T21:05:21.894,556,0,1,50,0,0,0,0,0,0,0x03
2026-09-06T21:05:21.959,557,0,2,50,0,0,0,0,0,0,0x03
2026-09-06T21:05:21.959,558,0,1,51,0,0,0,0,0,0,0x03
2026-09-06T21:05:22.023,559,0,2,51,0,0,0,0,0,0,0x03
2026-09-06T21:05:22.023,560,0,1,52,0,0,0,0,0,0,0x03
2026-09-06T21:05:22.104,561,0,2,52,0,0,0,0,0,0,0x03
2026-09-06T21:05:22.104,562,0,1,50,0,0,0,0,0,0,0x03
2026-09-06T21:05:22.169,563,0,2,51,0,0,0,0,0,0,0x03
2026-09-06T21:05:22.169,564,0,1,51,0,0,0,0,0,0,0x03
2026-09-06T21:05:22.234,565,0,2,51,0,0,0,0,0,0,0x03
2026-09-06T21:05:22.234,566,0,1,52,0,0,0,0,0,0,0x03
2026-09-06T21:05:22.300,567,0,2,51,0,0,0,0,0,0,0x03
2026-09-06T21:05:22.300,568,0,1,50,0,0,0,0,0,0,0x03
2026-09-06T21:05:22.364,569,0,2,50,0,0,0,0,0,0,0x03
2026-09-06T21:05:22.364,570,0,1,51,0,0,0,0,0,0,0x03
2026-09-06T21:05:22.430,571,0,2,51,0,0,0,0,0,0,0x03
2026-09-06T21:05:22.430,572,0,1,50,0,0,0,0,0,0,0x03
2026-09-06T21:05:22.494,573,0,2,51,0,0,0,0,0,0,0x03
2026-09-06T21:05:22.494,574,0,1,51,0,0,0,0,0,0,0x03
2026-09-06T21:05:22.559,575,0,2,52,0,0,0,0,0,0,0x03
2026-09-06T21:05:22.559,576,0,1,50,0,0,0,0,0,0,0x03
2026-09-06T21:05:22.640,577,0,2,50,0,0,0,0,0,0,0x03
2026-09-06T21:05:22.640,578,0,1,52,0,0,0,0,0,0,0x03
2026-09-06T21:05:22.705,579,0,2,50,0,0,0,0,0,0,0x03
2026-09-06T21:05:22.705,580,0,1,50,0,0,0,0,0,0,0x03
2026-09-06T21:05:22.771,581,0,2,51,0,0,0,0,0,0,0x03
2026-09-06T21:05:22.771,582,0,1,51,0,0,0,0,0,0,0x03
2026-09-06T21:05:22.836,583,0,2,51,0,0,0,0,0,0,0x03
2026-09-06T21:05:22.836,584,0,1,51,0,0,0,0,0,0,0x03
2026-09-06T21:05:22.902,585,0,2,50,0,0,0,0,0,0,0x03
2026-09-06T21:05:22.902,586,0,1,51,0,0,0,0,0,0,0x03
2026-09-06T21:05:22.966,587,0,2,54,0,0,0,0,0,0,0x03
2026-09-06T21:05:22.966,588,0,1,51,0,0,0,0,0,0,0x03
2026-09-06T21:05:23.031,589,0,2,50,0,0,0,0,0,0,0x03
2026-09-06T21:05:23.031,590,0,1,52,0,0,0,0,0,0,0x03
2026-09-06T21:05:23.096,591,0,2,50,0,0,0,0,0,0,0x03
2026-09-06T21:05:23.096,592,0,1,51,0,0,0,0,0,0,0x03
2026-09-06T21:05:23.178,593,0,2,50,0,0,0,0,0,0,0x03
2026-09-06T21:05:23.178,594,0,1,52,0,0,0,0,0,0,0x03
2026-09-06T21:05:23.243,595,0,2,50,0,0,0,0,0,0,0x03
2026-09-06T21:05:23.243,596,0,1,50,0,0,0,0,0,0,0x03
2026-09-06T21:05:23.308,597,0,2,50,0,0,0,0,0,0,0x03
2026-09-06T21:05:23.308,598,0,1,52,0,0,0,0,0,0,0x03
2026-09-06T21:05:23.373,599,0,2,53,0,0,0,0,0,0,0x03
2026-09-06T21:05:23.373,600,0,1,52,0,0,0,0,0,0,0x03
2026-09-06T21:05:23.438,601,0,2,50,0,0,0,0,0,0,0x03
2026-09-06T21:05:23.438,602,0,1,51,0,0,0,0,0,0,0x03
2026-09-06T21:05:23.503,603,0,2,51,0,0,0,0,0,0,0x03
2026-09-06T21:05:23.503,604,0,1,51,0,0,0,0,0,0,0x03
2026-09-06T21:05:23.569,605,0,2,52,0,0,0,0,0,0,0x03
2026-09-06T21:05:23.569,606,0,1,50,0,0,0,0,0,0,0x03
2026-09-06T21:05:23.634,607,0,2,50,0,0,0,0,0,0,0x03
2026-09-06T21:05:23.634,608,0,1,52,0,0,0,0,0,0,0x03
2026-09-06T21:05:23.699,609,0,2,52,0,0,0,0,0,0,0x03
2026-09-06T21:05:23.699,610,0,1,51,0,0,0,0,0,0,0x03
2026-09-06T21:05:23.779,611,0,2,51,0,0,0,0,0,0,0x03
2026-09-06T21:05:23.779,612,0,1,51,0,0,0,0,0,0,0x03
2026-09-06T21:05:23.845,613,0,2,50,0,0,0,0,0,0,0x03
2026-09-06T21:05:23.845,614,0,1,50,0,0,0,0,0,0,0x03
2026-09-06T21:05:23.910,615,0,2,51,0,0,0,0,0,0,0x03
2026-09-06T21:05:23.910,616,0,1,55,0,0,0,0,0,0,0x03
2026-09-06T21:05:23.975,617,0,2,50,0,0,0,0,0,0,0x03
2026-09-06T21:05:23.975,618,0,1,51,0,0,0,0,0,0,0x03
2026-09-06T21:05:24.040,619,0,2,51,0,0,0,0,0,0,0x03
2026-09-06T21:05:24.040,620,0,1,52,0,0,0,0,0,0,0x03
2026-09-06T21:05:24.106,621,0,2,50,0,0,0,0,0,0,0x03
2026-09-06T21:05:24.106,622,0,1,50,0,0,0,0,0,0,0x03
2026-09-06T21:05:24.170,623,0,2,50,0,0,0,0,0,0,0x03
2026-09-06T21:05:24.170,624,0,1,52,0,0,0,0,0,0,0x03
2026-09-06T21:05:24.236,625,0,2,52,0,0,0,0,0,0,0x03
2026-09-06T21:05:24.236,626,0,1,52,0,0,0,0,0,0,0x03
2026-09-06T21:05:24.301,627,0,2,52,0,0,0,0,0,0,0x03
2026-09-06T21:05:24.301,628,0,1,51,0,0,0,0,0,0,0x03
2026-09-06T21:05:24.381,629,0,2,51,0,0,0,0,0,0,0x03
2026-09-06T21:05:24.381,630,0,1,51,0,0,0,0,0,0,0x03
2026-09-06T21:05:24.446,631,0,2,52,0,0,0,0,0,0,0x03
2026-09-06T21:05:24.446,632,0,1,51,0,0,0,0,0,0,0x03
2026-09-06T21:05:24.511,633,0,2,53,0,0,0,0,0,0,0x03
2026-09-06T21:05:24.511,634,0,1,50,0,0,0,0,0,0,0x03
2026-09-06T21:05:24.576,635,0,2,50,0,0,0,0,0,0,0x03
2026-09-06T21:05:24.576,636,0,1,54,0,0,0,0,0,0,0x03
2026-09-06T21:05:24.641,637,0,2,51,0,0,0,0,0,0,0x03
2026-09-06T21:05:24.641,638,0,1,51,0,0,0,0,0,0,0x03
2026-09-06T21:05:24.706,639,0,2,50,0,0,0,0,0,0,0x03
2026-09-06T21:05:24.706,640,0,1,51,0,0,0,0,0,0,0x03
2026-09-06T21:05:24.770,641,0,2,51,0,0,0,0,0,0,0x03
2026-09-06T21:05:24.770,642,0,1,52,0,0,0,0,0,0,0x03
2026-09-06T21:05:24.835,643,0,2,52,0,0,0,0,0,0,0x03
2026-09-06T21:05:24.835,644,0,1,55,0,0,0,0,0,0,0x03
2026-09-06T21:05:24.916,645,0,2,50,0,0,0,0,0,0,0x03
2026-09-06T21:05:24.916,646,0,1,51,0,0,0,0,0,0,0x03
2026-09-06T21:05:24.981,647,0,2,51,0,0,0,0,0,0,0x03
2026-09-06T21:05:24.981,648,0,1,51,0,0,0,0,0,0,0x03
2026-09-06T21:05:25.046,649,0,2,50,0,0,0,0,0,0,0x03
2026-09-06T21:05:25.046,650,0,1,50,0,0,0,0,0,0,0x03
2026-09-06T21:05:25.111,651,0,2,52,0,0,0,0,0,0,0x03
2026-09-06T21:05:25.111,652,0,1,50,0,0,0,0,0,0,0x03
2026-09-06T21:05:25.175,653,0,2,50,0,0,0,0,0,0,0x03
2026-09-06T21:05:25.175,654,0,1,51,0,0,0,0,0,0,0x03
2026-09-06T21:05:25.240,655,0,2,51,0,0,0,0,0,0,0x03
2026-09-06T21:05:25.240,656,0,1,52,0,0,0,0,0,0,0x03
2026-09-06T21:05:25.321,657,0,2,51,0,0,0,0,0,0,0x03
2026-09-06T21:05:25.321,658,0,1,52,0,0,0,0,0,0,0x03
2026-09-06T21:05:25.386,659,0,2,50,0,0,0,0,0,0,0x03
2026-09-06T21:05:25.386,660,0,1,52,0,0,0,0,0,0,0x03
2026-09-06T21:05:25.451,661,0,2,50,0,0,0,0,0,0,0x03
2026-09-06T21:05:25.451,662,0,1,50,0,0,0,0,0,0,0x03
2026-09-06T21:05:25.516,663,0,2,51,0,0,0,0,0,0,0x03
2026-09-06T21:05:25.516,664,0,1,50,0,0,0,0,0,0,0x03
2026-09-06T21:05:25.580,665,0,2,52,0,0,0,0,0,0,0x03
2026-09-06T21:05:25.580,666,0,1,51,0,0,0,0,0,0,0x03
2026-09-06T21:05:25.645,667,0,2,51,0,0,0,0,0,0,0x03
2026-09-06T21:05:25.645,668,0,1,52,0,0,0,0,0,0,0x03
2026-09-06T21:05:25.710,669,0,2,50,0,0,0,0,0,0,0x03
2026-09-06T21:05:25.710,670,0,1,50,0,0,0,0,0,0,0x03
2026-09-06T21:05:25.775,671,0,2,51,0,0,0,0,0,0,0x03
2026-09-06T21:05:25.775,672,0,1,52,0,0,0,0,0,0,0x03
2026-09-06T21:05:25.840,673,0,2,51,0,0,0,0,0,0,0x03
2026-09-06T21:05:25.840,674,0,1,50,0,0,0,0,0,0,0x03
2026-09-06T21:05:25.921,675,0,2,52,0,0,0,0,0,0,0x03
2026-09-06T21:05:25.921,676,0,1,53,0,0,0,0,0,0,0x03
2026-09-06T21:05:25.985,677,0,2,51,0,0,0,0,0,0,0x03
2026-09-06T21:05:25.985,678,0,1,50,0,0,0,0,0,0,0x03
2026-09-06T21:05:26.050,679,0,2,52,0,0,0,0,0,0,0x03
2026-09-06T21:05:26.050,680,0,1,51,0,0,0,0,0,0,0x03
2026-09-06T21:05:26.116,681,0,2,50,0,0,0,0,0,0,0x03
2026-09-06T21:05:26.116,682,0,1,52,0,0,0,0,0,0,0x03
2026-09-06T21:05:26.180,683,0,2,51,0,0,0,0,0,0,0x03
2026-09-06T21:05:26.180,684,0,1,50,0,0,0,0,0,0,0x03
2026-09-06T21:05:26.246,685,0,2,50,0,0,0,0,0,0,0x03
2026-09-06T21:05:26.246,686,0,1,51,0,0,0,0,0,0,0x03
2026-09-06T21:05:26.311,687,0,2,50,0,0,0,0,0,0,0x03
2026-09-06T21:05:26.311,688,0,1,51,0,0,0,0,0,0,0x03
2026-09-06T21:05:26.377,689,0,2,50,0,0,0,0,0,0,0x03
2026-09-06T21:05:26.377,690,0,1,50,0,0,0,0,0,0,0x03
2026-09-06T21:05:26.459,691,0,2,51,0,0,0,0,0,0,0x03
2026-09-06T21:05:26.459,692,0,1,51,0,0,0,0,0,0,0x03
2026-09-06T21:05:26.524,693,0,2,51,0,0,0,0,0,0,0x03
2026-09-06T21:05:26.524,694,0,1,51,0,0,0,0,0,0,0x03
2026-09-06T21:05:26.588,695,0,2,51,0,0,0,0,0,0,0x03
2026-09-06T21:05:26.588,696,0,1,50,0,0,0,0,0,0,0x03
2026-09-06T21:05:26.652,697,0,2,50,0,0,0,0,0,0,0x03
2026-09-06T21:05:26.652,698,0,1,50,0,0,0,0,0,0,0x03
2026-09-06T21:05:26.717,699,0,2,51,0,0,0,0,0,0,0x03
2026-09-06T21:05:26.717,700,0,1,53,0,0,0,0,0,0,0x03
2026-09-06T21:05:26.782,701,0,2,50,0,0,0,0,0,0,0x03
2026-09-06T21:05:26.782,702,0,1,51,0,0,0,0,0,0,0x03
2026-09-06T21:05:26.846,703,0,2,52,0,0,0,0,0,0,0x03
2026-09-06T21:05:26.846,704,0,1,50,0,0,0,0,0,0,0x03
2026-09-06T21:05:26.911,705,0,2,50,0,0,0,0,0,0,0x03
2026-09-06T21:05:26.911,706,0,1,52,0,0,0,0,0,0,0x03
2026-09-06T21:05:26.992,707,0,2,50,0,0,0,0,0,0,0x03
2026-09-06T21:05:26.992,708,0,1,55,0,0,0,0,0,0,0x03
2026-09-06T21:05:27.057,709,0,2,54,0,0,0,0,0,0,0x03
2026-09-06T21:05:27.057,710,0,1,52,0,0,0,0,0,0,0x03
2026-09-06T21:05:27.123,711,0,2,52,0,0,0,0,0,0,0x03
2026-09-06T21:05:27.123,712,0,1,50,0,0,0,0,0,0,0x03
2026-09-06T21:05:27.188,713,0,2,51,0,0,0,0,0,0,0x03
2026-09-06T21:05:27.188,714,0,1,50,0,0,0,0,0,0,0x03
2026-09-06T21:05:27.252,715,0,2,51,0,0,0,0,0,0,0x03
2026-09-06T21:05:27.253,716,0,1,52,0,0,0,0,0,0,0x03
2026-09-06T21:05:27.317,717,0,2,51,0,0,0,0,0,0,0x03
2026-09-06T21:05:27.317,718,0,1,50,0,0,0,0,0,0,0x03
2026-09-06T21:05:27.382,719,0,2,50,0,0,0,0,0,0,0x03
2026-09-06T21:05:27.382,720,0,1,52,0,0,0,0,0,0,0x03
2026-09-06T21:05:27.447,721,0,2,51,0,0,0,0,0,0,0x03
2026-09-06T21:05:27.447,722,0,1,52,0,0,0,0,0,0,0x03
2026-09-06T21:05:27.528,723,0,2,50,0,0,0,0,0,0,0x03
2026-09-06T21:05:27.528,724,0,1,50,0,0,0,0,0,0,0x03
2026-09-06T21:05:27.594,725,0,2,50,0,0,0,0,0,0,0x03
2026-09-06T21:05:27.594,726,0,1,52,0,0,0,0,0,0,0x03
2026-09-06T21:05:27.659,727,0,2,51,0,0,0,0,0,0,0x03
2026-09-06T21:05:27.659,728,0,1,51,0,0,0,0,0,0,0x03
2026-09-06T21:05:27.724,729,0,2,50,0,0,0,0,0,0,0x03
2026-09-06T21:05:27.724,730,0,1,50,0,0,0,0,0,0,0x03
2026-09-06T21:05:27.789,731,0,2,50,0,0,0,0,0,0,0x03
2026-09-06T21:05:27.789,732,0,1,50,0,0,0,0,0,0,0x03
2026-09-06T21:05:27.854,733,0,2,54,0,0,0,0,0,0,0x03
2026-09-06T21:05:27.854,734,0,1,52,0,0,0,0,0,0,0x03
2026-09-06T21:05:27.919,735,0,2,50,0,0,0,0,0,0,0x03
2026-09-06T21:05:27.919,736,0,1,50,0,0,0,0,0,0,0x03
2026-09-06T21:05:27.985,737,0,2,50,0,0,0,0,0,0,0x03
2026-09-06T21:05:27.985,738,0,1,50,0,0,0,0,0,0,0x03
2026-09-06T21:05:28.066,739,0,2,52,0,0,0,0,0,0,0x03
2026-09-06T21:05:28.066,740,0,1,52,0,0,0,0,0,0,0x03
2026-09-06T21:05:28.131,741,0,2,56,0,0,0,0,0,0,0x03
2026-09-06T21:05:28.131,742,0,1,51,0,0,0,0,0,0,0x03
2026-09-06T21:05:28.196,743,0,2,51,0,0,0,0,0,0,0x03
2026-09-06T21:05:28.196,744,0,1,51,0,0,0,0,0,0,0x03
2026-09-06T21:05:28.262,745,0,2,51,0,0,0,0,0,0,0x03
2026-09-06T21:05:28.262,746,0,1,54,0,0,0,0,0,0,0x03
2026-09-06T21:05:28.327,747,0,2,52,0,0,0,0,0,0,0x03
2026-09-06T21:05:28.327,748,0,1,51,0,0,0,0,0,0,0x03
2026-09-06T21:05:28.392,749,0,2,52,0,0,0,0,0,0,0x03
2026-09-06T21:05:28.392,750,0,1,51,0,0,0,0,0,0,0x03
2026-09-06T21:05:28.457,751,0,2,51,0,0,0,0,0,0,0x03
2026-09-06T21:05:28.458,752,0,1,51,0,0,0,0,0,0,0x03
2026-09-06T21:05:28.523,753,0,2,51,0,0,0,0,0,0,0x03
2026-09-06T21:05:28.523,754,0,1,50,0,0,0,0,0,0,0x03
2026-09-06T21:05:28.588,755,0,2,52,0,0,0,0,0,0,0x03
2026-09-06T21:05:28.588,756,0,1,50,0,0,0,0,0,0,0x03
2026-09-06T21:05:28.669,757,0,2,51,0,0,0,0,0,0,0x03
2026-09-06T21:05:28.669,758,0,1,51,0,0,0,0,0,0,0x03
2026-09-06T21:05:28.734,759,0,2,51,0,0,0,0,0,0,0x03
2026-09-06T21:05:28.734,760,0,1,53,0,0,0,0,0,0,0x03
2026-09-06T21:05:28.800,761,0,2,54,0,0,0,0,0,0,0x03
2026-09-06T21:05:28.800,762,0,1,51,0,0,0,0,0,0,0x03
2026-09-06T21:05:28.865,763,0,2,52,0,0,0,0,0,0,0x03
2026-09-06T21:05:28.865,764,0,1,51,0,0,0,0,0,0,0x03
2026-09-06T21:05:28.930,765,0,2,51,0,0,0,0,0,0,0x03
2026-09-06T21:05:28.930,766,0,1,50,0,0,0,0,0,0,0x03
2026-09-06T21:05:28.995,767,0,2,51,0,0,0,0,0,0,0x03
2026-09-06T21:05:28.995,768,0,1,50,0,0,0,0,0,0,0x03
2026-09-06T21:05:29.060,769,0,2,51,0,0,0,0,0,0,0x03
2026-09-06T21:05:29.060,770,0,1,52,0,0,0,0,0,0,0x03
2026-09-06T21:05:29.125,771,0,2,52,0,0,0,0,0,0,0x03
2026-09-06T21:05:29.125,772,0,1,52,0,0,0,0,0,0,0x03
2026-09-06T21:05:29.191,773,0,2,50,0,0,0,0,0,0,0x03
2026-09-06T21:05:29.191,774,0,1,50,0,0,0,0,0,0,0x03
2026-09-06T21:05:29.255,775,0,2,52,0,0,0,0,0,0,0x03
2026-09-06T21:05:29.255,776,0,1,51,0,0,0,0,0,0,0x03
2026-09-06T21:05:29.336,777,0,2,50,0,0,0,0,0,0,0x03
2026-09-06T21:05:29.337,778,0,1,50,0,0,0,0,0,0,0x03
2026-09-06T21:05:29.402,779,0,2,52,0,0,0,0,0,0,0x03
2026-09-06T21:05:29.402,780,0,1,55,0,0,0,0,0,0,0x03
2026-09-06T21:05:29.467,781,0,2,51,0,0,0,0,0,0,0x03
2026-09-06T21:05:29.467,782,0,1,50,0,0,0,0,0,0,0x03
2026-09-06T21:05:29.532,783,0,2,51,0,0,0,0,0,0,0x03
2026-09-06T21:05:29.532,784,0,1,52,0,0,0,0,0,0,0x03
2026-09-06T21:05:29.597,785,0,2,51,0,0,0,0,0,0,0x03
2026-09-06T21:05:29.597,786,0,1,50,0,0,0,0,0,0,0x03
2026-09-06T21:05:29.662,787,0,2,50,0,0,0,0,0,0,0x03
2026-09-06T21:05:29.662,788,0,1,51,0,0,0,0,0,0,0x03
2026-09-06T21:05:29.728,789,0,2,51,0,0,0,0,0,0,0x03
2026-09-06T21:05:29.728,790,0,1,50,0,0,0,0,0,0,0x03
2026-09-06T21:05:29.793,791,0,2,52,0,0,0,0,0,0,0x03
2026-09-06T21:05:29.793,792,0,1,52,0,0,0,0,0,0,0x03
2026-09-06T21:05:29.874,793,0,2,50,0,0,0,0,0,0,0x03
2026-09-06T21:05:29.874,794,0,1,51,0,0,0,0,0,0,0x03
2026-09-06T21:05:29.939,795,0,2,51,0,0,0,0,0,0,0x03
2026-09-06T21:05:29.940,796,0,1,51,0,0,0,0,0,0,0x03
2026-09-06T21:05:30.004,797,0,2,50,0,0,0,0,0,0,0x03
2026-09-06T21:05:30.004,798,0,1,51,0,0,0,0,0,0,0x03
2026-09-06T21:05:30.069,799,0,2,50,0,0,0,0,0,0,0x03
2026-09-06T21:05:30.069,800,0,1,50,0,0,0,0,0,0,0x03
2026-09-06T21:05:30.134,801,0,2,50,0,0,0,0,0,0,0x03
2026-09-06T21:05:30.134,802,0,1,51,0,0,0,0,0,0,0x03
2026-09-06T21:05:30.200,803,0,2,51,0,0,0,0,0,0,0x03
2026-09-06T21:05:30.200,804,0,1,55,0,0,0,0,0,0,0x03
2026-09-06T21:05:30.265,805,0,2,51,0,0,0,0,0,0,0x03
2026-09-06T21:05:30.266,806,0,1,51,0,0,0,0,0,0,0x03
2026-09-06T21:05:30.332,807,0,2,52,0,0,0,0,0,0,0x03
2026-09-06T21:05:30.332,808,0,1,50,0,0,0,0,0,0,0x03
2026-09-06T21:05:30.396,809,0,2,50,0,0,0,0,0,0,0x03
2026-09-06T21:05:30.396,810,0,1,51,0,0,0,0,0,0,0x03
2026-09-06T21:05:30.477,811,0,2,50,0,0,0,0,0,0,0x03
2026-09-06T21:05:30.477,812,0,1,52,0,0,0,0,0,0,0x03
2026-09-06T21:05:30.527,813,0,2,51,0,0,0,0,0,0,0x03
2026-09-06T21:05:30.527,814,0,1,50,0,0,0,0,0,0,0x03
2026-09-06T21:05:30.608,815,0,2,50,0,0,0,0,0,0,0x03
2026-09-06T21:05:30.608,816,0,1,52,0,0,0,0,0,0,0x03
2026-09-06T21:05:30.673,817,0,2,53,0,0,0,0,0,0,0x03
2026-09-06T21:05:30.673,818,0,1,53,0,0,0,0,0,0,0x03
2026-09-06T21:05:30.738,819,0,2,53,0,0,0,0,0,0,0x03
2026-09-06T21:05:30.738,820,0,1,52,0,0,0,0,0,0,0x03
2026-09-06T21:05:30.804,821,0,2,50,0,0,0,0,0,0,0x03
2026-09-06T21:05:30.804,822,0,1,51,0,0,0,0,0,0,0x03
2026-09-06T21:05:30.869,823,0,2,51,0,0,0,0,0,0,0x03
2026-09-06T21:05:30.869,824,0,1,53,0,0,0,0,0,0,0x03
2026-09-06T21:05:30.934,825,0,2,51,0,0,0,0,0,0,0x03
2026-09-06T21:05:30.934,826,0,1,50,0,0,0,0,0,0,0x03
2026-09-06T21:05:30.998,827,0,2,51,0,0,0,0,0,0,0x03
2026-09-06T21:05:30.998,828,0,1,50,0,0,0,0,0,0,0x03
2026-09-06T21:05:31.064,829,0,2,51,0,0,0,0,0,0,0x03
2026-09-06T21:05:31.064,830,0,1,51,0,0,0,0,0,0,0x03
2026-09-06T21:05:31.146,831,0,2,50,0,0,0,0,0,0,0x03
2026-09-06T21:05:31.146,832,0,1,53,0,0,0,0,0,0,0x03
2026-09-06T21:05:31.275,833,0,2,50,0,0,0,0,0,0,0x03
2026-09-06T21:05:31.275,834,0,1,50,0,0,0,0,0,0,0x03
2026-09-06T21:05:31.341,835,0,2,50,0,0,0,0,0,0,0x03
2026-09-06T21:05:31.341,836,0,1,50,0,0,0,0,0,0,0x03
2026-09-06T21:05:31.406,837,0,2,52,0,0,0,0,0,0,0x03
2026-09-06T21:05:31.406,838,0,1,51,0,0,0,0,0,0,0x03
2026-09-06T21:05:31.471,839,0,2,51,0,0,0,0,0,0,0x03
2026-09-06T21:05:31.472,840,0,1,52,0,0,0,0,0,0,0x03
2026-09-06T21:05:31.537,841,0,2,52,0,0,0,0,0,0,0x03
2026-09-06T21:05:31.537,842,0,1,52,0,0,0,0,0,0,0x03
2026-09-06T21:05:31.602,843,0,2,51,0,0,0,0,0,0,0x03
2026-09-06T21:05:31.602,844,0,1,52,0,0,0,0,0,0,0x03
2026-09-06T21:05:31.667,845,0,2,51,0,0,0,0,0,0,0x03
2026-09-06T21:05:31.667,846,0,1,50,0,0,0,0,0,0,0x03
2026-09-06T21:05:31.749,847,0,2,50,0,0,0,0,0,0,0x03
2026-09-06T21:05:31.749,848,0,1,52,0,0,0,0,0,0,0x03
2026-09-06T21:05:31.814,849,0,2,50,0,0,0,0,0,0,0x03
2026-09-06T21:05:31.814,850,0,1,51,0,0,0,0,0,0,0x03
2026-09-06T21:05:31.879,851,0,2,51,0,0,0,0,0,0,0x03
2026-09-06T21:05:31.879,852,0,1,50,0,0,0,0,0,0,0x03
2026-09-06T21:05:31.944,853,0,2,54,0,0,0,0,0,0,0x03
2026-09-06T21:05:31.944,854,0,1,54,0,0,0,0,0,0,0x03
2026-09-06T21:05:32.010,855,0,2,51,0,0,0,0,0,0,0x03
2026-09-06T21:05:32.010,856,0,1,52,0,0,0,0,0,0,0x03
2026-09-06T21:05:32.075,857,0,2,51,0,0,0,0,0,0,0x03
2026-09-06T21:05:32.075,858,0,1,50,0,0,0,0,0,0,0x03
2026-09-06T21:05:32.141,859,0,2,52,0,0,0,0,0,0,0x03
2026-09-06T21:05:32.141,860,0,1,51,0,0,0,0,0,0,0x03
2026-09-06T21:05:32.206,861,0,2,56,0,0,0,0,0,0,0x03
2026-09-06T21:05:32.206,862,0,1,51,0,0,0,0,0,0,0x03
2026-09-06T21:05:32.271,863,0,2,50,0,0,0,0,0,0,0x03
2026-09-06T21:05:32.271,864,0,1,52,0,0,0,0,0,0,0x03
2026-09-06T21:05:32.337,865,0,2,51,0,0,0,0,0,0,0x03
2026-09-06T21:05:32.337,866,0,1,51,0,0,0,0,0,0,0x03
2026-09-06T21:05:32.418,867,0,2,51,0,0,0,0,0,0,0x03
2026-09-06T21:05:32.418,868,0,1,51,0,0,0,0,0,0,0x03
2026-09-06T21:05:32.483,869,0,2,50,0,0,0,0,0,0,0x03
2026-09-06T21:05:32.483,870,0,1,52,0,0,0,0,0,0,0x03
2026-09-06T21:05:32.548,871,0,2,51,0,0,0,0,0,0,0x03
2026-09-06T21:05:32.549,872,0,1,50,0,0,0,0,0,0,0x03
2026-09-06T21:05:32.613,873,0,2,51,0,0,0,0,0,0,0x03
2026-09-06T21:05:32.613,874,0,1,52,0,0,0,0,0,0,0x03
2026-09-06T21:05:32.678,875,0,2,50,0,0,0,0,0,0,0x03
2026-09-06T21:05:32.678,876,0,1,50,0,0,0,0,0,0,0x03
2026-09-06T21:05:32.743,877,0,2,50,0,0,0,0,0,0,0x03
2026-09-06T21:05:32.743,878,0,1,51,0,0,0,0,0,0,0x03
2026-09-06T21:05:32.808,879,0,2,50,0,0,0,0,0,0,0x03
2026-09-06T21:05:32.808,880,0,1,50,0,0,0,0,0,0,0x03
2026-09-06T21:05:32.873,881,0,2,50,0,0,0,0,0,0,0x03
2026-09-06T21:05:32.873,882,0,1,52,0,0,0,0,0,0,0x03
2026-09-06T21:05:32.954,883,0,2,50,0,0,0,0,0,0,0x03
2026-09-06T21:05:32.954,884,0,1,52,0,0,0,0,0,0,0x03
2026-09-06T21:05:33.018,885,0,2,51,0,0,0,0,0,0,0x03
2026-09-06T21:05:33.018,886,0,1,50,0,0,0,0,0,0,0x03
2026-09-06T21:05:33.083,887,0,2,53,0,0,0,0,0,0,0x03
2026-09-06T21:05:33.083,888,0,1,50,0,0,0,0,0,0,0x03
2026-09-06T21:05:33.148,889,0,2,50,0,0,0,0,0,0,0x03
2026-09-06T21:05:33.148,890,0,1,52,0,0,0,0,0,0,0x03
2026-09-06T21:05:33.213,891,0,2,50,0,0,0,0,0,0,0x03
2026-09-06T21:05:33.213,892,0,1,50,0,0,0,0,0,0,0x03
2026-09-06T21:05:33.278,893,0,2,50,0,0,0,0,0,0,0x03
2026-09-06T21:05:33.278,894,0,1,50,0,0,0,0,0,0,0x03
2026-09-06T21:05:33.342,895,0,2,52,0,0,0,0,0,0,0x03
2026-09-06T21:05:33.342,896,0,1,50,0,0,0,0,0,0,0x03
2026-09-06T21:05:33.407,897,0,2,50,0,0,0,0,0,0,0x03
2026-09-06T21:05:33.407,898,0,1,52,0,0,0,0,0,0,0x03
2026-09-06T21:05:33.488,899,0,2,50,0,0,0,0,0,0,0x03
2026-09-06T21:05:33.488,900,0,1,51,0,0,0,0,0,0,0x03
2026-09-06T21:05:33.553,901,0,2,50,0,0,0,0,0,0,0x03
2026-09-06T21:05:33.553,902,0,1,50,0,0,0,0,0,0,0x03
2026-09-06T21:05:33.618,903,0,2,52,0,0,0,0,0,0,0x03
2026-09-06T21:05:33.618,904,0,1,52,0,0,0,0,0,0,0x03
2026-09-06T21:05:33.683,905,0,2,51,0,0,0,0,0,0,0x03
2026-09-06T21:05:33.683,906,0,1,52,0,0,0,0,0,0,0x03
2026-09-06T21:05:33.748,907,0,2,51,0,0,0,0,0,0,0x03
2026-09-06T21:05:33.748,908,0,1,52,0,0,0,0,0,0,0x03
2026-09-06T21:05:33.813,909,0,2,51,0,0,0,0,0,0,0x03
2026-09-06T21:05:33.813,910,0,1,52,0,0,0,0,0,0,0x03
2026-09-06T21:05:33.878,911,0,2,50,0,0,0,0,0,0,0x03
2026-09-06T21:05:33.878,912,0,1,51,0,0,0,0,0,0,0x03
2026-09-06T21:05:33.943,913,0,2,51,0,0,0,0,0,0,0x03
2026-09-06T21:05:33.943,914,0,1,50,0,0,0,0,0,0,0x03
2026-09-06T21:05:34.024,915,0,2,51,0,0,0,0,0,0,0x03
2026-09-06T21:05:34.024,916,0,1,50,0,0,0,0,0,0,0x03
2026-09-06T21:05:34.089,917,0,2,51,0,0,0,0,0,0,0x03
2026-09-06T21:05:34.089,918,0,1,51,0,0,0,0,0,0,0x03
2026-09-06T21:05:34.154,919,0,2,52,0,0,0,0,0,0,0x03
2026-09-06T21:05:34.154,920,0,1,51,0,0,0,0,0,0,0x03
2026-09-06T21:05:34.219,921,0,2,52,0,0,0,0,0,0,0x03
2026-09-06T21:05:34.219,922,0,1,50,0,0,0,0,0,0,0x03
2026-09-06T21:05:34.283,923,0,2,51,0,0,0,0,0,0,0x03
2026-09-06T21:05:34.283,924,0,1,51,0,0,0,0,0,0,0x03
2026-09-06T21:05:34.348,925,0,2,50,0,0,0,0,0,0,0x03
2026-09-06T21:05:34.348,926,0,1,51,0,0,0,0,0,0,0x03
2026-09-06T21:05:34.414,927,0,2,50,0,0,0,0,0,0,0x03
2026-09-06T21:05:34.414,928,0,1,52,0,0,0,0,0,0,0x03
2026-09-06T21:05:34.479,929,0,2,50,0,0,0,0,0,0,0x03
2026-09-06T21:05:34.479,930,0,1,50,0,0,0,0,0,0,0x03
2026-09-06T21:05:34.560,931,0,2,51,0,0,0,0,0,0,0x03
2026-09-06T21:05:34.560,932,0,1,52,0,0,0,0,0,0,0x03
2026-09-06T21:05:34.625,933,0,2,50,0,0,0,0,0,0,0x03
2026-09-06T21:05:34.625,934,0,1,50,0,0,0,0,0,0,0x03
2026-09-06T21:05:34.690,935,0,2,51,0,0,0,0,0,0,0x03
2026-09-06T21:05:34.690,936,0,1,50,0,0,0,0,0,0,0x03
2026-09-06T21:05:34.754,937,0,2,50,0,0,0,0,0,0,0x03
2026-09-06T21:05:34.754,938,0,1,51,0,0,0,0,0,0,0x03
2026-09-06T21:05:34.819,939,0,2,52,0,0,0,0,0,0,0x03
2026-09-06T21:05:34.819,940,0,1,51,0,0,0,0,0,0,0x03
2026-09-06T21:05:34.884,941,0,2,51,0,0,0,0,0,0,0x03
2026-09-06T21:05:34.884,942,0,1,52,0,0,0,0,0,0,0x03
2026-09-06T21:05:34.949,943,0,2,52,0,0,0,0,0,0,0x03
2026-09-06T21:05:34.949,944,0,1,52,0,0,0,0,0,0,0x03
2026-09-06T21:05:35.030,945,0,2,51,0,0,0,0,0,0,0x03
2026-09-06T21:05:35.030,946,0,1,51,0,0,0,0,0,0,0x03
2026-09-06T21:05:35.095,947,0,2,52,0,0,0,0,0,0,0x03
2026-09-06T21:05:35.095,948,0,1,51,0,0,0,0,0,0,0x03
2026-09-06T21:05:35.160,949,0,2,50,0,0,0,0,0,0,0x03
2026-09-06T21:05:35.160,950,0,1,53,0,0,0,0,0,0,0x03
2026-09-06T21:05:35.225,951,0,2,50,0,0,0,0,0,0,0x03
2026-09-06T21:05:35.225,952,0,1,51,0,0,0,0,0,0,0x03
2026-09-06T21:05:35.290,953,0,2,51,0,0,0,0,0,0,0x03
2026-09-06T21:05:35.290,954,0,1,50,0,0,0,0,0,0,0x03
2026-09-06T21:05:35.355,955,0,2,57,0,0,0,0,0,0,0x03
2026-09-06T21:05:35.355,956,0,1,52,0,0,0,0,0,0,0x03
2026-09-06T21:05:35.419,958,0,1,52,0,0,0,0,0,0,0x03
2026-09-06T21:05:35.419,957,0,2,50,0,0,0,0,0,0,0x03
2026-09-06T21:05:35.484,959,0,2,51,0,0,0,0,0,0,0x03
2026-09-06T21:05:35.484,958,0,1,51,0,0,0,0,0,0,0x03
2026-09-06T21:05:35.565,959,0,2,51,0,0,0,0,0,0,0x03
2026-09-06T21:05:35.565,958,0,1,51,0,0,0,0,0,0,0x03
2026-09-06T21:05:35.630,959,0,2,51,0,0,0,0,0,0,0x03
2026-09-06T21:05:35.630,964,0,1,55,0,0,0,0,0,0,0x03
2026-09-06T21:05:35.695,965,0,2,50,0,0,0,0,0,0,0x03
2026-09-06T21:05:35.695,966,0,1,52,0,0,0,0,0,0,0x03
2026-09-06T21:05:35.759,967,0,2,50,0,0,0,0,0,0,0x03
2026-09-06T21:05:35.759,968,0,1,51,0,0,0,0,0,0,0x03
2026-09-06T21:05:35.824,969,0,2,55,0,0,0,0,0,0,0x03
2026-09-06T21:05:35.824,970,0,1,53,0,0,0,0,0,0,0x03
2026-09-06T21:05:35.889,971,0,2,50,0,0,0,0,0,0,0x03
2026-09-06T21:05:35.889,972,0,1,51,0,0,0,0,0,0,0x03
2026-09-06T21:05:35.953,973,0,2,50,0,0,0,0,0,0,0x03
2026-09-06T21:05:35.953,974,0,1,52,0,0,0,0,0,0,0x03
2026-09-06T21:05:36.018,975,0,2,51,0,0,0,0,0,0,0x03
2026-09-06T21:05:36.018,976,0,1,55,0,0,0,0,0,0,0x03
2026-09-06T21:05:36.099,977,0,2,50,0,0,0,0,0,0,0x03
2026-09-06T21:05:36.099,978,0,1,50,0,0,0,0,0,0,0x03
2026-09-06T21:05:36.164,979,0,2,51,0,0,0,0,0,0,0x03
2026-09-06T21:05:36.164,980,0,1,50,0,0,0,0,0,0,0x03
2026-09-06T21:05:36.229,981,0,2,51,0,0,0,0,0,0,0x03
2026-09-06T21:05:36.229,982,0,1,51,0,0,0,0,0,0,0x03
2026-09-06T21:05:36.294,983,0,2,52,0,0,0,0,0,0,0x03
2026-09-06T21:05:36.294,984,0,1,51,0,0,0,0,0,0,0x03
2026-09-06T21:05:36.358,985,0,2,51,0,0,0,0,0,0,0x03
2026-09-06T21:05:36.358,986,0,1,50,0,0,0,0,0,0,0x03
2026-09-06T21:05:36.423,987,0,2,52,0,0,0,0,0,0,0x03
2026-09-06T21:05:36.423,988,0,1,51,0,0,0,0,0,0,0x03
2026-09-06T21:05:36.488,989,0,2,53,0,0,0,0,0,0,0x03
2026-09-06T21:05:36.488,990,0,1,50,0,0,0,0,0,0,0x03
2026-09-06T21:05:36.569,991,0,2,51,0,0,0,0,0,0,0x03
2026-09-06T21:05:36.569,992,0,1,50,0,0,0,0,0,0,0x03
2026-09-06T21:05:36.634,993,0,2,52,0,0,0,0,0,0,0x03
2026-09-06T21:05:36.634,994,0,1,51,0,0,0,0,0,0,0x03
2026-09-06T21:05:36.699,995,0,2,50,0,0,0,0,0,0,0x03
2026-09-06T21:05:36.699,996,0,1,52,0,0,0,0,0,0,0x03
2026-09-06T21:05:36.764,997,0,2,52,0,0,0,0,0,0,0x03
2026-09-06T21:05:36.764,998,0,1,52,0,0,0,0,0,0,0x03
2026-09-06T21:05:36.829,999,0,2,52,0,0,0,0,0,0,0x03
2026-09-06T21:05:36.829,1000,0,1,50,0,0,0,0,0,0,0x03
2026-09-06T21:05:36.894,1001,0,2,50,0,0,0,0,0,0,0x03
2026-09-06T21:05:36.894,1002,0,1,50,0,0,0,0,0,0,0x03
2026-09-06T21:05:36.958,1003,0,2,50,0,0,0,0,0,0,0x03
2026-09-06T21:05:36.958,1004,0,1,50,0,0,0,0,0,0,0x03
2026-09-06T21:05:37.023,1005,0,2,50,0,0,0,0,0,0,0x03
2026-09-06T21:05:37.023,1006,0,1,51,0,0,0,0,0,0,0x03
2026-09-06T21:05:37.104,1007,0,2,50,0,0,0,0,0,0,0x03
2026-09-06T21:05:37.104,1008,0,1,50,0,0,0,0,0,0,0x03
2026-09-06T21:05:37.169,1009,0,2,54,0,0,0,0,0,0,0x03
2026-09-06T21:05:37.169,1010,0,1,54,0,0,0,0,0,0,0x03
2026-09-06T21:05:37.234,1011,0,2,51,0,0,0,0,0,0,0x03
2026-09-06T21:05:37.234,1012,0,1,50,0,0,0,0,0,0,0x03
2026-09-06T21:05:37.299,1013,0,2,52,0,0,0,0,0,0,0x03
2026-09-06T21:05:37.299,1014,0,1,51,0,0,0,0,0,0,0x03
2026-09-06T21:05:37.364,1015,0,2,54,0,0,0,0,0,0,0x03
2026-09-06T21:05:37.364,1016,0,1,51,0,0,0,0,0,0,0x03
2026-09-06T21:05:37.428,1017,0,2,51,0,0,0,0,0,0,0x03
2026-09-06T21:05:37.428,1018,0,1,52,0,0,0,0,0,0,0x03
2026-09-06T21:05:37.493,1019,0,2,50,0,0,0,0,0,0,0x03
2026-09-06T21:05:37.493,1020,0,1,51,0,0,0,0,0,0,0x03
2026-09-06T21:05:37.575,1021,0,2,50,0,0,0,0,0,0,0x03
2026-09-06T21:05:37.575,1022,0,1,52,0,0,0,0,0,0,0x03
2026-09-06T21:05:37.640,1023,0,2,51,0,0,0,0,0,0,0x03
2026-09-06T21:05:37.640,1024,0,1,51,0,0,0,0,0,0,0x03
2026-09-06T21:05:37.705,1025,0,2,51,0,0,0,0,0,0,0x03
2026-09-06T21:05:37.705,1026,0,1,50,0,0,0,0,0,0,0x03
2026-09-06T21:05:37.770,1027,0,2,53,0,0,0,0,0,0,0x03
2026-09-06T21:05:37.770,1028,0,1,55,0,0,0,0,0,0,0x03
2026-09-06T21:05:37.835,1029,0,2,51,0,0,0,0,0,0,0x03
2026-09-06T21:05:37.835,1030,0,1,52,0,0,0,0,0,0,0x03
2026-09-06T21:05:37.900,1031,0,2,51,0,0,0,0,0,0,0x03
2026-09-06T21:05:37.900,1032,0,1,50,0,0,0,0,0,0,0x03
2026-09-06T21:05:37.965,1033,0,2,51,0,0,0,0,0,0,0x03
2026-09-06T21:05:37.965,1034,0,1,50,0,0,0,0,0,0,0x03
2026-09-06T21:05:38.029,1035,0,2,50,0,0,0,0,0,0,0x03
2026-09-06T21:05:38.029,1036,0,1,55,0,0,0,0,0,0,0x03
2026-09-06T21:05:38.110,1037,0,2,52,0,0,0,0,0,0,0x03
2026-09-06T21:05:38.110,1038,0,1,52,0,0,0,0,0,0,0x03
2026-09-06T21:05:38.175,1039,0,2,51,0,0,0,0,0,0,0x03
2026-09-06T21:05:38.175,1040,0,1,51,0,0,0,0,0,0,0x03
2026-09-06T21:05:38.240,1041,0,2,52,0,0,0,0,0,0,0x03
2026-09-06T21:05:38.240,1042,0,1,52,0,0,0,0,0,0,0x03
2026-09-06T21:05:38.305,1043,0,2,51,0,0,0,0,0,0,0x03
2026-09-06T21:05:38.305,1044,0,1,51,0,0,0,0,0,0,0x03
2026-09-06T21:05:38.370,1045,0,2,52,0,0,0,0,0,0,0x03
2026-09-06T21:05:38.370,1046,0,1,52,0,0,0,0,0,0,0x03
2026-09-06T21:05:38.434,1047,0,2,51,0,0,0,0,0,0,0x03
2026-09-06T21:05:38.435,1048,0,1,50,0,0,0,0,0,0,0x03
2026-09-06T21:05:38.500,1049,0,2,51,0,0,0,0,0,0,0x03
2026-09-06T21:05:38.500,1050,0,1,51,0,0,0,0,0,0,0x03
2026-09-06T21:05:38.564,1051,0,2,50,0,0,0,0,0,0,0x03
2026-09-06T21:05:38.564,1052,0,1,52,0,0,0,0,0,0,0x03
2026-09-06T21:05:38.645,1053,0,2,51,0,0,0,0,0,0,0x03
2026-09-06T21:05:38.645,1054,0,1,52,0,0,0,0,0,0,0x03
2026-09-06T21:05:38.710,1055,0,2,50,0,0,0,0,0,0,0x03
2026-09-06T21:05:38.710,1056,0,1,51,0,0,0,0,0,0,0x03
2026-09-06T21:05:38.775,1057,0,2,52,0,0,0,0,0,0,0x03
2026-09-06T21:05:38.775,1058,0,1,50,0,0,0,0,0,0,0x03
2026-09-06T21:05:38.840,1059,0,2,52,0,0,0,0,0,0,0x03
2026-09-06T21:05:38.840,1060,0,1,51,0,0,0,0,0,0,0x03
2026-09-06T21:05:38.905,1061,0,2,50,0,0,0,0,0,0,0x03
2026-09-06T21:05:38.905,1062,0,1,52,0,0,0,0,0,0,0x03
2026-09-06T21:05:38.970,1063,0,2,50,0,0,0,0,0,0,0x03
2026-09-06T21:05:38.970,1064,0,1,52,0,0,0,0,0,0,0x03
2026-09-06T21:05:39.035,1065,0,2,52,0,0,0,0,0,0,0x03
2026-09-06T21:05:39.035,1066,0,1,52,0,0,0,0,0,0,0x03
2026-09-06T21:05:39.100,1067,0,2,52,0,0,0,0,0,0,0x03
2026-09-06T21:05:39.100,1068,0,1,50,0,0,0,0,0,0,0x03
2026-09-06T21:05:39.181,1069,0,2,51,0,0,0,0,0,0,0x03
2026-09-06T21:05:39.181,1070,0,1,52,0,0,0,0,0,0,0x03
2026-09-06T21:05:39.246,1071,0,2,52,0,0,0,0,0,0,0x03
2026-09-06T21:05:39.247,1072,0,1,52,0,0,0,0,0,0,0x03
2026-09-06T21:05:39.312,1073,0,2,51,0,0,0,0,0,0,0x03
2026-09-06T21:05:39.312,1074,0,1,53,0,0,0,0,0,0,0x03
2026-09-06T21:05:39.377,1075,0,2,51,0,0,0,0,0,0,0x03
2026-09-06T21:05:39.377,1076,0,1,51,0,0,0,0,0,0,0x03
2026-09-06T21:05:39.442,1077,0,2,51,0,0,0,0,0,0,0x03
2026-09-06T21:05:39.442,1078,0,1,51,0,0,0,0,0,0,0x03
2026-09-06T21:05:39.507,1079,0,2,50,0,0,0,0,0,0,0x03
2026-09-06T21:05:39.507,1080,0,1,50,0,0,0,0,0,0,0x03
2026-09-06T21:05:39.572,1081,0,2,51,0,0,0,0,0,0,0x03
2026-09-06T21:05:39.573,1082,0,1,51,0,0,0,0,0,0,0x03
2026-09-06T21:05:39.637,1083,0,2,51,0,0,0,0,0,0,0x03
2026-09-06T21:05:39.637,1084,0,1,50,0,0,0,0,0,0,0x03
2026-09-06T21:05:39.719,1085,0,2,52,0,0,0,0,0,0,0x03
2026-09-06T21:05:39.719,1086,0,1,52,0,0,0,0,0,0,0x03
2026-09-06T21:05:39.768,1087,0,2,50,0,0,0,0,0,0,0x03
2026-09-06T21:05:39.768,1088,0,1,51,0,0,0,0,0,0,0x03
2026-09-06T21:05:39.849,1089,0,2,50,0,0,0,0,0,0,0x03
2026-09-06T21:05:39.849,1090,0,1,50,0,0,0,0,0,0,0x03
2026-09-06T21:05:39.914,1091,0,2,51,0,0,0,0,0,0,0x03
2026-09-06T21:05:39.914,1092,0,1,52,0,0,0,0,0,0,0x03
2026-09-06T21:05:39.979,1093,0,2,52,0,0,0,0,0,0,0x03
2026-09-06T21:05:39.979,1094,0,1,51,0,0,0,0,0,0,0x03
2026-09-06T21:05:40.044,1095,0,2,50,0,0,0,0,0,0,0x03
2026-09-06T21:05:40.044,1096,0,1,50,0,0,0,0,0,0,0x03
2026-09-06T21:05:40.109,1097,0,2,51,0,0,0,0,0,0,0x03
2026-09-06T21:05:40.109,1098,0,1,52,0,0,0,0,0,0,0x03
2026-09-06T21:05:40.173,1099,0,2,54,0,0,0,0,0,0,0x03
2026-09-06T21:05:40.173,1100,0,1,50,0,0,0,0,0,0,0x03
2026-09-06T21:05:40.238,1101,0,2,52,0,0,0,0,0,0,0x03
2026-09-06T21:05:40.239,1102,0,1,52,0,0,0,0,0,0,0x03
2026-09-06T21:05:40.304,1103,0,2,50,0,0,0,0,0,0,0x03
2026-09-06T21:05:40.304,1104,0,1,50,0,0,0,0,0,0,0x03
2026-09-06T21:05:40.385,1105,0,2,51,0,0,0,0,0,0,0x03
2026-09-06T21:05:40.385,1106,0,1,50,0,0,0,0,0,0,0x03
2026-09-06T21:05:40.450,1107,0,2,55,0,0,0,0,0,0,0x03
2026-09-06T21:05:40.450,1108,0,1,54,0,0,0,0,0,0,0x03
2026-09-06T21:05:40.515,1109,0,2,50,0,0,0,0,0,0,0x03
2026-09-06T21:05:40.515,1110,0,1,52,0,0,0,0,0,0,0x03
2026-09-06T21:05:40.580,1111,0,2,50,0,0,0,0,0,0,0x03
2026-09-06T21:05:40.580,1112,0,1,52,0,0,0,0,0,0,0x03
2026-09-06T21:05:40.646,1113,0,2,51,0,0,0,0,0,0,0x03
2026-09-06T21:05:40.646,1114,0,1,50,0,0,0,0,0,0,0x03
2026-09-06T21:05:40.711,1115,0,2,50,0,0,0,0,0,0,0x03
2026-09-06T21:05:40.711,1116,0,1,51,0,0,0,0,0,0,0x03
2026-09-06T21:05:40.776,1117,0,2,50,0,0,0,0,0,0,0x03
2026-09-06T21:05:40.776,1118,0,1,52,0,0,0,0,0,0,0x03
2026-09-06T21:05:40.841,1119,0,2,54,0,0,0,0,0,0,0x03
2026-09-06T21:05:40.841,1120,0,1,52,0,0,0,0,0,0,0x03
2026-09-06T21:05:40.907,1121,0,2,51,0,0,0,0,0,0,0x03
2026-09-06T21:05:40.907,1122,0,1,50,0,0,0,0,0,0,0x03
2026-09-06T21:05:40.988,1123,0,2,51,0,0,0,0,0,0,0x03
2026-09-06T21:05:40.988,1124,0,1,51,0,0,0,0,0,0,0x03
2026-09-06T21:05:41.053,1125,0,2,52,0,0,0,0,0,0,0x03
2026-09-06T21:05:41.053,1126,0,1,50,0,0,0,0,0,0,0x03
2026-09-06T21:05:41.119,1127,0,2,50,0,0,0,0,0,0,0x03
2026-09-06T21:05:41.119,1128,0,1,52,0,0,0,0,0,0,0x03
2026-09-06T21:05:41.184,1129,0,2,51,0,0,0,0,0,0,0x03
2026-09-06T21:05:41.184,1130,0,1,50,0,0,0,0,0,0,0x03
2026-09-06T21:05:41.249,1131,0,2,51,0,0,0,0,0,0,0x03
2026-09-06T21:05:41.249,1132,0,1,50,0,0,0,0,0,0,0x03
2026-09-06T21:05:41.314,1133,0,2,50,0,0,0,0,0,0,0x03
2026-09-06T21:05:41.314,1134,0,1,51,0,0,0,0,0,0,0x03
2026-09-06T21:05:41.379,1135,0,2,50,0,0,0,0,0,0,0x03
2026-09-06T21:05:41.379,1136,0,1,50,0,0,0,0,0,0,0x03
2026-09-06T21:05:41.444,1137,0,2,52,0,0,0,0,0,0,0x03
2026-09-06T21:05:41.444,1138,0,1,52,0,0,0,0,0,0,0x03
2026-09-06T21:05:41.526,1139,0,2,51,0,0,0,0,0,0,0x03
2026-09-06T21:05:41.526,1140,0,1,50,0,0,0,0,0,0,0x03
2026-09-06T21:05:41.575,1141,0,2,50,0,0,0,0,0,0,0x03
2026-09-06T21:05:41.575,1142,0,1,52,0,0,0,0,0,0,0x03
2026-09-06T21:05:41.656,1143,0,2,50,0,0,0,0,0,0,0x03
2026-09-06T21:05:41.656,1144,0,1,52,0,0,0,0,0,0,0x03
2026-09-06T21:05:41.721,1145,0,2,51,0,0,0,0,0,0,0x03
2026-09-06T21:05:41.721,1146,0,1,50,0,0,0,0,0,0,0x03
2026-09-06T21:05:41.786,1147,0,2,51,0,0,0,0,0,0,0x03
2026-09-06T21:05:41.786,1148,0,1,51,0,0,0,0,0,0,0x03
2026-09-06T21:05:41.851,1149,0,2,50,0,0,0,0,0,0,0x03
2026-09-06T21:05:41.851,1150,0,1,52,0,0,0,0,0,0,0x03
2026-09-06T21:05:41.916,1151,0,2,51,0,0,0,0,0,0,0x03
2026-09-06T21:05:41.916,1152,0,1,50,0,0,0,0,0,0,0x03
2026-09-06T21:05:41.981,1153,0,2,51,0,0,0,0,0,0,0x03
2026-09-06T21:05:41.981,1154,0,1,52,0,0,0,0,0,0,0x03
2026-09-06T21:05:42.046,1155,0,2,51,0,0,0,0,0,0,0x03
2026-09-06T21:05:42.046,1156,0,1,50,0,0,0,0,0,0,0x03
2026-09-06T21:05:42.111,1157,0,2,51,0,0,0,0,0,0,0x03
2026-09-06T21:05:42.111,1158,0,1,51,0,0,0,0,0,0,0x03
2026-09-06T21:05:42.193,1159,0,2,52,0,0,0,0,0,0,0x03
2026-09-06T21:05:42.193,1160,0,1,53,0,0,0,0,0,0,0x03
2026-09-06T21:05:42.257,1161,0,2,50,0,0,0,0,0,0,0x03
2026-09-06T21:05:42.257,1162,0,1,52,0,0,0,0,0,0,0x03
2026-09-06T21:05:42.323,1163,0,2,50,0,0,0,0,0,0,0x03
2026-09-06T21:05:42.323,1164,0,1,51,0,0,0,0,0,0,0x03
2026-09-06T21:05:42.388,1165,0,2,50,0,0,0,0,0,0,0x03
2026-09-06T21:05:42.388,1166,0,1,52,0,0,0,0,0,0,0x03
2026-09-06T21:05:42.453,1167,0,2,52,0,0,0,0,0,0,0x03
2026-09-06T21:05:42.453,1168,0,1,51,0,0,0,0,0,0,0x03
2026-09-06T21:05:42.519,1169,0,2,51,0,0,0,0,0,0,0x03
2026-09-06T21:05:42.519,1170,0,1,52,0,0,0,0,0,0,0x03
2026-09-06T21:05:42.583,1171,0,2,52,0,0,0,0,0,0,0x03
2026-09-06T21:05:42.583,1172,0,1,50,0,0,0,0,0,0,0x03
2026-09-06T21:05:42.648,1173,0,2,50,0,0,0,0,0,0,0x03
2026-09-06T21:05:42.648,1174,0,1,50,0,0,0,0,0,0,0x03
2026-09-06T21:05:42.729,1175,0,2,50,0,0,0,0,0,0,0x03
2026-09-06T21:05:42.729,1176,0,1,52,0,0,0,0,0,0,0x03
2026-09-06T21:05:42.795,1177,0,2,50,0,0,0,0,0,0,0x03
2026-09-06T21:05:42.795,1178,0,1,50,0,0,0,0,0,0,0x03
2026-09-06T21:05:42.859,1179,0,2,51,0,0,0,0,0,0,0x03
2026-09-06T21:05:42.859,1180,0,1,51,0,0,0,0,0,0,0x03
2026-09-06T21:05:42.924,1181,0,2,53,0,0,0,0,0,0,0x03
2026-09-06T21:05:42.924,1182,0,1,50,0,0,0,0,0,0,0x03
2026-09-06T21:05:42.989,1183,0,2,51,0,0,0,0,0,0,0x03
2026-09-06T21:05:42.989,1184,0,1,51,0,0,0,0,0,0,0x03
2026-09-06T21:05:43.053,1185,0,2,50,0,0,0,0,0,0,0x03
2026-09-06T21:05:43.053,1186,0,1,50,0,0,0,0,0,0,0x03
2026-09-06T21:05:43.118,1187,0,2,52,0,0,0,0,0,0,0x03
2026-09-06T21:05:43.118,1188,0,1,52,0,0,0,0,0,0,0x03
2026-09-06T21:05:43.183,1189,0,2,50,0,0,0,0,0,0,0x03
2026-09-06T21:05:43.183,1190,0,1,51,0,0,0,0,0,0,0x03
2026-09-06T21:05:43.265,1191,0,2,52,0,0,0,0,0,0,0x03
2026-09-06T21:05:43.265,1192,0,1,52,0,0,0,0,0,0,0x03
2026-09-06T21:05:43.330,1193,0,2,51,0,0,0,0,0,0,0x03
2026-09-06T21:05:43.330,1194,0,1,50,0,0,0,0,0,0,0x03
2026-09-06T21:05:43.395,1195,0,2,51,0,0,0,0,0,0,0x03
2026-09-06T21:05:43.395,1196,0,1,51,0,0,0,0,0,0,0x03
2026-09-06T21:05:43.460,1197,0,2,52,0,0,0,0,0,0,0x03
2026-09-06T21:05:43.460,1198,0,1,52,0,0,0,0,0,0,0x03
2026-09-06T21:05:43.526,1199,0,2,50,0,0,0,0,0,0,0x03
2026-09-06T21:05:43.526,1200,0,1,51,0,0,0,0,0,0,0x03
2026-09-06T21:05:43.591,1201,0,2,56,0,0,0,0,0,0,0x03
2026-09-06T21:05:43.591,1202,0,1,51,0,0,0,0,0,0,0x03
2026-09-06T21:05:43.656,1203,0,2,50,0,0,0,0,0,0,0x03
2026-09-06T21:05:43.656,1204,0,1,51,0,0,0,0,0,0,0x03
2026-09-06T21:05:43.721,1205,0,2,50,0,0,0,0,0,0,0x03
2026-09-06T21:05:43.721,1206,0,1,51,0,0,0,0,0,0,0x03
2026-09-06T21:05:43.802,1207,0,2,51,0,0,0,0,0,0,0x03
2026-09-06T21:05:43.802,1208,0,1,51,0,0,0,0,0,0,0x03
2026-09-06T21:05:43.867,1209,0,2,52,0,0,0,0,0,0,0x03
2026-09-06T21:05:43.867,1210,0,1,51,0,0,0,0,0,0,0x03
2026-09-06T21:05:43.932,1211,0,2,50,0,0,0,0,0,0,0x03
2026-09-06T21:05:43.932,1212,0,1,51,0,0,0,0,0,0,0x03
2026-09-06T21:05:43.998,1213,0,2,52,0,0,0,0,0,0,0x03
2026-09-06T21:05:43.998,1214,0,1,52,0,0,0,0,0,0,0x03
2026-09-06T21:05:44.063,1215,0,2,50,0,0,0,0,0,0,0x03
2026-09-06T21:05:44.063,1216,0,1,52,0,0,0,0,0,0,0x03
2026-09-06T21:05:44.127,1217,0,2,50,0,0,0,0,0,0,0x03
2026-09-06T21:05:44.127,1218,0,1,50,0,0,0,0,0,0,0x03
2026-09-06T21:05:44.192,1219,0,2,51,0,0,0,0,0,0,0x03
2026-09-06T21:05:44.192,1220,0,1,50,0,0,0,0,0,0,0x03
2026-09-06T21:05:44.257,1221,0,2,55,0,0,0,0,0,0,0x03
2026-09-06T21:05:44.257,1222,0,1,51,0,0,0,0,0,0,0x03
2026-09-06T21:05:44.338,1223,0,2,50,0,0,0,0,0,0,0x03
2026-09-06T21:05:44.338,1224,0,1,51,0,0,0,0,0,0,0x03
2026-09-06T21:05:44.387,1225,0,2,50,0,0,0,0,0,0,0x03
2026-09-06T21:05:44.387,1226,0,1,51,0,0,0,0,0,0,0x03
2026-09-06T21:05:44.469,1227,0,2,50,0,0,0,0,0,0,0x03
2026-09-06T21:05:44.469,1228,0,1,50,0,0,0,0,0,0,0x03
2026-09-06T21:05:44.534,1229,0,2,50,0,0,0,0,0,0,0x03
2026-09-06T21:05:44.534,1230,0,1,50,0,0,0,0,0,0,0x03
2026-09-06T21:05:44.599,1231,0,2,51,0,0,0,0,0,0,0x03
2026-09-06T21:05:44.599,1232,0,1,52,0,0,0,0,0,0,0x03
2026-09-06T21:05:44.665,1233,0,2,53,0,0,0,0,0,0,0x03
2026-09-06T21:05:44.665,1234,0,1,51,0,0,0,0,0,0,0x03
2026-09-06T21:05:44.730,1235,0,2,51,0,0,0,0,0,0,0x03
2026-09-06T21:05:44.730,1236,0,1,50,0,0,0,0,0,0,0x03
2026-09-06T21:05:44.795,1237,0,2,50,0,0,0,0,0,0,0x03
2026-09-06T21:05:44.795,1238,0,1,50,0,0,0,0,0,0,0x03
2026-09-06T21:05:44.860,1239,0,2,52,0,0,0,0,0,0,0x03
2026-09-06T21:05:44.860,1240,0,1,52,0,0,0,0,0,0,0x03
2026-09-06T21:05:44.925,1241,0,2,52,0,0,0,0,0,0,0x03
2026-09-06T21:05:44.925,1242,0,1,51,0,0,0,0,0,0,0x03
2026-09-06T21:05:45.006,1243,0,2,52,0,0,0,0,0,0,0x03
2026-09-06T21:05:45.006,1244,0,1,50,0,0,0,0,0,0,0x03
2026-09-06T21:05:45.071,1245,0,2,52,0,0,0,0,0,0,0x03
2026-09-06T21:05:45.071,1246,0,1,52,0,0,0,0,0,0,0x03
2026-09-06T21:05:45.136,1247,0,2,50,0,0,0,0,0,0,0x03
2026-09-06T21:05:45.136,1248,0,1,51,0,0,0,0,0,0,0x03
2026-09-06T21:05:45.201,1249,0,2,50,0,0,0,0,0,0,0x03
2026-09-06T21:05:45.201,1250,0,1,52,0,0,0,0,0,0,0x03
2026-09-06T21:05:45.267,1251,0,2,51,0,0,0,0,0,0,0x03
2026-09-06T21:05:45.267,1252,0,1,52,0,0,0,0,0,0,0x03
2026-09-06T21:05:45.332,1253,0,2,55,0,0,0,0,0,0,0x03
2026-09-06T21:05:45.332,1254,0,1,50,0,0,0,0,0,0,0x03
2026-09-06T21:05:45.396,1255,0,2,51,0,0,0,0,0,0,0x03
2026-09-06T21:05:45.396,1256,0,1,54,0,0,0,0,0,0,0x03
2026-09-06T21:05:45.461,1257,0,2,50,0,0,0,0,0,0,0x03
2026-09-06T21:05:45.461,1258,0,1,51,0,0,0,0,0,0,0x03
2026-09-06T21:05:45.542,1259,0,2,51,0,0,0,0,0,0,0x03
2026-09-06T21:05:45.542,1260,0,1,50,0,0,0,0,0,0,0x03
2026-09-06T21:05:45.607,1261,0,2,51,0,0,0,0,0,0,0x03
2026-09-06T21:05:45.607,1262,0,1,51,0,0,0,0,0,0,0x03
2026-09-06T21:05:45.673,1263,0,2,50,0,0,0,0,0,0,0x03
2026-09-06T21:05:45.673,1264,0,1,52,0,0,0,0,0,0,0x03
2026-09-06T21:05:45.738,1265,0,2,52,0,0,0,0,0,0,0x03
2026-09-06T21:05:45.738,1266,0,1,51,0,0,0,0,0,0,0x03
2026-09-06T21:05:45.803,1267,0,2,51,0,0,0,0,0,0,0x03
2026-09-06T21:05:45.803,1268,0,1,52,0,0,0,0,0,0,0x03
2026-09-06T21:05:45.884,1269,0,2,52,0,0,0,0,0,0,0x03
2026-09-06T21:05:45.884,1270,0,1,51,0,0,0,0,0,0,0x03
2026-09-06T21:05:45.933,1271,0,2,50,0,0,0,0,0,0,0x03
2026-09-06T21:05:45.933,1272,0,1,50,0,0,0,0,0,0,0x03
2026-09-06T21:05:45.999,1273,0,2,55,0,0,0,0,0,0,0x03
2026-09-06T21:05:45.999,1274,0,1,50,0,0,0,0,0,0,0x03
2026-09-06T21:05:46.063,1275,0,2,50,0,0,0,0,0,0,0x03
2026-09-06T21:05:46.063,1276,0,1,50,0,0,0,0,0,0,0x03
2026-09-06T21:05:46.144,1277,0,2,50,0,0,0,0,0,0,0x03
2026-09-06T21:05:46.145,1278,0,1,51,0,0,0,0,0,0,0x03
2026-09-06T21:05:46.210,1279,0,2,52,0,0,0,0,0,0,0x03
2026-09-06T21:05:46.210,1280,0,1,50,0,0,0,0,0,0,0x03
2026-09-06T21:05:46.274,1281,0,2,51,0,0,0,0,0,0,0x03
2026-09-06T21:05:46.274,1282,0,1,50,0,0,0,0,0,0,0x03
2026-09-06T21:05:46.340,1283,0,2,51,0,0,0,0,0,0,0x03
2026-09-06T21:05:46.340,1284,0,1,50,0,0,0,0,0,0,0x03
2026-09-06T21:05:46.405,1285,0,2,50,0,0,0,0,0,0,0x03
2026-09-06T21:05:46.405,1286,0,1,51,0,0,0,0,0,0,0x03
2026-09-06T21:05:46.470,1287,0,2,50,0,0,0,0,0,0,0x03
2026-09-06T21:05:46.471,1288,0,1,50,0,0,0,0,0,0,0x03
2026-09-06T21:05:46.536,1289,0,2,50,0,0,0,0,0,0,0x03
2026-09-06T21:05:46.536,1290,0,1,50,0,0,0,0,0,0,0x03
2026-09-06T21:05:46.601,1291,0,2,51,0,0,0,0,0,0,0x03
2026-09-06T21:05:46.601,1292,0,1,51,0,0,0,0,0,0,0x03
2026-09-06T21:05:46.681,1293,0,2,52,0,0,0,0,0,0,0x03
2026-09-06T21:05:46.681,1294,0,1,52,0,0,0,0,0,0,0x03
2026-09-06T21:05:46.747,1295,0,2,51,0,0,0,0,0,0,0x03
2026-09-06T21:05:46.747,1296,0,1,51,0,0,0,0,0,0,0x03
2026-09-06T21:05:46.812,1297,0,2,52,0,0,0,0,0,0,0x03
2026-09-06T21:05:46.812,1298,0,1,50,0,0,0,0,0,0,0x03
2026-09-06T21:05:46.876,1299,0,2,50,0,0,0,0,0,0,0x03
2026-09-06T21:05:46.876,1300,0,1,50,0,0,0,0,0,0,0x03
2026-09-06T21:05:46.940,1301,0,2,50,0,0,0,0,0,0,0x03
2026-09-06T21:05:46.940,1302,0,1,50,0,0,0,0,0,0,0x03
2026-09-06T21:05:47.005,1303,0,2,52,0,0,0,0,0,0,0x03
2026-09-06T21:05:47.005,1304,0,1,50,0,0,0,0,0,0,0x03
2026-09-06T21:05:47.070,1305,0,2,50,0,0,0,0,0,0,0x03
2026-09-06T21:05:47.070,1306,0,1,54,0,0,0,0,0,0,0x03
2026-09-06T21:05:47.135,1307,0,2,51,0,0,0,0,0,0,0x03
2026-09-06T21:05:47.135,1308,0,1,51,0,0,0,0,0,0,0x03
2026-09-06T21:05:47.215,1309,0,2,52,0,0,0,0,0,0,0x03
2026-09-06T21:05:47.216,1310,0,1,52,0,0,0,0,0,0,0x03
2026-09-06T21:05:47.280,1311,0,2,51,0,0,0,0,0,0,0x03
2026-09-06T21:05:47.280,1312,0,1,52,0,0,0,0,0,0,0x03
2026-09-06T21:05:47.345,1313,0,2,50,0,0,0,0,0,0,0x03
2026-09-06T21:05:47.345,1314,0,1,51,0,0,0,0,0,0,0x03
2026-09-06T21:05:47.410,1315,0,2,51,0,0,0,0,0,0,0x03
2026-09-06T21:05:47.410,1316,0,1,51,0,0,0,0,0,0,0x03
2026-09-06T21:05:47.475,1317,0,2,52,0,0,0,0,0,0,0x03
2026-09-06T21:05:47.475,1318,0,1,52,0,0,0,0,0,0,0x03
2026-09-06T21:05:47.541,1319,0,2,51,0,0,0,0,0,0,0x03
2026-09-06T21:05:47.541,1320,0,1,50,0,0,0,0,0,0,0x03
2026-09-06T21:05:47.606,1321,0,2,51,0,0,0,0,0,0,0x03
2026-09-06T21:05:47.606,1322,0,1,51,0,0,0,0,0,0,0x03
2026-09-06T21:05:47.671,1323,0,2,50,0,0,0,0,0,0,0x03
2026-09-06T21:05:47.671,1324,0,1,51,0,0,0,0,0,0,0x03
2026-09-06T21:05:47.736,1325,0,2,50,0,0,0,0,0,0,0x03
2026-09-06T21:05:47.736,1326,0,1,53,0,0,0,0,0,0,0x03
2026-09-06T21:05:47.818,1327,0,2,51,0,0,0,0,0,0,0x03
2026-09-06T21:05:47.818,1328,0,1,52,0,0,0,0,0,0,0x03
2026-09-06T21:05:47.882,1329,0,2,51,0,0,0,0,0,0,0x03
2026-09-06T21:05:47.882,1330,0,1,50,0,0,0,0,0,0,0x03
2026-09-06T21:05:47.947,1331,0,2,52,0,0,0,0,0,0,0x03
2026-09-06T21:05:47.947,1332,0,1,51,0,0,0,0,0,0,0x03
2026-09-06T21:05:48.012,1333,0,2,50,0,0,0,0,0,0,0x03
2026-09-06T21:05:48.012,1334,0,1,52,0,0,0,0,0,0,0x03
2026-09-06T21:05:48.077,1335,0,2,51,0,0,0,0,0,0,0x03
2026-09-06T21:05:48.077,1336,0,1,51,0,0,0,0,0,0,0x03
2026-09-06T21:05:48.142,1337,0,2,50,0,0,0,0,0,0,0x03
2026-09-06T21:05:48.142,1338,0,1,50,0,0,0,0,0,0,0x03
2026-09-06T21:05:48.207,1339,0,2,52,0,0,0,0,0,0,0x03
2026-09-06T21:05:48.207,1340,0,1,50,0,0,0,0,0,0,0x03
2026-09-06T21:05:48.271,1341,0,2,50,0,0,0,0,0,0,0x03
2026-09-06T21:05:48.271,1342,0,1,51,0,0,0,0,0,0,0x03
2026-09-06T21:05:48.352,1343,0,2,51,0,0,0,0,0,0,0x03
2026-09-06T21:05:48.352,1344,0,1,51,0,0,0,0,0,0,0x03
2026-09-06T21:05:48.417,1345,0,2,51,0,0,0,0,0,0,0x03
2026-09-06T21:05:48.417,1346,0,1,52,0,0,0,0,0,0,0x03
2026-09-06T21:05:48.482,1347,0,2,52,0,0,0,0,0,0,0x03
2026-09-06T21:05:48.482,1348,0,1,51,0,0,0,0,0,0,0x03
2026-09-06T21:05:48.546,1349,0,2,54,0,0,0,0,0,0,0x03
2026-09-06T21:05:48.546,1350,0,1,51,0,0,0,0,0,0,0x03
2026-09-06T21:05:48.611,1351,0,2,50,0,0,0,0,0,0,0x03
2026-09-06T21:05:48.611,1352,0,1,51,0,0,0,0,0,0,0x03
2026-09-06T21:05:48.676,1353,0,2,51,0,0,0,0,0,0,0x03
2026-09-06T21:05:48.676,1354,0,1,50,0,0,0,0,0,0,0x03
2026-09-06T21:05:48.756,1355,0,2,50,0,0,0,0,0,0,0x03
2026-09-06T21:05:48.756,1356,0,1,50,0,0,0,0,0,0,0x03
2026-09-06T21:05:48.821,1357,0,2,55,0,0,0,0,0,0,0x03
2026-09-06T21:05:48.821,1358,0,1,52,0,0,0,0,0,0,0x03
2026-09-06T21:05:48.887,1359,0,2,51,0,0,0,0,0,0,0x03
2026-09-06T21:05:48.887,1360,0,1,51,0,0,0,0,0,0,0x03
2026-09-06T21:05:48.952,1361,0,2,50,0,0,0,0,0,0,0x03
2026-09-06T21:05:48.952,1362,0,1,51,0,0,0,0,0,0,0x03
2026-09-06T21:05:49.017,1363,0,2,52,0,0,0,0,0,0,0x03
2026-09-06T21:05:49.017,1364,0,1,50,0,0,0,0,0,0,0x03
2026-09-06T21:05:49.082,1365,0,2,51,0,0,0,0,0,0,0x03
2026-09-06T21:05:49.082,1366,0,1,50,0,0,0,0,0,0,0x03
2026-09-06T21:05:49.147,1367,0,2,51,0,0,0,0,0,0,0x03
2026-09-06T21:05:49.147,1368,0,1,50,0,0,0,0,0,0,0x03
2026-09-06T21:05:49.213,1369,0,2,51,0,0,0,0,0,0,0x03
2026-09-06T21:05:49.213,1370,0,1,53,0,0,0,0,0,0,0x03
2026-09-06T21:05:49.278,1371,0,2,52,0,0,0,0,0,0,0x03
2026-09-06T21:05:49.278,1372,0,1,51,0,0,0,0,0,0,0x03
2026-09-06T21:05:49.343,1373,0,2,51,0,0,0,0,0,0,0x03
2026-09-06T21:05:49.343,1374,0,1,50,0,0,0,0,0,0,0x03
2026-09-06T21:05:49.425,1375,0,2,50,0,0,0,0,0,0,0x03
2026-09-06T21:05:49.425,1376,0,1,50,0,0,0,0,0,0,0x03
2026-09-06T21:05:49.490,1377,0,2,54,0,0,0,0,0,0,0x03
2026-09-06T21:05:49.490,1378,0,1,50,0,0,0,0,0,0,0x03
2026-09-06T21:05:49.555,1379,0,2,51,0,0,0,0,0,0,0x03
2026-09-06T21:05:49.555,1380,0,1,51,0,0,0,0,0,0,0x03
2026-09-06T21:05:49.621,1381,0,2,50,0,0,0,0,0,0,0x03
2026-09-06T21:05:49.621,1382,0,1,54,0,0,0,0,0,0,0x03
2026-09-06T21:05:49.686,1383,0,2,51,0,0,0,0,0,0,0x03
2026-09-06T21:05:49.686,1384,0,1,51,0,0,0,0,0,0,0x03
2026-09-06T21:05:49.751,1385,0,2,51,0,0,0,0,0,0,0x03
2026-09-06T21:05:49.751,1386,0,1,51,0,0,0,0,0,0,0x03
2026-09-06T21:05:49.816,1387,0,2,51,0,0,0,0,0,0,0x03
2026-09-06T21:05:49.816,1388,0,1,50,0,0,0,0,0,0,0x03
2026-09-06T21:05:49.881,1389,0,2,51,0,0,0,0,0,0,0x03
2026-09-06T21:05:49.881,1390,0,1,52,0,0,0,0,0,0,0x03
2026-09-06T21:05:49.947,1391,0,2,50,0,0,0,0,0,0,0x03
2026-09-06T21:05:49.947,1392,0,1,52,0,0,0,0,0,0,0x03
2026-09-06T21:05:50.028,1393,0,2,52,0,0,0,0,0,0,0x03
2026-09-06T21:05:50.028,1394,0,1,50,0,0,0,0,0,0,0x03
2026-09-06T21:05:50.093,1395,0,2,51,0,0,0,0,0,0,0x03
2026-09-06T21:05:50.093,1396,0,1,50,0,0,0,0,0,0,0x03
2026-09-06T21:05:50.158,1397,0,2,53,0,0,0,0,0,0,0x03
2026-09-06T21:05:50.158,1398,0,1,50,0,0,0,0,0,0,0x03
2026-09-06T21:05:50.223,1399,0,2,51,0,0,0,0,0,0,0x03
2026-09-06T21:05:50.223,1400,0,1,50,0,0,0,0,0,0,0x03
2026-09-06T21:05:50.288,1401,0,2,51,0,0,0,0,0,0,0x03
2026-09-06T21:05:50.288,1402,0,1,51,0,0,0,0,0,0,0x03
2026-09-06T21:05:50.354,1403,0,2,51,0,0,0,0,0,0,0x03
2026-09-06T21:05:50.354,1404,0,1,52,0,0,0,0,0,0,0x03
2026-09-06T21:05:50.419,1405,0,2,51,0,0,0,0,0,0,0x03
2026-09-06T21:05:50.419,1406,0,1,52,0,0,0,0,0,0,0x03
2026-09-06T21:05:50.483,1407,0,2,51,0,0,0,0,0,0,0x03
2026-09-06T21:05:50.483,1408,0,1,51,0,0,0,0,0,0,0x03
2026-09-06T21:05:50.564,1409,0,2,50,0,0,0,0,0,0,0x03
2026-09-06T21:05:50.565,1410,0,1,51,0,0,0,0,0,0,0x03
2026-09-06T21:05:50.630,1411,0,2,51,0,0,0,0,0,0,0x03
2026-09-06T21:05:50.630,1412,0,1,51,0,0,0,0,0,0,0x03
2026-09-06T21:05:50.694,1413,0,2,51,0,0,0,0,0,0,0x03
2026-09-06T21:05:50.694,1414,0,1,51,0,0,0,0,0,0,0x03
2026-09-06T21:05:50.760,1415,0,2,50,0,0,0,0,0,0,0x03
2026-09-06T21:05:50.760,1416,0,1,51,0,0,0,0,0,0,0x03
2026-09-06T21:05:50.825,1417,0,2,50,0,0,0,0,0,0,0x03
2026-09-06T21:05:50.825,1418,0,1,51,0,0,0,0,0,0,0x03
2026-09-06T21:05:50.890,1419,0,2,51,0,0,0,0,0,0,0x03
2026-09-06T21:05:50.890,1420,0,1,50,0,0,0,0,0,0,0x03
2026-09-06T21:05:50.955,1421,0,2,52,0,0,0,0,0,0,0x03
2026-09-06T21:05:50.955,1422,0,1,52,0,0,0,0,0,0,0x03
2026-09-06T21:05:51.020,1423,0,2,50,0,0,0,0,0,0,0x03
2026-09-06T21:05:51.020,1424,0,1,52,0,0,0,0,0,0,0x03
2026-09-06T21:05:51.085,1425,0,2,51,0,0,0,0,0,0,0x03
2026-09-06T21:05:51.085,1426,0,1,52,0,0,0,0,0,0,0x03
2026-09-06T21:05:51.166,1427,0,2,50,0,0,0,0,0,0,0x03
2026-09-06T21:05:51.166,1428,0,1,52,0,0,0,0,0,0,0x03
2026-09-06T21:05:51.231,1429,0,2,51,0,0,0,0,0,0,0x03
2026-09-06T21:05:51.231,1430,0,1,50,0,0,0,0,0,0,0x03
2026-09-06T21:05:51.296,1431,0,2,52,0,0,0,0,0,0,0x03
2026-09-06T21:05:51.297,1432,0,1,50,0,0,0,0,0,0,0x03
2026-09-06T21:05:51.362,1433,0,2,50,0,0,0,0,0,0,0x03
2026-09-06T21:05:51.362,1434,0,1,51,0,0,0,0,0,0,0x03
2026-09-06T21:05:51.427,1435,0,2,50,0,0,0,0,0,0,0x03
2026-09-06T21:05:51.427,1436,0,1,50,0,0,0,0,0,0,0x03
2026-09-06T21:05:51.493,1437,0,2,52,0,0,0,0,0,0,0x03
2026-09-06T21:05:51.493,1438,0,1,51,0,0,0,0,0,0,0x03
2026-09-06T21:05:51.558,1439,0,2,51,0,0,0,0,0,0,0x03
2026-09-06T21:05:51.558,1440,0,1,53,0,0,0,0,0,0,0x03
2026-09-06T21:05:51.623,1441,0,2,50,0,0,0,0,0,0,0x03
2026-09-06T21:05:51.623,1442,0,1,51,0,0,0,0,0,0,0x03
2026-09-06T21:05:51.689,1443,0,2,50,0,0,0,0,0,0,0x03
2026-09-06T21:05:51.689,1444,0,1,51,0,0,0,0,0,0,0x03
2026-09-06T21:05:51.770,1445,0,2,51,0,0,0,0,0,0,0x03
2026-09-06T21:05:51.770,1446,0,1,52,0,0,0,0,0,0,0x03
2026-09-06T21:05:51.835,1447,0,2,52,0,0,0,0,0,0,0x03
2026-09-06T21:05:51.835,1448,0,1,50,0,0,0,0,0,0,0x03
2026-09-06T21:05:51.900,1449,0,2,52,0,0,0,0,0,0,0x03
2026-09-06T21:05:51.901,1450,0,1,52,0,0,0,0,0,0,0x03
2026-09-06T21:05:51.966,1451,0,2,51,0,0,0,0,0,0,0x03
2026-09-06T21:05:51.966,1452,0,1,52,0,0,0,0,0,0,0x03
2026-09-06T21:05:52.031,1453,0,2,51,0,0,0,0,0,0,0x03
2026-09-06T21:05:52.031,1454,0,1,51,0,0,0,0,0,0,0x03
2026-09-06T21:05:52.096,1455,0,2,50,0,0,0,0,0,0,0x03
2026-09-06T21:05:52.096,1456,0,1,51,0,0,0,0,0,0,0x03
2026-09-06T21:05:52.161,1457,0,2,51,0,0,0,0,0,0,0x03
2026-09-06T21:05:52.161,1458,0,1,50,0,0,0,0,0,0,0x03
2026-09-06T21:05:52.227,1459,0,2,50,0,0,0,0,0,0,0x03
2026-09-06T21:05:52.227,1460,0,1,50,0,0,0,0,0,0,0x03
2026-09-06T21:05:52.292,1461,0,2,52,0,0,0,0,0,0,0x03
2026-09-06T21:05:52.292,1462,0,1,51,0,0,0,0,0,0,0x03
2026-09-06T21:05:52.357,1463,0,2,51,0,0,0,0,0,0,0x03
2026-09-06T21:05:52.357,1464,0,1,50,0,0,0,0,0,0,0x03
2026-09-06T21:05:52.438,1465,0,2,51,0,0,0,0,0,0,0x03
2026-09-06T21:05:52.438,1466,0,1,53,0,0,0,0,0,0,0x03
2026-09-06T21:05:52.503,1467,0,2,56,0,0,0,0,0,0,0x03
2026-09-06T21:05:52.503,1468,0,1,51,0,0,0,0,0,0,0x03
2026-09-06T21:05:52.568,1469,0,2,52,0,0,0,0,0,0,0x03
2026-09-06T21:05:52.568,1470,0,1,51,0,0,0,0,0,0,0x03
2026-09-06T21:05:52.634,1471,0,2,50,0,0,0,0,0,0,0x03
2026-09-06T21:05:52.634,1472,0,1,55,0,0,0,0,0,0,0x03
2026-09-06T21:05:52.699,1473,0,2,50,0,0,0,0,0,0,0x03
2026-09-06T21:05:52.699,1474,0,1,51,0,0,0,0,0,0,0x03
2026-09-06T21:05:52.764,1475,0,2,52,0,0,0,0,0,0,0x03
2026-09-06T21:05:52.764,1476,0,1,50,0,0,0,0,0,0,0x03
2026-09-06T21:05:52.829,1477,0,2,51,0,0,0,0,0,0,0x03
2026-09-06T21:05:52.830,1478,0,1,50,0,0,0,0,0,0,0x03
2026-09-06T21:05:52.894,1479,0,2,52,0,0,0,0,0,0,0x03
2026-09-06T21:05:52.894,1480,0,1,50,0,0,0,0,0,0,0x03
2026-09-06T21:05:52.959,1481,0,2,52,0,0,0,0,0,0,0x03
2026-09-06T21:05:52.959,1482,0,1,51,0,0,0,0,0,0,0x03
2026-09-06T21:05:53.040,1483,0,2,51,0,0,0,0,0,0,0x03
2026-09-06T21:05:53.040,1484,0,1,50,0,0,0,0,0,0,0x03
2026-09-06T21:05:53.105,1485,0,2,52,0,0,0,0,0,0,0x03
2026-09-06T21:05:53.105,1486,0,1,54,0,0,0,0,0,0,0x03
2026-09-06T21:05:53.171,1487,0,2,53,0,0,0,0,0,0,0x03
2026-09-06T21:05:53.171,1488,0,1,51,0,0,0,0,0,0,0x03
2026-09-06T21:05:53.235,1489,0,2,50,0,0,0,0,0,0,0x03
2026-09-06T21:05:53.235,1490,0,1,50,0,0,0,0,0,0,0x03
2026-09-06T21:05:53.300,1491,0,2,50,0,0,0,0,0,0,0x03
2026-09-06T21:05:53.300,1492,0,1,50,0,0,0,0,0,0,0x03
2026-09-06T21:05:53.364,1493,0,2,52,0,0,0,0,0,0,0x03
2026-09-06T21:05:53.364,1494,0,1,51,0,0,0,0,0,0,0x03
2026-09-06T21:05:53.429,1495,0,2,50,0,0,0,0,0,0,0x03
2026-09-06T21:05:53.429,1496,0,1,52,0,0,0,0,0,0,0x03
2026-09-06T21:05:53.494,1497,0,2,51,0,0,0,0,0,0,0x03
2026-09-06T21:05:53.494,1498,0,1,52,0,0,0,0,0,0,0x03
2026-09-06T21:05:53.640,1499,0,2,51,0,0,0,0,0,0,0x03
2026-09-06T21:05:53.640,1500,0,1,50,0,0,0,0,0,0,0x03
2026-09-06T21:05:53.705,1501,0,2,50,0,0,0,0,0,0,0x03
2026-09-06T21:05:53.705,1502,0,1,50,0,0,0,0,0,0,0x03
2026-09-06T21:05:53.770,1503,0,2,52,0,0,0,0,0,0,0x03
2026-09-06T21:05:53.770,1504,0,1,50,0,0,0,0,0,0,0x03
2026-09-06T21:05:53.835,1505,0,2,52,0,0,0,0,0,0,0x03
2026-09-06T21:05:53.835,1506,0,1,51,0,0,0,0,0,0,0x03
2026-09-06T21:05:53.901,1507,0,2,50,0,0,0,0,0,0,0x03
2026-09-06T21:05:53.901,1508,0,1,54,0,0,0,0,0,0,0x03
2026-09-06T21:05:53.966,1509,0,2,50,0,0,0,0,0,0,0x03
2026-09-06T21:05:53.966,1510,0,1,50,0,0,0,0,0,0,0x03
2026-09-06T21:05:54.031,1511,0,2,50,0,0,0,0,0,0,0x03
2026-09-06T21:05:54.031,1512,0,1,50,0,0,0,0,0,0,0x03
2026-09-06T21:05:54.112,1513,0,2,51,0,0,0,0,0,0,0x03
2026-09-06T21:05:54.112,1514,0,1,52,0,0,0,0,0,0,0x03
2026-09-06T21:05:54.177,1515,0,2,50,0,0,0,0,0,0,0x03
2026-09-06T21:05:54.177,1516,0,1,51,0,0,0,0,0,0,0x03
2026-09-06T21:05:54.241,1517,0,2,55,0,0,0,0,0,0,0x03
2026-09-06T21:05:54.241,1518,0,1,50,0,0,0,0,0,0,0x03
2026-09-06T21:05:54.306,1519,0,2,50,0,0,0,0,0,0,0x03
2026-09-06T21:05:54.306,1520,0,1,53,0,0,0,0,0,0,0x03
2026-09-06T21:05:54.371,1521,0,2,50,0,0,0,0,0,0,0x03
2026-09-06T21:05:54.371,1522,0,1,51,0,0,0,0,0,0,0x03
2026-09-06T21:05:54.436,1523,0,2,51,0,0,0,0,0,0,0x03
2026-09-06T21:05:54.436,1524,0,1,50,0,0,0,0,0,0,0x03
2026-09-06T21:05:54.501,1525,0,2,50,0,0,0,0,0,0,0x03
2026-09-06T21:05:54.501,1526,0,1,52,0,0,0,0,0,0,0x03
2026-09-06T21:05:54.582,1527,0,2,52,0,0,0,0,0,0,0x03
2026-09-06T21:05:54.582,1528,0,1,55,0,0,0,0,0,0,0x03
2026-09-06T21:05:54.647,1529,0,2,52,0,0,0,0,0,0,0x03
2026-09-06T21:05:54.647,1530,0,1,51,0,0,0,0,0,0,0x03
2026-09-06T21:05:54.712,1531,0,2,52,0,0,0,0,0,0,0x03
2026-09-06T21:05:54.712,1532,0,1,50,0,0,0,0,0,0,0x03
2026-09-06T21:05:54.776,1533,0,2,50,0,0,0,0,0,0,0x03
2026-09-06T21:05:54.776,1534,0,1,50,0,0,0,0,0,0,0x03
2026-09-06T21:05:54.841,1535,0,2,52,0,0,0,0,0,0,0x03
2026-09-06T21:05:54.841,1536,0,1,51,0,0,0,0,0,0,0x03
2026-09-06T21:05:54.906,1537,0,2,52,0,0,0,0,0,0,0x03
2026-09-06T21:05:54.906,1538,0,1,50,0,0,0,0,0,0,0x03
2026-09-06T21:05:54.971,1539,0,2,50,0,0,0,0,0,0,0x03
2026-09-06T21:05:54.971,1540,0,1,55,0,0,0,0,0,0,0x03
2026-09-06T21:05:55.036,1541,0,2,51,0,0,0,0,0,0,0x03
2026-09-06T21:05:55.036,1542,0,1,51,0,0,0,0,0,0,0x03
2026-09-06T21:05:55.117,1543,0,2,51,0,0,0,0,0,0,0x03
2026-09-06T21:05:55.117,1544,0,1,50,0,0,0,0,0,0,0x03
2026-09-06T21:05:55.182,1545,0,2,50,0,0,0,0,0,0,0x03
2026-09-06T21:05:55.182,1546,0,1,51,0,0,0,0,0,0,0x03
2026-09-06T21:05:55.248,1547,0,2,51,0,0,0,0,0,0,0x03
2026-09-06T21:05:55.248,1548,0,1,52,0,0,0,0,0,0,0x03
2026-09-06T21:05:55.313,1549,0,2,50,0,0,0,0,0,0,0x03
2026-09-06T21:05:55.313,1550,0,1,51,0,0,0,0,0,0,0x03
2026-09-06T21:05:55.378,1551,0,2,52,0,0,0,0,0,0,0x03
2026-09-06T21:05:55.378,1552,0,1,51,0,0,0,0,0,0,0x03
2026-09-06T21:05:55.443,1553,0,2,50,0,0,0,0,0,0,0x03
2026-09-06T21:05:55.443,1554,0,1,51,0,0,0,0,0,0,0x03
2026-09-06T21:05:55.508,1555,0,2,51,0,0,0,0,0,0,0x03
2026-09-06T21:05:55.508,1556,0,1,52,0,0,0,0,0,0,0x03
2026-09-06T21:05:55.573,1557,0,2,50,0,0,0,0,0,0,0x03
2026-09-06T21:05:55.573,1558,0,1,51,0,0,0,0,0,0,0x03
2026-09-06T21:05:55.654,1559,0,2,51,0,0,0,0,0,0,0x03
2026-09-06T21:05:55.654,1560,0,1,55,0,0,0,0,0,0,0x03
2026-09-06T21:05:55.703,1561,0,2,53,0,0,0,0,0,0,0x03
2026-09-06T21:05:55.703,1562,0,1,51,0,0,0,0,0,0,0x03
2026-09-06T21:05:55.848,1563,0,2,51,0,0,0,0,0,0,0x03
2026-09-06T21:05:55.848,1564,0,1,50,0,0,0,0,0,0,0x03
2026-09-06T21:05:55.978,1565,0,2,52,0,0,0,0,0,0,0x03
2026-09-06T21:05:55.978,1566,0,1,50,0,0,0,0,0,0,0x03
2026-09-06T21:05:56.043,1567,0,2,51,0,0,0,0,0,0,0x03
2026-09-06T21:05:56.043,1568,0,1,50,0,0,0,0,0,0,0x03
2026-09-06T21:05:56.124,1569,0,2,50,0,0,0,0,0,0,0x03
2026-09-06T21:05:56.124,1570,0,1,50,0,0,0,0,0,0,0x03
2026-09-06T21:05:56.189,1571,0,2,51,0,0,0,0,0,0,0x03
2026-09-06T21:05:56.189,1572,0,1,51,0,0,0,0,0,0,0x03
2026-09-06T21:05:56.318,1573,0,2,51,0,0,0,0,0,0,0x03
2026-09-06T21:05:56.318,1574,0,1,51,0,0,0,0,0,0,0x03
2026-09-06T21:05:56.383,1575,0,2,51,0,0,0,0,0,0,0x03
2026-09-06T21:05:56.383,1576,0,1,52,0,0,0,0,0,0,0x03
2026-09-06T21:05:56.529,1577,0,2,50,0,0,0,0,0,0,0x03
2026-09-06T21:05:56.529,1578,0,1,51,0,0,0,0,0,0,0x03
2026-09-06T21:05:56.658,1579,0,2,50,0,0,0,0,0,0,0x03
2026-09-06T21:05:56.658,1580,0,1,51,0,0,0,0,0,0,0x03
2026-09-06T21:05:56.723,1581,0,2,50,0,0,0,0,0,0,0x03
2026-09-06T21:05:56.723,1582,0,1,50,0,0,0,0,0,0,0x03
2026-09-06T21:05:57.580,1583,0,2,51,0,0,0,0,0,0,0x03
2026-09-06T21:05:57.580,1584,0,1,51,0,0,0,0,0,0,0x03
2026-09-06T21:05:57.661,1585,0,2,50,0,0,0,0,0,0,0x03
2026-09-06T21:05:57.661,1586,0,1,51,0,0,0,0,0,0,0x03
2026-09-06T21:05:57.726,1587,0,2,50,0,0,0,0,0,0,0x03
2026-09-06T21:05:57.726,1588,0,1,51,0,0,0,0,0,0,0x03
2026-09-06T21:05:57.791,1589,0,2,51,0,0,0,0,0,0,0x03
2026-09-06T21:05:57.791,1590,0,1,51,0,0,0,0,0,0,0x03
2026-09-06T21:05:57.855,1591,0,2,50,0,0,0,0,0,0,0x03
2026-09-06T21:05:57.856,1592,0,1,50,0,0,0,0,0,0,0x03
2026-09-06T21:05:57.920,1593,0,2,51,0,0,0,0,0,0,0x03
2026-09-06T21:05:57.920,1594,0,1,51,0,0,0,0,0,0,0x03
2026-09-06T21:05:57.985,1595,0,2,52,0,0,0,0,0,0,0x03
2026-09-06T21:05:57.985,1596,0,1,50,0,0,0,0,0,0,0x03
2026-09-06T21:05:58.050,1597,0,2,52,0,0,0,0,0,0,0x03
2026-09-06T21:05:58.050,1598,0,1,51,0,0,0,0,0,0,0x03
2026-09-06T21:05:58.114,1599,0,2,51,0,0,0,0,0,0,0x03
2026-09-06T21:05:58.114,1600,0,1,52,0,0,0,0,0,0,0x03
2026-09-06T21:05:58.195,1601,0,2,51,0,0,0,0,0,0,0x03
2026-09-06T21:05:58.195,1602,0,1,54,0,0,0,0,0,0,0x03
2026-09-06T21:05:58.260,1603,0,2,54,0,0,0,0,0,0,0x03
2026-09-06T21:05:58.260,1604,0,1,52,0,0,0,0,0,0,0x03
2026-09-06T21:05:58.325,1605,0,2,50,0,0,0,0,0,0,0x03
2026-09-06T21:05:58.325,1606,0,1,51,0,0,0,0,0,0,0x03
2026-09-06T21:05:58.389,1607,0,2,51,0,0,0,0,0,0,0x03
2026-09-06T21:05:58.389,1608,0,1,55,0,0,0,0,0,0,0x03
2026-09-06T21:05:58.454,1609,0,2,52,0,0,0,0,0,0,0x03
2026-09-06T21:05:58.454,1610,0,1,50,0,0,0,0,0,0,0x03
2026-09-06T21:05:58.519,1611,0,2,52,0,0,0,0,0,0,0x03
2026-09-06T21:05:58.519,1612,0,1,50,0,0,0,0,0,0,0x03
2026-09-06T21:05:58.583,1613,0,2,50,0,0,0,0,0,0,0x03
2026-09-06T21:05:58.583,1614,0,1,50,0,0,0,0,0,0,0x03
2026-09-06T21:05:58.664,1615,0,2,51,0,0,0,0,0,0,0x03
2026-09-06T21:05:58.664,1616,0,1,51,0,0,0,0,0,0,0x03
2026-09-06T21:05:58.729,1617,0,2,51,0,0,0,0,0,0,0x03
2026-09-06T21:05:58.729,1618,0,1,50,0,0,0,0,0,0,0x03
2026-09-06T21:05:58.793,1619,0,2,51,0,0,0,0,0,0,0x03
2026-09-06T21:05:58.793,1620,0,1,51,0,0,0,0,0,0,0x03
2026-09-06T21:05:58.858,1621,0,2,53,0,0,0,0,0,0,0x03
2026-09-06T21:05:58.858,1622,0,1,50,0,0,0,0,0,0,0x03
2026-09-06T21:05:58.939,1623,0,2,52,0,0,0,0,0,0,0x03
2026-09-06T21:05:58.939,1624,0,1,50,0,0,0,0,0,0,0x03
2026-09-06T21:05:58.987,1625,0,2,51,0,0,0,0,0,0,0x03
2026-09-06T21:05:58.987,1626,0,1,51,0,0,0,0,0,0,0x03
2026-09-06T21:05:59.052,1627,0,2,51,0,0,0,0,0,0,0x03
2026-09-06T21:05:59.052,1628,0,1,51,0,0,0,0,0,0,0x03
2026-09-06T21:05:59.133,1629,0,2,50,0,0,0,0,0,0,0x03
2026-09-06T21:05:59.133,1630,0,1,50,0,0,0,0,0,0,0x03
2026-09-06T21:05:59.198,1631,0,2,50,0,0,0,0,0,0,0x03
2026-09-06T21:05:59.198,1632,0,1,52,0,0,0,0,0,0,0x03
2026-09-06T21:05:59.263,1633,0,2,52,0,0,0,0,0,0,0x03
2026-09-06T21:05:59.264,1634,0,1,52,0,0,0,0,0,0,0x03
2026-09-06T21:05:59.328,1635,0,2,51,0,0,0,0,0,0,0x03
2026-09-06T21:05:59.328,1636,0,1,52,0,0,0,0,0,0,0x03
2026-09-06T21:05:59.393,1637,0,2,51,0,0,0,0,0,0,0x03
2026-09-06T21:05:59.393,1638,0,1,50,0,0,0,0,0,0,0x03
2026-09-06T21:05:59.458,1639,0,2,50,0,0,0,0,0,0,0x03
2026-09-06T21:05:59.458,1640,0,1,52,0,0,0,0,0,0,0x03
2026-09-06T21:05:59.523,1641,0,2,50,0,0,0,0,0,0,0x03
2026-09-06T21:05:59.523,1642,0,1,52,0,0,0,0,0,0,0x03
2026-09-06T21:05:59.587,1643,0,2,51,0,0,0,0,0,0,0x03
2026-09-06T21:05:59.587,1644,0,1,51,0,0,0,0,0,0,0x03
2026-09-06T21:05:59.668,1645,0,2,52,0,0,0,0,0,0,0x03
2026-09-06T21:05:59.668,1646,0,1,51,0,0,0,0,0,0,0x03
2026-09-06T21:05:59.733,1647,0,2,51,0,0,0,0,0,0,0x03
2026-09-06T21:05:59.733,1648,0,1,55,0,0,0,0,0,0,0x03
2026-09-06T21:05:59.798,1649,0,2,54,0,0,0,0,0,0,0x03
2026-09-06T21:05:59.798,1650,0,1,52,0,0,0,0,0,0,0x03
2026-09-06T21:05:59.862,1651,0,2,50,0,0,0,0,0,0,0x03
2026-09-06T21:05:59.862,1652,0,1,52,0,0,0,0,0,0,0x03
2026-09-06T21:05:59.927,1653,0,2,52,0,0,0,0,0,0,0x03
2026-09-06T21:05:59.927,1654,0,1,51,0,0,0,0,0,0,0x03
2026-09-06T21:05:59.992,1655,0,2,52,0,0,0,0,0,0,0x03
2026-09-06T21:05:59.992,1656,0,1,52,0,0,0,0,0,0,0x03
2026-09-06T21:06:00.072,1657,0,2,52,0,0,0,0,0,0,0x03
2026-09-06T21:06:00.072,1658,0,1,50,0,0,0,0,0,0,0x03
2026-09-06T21:06:00.138,1659,0,2,50,0,0,0,0,0,0,0x03
2026-09-06T21:06:00.138,1660,0,1,50,0,0,0,0,0,0,0x03
2026-09-06T21:06:00.202,1661,0,2,50,0,0,0,0,0,0,0x03
2026-09-06T21:06:00.202,1662,0,1,50,0,0,0,0,0,0,0x03
2026-09-06T21:06:00.267,1663,0,2,52,0,0,0,0,0,0,0x03
2026-09-06T21:06:00.267,1664,0,1,51,0,0,0,0,0,0,0x03
2026-09-06T21:06:00.332,1665,0,2,52,0,0,0,0,0,0,0x03
2026-09-06T21:06:00.332,1666,0,1,53,0,0,0,0,0,0,0x03
2026-09-06T21:06:00.397,1667,0,2,53,0,0,0,0,0,0,0x03
2026-09-06T21:06:00.397,1668,0,1,50,0,0,0,0,0,0,0x03
2026-09-06T21:06:00.462,1669,0,2,51,0,0,0,0,0,0,0x03
2026-09-06T21:06:00.462,1670,0,1,50,0,0,0,0,0,0,0x03
2026-09-06T21:06:00.543,1671,0,2,50,0,0,0,0,0,0,0x03
2026-09-06T21:06:00.543,1672,0,1,51,0,0,0,0,0,0,0x03
2026-09-06T21:06:00.608,1673,0,2,52,0,0,0,0,0,0,0x03
2026-09-06T21:06:00.608,1674,0,1,51,0,0,0,0,0,0,0x03
2026-09-06T21:06:00.673,1675,0,2,50,0,0,0,0,0,0,0x03
2026-09-06T21:06:00.673,1676,0,1,51,0,0,0,0,0,0,0x03
2026-09-06T21:06:00.738,1677,0,2,51,0,0,0,0,0,0,0x03
2026-09-06T21:06:00.738,1678,0,1,50,0,0,0,0,0,0,0x03
2026-09-06T21:06:00.802,1679,0,2,50,0,0,0,0,0,0,0x03
2026-09-06T21:06:00.802,1680,0,1,51,0,0,0,0,0,0,0x03
2026-09-06T21:06:00.867,1681,0,2,50,0,0,0,0,0,0,0x03
2026-09-06T21:06:00.867,1682,0,1,52,0,0,0,0,0,0,0x03
2026-09-06T21:06:00.932,1683,0,2,52,0,0,0,0,0,0,0x03
2026-09-06T21:06:00.932,1684,0,1,51,0,0,0,0,0,0,0x03
2026-09-06T21:06:00.997,1685,0,2,50,0,0,0,0,0,0,0x03
2026-09-06T21:06:00.997,1686,0,1,52,0,0,0,0,0,0,0x03
2026-09-06T21:06:01.078,1687,0,2,55,0,0,0,0,0,0,0x03
2026-09-06T21:06:01.078,1688,0,1,50,0,0,0,0,0,0,0x03
2026-09-06T21:06:01.143,1689,0,2,51,0,0,0,0,0,0,0x03
2026-09-06T21:06:01.143,1690,0,1,50,0,0,0,0,0,0,0x03
2026-09-06T21:06:01.207,1691,0,2,51,0,0,0,0,0,0,0x03
2026-09-06T21:06:01.207,1692,0,1,50,0,0,0,0,0,0,0x03
2026-09-06T21:06:01.273,1693,0,2,56,0,0,0,0,0,0,0x03
2026-09-06T21:06:01.273,1694,0,1,50,0,0,0,0,0,0,0x03
2026-09-06T21:06:01.338,1695,0,2,50,0,0,0,0,0,0,0x03
2026-09-06T21:06:01.338,1696,0,1,50,0,0,0,0,0,0,0x03
2026-09-06T21:06:01.403,1697,0,2,51,0,0,0,0,0,0,0x03
2026-09-06T21:06:01.403,1698,0,1,50,0,0,0,0,0,0,0x03
2026-09-06T21:06:01.468,1699,0,2,52,0,0,0,0,0,0,0x03
2026-09-06T21:06:01.468,1700,0,1,52,0,0,0,0,0,0,0x03
2026-09-06T21:06:01.533,1701,0,2,51,0,0,0,0,0,0,0x03
2026-09-06T21:06:01.533,1702,0,1,50,0,0,0,0,0,0,0x03
2026-09-06T21:06:01.614,1703,0,2,51,0,0,0,0,0,0,0x03
2026-09-06T21:06:01.614,1704,0,1,51,0,0,0,0,0,0,0x03
2026-09-06T21:06:01.662,1705,0,2,51,0,0,0,0,0,0,0x03
2026-09-06T21:06:01.662,1706,0,1,52,0,0,0,0,0,0,0x03
2026-09-06T21:06:01.743,1707,0,2,52,0,0,0,0,0,0,0x03
2026-09-06T21:06:01.743,1708,0,1,52,0,0,0,0,0,0,0x03
2026-09-06T21:06:01.808,1709,0,2,51,0,0,0,0,0,0,0x03
2026-09-06T21:06:01.808,1710,0,1,51,0,0,0,0,0,0,0x03
2026-09-06T21:06:01.873,1711,0,2,51,0,0,0,0,0,0,0x03
2026-09-06T21:06:01.873,1712,0,1,50,0,0,0,0,0,0,0x03
2026-09-06T21:06:01.938,1713,0,2,54,0,0,0,0,0,0,0x03
2026-09-06T21:06:01.938,1714,0,1,52,0,0,0,0,0,0,0x03
2026-09-06T21:06:02.003,1715,0,2,50,0,0,0,0,0,0,0x03
2026-09-06T21:06:02.003,1716,0,1,51,0,0,0,0,0,0,0x03
2026-09-06T21:06:02.069,1717,0,2,51,0,0,0,0,0,0,0x03
2026-09-06T21:06:02.069,1718,0,1,50,0,0,0,0,0,0,0x03
2026-09-06T21:06:02.149,1719,0,2,51,0,0,0,0,0,0,0x03
2026-09-06T21:06:02.149,1720,0,1,51,0,0,0,0,0,0,0x03
2026-09-06T21:06:02.214,1721,0,2,52,0,0,0,0,0,0,0x03
2026-09-06T21:06:02.214,1722,0,1,51,0,0,0,0,0,0,0x03
2026-09-06T21:06:02.278,1723,0,2,50,0,0,0,0,0,0,0x03
2026-09-06T21:06:02.279,1724,0,1,52,0,0,0,0,0,0,0x03
2026-09-06T21:06:02.343,1725,0,2,52,0,0,0,0,0,0,0x03
2026-09-06T21:06:02.343,1726,0,1,51,0,0,0,0,0,0,0x03
2026-09-06T21:06:02.408,1727,0,2,51,0,0,0,0,0,0,0x03
2026-09-06T21:06:02.408,1728,0,1,51,0,0,0,0,0,0,0x03
2026-09-06T21:06:02.473,1729,0,2,52,0,0,0,0,0,0,0x03
2026-09-06T21:06:02.473,1730,0,1,50,0,0,0,0,0,0,0x03
2026-09-06T21:06:02.538,1731,0,2,51,0,0,0,0,0,0,0x03
2026-09-06T21:06:02.538,1732,0,1,50,0,0,0,0,0,0,0x03
2026-09-06T21:06:02.603,1733,0,2,54,0,0,0,0,0,0,0x03
2026-09-06T21:06:02.603,1734,0,1,50,0,0,0,0,0,0,0x03
2026-09-06T21:06:02.669,1735,0,2,52,0,0,0,0,0,0,0x03
2026-09-06T21:06:02.669,1736,0,1,50,0,0,0,0,0,0,0x03
2026-09-06T21:06:02.750,1737,0,2,51,0,0,0,0,0,0,0x03
2026-09-06T21:06:02.750,1738,0,1,51,0,0,0,0,0,0,0x03
2026-09-06T21:06:02.815,1739,0,2,51,0,0,0,0,0,0,0x03
2026-09-06T21:06:02.815,1740,0,1,50,0,0,0,0,0,0,0x03
2026-09-06T21:06:02.880,1741,0,2,55,0,0,0,0,0,0,0x03
2026-09-06T21:06:02.880,1742,0,1,50,0,0,0,0,0,0,0x03
2026-09-06T21:06:02.945,1743,0,2,51,0,0,0,0,0,0,0x03
2026-09-06T21:06:02.945,1744,0,1,52,0,0,0,0,0,0,0x03
2026-09-06T21:06:03.010,1745,0,2,51,0,0,0,0,0,0,0x03
2026-09-06T21:06:03.010,1746,0,1,52,0,0,0,0,0,0,0x03
2026-09-06T21:06:03.075,1747,0,2,51,0,0,0,0,0,0,0x03
2026-09-06T21:06:03.075,1748,0,1,54,0,0,0,0,0,0,0x03
2026-09-06T21:06:03.140,1749,0,2,50,0,0,0,0,0,0,0x03
2026-09-06T21:06:03.140,1750,0,1,51,0,0,0,0,0,0,0x03
2026-09-06T21:06:03.205,1751,0,2,51,0,0,0,0,0,0,0x03
2026-09-06T21:06:03.205,1752,0,1,52,0,0,0,0,0,0,0x03
2026-09-06T21:06:03.286,1753,0,2,52,0,0,0,0,0,0,0x03
2026-09-06T21:06:03.286,1754,0,1,50,0,0,0,0,0,0,0x03
2026-09-06T21:06:03.351,1755,0,2,51,0,0,0,0,0,0,0x03
2026-09-06T21:06:03.351,1756,0,1,53,0,0,0,0,0,0,0x03
2026-09-06T21:06:03.416,1757,0,2,51,0,0,0,0,0,0,0x03
2026-09-06T21:06:03.416,1758,0,1,50,0,0,0,0,0,0,0x03
2026-09-06T21:06:03.481,1759,0,2,54,0,0,0,0,0,0,0x03
2026-09-06T21:06:03.481,1760,0,1,51,0,0,0,0,0,0,0x03
2026-09-06T21:06:03.545,1761,0,2,51,0,0,0,0,0,0,0x03
2026-09-06T21:06:03.545,1762,0,1,50,0,0,0,0,0,0,0x03
2026-09-06T21:06:03.610,1763,0,2,50,0,0,0,0,0,0,0x03
2026-09-06T21:06:03.611,1764,0,1,50,0,0,0,0,0,0,0x03
2026-09-06T21:06:03.675,1765,0,2,50,0,0,0,0,0,0,0x03
2026-09-06T21:06:03.675,1766,0,1,52,0,0,0,0,0,0,0x03
2026-09-06T21:06:03.739,1767,0,2,51,0,0,0,0,0,0,0x03
2026-09-06T21:06:03.740,1768,0,1,51,0,0,0,0,0,0,0x03
2026-09-06T21:06:03.821,1769,0,2,50,0,0,0,0,0,0,0x03
2026-09-06T21:06:03.821,1770,0,1,52,0,0,0,0,0,0,0x03
2026-09-06T21:06:03.886,1771,0,2,50,0,0,0,0,0,0,0x03
2026-09-06T21:06:03.886,1772,0,1,52,0,0,0,0,0,0,0x03
2026-09-06T21:06:03.950,1773,0,2,51,0,0,0,0,0,0,0x03
2026-09-06T21:06:03.950,1774,0,1,52,0,0,0,0,0,0,0x03
2026-09-06T21:06:04.015,1775,0,2,52,0,0,0,0,0,0,0x03
2026-09-06T21:06:04.015,1776,0,1,50,0,0,0,0,0,0,0x03
2026-09-06T21:06:04.079,1777,0,2,50,0,0,0,0,0,0,0x03
2026-09-06T21:06:04.080,1778,0,1,52,0,0,0,0,0,0,0x03
2026-09-06T21:06:04.145,1779,0,2,51,0,0,0,0,0,0,0x03
2026-09-06T21:06:04.145,1780,0,1,52,0,0,0,0,0,0,0x03
2026-09-06T21:06:04.210,1781,0,2,50,0,0,0,0,0,0,0x03
2026-09-06T21:06:04.210,1782,0,1,54,0,0,0,0,0,0,0x03
2026-09-06T21:06:04.275,1783,0,2,51,0,0,0,0,0,0,0x03
2026-09-06T21:06:04.275,1784,0,1,51,0,0,0,0,0,0,0x03
2026-09-06T21:06:04.356,1785,0,2,51,0,0,0,0,0,0,0x03
2026-09-06T21:06:04.356,1786,0,1,50,0,0,0,0,0,0,0x03
2026-09-06T21:06:04.422,1787,0,2,51,0,0,0,0,0,0,0x03
2026-09-06T21:06:04.422,1788,0,1,51,0,0,0,0,0,0,0x03
2026-09-06T21:06:04.487,1789,0,2,51,0,0,0,0,0,0,0x03
2026-09-06T21:06:04.487,1790,0,1,50,0,0,0,0,0,0,0x03
2026-09-06T21:06:04.552,1791,0,2,52,0,0,0,0,0,0,0x03
2026-09-06T21:06:04.552,1792,0,1,51,0,0,0,0,0,0,0x03
2026-09-06T21:06:04.616,1793,0,2,50,0,0,0,0,0,0,0x03
2026-09-06T21:06:04.616,1794,0,1,55,0,0,0,0,0,0,0x03
2026-09-06T21:06:04.681,1795,0,2,51,0,0,0,0,0,0,0x03
2026-09-06T21:06:04.681,1796,0,1,50,0,0,0,0,0,0,0x03
2026-09-06T21:06:04.746,1797,0,2,50,0,0,0,0,0,0,0x03
2026-09-06T21:06:04.746,1798,0,1,51,0,0,0,0,0,0,0x03
2026-09-06T21:06:04.811,1799,0,2,52,0,0,0,0,0,0,0x03
2026-09-06T21:06:04.811,1800,0,1,52,0,0,0,0,0,0,0x03
2026-09-06T21:06:04.892,1801,0,2,52,0,0,0,0,0,0,0x03
2026-09-06T21:06:04.893,1802,0,1,54,0,0,0,0,0,0,0x03
2026-09-06T21:06:04.958,1803,0,2,51,0,0,0,0,0,0,0x03
2026-09-06T21:06:04.958,1804,0,1,51,0,0,0,0,0,0,0x03
2026-09-06T21:06:05.023,1805,0,2,50,0,0,0,0,0,0,0x03
2026-09-06T21:06:05.023,1806,0,1,50,0,0,0,0,0,0,0x03
2026-09-06T21:06:05.089,1807,0,2,51,0,0,0,0,0,0,0x03
2026-09-06T21:06:05.089,1808,0,1,51,0,0,0,0,0,0,0x03
2026-09-06T21:06:05.154,1809,0,2,52,0,0,0,0,0,0,0x03
2026-09-06T21:06:05.154,1810,0,1,51,0,0,0,0,0,0,0x03
2026-09-06T21:06:05.219,1811,0,2,50,0,0,0,0,0,0,0x03
2026-09-06T21:06:05.219,1812,0,1,52,0,0,0,0,0,0,0x03
2026-09-06T21:06:05.284,1813,0,2,50,0,0,0,0,0,0,0x03
2026-09-06T21:06:05.285,1814,0,1,53,0,0,0,0,0,0,0x03
2026-09-06T21:06:05.350,1815,0,2,51,0,0,0,0,0,0,0x03
2026-09-06T21:06:05.350,1816,0,1,52,0,0,0,0,0,0,0x03
2026-09-06T21:06:05.415,1817,0,2,51,0,0,0,0,0,0,0x03
2026-09-06T21:06:05.415,1818,0,1,50,0,0,0,0,0,0,0x03
2026-09-06T21:06:05.496,1819,0,2,50,0,0,0,0,0,0,0x03
2026-09-06T21:06:05.496,1820,0,1,50,0,0,0,0,0,0,0x03
2026-09-06T21:06:05.561,1821,0,2,50,0,0,0,0,0,0,0x03
2026-09-06T21:06:05.561,1822,0,1,56,0,0,0,0,0,0,0x03
2026-09-06T21:06:05.625,1823,0,2,54,0,0,0,0,0,0,0x03
2026-09-06T21:06:05.625,1824,0,1,51,0,0,0,0,0,0,0x03
2026-09-06T21:06:05.690,1825,0,2,50,0,0,0,0,0,0,0x03
2026-09-06T21:06:05.690,1826,0,1,52,0,0,0,0,0,0,0x03
2026-09-06T21:06:05.754,1827,0,2,51,0,0,0,0,0,0,0x03
2026-09-06T21:06:05.754,1828,0,1,51,0,0,0,0,0,0,0x03
2026-09-06T21:06:05.819,1829,0,2,50,0,0,0,0,0,0,0x03
2026-09-06T21:06:05.819,1830,0,1,52,0,0,0,0,0,0,0x03
2026-09-06T21:06:05.883,1831,0,2,51,0,0,0,0,0,0,0x03
2026-09-06T21:06:05.884,1832,0,1,50,0,0,0,0,0,0,0x03
2026-09-06T21:06:05.964,1833,0,2,50,0,0,0,0,0,0,0x03
2026-09-06T21:06:05.964,1834,0,1,50,0,0,0,0,0,0,0x03
2026-09-06T21:06:06.029,1835,0,2,51,0,0,0,0,0,0,0x03
2026-09-06T21:06:06.029,1836,0,1,52,0,0,0,0,0,0,0x03
2026-09-06T21:06:06.094,1837,0,2,50,0,0,0,0,0,0,0x03
2026-09-06T21:06:06.094,1838,0,1,51,0,0,0,0,0,0,0x03
2026-09-06T21:06:06.159,1839,0,2,50,0,0,0,0,0,0,0x03
2026-09-06T21:06:06.159,1840,0,1,50,0,0,0,0,0,0,0x03
2026-09-06T21:06:06.224,1841,0,2,50,0,0,0,0,0,0,0x03
2026-09-06T21:06:06.224,1842,0,1,51,0,0,0,0,0,0,0x03
2026-09-06T21:06:06.289,1843,0,2,51,0,0,0,0,0,0,0x03
2026-09-06T21:06:06.289,1844,0,1,50,0,0,0,0,0,0,0x03
2026-09-06T21:06:06.353,1845,0,2,51,0,0,0,0,0,0,0x03
2026-09-06T21:06:06.353,1846,0,1,52,0,0,0,0,0,0,0x03
2026-09-06T21:06:06.418,1847,0,2,52,0,0,0,0,0,0,0x03
2026-09-06T21:06:06.418,1848,0,1,51,0,0,0,0,0,0,0x03
2026-09-06T21:06:06.499,1849,0,2,52,0,0,0,0,0,0,0x03
2026-09-06T21:06:06.499,1850,0,1,51,0,0,0,0,0,0,0x03
2026-09-06T21:06:06.564,1851,0,2,51,0,0,0,0,0,0,0x03
2026-09-06T21:06:06.564,1852,0,1,50,0,0,0,0,0,0,0x03
2026-09-06T21:06:06.629,1853,0,2,51,0,0,0,0,0,0,0x03
2026-09-06T21:06:06.629,1854,0,1,50,0,0,0,0,0,0,0x03
2026-09-06T21:06:06.694,1855,0,2,50,0,0,0,0,0,0,0x03
2026-09-06T21:06:06.694,1856,0,1,52,0,0,0,0,0,0,0x03
2026-09-06T21:06:06.759,1857,0,2,50,0,0,0,0,0,0,0x03
2026-09-06T21:06:06.759,1858,0,1,52,0,0,0,0,0,0,0x03
2026-09-06T21:06:06.824,1859,0,2,51,0,0,0,0,0,0,0x03
2026-09-06T21:06:06.824,1860,0,1,55,0,0,0,0,0,0,0x03
2026-09-06T21:06:06.889,1861,0,2,51,0,0,0,0,0,0,0x03
2026-09-06T21:06:06.889,1862,0,1,50,0,0,0,0,0,0,0x03
2026-09-06T21:06:06.954,1863,0,2,50,0,0,0,0,0,0,0x03
2026-09-06T21:06:06.954,1864,0,1,50,0,0,0,0,0,0,0x03
2026-09-06T21:06:07.035,1865,0,2,50,0,0,0,0,0,0,0x03
2026-09-06T21:06:07.035,1866,0,1,51,0,0,0,0,0,0,0x03
2026-09-06T21:06:07.100,1867,0,2,51,0,0,0,0,0,0,0x03
2026-09-06T21:06:07.100,1868,0,1,51,0,0,0,0,0,0,0x03
2026-09-06T21:06:07.166,1869,0,2,50,0,0,0,0,0,0,0x03
2026-09-06T21:06:07.166,1870,0,1,50,0,0,0,0,0,0,0x03
2026-09-06T21:06:07.231,1871,0,2,52,0,0,0,0,0,0,0x03
2026-09-06T21:06:07.231,1872,0,1,52,0,0,0,0,0,0,0x03
2026-09-06T21:06:07.295,1873,0,2,51,0,0,0,0,0,0,0x03
2026-09-06T21:06:07.295,1874,0,1,51,0,0,0,0,0,0,0x03
2026-09-06T21:06:07.360,1875,0,2,52,0,0,0,0,0,0,0x03
2026-09-06T21:06:07.360,1876,0,1,52,0,0,0,0,0,0,0x03
2026-09-06T21:06:07.425,1877,0,2,50,0,0,0,0,0,0,0x03
2026-09-06T21:06:07.425,1878,0,1,51,0,0,0,0,0,0,0x03
2026-09-06T21:06:07.490,1879,0,2,53,0,0,0,0,0,0,0x03
2026-09-06T21:06:07.490,1880,0,1,54,0,0,0,0,0,0,0x03
2026-09-06T21:06:07.570,1881,0,2,51,0,0,0,0,0,0,0x03
2026-09-06T21:06:07.570,1882,0,1,50,0,0,0,0,0,0,0x03
2026-09-06T21:06:07.635,1883,0,2,52,0,0,0,0,0,0,0x03
2026-09-06T21:06:07.635,1884,0,1,52,0,0,0,0,0,0,0x03
2026-09-06T21:06:07.700,1885,0,2,50,0,0,0,0,0,0,0x03
2026-09-06T21:06:07.700,1886,0,1,54,0,0,0,0,0,0,0x03
2026-09-06T21:06:07.765,1887,0,2,51,0,0,0,0,0,0,0x03
2026-09-06T21:06:07.765,1888,0,1,51,0,0,0,0,0,0,0x03
2026-09-06T21:06:07.830,1889,0,2,52,0,0,0,0,0,0,0x03
2026-09-06T21:06:07.830,1890,0,1,50,0,0,0,0,0,0,0x03
2026-09-06T21:06:07.895,1891,0,2,55,0,0,0,0,0,0,0x03
2026-09-06T21:06:07.895,1892,0,1,52,0,0,0,0,0,0,0x03
2026-09-06T21:06:07.960,1893,0,2,52,0,0,0,0,0,0,0x03
2026-09-06T21:06:07.960,1894,0,1,52,0,0,0,0,0,0,0x03
2026-09-06T21:06:08.041,1895,0,2,51,0,0,0,0,0,0,0x03
2026-09-06T21:06:08.042,1896,0,1,52,0,0,0,0,0,0,0x03
2026-09-06T21:06:08.090,1897,0,2,51,0,0,0,0,0,0,0x03
2026-09-06T21:06:08.090,1898,0,1,50,0,0,0,0,0,0,0x03
2026-09-06T21:06:08.171,1899,0,2,51,0,0,0,0,0,0,0x03
2026-09-06T21:06:08.171,1900,0,1,52,0,0,0,0,0,0,0x03
2026-09-06T21:06:08.236,1901,0,2,50,0,0,0,0,0,0,0x03
2026-09-06T21:06:08.236,1902,0,1,55,0,0,0,0,0,0,0x03
2026-09-06T21:06:08.300,1903,0,2,50,0,0,0,0,0,0,0x03
2026-09-06T21:06:08.300,1904,0,1,52,0,0,0,0,0,0,0x03
2026-09-06T21:06:08.365,1905,0,2,51,0,0,0,0,0,0,0x03
2026-09-06T21:06:08.365,1906,0,1,53,0,0,0,0,0,0,0x03
2026-09-06T21:06:08.430,1907,0,2,51,0,0,0,0,0,0,0x03
2026-09-06T21:06:08.430,1908,0,1,51,0,0,0,0,0,0,0x03
2026-09-06T21:06:08.494,1909,0,2,52,0,0,0,0,0,0,0x03
2026-09-06T21:06:08.494,1910,0,1,50,0,0,0,0,0,0,0x03
2026-09-06T21:06:08.575,1911,0,2,51,0,0,0,0,0,0,0x03
2026-09-06T21:06:08.575,1912,0,1,52,0,0,0,0,0,0,0x03
2026-09-06T21:06:08.640,1913,0,2,50,0,0,0,0,0,0,0x03
2026-09-06T21:06:08.640,1914,0,1,51,0,0,0,0,0,0,0x03
2026-09-06T21:06:08.705,1915,0,2,51,0,0,0,0,0,0,0x03
2026-09-06T21:06:08.705,1916,0,1,51,0,0,0,0,0,0,0x03
2026-09-06T21:06:08.770,1917,0,2,54,0,0,0,0,0,0,0x03
2026-09-06T21:06:08.770,1918,0,1,50,0,0,0,0,0,0,0x03
2026-09-06T21:06:08.835,1919,0,2,52,0,0,0,0,0,0,0x03
2026-09-06T21:06:08.835,1920,0,1,52,0,0,0,0,0,0,0x03
2026-09-06T21:06:08.900,1921,0,2,51,0,0,0,0,0,0,0x03
2026-09-06T21:06:08.900,1922,0,1,50,0,0,0,0,0,0,0x03
2026-09-06T21:06:08.966,1923,0,2,51,0,0,0,0,0,0,0x03
2026-09-06T21:06:08.966,1924,0,1,51,0,0,0,0,0,0,0x03
2026-09-06T21:06:09.030,1925,0,2,50,0,0,0,0,0,0,0x03
2026-09-06T21:06:09.030,1926,0,1,51,0,0,0,0,0,0,0x03
2026-09-06T21:06:09.095,1927,0,2,51,0,0,0,0,0,0,0x03
2026-09-06T21:06:09.095,1928,0,1,51,0,0,0,0,0,0,0x03
2026-09-06T21:06:09.176,1929,0,2,52,0,0,0,0,0,0,0x03
2026-09-06T21:06:09.176,1930,0,1,51,0,0,0,0,0,0,0x03
2026-09-06T21:06:09.240,1931,0,2,50,0,0,0,0,0,0,0x03
2026-09-06T21:06:09.240,1932,0,1,51,0,0,0,0,0,0,0x03
2026-09-06T21:06:09.305,1933,0,2,52,0,0,0,0,0,0,0x03
2026-09-06T21:06:09.305,1934,0,1,52,0,0,0,0,0,0,0x03
2026-09-06T21:06:09.370,1935,0,2,50,0,0,0,0,0,0,0x03
2026-09-06T21:06:09.370,1936,0,1,51,0,0,0,0,0,0,0x03
2026-09-06T21:06:09.435,1937,0,2,54,0,0,0,0,0,0,0x03
2026-09-06T21:06:09.435,1938,0,1,52,0,0,0,0,0,0,0x03
2026-09-06T21:06:09.500,1939,0,2,52,0,0,0,0,0,0,0x03
2026-09-06T21:06:09.500,1940,0,1,52,0,0,0,0,0,0,0x03
2026-09-06T21:06:09.581,1941,0,2,51,0,0,0,0,0,0,0x03
2026-09-06T21:06:09.581,1942,0,1,50,0,0,0,0,0,0,0x03
2026-09-06T21:06:09.630,1943,0,2,52,0,0,0,0,0,0,0x03
2026-09-06T21:06:09.630,1944,0,1,52,0,0,0,0,0,0,0x03
2026-09-06T21:06:09.711,1945,0,2,51,0,0,0,0,0,0,0x03
2026-09-06T21:06:09.711,1946,0,1,52,0,0,0,0,0,0,0x03
2026-09-06T21:06:09.776,1947,0,2,52,0,0,0,0,0,0,0x03
2026-09-06T21:06:09.776,1948,0,1,52,0,0,0,0,0,0,0x03
2026-09-06T21:06:09.841,1949,0,2,50,0,0,0,0,0,0,0x03
2026-09-06T21:06:09.841,1950,0,1,52,0,0,0,0,0,0,0x03
2026-09-06T21:06:09.906,1951,0,2,51,0,0,0,0,0,0,0x03
2026-09-06T21:06:09.906,1952,0,1,51,0,0,0,0,0,0,0x03
2026-09-06T21:06:09.971,1953,0,2,50,0,0,0,0,0,0,0x03
2026-09-06T21:06:09.971,1954,0,1,51,0,0,0,0,0,0,0x03
2026-09-06T21:06:10.036,1955,0,2,51,0,0,0,0,0,0,0x03
2026-09-06T21:06:10.036,1956,0,1,52,0,0,0,0,0,0,0x03
2026-09-06T21:06:10.117,1957,0,2,52,0,0,0,0,0,0,0x03
2026-09-06T21:06:10.117,1958,0,1,50,0,0,0,0,0,0,0x03
2026-09-06T21:06:10.166,1959,0,2,50,0,0,0,0,0,0,0x03
2026-09-06T21:06:10.166,1960,0,1,51,0,0,0,0,0,0,0x03
2026-09-06T21:06:10.247,1961,0,2,51,0,0,0,0,0,0,0x03
2026-09-06T21:06:10.247,1962,0,1,51,0,0,0,0,0,0,0x03
2026-09-06T21:06:10.311,1963,0,2,50,0,0,0,0,0,0,0x03
2026-09-06T21:06:10.312,1964,0,1,50,0,0,0,0,0,0,0x03
2026-09-06T21:06:10.377,1965,0,2,50,0,0,0,0,0,0,0x03
2026-09-06T21:06:10.377,1966,0,1,51,0,0,0,0,0,0,0x03
2026-09-06T21:06:10.442,1967,0,2,50,0,0,0,0,0,0,0x03
2026-09-06T21:06:10.442,1968,0,1,50,0,0,0,0,0,0,0x03
2026-09-06T21:06:10.507,1969,0,2,51,0,0,0,0,0,0,0x03
2026-09-06T21:06:10.507,1970,0,1,50,0,0,0,0,0,0,0x03
2026-09-06T21:06:10.572,1971,0,2,50,0,0,0,0,0,0,0x03
2026-09-06T21:06:10.572,1972,0,1,50,0,0,0,0,0,0,0x03
2026-09-06T21:06:10.653,1973,0,2,50,0,0,0,0,0,0,0x03
2026-09-06T21:06:10.653,1974,0,1,50,0,0,0,0,0,0,0x03
2026-09-06T21:06:10.718,1975,0,2,51,0,0,0,0,0,0,0x03
2026-09-06T21:06:10.718,1976,0,1,50,0,0,0,0,0,0,0x03
2026-09-06T21:06:10.783,1977,0,2,50,0,0,0,0,0,0,0x03
2026-09-06T21:06:10.783,1978,0,1,51,0,0,0,0,0,0,0x03
2026-09-06T21:06:10.848,1979,0,2,50,0,0,0,0,0,0,0x03
2026-09-06T21:06:10.848,1980,0,1,51,0,0,0,0,0,0,0x03
2026-09-06T21:06:10.913,1981,0,2,54,0,0,0,0,0,0,0x03
2026-09-06T21:06:10.914,1982,0,1,52,0,0,0,0,0,0,0x03
2026-09-06T21:06:10.979,1983,0,2,50,0,0,0,0,0,0,0x03
2026-09-06T21:06:10.979,1984,0,1,52,0,0,0,0,0,0,0x03
2026-09-06T21:06:11.044,1985,0,2,50,0,0,0,0,0,0,0x03
2026-09-06T21:06:11.044,1986,0,1,50,0,0,0,0,0,0,0x03
2026-09-06T21:06:11.109,1987,0,2,52,0,0,0,0,0,0,0x03
2026-09-06T21:06:11.109,1988,0,1,50,0,0,0,0,0,0,0x03
2026-09-06T21:06:11.174,1989,0,2,51,0,0,0,0,0,0,0x03
2026-09-06T21:06:11.174,1990,0,1,55,0,0,0,0,0,0,0x03
2026-09-06T21:06:11.256,1991,0,2,50,0,0,0,0,0,0,0x03
2026-09-06T21:06:11.256,1992,0,1,51,0,0,0,0,0,0,0x03
2026-09-06T21:06:11.321,1993,0,2,51,0,0,0,0,0,0,0x03
2026-09-06T21:06:11.321,1994,0,1,51,0,0,0,0,0,0,0x03
2026-09-06T21:06:11.386,1995,0,2,52,0,0,0,0,0,0,0x03
2026-09-06T21:06:11.386,1996,0,1,52,0,0,0,0,0,0,0x03
2026-09-06T21:06:11.451,1997,0,2,52,0,0,0,0,0,0,0x03
2026-09-06T21:06:11.451,1998,0,1,50,0,0,0,0,0,0,0x03
2026-09-06T21:06:11.516,1999,0,2,56,0,0,0,0,0,0,0x03
2026-09-06T21:06:11.516,2000,0,1,50,0,0,0,0,0,0,0x03
2026-09-06T21:06:11.582,2001,0,2,54,0,0,0,0,0,0,0x03
2026-09-06T21:06:11.582,2002,0,1,51,0,0,0,0,0,0,0x03
2026-09-06T21:06:11.647,2003,0,2,51,0,0,0,0,0,0,0x03
2026-09-06T21:06:11.647,2004,0,1,51,0,0,0,0,0,0,0x03
2026-09-06T21:06:11.711,2005,0,2,51,0,0,0,0,0,0,0x03
2026-09-06T21:06:11.711,2006,0,1,51,0,0,0,0,0,0,0x03
2026-09-06T21:06:11.776,2007,0,2,52,0,0,0,0,0,0,0x03
2026-09-06T21:06:11.776,2008,0,1,50,0,0,0,0,0,0,0x03
2026-09-06T21:06:11.857,2009,0,2,54,0,0,0,0,0,0,0x03
2026-09-06T21:06:11.857,2010,0,1,52,0,0,0,0,0,0,0x03
2026-09-06T21:06:11.921,2011,0,2,51,0,0,0,0,0,0,0x03
2026-09-06T21:06:11.921,2012,0,1,52,0,0,0,0,0,0,0x03
2026-09-06T21:06:11.987,2013,0,2,52,0,0,0,0,0,0,0x03
2026-09-06T21:06:11.987,2014,0,1,51,0,0,0,0,0,0,0x03
2026-09-06T21:06:12.051,2015,0,2,52,0,0,0,0,0,0,0x03
2026-09-06T21:06:12.051,2016,0,1,50,0,0,0,0,0,0,0x03
2026-09-06T21:06:12.116,2017,0,2,52,0,0,0,0,0,0,0x03
2026-09-06T21:06:12.116,2018,0,1,50,0,0,0,0,0,0,0x03
2026-09-06T21:06:12.181,2019,0,2,50,0,0,0,0,0,0,0x03
2026-09-06T21:06:12.181,2020,0,1,50,0,0,0,0,0,0,0x03
2026-09-06T21:06:12.246,2021,0,2,51,0,0,0,0,0,0,0x03
2026-09-06T21:06:12.246,2022,0,1,50,0,0,0,0,0,0,0x03
2026-09-06T21:06:12.311,2023,0,2,50,0,0,0,0,0,0,0x03
2026-09-06T21:06:12.311,2024,0,1,52,0,0,0,0,0,0,0x03
2026-09-06T21:06:12.457,2025,0,2,50,0,0,0,0,0,0,0x03
2026-09-06T21:06:12.457,2026,0,1,50,0,0,0,0,0,0,0x03
2026-09-06T21:06:12.522,2027,0,2,51,0,0,0,0,0,0,0x03
2026-09-06T21:06:12.522,2028,0,1,51,0,0,0,0,0,0,0x03
2026-09-06T21:06:12.588,2029,0,2,55,0,0,0,0,0,0,0x03
2026-09-06T21:06:12.588,2030,0,1,52,0,0,0,0,0,0,0x03
2026-09-06T21:06:12.652,2031,0,2,50,0,0,0,0,0,0,0x03
2026-09-06T21:06:12.652,2032,0,1,55,0,0,0,0,0,0,0x03
2026-09-06T21:06:12.717,2033,0,2,50,0,0,0,0,0,0,0x03
2026-09-06T21:06:12.717,2034,0,1,52,0,0,0,0,0,0,0x03
2026-09-06T21:06:12.782,2035,0,2,52,0,0,0,0,0,0,0x03
2026-09-06T21:06:12.782,2036,0,1,50,0,0,0,0,0,0,0x03
2026-09-06T21:06:12.847,2037,0,2,50,0,0,0,0,0,0,0x03
2026-09-06T21:06:12.847,2038,0,1,51,0,0,0,0,0,0,0x03
2026-09-06T21:06:12.928,2039,0,2,50,0,0,0,0,0,0,0x03
2026-09-06T21:06:12.928,2040,0,1,51,0,0,0,0,0,0,0x03
2026-09-06T21:06:12.993,2041,0,2,51,0,0,0,0,0,0,0x03
2026-09-06T21:06:12.993,2042,0,1,52,0,0,0,0,0,0,0x03
2026-09-06T21:06:13.058,2043,0,2,51,0,0,0,0,0,0,0x03
2026-09-06T21:06:13.058,2044,0,1,50,0,0,0,0,0,0,0x03
2026-09-06T21:06:13.123,2045,0,2,51,0,0,0,0,0,0,0x03
2026-09-06T21:06:13.123,2046,0,1,51,0,0,0,0,0,0,0x03
2026-09-06T21:06:13.188,2047,0,2,52,0,0,0,0,0,0,0x03
2026-09-06T21:06:13.188,2048,0,1,50,0,0,0,0,0,0,0x03
2026-09-06T21:06:13.253,2049,0,2,51,0,0,0,0,0,0,0x03
2026-09-06T21:06:13.253,2050,0,1,51,0,0,0,0,0,0,0x03
2026-09-06T21:06:13.318,2051,0,2,51,0,0,0,0,0,0,0x03
2026-09-06T21:06:13.318,2052,0,1,54,0,0,0,0,0,0,0x03
2026-09-06T21:06:13.384,2053,0,2,51,0,0,0,0,0,0,0x03
2026-09-06T21:06:13.384,2054,0,1,50,0,0,0,0,0,0,0x03
2026-09-06T21:06:13.465,2055,0,2,50,0,0,0,0,0,0,0x03
2026-09-06T21:06:13.465,2056,0,1,51,0,0,0,0,0,0,0x03
2026-09-06T21:06:13.514,2057,0,2,51,0,0,0,0,0,0,0x03
2026-09-06T21:06:13.514,2058,0,1,51,0,0,0,0,0,0,0x03
2026-09-06T21:06:13.595,2059,0,2,55,0,0,0,0,0,0,0x03
2026-09-06T21:06:13.595,2060,0,1,51,0,0,0,0,0,0,0x03
2026-09-06T21:06:13.660,2061,0,2,50,0,0,0,0,0,0,0x03
2026-09-06T21:06:13.660,2062,0,1,50,0,0,0,0,0,0,0x03
2026-09-06T21:06:13.725,2063,0,2,51,0,0,0,0,0,0,0x03
2026-09-06T21:06:13.725,2064,0,1,51,0,0,0,0,0,0,0x03
2026-09-06T21:06:13.790,2065,0,2,50,0,0,0,0,0,0,0x03
2026-09-06T21:06:13.790,2066,0,1,50,0,0,0,0,0,0,0x03
2026-09-06T21:06:13.855,2067,0,2,50,0,0,0,0,0,0,0x03
2026-09-06T21:06:13.855,2068,0,1,50,0,0,0,0,0,0,0x03
2026-09-06T21:06:13.920,2069,0,2,52,0,0,0,0,0,0,0x03
2026-09-06T21:06:13.920,2070,0,1,50,0,0,0,0,0,0,0x03
2026-09-06T21:06:14.001,2071,0,2,54,0,0,0,0,0,0,0x03
2026-09-06T21:06:14.001,2072,0,1,52,0,0,0,0,0,0,0x03
2026-09-06T21:06:14.050,2073,0,2,51,0,0,0,0,0,0,0x03
2026-09-06T21:06:14.050,2074,0,1,51,0,0,0,0,0,0,0x03
2026-09-06T21:06:14.131,2075,0,2,52,0,0,0,0,0,0,0x03
2026-09-06T21:06:14.131,2076,0,1,53,0,0,0,0,0,0,0x03
2026-09-06T21:06:14.196,2077,0,2,52,0,0,0,0,0,0,0x03
2026-09-06T21:06:14.196,2078,0,1,52,0,0,0,0,0,0,0x03
2026-09-06T21:06:14.261,2079,0,2,54,0,0,0,0,0,0,0x03
2026-09-06T21:06:14.261,2080,0,1,50,0,0,0,0,0,0,0x03
2026-09-06T21:06:14.327,2081,0,2,51,0,0,0,0,0,0,0x03
2026-09-06T21:06:14.327,2082,0,1,50,0,0,0,0,0,0,0x03
2026-09-06T21:06:14.392,2083,0,2,51,0,0,0,0,0,0,0x03
2026-09-06T21:06:14.392,2084,0,1,52,0,0,0,0,0,0,0x03
2026-09-06T21:06:14.457,2085,0,2,50,0,0,0,0,0,0,0x03
2026-09-06T21:06:14.457,2086,0,1,51,0,0,0,0,0,0,0x03
2026-09-06T21:06:14.522,2087,0,2,51,0,0,0,0,0,0,0x03
2026-09-06T21:06:14.522,2088,0,1,50,0,0,0,0,0,0,0x03
2026-09-06T21:06:14.586,2089,0,2,51,0,0,0,0,0,0,0x03
2026-09-06T21:06:14.586,2090,0,1,50,0,0,0,0,0,0,0x03
2026-09-06T21:06:14.667,2091,0,2,54,0,0,0,0,0,0,0x03
2026-09-06T21:06:14.667,2092,0,1,51,0,0,0,0,0,0,0x03
2026-09-06T21:06:14.732,2093,0,2,52,0,0,0,0,0,0,0x03
2026-09-06T21:06:14.732,2094,0,1,50,0,0,0,0,0,0,0x03
2026-09-06T21:06:14.797,2095,0,2,51,0,0,0,0,0,0,0x03
2026-09-06T21:06:14.797,2096,0,1,52,0,0,0,0,0,0,0x03
2026-09-06T21:06:14.862,2097,0,2,50,0,0,0,0,0,0,0x03
2026-09-06T21:06:14.862,2098,0,1,50,0,0,0,0,0,0,0x03
2026-09-06T21:06:14.927,2099,0,2,52,0,0,0,0,0,0,0x03
2026-09-06T21:06:14.927,2100,0,1,52,0,0,0,0,0,0,0x03
2026-09-06T21:06:14.992,2101,0,2,51,0,0,0,0,0,0,0x03
2026-09-06T21:06:14.992,2102,0,1,52,0,0,0,0,0,0,0x03
2026-09-06T21:06:15.058,2103,0,2,50,0,0,0,0,0,0,0x03
2026-09-06T21:06:15.058,2104,0,1,51,0,0,0,0,0,0,0x03
2026-09-06T21:06:15.139,2105,0,2,50,0,0,0,0,0,0,0x03
2026-09-06T21:06:15.139,2106,0,1,50,0,0,0,0,0,0,0x03
2026-09-06T21:06:15.204,2107,0,2,51,0,0,0,0,0,0,0x03
2026-09-06T21:06:15.204,2108,0,1,52,0,0,0,0,0,0,0x03
2026-09-06T21:06:15.269,2109,0,2,51,0,0,0,0,0,0,0x03
2026-09-06T21:06:15.269,2110,0,1,51,0,0,0,0,0,0,0x03
2026-09-06T21:06:15.335,2111,0,2,51,0,0,0,0,0,0,0x03
2026-09-06T21:06:15.335,2112,0,1,51,0,0,0,0,0,0,0x03
2026-09-06T21:06:15.399,2113,0,2,51,0,0,0,0,0,0,0x03
2026-09-06T21:06:15.399,2114,0,1,50,0,0,0,0,0,0,0x03
2026-09-06T21:06:15.464,2115,0,2,53,0,0,0,0,0,0,0x03
2026-09-06T21:06:15.464,2116,0,1,51,0,0,0,0,0,0,0x03
2026-09-06T21:06:15.529,2117,0,2,51,0,0,0,0,0,0,0x03
2026-09-06T21:06:15.529,2118,0,1,50,0,0,0,0,0,0,0x03
2026-09-06T21:06:15.594,2119,0,2,50,0,0,0,0,0,0,0x03
2026-09-06T21:06:15.594,2120,0,1,51,0,0,0,0,0,0,0x03
2026-09-06T21:06:15.659,2121,0,2,50,0,0,0,0,0,0,0x03
2026-09-06T21:06:15.659,2122,0,1,53,0,0,0,0,0,0,0x03
2026-09-06T21:06:15.740,2123,0,2,50,0,0,0,0,0,0,0x03
2026-09-06T21:06:15.740,2124,0,1,50,0,0,0,0,0,0,0x03
2026-09-06T21:06:15.805,2125,0,2,51,0,0,0,0,0,0,0x03
2026-09-06T21:06:15.805,2126,0,1,50,0,0,0,0,0,0,0x03
2026-09-06T21:06:15.870,2127,0,2,51,0,0,0,0,0,0,0x03
2026-09-06T21:06:15.870,2128,0,1,51,0,0,0,0,0,0,0x03
2026-09-06T21:06:15.935,2129,0,2,50,0,0,0,0,0,0,0x03
2026-09-06T21:06:15.935,2130,0,1,50,0,0,0,0,0,0,0x03
2026-09-06T21:06:16.000,2131,0,2,50,0,0,0,0,0,0,0x03
2026-09-06T21:06:16.000,2132,0,1,50,0,0,0,0,0,0,0x03
2026-09-06T21:06:16.065,2133,0,2,50,0,0,0,0,0,0,0x03
2026-09-06T21:06:16.065,2134,0,1,55,0,0,0,0,0,0,0x03
2026-09-06T21:06:16.130,2135,0,2,51,0,0,0,0,0,0,0x03
2026-09-06T21:06:16.130,2136,0,1,51,0,0,0,0,0,0,0x03
2026-09-06T21:06:16.195,2137,0,2,52,0,0,0,0,0,0,0x03
2026-09-06T21:06:16.195,2138,0,1,51,0,0,0,0,0,0,0x03
2026-09-06T21:06:16.276,2139,0,2,51,0,0,0,0,0,0,0x03
2026-09-06T21:06:16.276,2140,0,1,50,0,0,0,0,0,0,0x03
2026-09-06T21:06:16.340,2141,0,2,52,0,0,0,0,0,0,0x03
2026-09-06T21:06:16.340,2142,0,1,55,0,0,0,0,0,0,0x03
2026-09-06T21:06:16.405,2143,0,2,50,0,0,0,0,0,0,0x03
2026-09-06T21:06:16.405,2144,0,1,50,0,0,0,0,0,0,0x03
2026-09-06T21:06:16.470,2145,0,2,50,0,0,0,0,0,0,0x03
2026-09-06T21:06:16.470,2146,0,1,50,0,0,0,0,0,0,0x03
2026-09-06T21:06:16.535,2147,0,2,51,0,0,0,0,0,0,0x03
2026-09-06T21:06:16.535,2148,0,1,51,0,0,0,0,0,0,0x03
2026-09-06T21:06:16.600,2149,0,2,52,0,0,0,0,0,0,0x03
2026-09-06T21:06:16.600,2150,0,1,50,0,0,0,0,0,0,0x03
2026-09-06T21:06:16.666,2151,0,2,50,0,0,0,0,0,0,0x03
2026-09-06T21:06:16.666,2152,0,1,50,0,0,0,0,0,0,0x03
2026-09-06T21:06:16.731,2153,0,2,51,0,0,0,0,0,0,0x03
2026-09-06T21:06:16.731,2154,0,1,52,0,0,0,0,0,0,0x03
2026-09-06T21:06:16.813,2155,0,2,50,0,0,0,0,0,0,0x03
2026-09-06T21:06:16.813,2156,0,1,52,0,0,0,0,0,0,0x03
2026-09-06T21:06:16.877,2157,0,2,51,0,0,0,0,0,0,0x03
2026-09-06T21:06:16.877,2158,0,1,51,0,0,0,0,0,0,0x03
2026-09-06T21:06:16.943,2159,0,2,52,0,0,0,0,0,0,0x03
2026-09-06T21:06:16.943,2160,0,1,51,0,0,0,0,0,0,0x03
2026-09-06T21:06:17.007,2161,0,2,52,0,0,0,0,0,0,0x03
2026-09-06T21:06:17.008,2162,0,1,52,0,0,0,0,0,0,0x03
2026-09-06T21:06:17.072,2163,0,2,51,0,0,0,0,0,0,0x03
2026-09-06T21:06:17.072,2164,0,1,51,0,0,0,0,0,0,0x03
2026-09-06T21:06:17.138,2165,0,2,50,0,0,0,0,0,0,0x03
2026-09-06T21:06:17.138,2166,0,1,50,0,0,0,0,0,0,0x03
2026-09-06T21:06:17.203,2167,0,2,51,0,0,0,0,0,0,0x03
2026-09-06T21:06:17.203,2168,0,1,51,0,0,0,0,0,0,0x03
2026-09-06T21:06:17.268,2169,0,2,51,0,0,0,0,0,0,0x03
2026-09-06T21:06:17.268,2170,0,1,52,0,0,0,0,0,0,0x03
2026-09-06T21:06:17.349,2171,0,2,51,0,0,0,0,0,0,0x03
2026-09-06T21:06:17.349,2172,0,1,50,0,0,0,0,0,0,0x03
2026-09-06T21:06:17.414,2173,0,2,53,0,0,0,0,0,0,0x03
2026-09-06T21:06:17.414,2174,0,1,54,0,0,0,0,0,0,0x03
2026-09-06T21:06:17.479,2175,0,2,50,0,0,0,0,0,0,0x03
2026-09-06T21:06:17.479,2176,0,1,50,0,0,0,0,0,0,0x03
2026-09-06T21:06:17.544,2177,0,2,50,0,0,0,0,0,0,0x03
2026-09-06T21:06:17.544,2178,0,1,51,0,0,0,0,0,0,0x03
2026-09-06T21:06:17.609,2179,0,2,50,0,0,0,0,0,0,0x03
2026-09-06T21:06:17.610,2180,0,1,50,0,0,0,0,0,0,0x03
2026-09-06T21:06:17.675,2181,0,2,50,0,0,0,0,0,0,0x03
2026-09-06T21:06:17.675,2182,0,1,50,0,0,0,0,0,0,0x03
2026-09-06T21:06:17.740,2183,0,2,50,0,0,0,0,0,0,0x03
2026-09-06T21:06:17.740,2184,0,1,51,0,0,0,0,0,0,0x03
2026-09-06T21:06:17.805,2185,0,2,54,0,0,0,0,0,0,0x03
2026-09-06T21:06:17.805,2186,0,1,53,0,0,0,0,0,0,0x03
2026-09-06T21:06:17.870,2187,0,2,50,0,0,0,0,0,0,0x03
2026-09-06T21:06:17.870,2188,0,1,51,0,0,0,0,0,0,0x03
2026-09-06T21:06:17.935,2189,0,2,51,0,0,0,0,0,0,0x03
2026-09-06T21:06:17.935,2190,0,1,50,0,0,0,0,0,0,0x03
2026-09-06T21:06:18.016,2191,0,2,52,0,0,0,0,0,0,0x03
2026-09-06T21:06:18.016,2192,0,1,50,0,0,0,0,0,0,0x03
2026-09-06T21:06:18.080,2193,0,2,51,0,0,0,0,0,0,0x03
2026-09-06T21:06:18.081,2194,0,1,50,0,0,0,0,0,0,0x03
2026-09-06T21:06:18.145,2195,0,2,50,0,0,0,0,0,0,0x03
2026-09-06T21:06:18.145,2196,0,1,51,0,0,0,0,0,0,0x03
2026-09-06T21:06:18.210,2197,0,2,51,0,0,0,0,0,0,0x03
2026-09-06T21:06:18.210,2198,0,1,53,0,0,0,0,0,0,0x03
2026-09-06T21:06:18.275,2199,0,2,51,0,0,0,0,0,0,0x03
2026-09-06T21:06:18.275,2200,0,1,50,0,0,0,0,0,0,0x03
2026-09-06T21:06:18.339,2201,0,2,50,0,0,0,0,0,0,0x03
2026-09-06T21:06:18.339,2202,0,1,50,0,0,0,0,0,0,0x03
2026-09-06T21:06:18.404,2203,0,2,52,0,0,0,0,0,0,0x03
2026-09-06T21:06:18.404,2204,0,1,51,0,0,0,0,0,0,0x03
2026-09-06T21:06:18.485,2205,0,2,54,0,0,0,0,0,0,0x03
2026-09-06T21:06:18.485,2206,0,1,55,0,0,0,0,0,0,0x03
2026-09-06T21:06:18.550,2207,0,2,51,0,0,0,0,0,0,0x03
2026-09-06T21:06:18.550,2208,0,1,51,0,0,0,0,0,0,0x03
2026-09-06T21:06:18.616,2209,0,2,52,0,0,0,0,0,0,0x03
2026-09-06T21:06:18.616,2210,0,1,51,0,0,0,0,0,0,0x03
2026-09-06T21:06:18.681,2211,0,2,50,0,0,0,0,0,0,0x03
2026-09-06T21:06:18.681,2212,0,1,52,0,0,0,0,0,0,0x03
2026-09-06T21:06:18.746,2213,0,2,50,0,0,0,0,0,0,0x03
2026-09-06T21:06:18.746,2214,0,1,51,0,0,0,0,0,0,0x03
2026-09-06T21:06:18.812,2215,0,2,50,0,0,0,0,0,0,0x03
2026-09-06T21:06:18.812,2216,0,1,50,0,0,0,0,0,0,0x03
2026-09-06T21:06:18.876,2217,0,2,51,0,0,0,0,0,0,0x03
2026-09-06T21:06:18.877,2218,0,1,52,0,0,0,0,0,0,0x03
2026-09-06T21:06:18.942,2219,0,2,50,0,0,0,0,0,0,0x03
2026-09-06T21:06:18.942,2220,0,1,50,0,0,0,0,0,0,0x03
2026-09-06T21:06:19.023,2221,0,2,52,0,0,0,0,0,0,0x03
2026-09-06T21:06:19.023,2222,0,1,50,0,0,0,0,0,0,0x03
2026-09-06T21:06:19.088,2223,0,2,52,0,0,0,0,0,0,0x03
2026-09-06T21:06:19.088,2224,0,1,50,0,0,0,0,0,0,0x03
2026-09-06T21:06:19.153,2225,0,2,51,0,0,0,0,0,0,0x03
2026-09-06T21:06:19.153,2226,0,1,52,0,0,0,0,0,0,0x03
2026-09-06T21:06:19.217,2227,0,2,50,0,0,0,0,0,0,0x03
2026-09-06T21:06:19.217,2228,0,1,50,0,0,0,0,0,0,0x03
2026-09-06T21:06:19.283,2229,0,2,52,0,0,0,0,0,0,0x03
2026-09-06T21:06:19.283,2230,0,1,51,0,0,0,0,0,0,0x03
2026-09-06T21:06:19.348,2231,0,2,50,0,0,0,0,0,0,0x03
2026-09-06T21:06:19.348,2232,0,1,52,0,0,0,0,0,0,0x03
2026-09-06T21:06:19.413,2233,0,2,50,0,0,0,0,0,0,0x03
2026-09-06T21:06:19.413,2234,0,1,50,0,0,0,0,0,0,0x03
2026-09-06T21:06:19.478,2235,0,2,50,0,0,0,0,0,0,0x03
2026-09-06T21:06:19.478,2236,0,1,52,0,0,0,0,0,0,0x03
2026-09-06T21:06:19.543,2237,0,2,51,0,0,0,0,0,0,0x03
2026-09-06T21:06:19.543,2238,0,1,50,0,0,0,0,0,0,0x03
2026-09-06T21:06:19.624,2239,0,2,50,0,0,0,0,0,0,0x03
2026-09-06T21:06:19.624,2240,0,1,51,0,0,0,0,0,0,0x03
2026-09-06T21:06:19.689,2241,0,2,52,0,0,0,0,0,0,0x03
2026-09-06T21:06:19.689,2242,0,1,51,0,0,0,0,0,0,0x03
2026-09-06T21:06:19.755,2243,0,2,50,0,0,0,0,0,0,0x03
2026-09-06T21:06:19.755,2244,0,1,50,0,0,0,0,0,0,0x03
2026-09-06T21:06:19.819,2245,0,2,51,0,0,0,0,0,0,0x03
2026-09-06T21:06:19.819,2246,0,1,52,0,0,0,0,0,0,0x03
2026-09-06T21:06:19.884,2247,0,2,52,0,0,0,0,0,0,0x03
2026-09-06T21:06:19.884,2248,0,1,50,0,0,0,0,0,0,0x03
2026-09-06T21:06:19.949,2249,0,2,55,0,0,0,0,0,0,0x03
2026-09-06T21:06:19.949,2250,0,1,51,0,0,0,0,0,0,0x03
2026-09-06T21:06:20.014,2251,0,2,50,0,0,0,0,0,0,0x03
2026-09-06T21:06:20.014,2252,0,1,50,0,0,0,0,0,0,0x03
2026-09-06T21:06:20.079,2253,0,2,50,0,0,0,0,0,0,0x03
2026-09-06T21:06:20.079,2254,0,1,51,0,0,0,0,0,0,0x03
2026-09-06T21:06:20.161,2255,0,2,52,0,0,0,0,0,0,0x03
2026-09-06T21:06:20.161,2256,0,1,50,0,0,0,0,0,0,0x03
2026-09-06T21:06:20.226,2257,0,2,51,0,0,0,0,0,0,0x03
2026-09-06T21:06:20.226,2258,0,1,52,0,0,0,0,0,0,0x03
2026-09-06T21:06:20.291,2259,0,2,50,0,0,0,0,0,0,0x03
2026-09-06T21:06:20.291,2260,0,1,52,0,0,0,0,0,0,0x03
2026-09-06T21:06:20.357,2261,0,2,51,0,0,0,0,0,0,0x03
2026-09-06T21:06:20.357,2262,0,1,54,0,0,0,0,0,0,0x03
2026-09-06T21:06:20.422,2263,0,2,50,0,0,0,0,0,0,0x03
2026-09-06T21:06:20.422,2264,0,1,51,0,0,0,0,0,0,0x03
2026-09-06T21:06:20.487,2265,0,2,52,0,0,0,0,0,0,0x03
2026-09-06T21:06:20.487,2266,0,1,51,0,0,0,0,0,0,0x03
2026-09-06T21:06:20.551,2267,0,2,51,0,0,0,0,0,0,0x03
2026-09-06T21:06:20.551,2268,0,1,51,0,0,0,0,0,0,0x03
2026-09-06T21:06:20.616,2269,0,2,50,0,0,0,0,0,0,0x03
2026-09-06T21:06:20.616,2270,0,1,50,0,0,0,0,0,0,0x03
2026-09-06T21:06:20.696,2271,0,2,52,0,0,0,0,0,0,0x03
2026-09-06T21:06:20.696,2272,0,1,50,0,0,0,0,0,0,0x03
2026-09-06T21:06:20.762,2273,0,2,50,0,0,0,0,0,0,0x03
2026-09-06T21:06:20.762,2274,0,1,51,0,0,0,0,0,0,0x03
2026-09-06T21:06:20.827,2275,0,2,50,0,0,0,0,0,0,0x03
2026-09-06T21:06:20.827,2276,0,1,52,0,0,0,0,0,0,0x03
2026-09-06T21:06:20.892,2277,0,2,52,0,0,0,0,0,0,0x03
2026-09-06T21:06:20.892,2278,0,1,52,0,0,0,0,0,0,0x03
2026-09-06T21:06:20.956,2279,0,2,52,0,0,0,0,0,0,0x03
2026-09-06T21:06:20.957,2280,0,1,50,0,0,0,0,0,0,0x03
2026-09-06T21:06:21.021,2281,0,2,55,0,0,0,0,0,0,0x03
2026-09-06T21:06:21.021,2282,0,1,53,0,0,0,0,0,0,0x03
2026-09-06T21:06:21.086,2283,0,2,51,0,0,0,0,0,0,0x03
2026-09-06T21:06:21.086,2284,0,1,50,0,0,0,0,0,0,0x03
2026-09-06T21:06:21.151,2285,0,2,50,0,0,0,0,0,0,0x03
2026-09-06T21:06:21.151,2286,0,1,51,0,0,0,0,0,0,0x03
2026-09-06T21:06:21.216,2287,0,2,50,0,0,0,0,0,0,0x03
2026-09-06T21:06:21.216,2288,0,1,51,0,0,0,0,0,0,0x03
2026-09-06T21:06:21.298,2289,0,2,50,0,0,0,0,0,0,0x03
2026-09-06T21:06:21.298,2290,0,1,52,0,0,0,0,0,0,0x03
2026-09-06T21:06:21.363,2291,0,2,51,0,0,0,0,0,0,0x03
2026-09-06T21:06:21.363,2292,0,1,51,0,0,0,0,0,0,0x03
2026-09-06T21:06:21.428,2293,0,2,51,0,0,0,0,0,0,0x03
2026-09-06T21:06:21.428,2294,0,1,53,0,0,0,0,0,0,0x03
2026-09-06T21:06:21.494,2295,0,2,51,0,0,0,0,0,0,0x03
2026-09-06T21:06:21.494,2296,0,1,51,0,0,0,0,0,0,0x03
2026-09-06T21:06:21.559,2297,0,2,50,0,0,0,0,0,0,0x03
2026-09-06T21:06:21.559,2298,0,1,50,0,0,0,0,0,0,0x03
2026-09-06T21:06:21.625,2299,0,2,51,0,0,0,0,0,0,0x03
2026-09-06T21:06:21.625,2300,0,1,52,0,0,0,0,0,0,0x03
2026-09-06T21:06:21.690,2301,0,2,51,0,0,0,0,0,0,0x03
2026-09-06T21:06:21.690,2302,0,1,52,0,0,0,0,0,0,0x03
2026-09-06T21:06:21.756,2303,0,2,51,0,0,0,0,0,0,0x03
2026-09-06T21:06:21.756,2304,0,1,50,0,0,0,0,0,0,0x03
2026-09-06T21:06:21.820,2305,0,2,51,0,0,0,0,0,0,0x03
2026-09-06T21:06:21.820,2306,0,1,52,0,0,0,0,0,0,0x03
2026-09-06T21:06:21.901,2307,0,2,52,0,0,0,0,0,0,0x03
2026-09-06T21:06:21.901,2308,0,1,52,0,0,0,0,0,0,0x03
2026-09-06T21:06:21.967,2309,0,2,51,0,0,0,0,0,0,0x03
2026-09-06T21:06:21.967,2310,0,1,52,0,0,0,0,0,0,0x03
2026-09-06T21:06:22.032,2311,0,2,51,0,0,0,0,0,0,0x03
2026-09-06T21:06:22.032,2312,0,1,51,0,0,0,0,0,0,0x03
2026-09-06T21:06:22.097,2313,0,2,50,0,0,0,0,0,0,0x03
2026-09-06T21:06:22.098,2314,0,1,52,0,0,0,0,0,0,0x03
2026-09-06T21:06:22.163,2315,0,2,50,0,0,0,0,0,0,0x03
2026-09-06T21:06:22.163,2316,0,1,50,0,0,0,0,0,0,0x03
2026-09-06T21:06:22.228,2317,0,2,51,0,0,0,0,0,0,0x03
2026-09-06T21:06:22.228,2318,0,1,50,0,0,0,0,0,0,0x03
2026-09-06T21:06:22.294,2319,0,2,53,0,0,0,0,0,0,0x03
2026-09-06T21:06:22.294,2320,0,1,52,0,0,0,0,0,0,0x03
2026-09-06T21:06:22.359,2321,0,2,52,0,0,0,0,0,0,0x03
2026-09-06T21:06:22.359,2322,0,1,51,0,0,0,0,0,0,0x03
2026-09-06T21:06:22.424,2323,0,2,50,0,0,0,0,0,0,0x03
2026-09-06T21:06:22.424,2324,0,1,52,0,0,0,0,0,0,0x03
2026-09-06T21:06:22.489,2325,0,2,52,0,0,0,0,0,0,0x03
2026-09-06T21:06:22.489,2326,0,1,51,0,0,0,0,0,0,0x03
2026-09-06T21:06:22.555,2327,0,2,56,0,0,0,0,0,0,0x03
2026-09-06T21:06:22.555,2328,0,1,52,0,0,0,0,0,0,0x03
2026-09-06T21:06:22.636,2329,0,2,52,0,0,0,0,0,0,0x03
2026-09-06T21:06:22.636,2330,0,1,52,0,0,0,0,0,0,0x03
2026-09-06T21:06:22.701,2331,0,2,51,0,0,0,0,0,0,0x03
2026-09-06T21:06:22.701,2332,0,1,50,0,0,0,0,0,0,0x03
2026-09-06T21:06:22.766,2333,0,2,51,0,0,0,0,0,0,0x03
2026-09-06T21:06:22.766,2334,0,1,52,0,0,0,0,0,0,0x03
2026-09-06T21:06:22.831,2335,0,2,51,0,0,0,0,0,0,0x03
2026-09-06T21:06:22.831,2336,0,1,50,0,0,0,0,0,0,0x03
2026-09-06T21:06:22.897,2337,0,2,51,0,0,0,0,0,0,0x03
2026-09-06T21:06:22.897,2338,0,1,51,0,0,0,0,0,0,0x03
2026-09-06T21:06:22.962,2339,0,2,50,0,0,0,0,0,0,0x03
2026-09-06T21:06:22.962,2340,0,1,50,0,0,0,0,0,0,0x03
2026-09-06T21:06:23.027,2341,0,2,52,0,0,0,0,0,0,0x03
2026-09-06T21:06:23.027,2342,0,1,51,0,0,0,0,0,0,0x03
2026-09-06T21:06:23.092,2343,0,2,51,0,0,0,0,0,0,0x03
2026-09-06T21:06:23.092,2344,0,1,50,0,0,0,0,0,0,0x03
2026-09-06T21:06:23.173,2345,0,2,50,0,0,0,0,0,0,0x03
2026-09-06T21:06:23.173,2346,0,1,50,0,0,0,0,0,0,0x03
2026-09-06T21:06:23.238,2347,0,2,51,0,0,0,0,0,0,0x03
2026-09-06T21:06:23.238,2348,0,1,51,0,0,0,0,0,0,0x03
2026-09-06T21:06:23.303,2349,0,2,51,0,0,0,0,0,0,0x03
2026-09-06T21:06:23.303,2350,0,1,52,0,0,0,0,0,0,0x03
2026-09-06T21:06:23.368,2351,0,2,51,0,0,0,0,0,0,0x03
2026-09-06T21:06:23.368,2352,0,1,54,0,0,0,0,0,0,0x03
2026-09-06T21:06:23.432,2353,0,2,51,0,0,0,0,0,0,0x03
2026-09-06T21:06:23.432,2354,0,1,50,0,0,0,0,0,0,0x03
2026-09-06T21:06:23.497,2355,0,2,50,0,0,0,0,0,0,0x03
2026-09-06T21:06:23.497,2356,0,1,51,0,0,0,0,0,0,0x03
2026-09-06T21:06:23.562,2357,0,2,51,0,0,0,0,0,0,0x03
2026-09-06T21:06:23.562,2358,0,1,52,0,0,0,0,0,0,0x03
2026-09-06T21:06:23.643,2359,0,2,55,0,0,0,0,0,0,0x03
2026-09-06T21:06:23.643,2360,0,1,55,0,0,0,0,0,0,0x03
2026-09-06T21:06:23.708,2361,0,2,51,0,0,0,0,0,0,0x03
2026-09-06T21:06:23.708,2362,0,1,52,0,0,0,0,0,0,0x03
2026-09-06T21:06:23.773,2363,0,2,51,0,0,0,0,0,0,0x03
2026-09-06T21:06:23.773,2364,0,1,50,0,0,0,0,0,0,0x03
2026-09-06T21:06:23.838,2365,0,2,50,0,0,0,0,0,0,0x03
2026-09-06T21:06:23.838,2366,0,1,50,0,0,0,0,0,0,0x03
2026-09-06T21:06:23.904,2367,0,2,51,0,0,0,0,0,0,0x03
2026-09-06T21:06:23.904,2368,0,1,52,0,0,0,0,0,0,0x03
2026-09-06T21:06:23.969,2369,0,2,51,0,0,0,0,0,0,0x03
2026-09-06T21:06:23.969,2370,0,1,52,0,0,0,0,0,0,0x03
2026-09-06T21:06:24.034,2371,0,2,52,0,0,0,0,0,0,0x03
2026-09-06T21:06:24.034,2372,0,1,52,0,0,0,0,0,0,0x03
2026-09-06T21:06:24.099,2373,0,2,51,0,0,0,0,0,0,0x03
2026-09-06T21:06:24.099,2374,0,1,51,0,0,0,0,0,0,0x03
2026-09-06T21:06:24.165,2375,0,2,51,0,0,0,0,0,0,0x03
2026-09-06T21:06:24.165,2376,0,1,52,0,0,0,0,0,0,0x03
2026-09-06T21:06:24.246,2377,0,2,51,0,0,0,0,0,0,0x03
2026-09-06T21:06:24.246,2378,0,1,50,0,0,0,0,0,0,0x03
2026-09-06T21:06:24.295,2379,0,2,51,0,0,0,0,0,0,0x03
2026-09-06T21:06:24.295,2380,0,1,51,0,0,0,0,0,0,0x03
2026-09-06T21:06:24.376,2381,0,2,50,0,0,0,0,0,0,0x03
2026-09-06T21:06:24.376,2382,0,1,51,0,0,0,0,0,0,0x03
2026-09-06T21:06:24.441,2383,0,2,51,0,0,0,0,0,0,0x03
2026-09-06T21:06:24.441,2384,0,1,50,0,0,0,0,0,0,0x03
2026-09-06T21:06:24.506,2385,0,2,51,0,0,0,0,0,0,0x03
2026-09-06T21:06:24.506,2386,0,1,50,0,0,0,0,0,0,0x03
2026-09-06T21:06:24.570,2387,0,2,51,0,0,0,0,0,0,0x03
2026-09-06T21:06:24.570,2388,0,1,50,0,0,0,0,0,0,0x03
2026-09-06T21:06:24.635,2389,0,2,51,0,0,0,0,0,0,0x03
2026-09-06T21:06:24.635,2390,0,1,51,0,0,0,0,0,0,0x03
2026-09-06T21:06:24.700,2391,0,2,56,0,0,0,0,0,0,0x03
2026-09-06T21:06:24.700,2392,0,1,55,0,0,0,0,0,0,0x03
2026-09-06T21:06:24.781,2393,0,2,50,0,0,0,0,0,0,0x03
2026-09-06T21:06:24.781,2394,0,1,50,0,0,0,0,0,0,0x03
2026-09-06T21:06:24.846,2395,0,2,51,0,0,0,0,0,0,0x03
2026-09-06T21:06:24.846,2396,0,1,52,0,0,0,0,0,0,0x03
2026-09-06T21:06:24.911,2397,0,2,51,0,0,0,0,0,0,0x03
2026-09-06T21:06:24.911,2398,0,1,52,0,0,0,0,0,0,0x03
2026-09-06T21:06:24.976,2399,0,2,50,0,0,0,0,0,0,0x03
2026-09-06T21:06:24.976,2400,0,1,51,0,0,0,0,0,0,0x03
2026-09-06T21:06:25.041,2401,0,2,50,0,0,0,0,0,0,0x03
2026-09-06T21:06:25.041,2402,0,1,51,0,0,0,0,0,0,0x03
2026-09-06T21:06:25.106,2403,0,2,54,0,0,0,0,0,0,0x03
2026-09-06T21:06:25.106,2404,0,1,51,0,0,0,0,0,0,0x03
2026-09-06T21:06:25.171,2405,0,2,50,0,0,0,0,0,0,0x03
2026-09-06T21:06:25.171,2406,0,1,51,0,0,0,0,0,0,0x03
2026-09-06T21:06:25.236,2407,0,2,50,0,0,0,0,0,0,0x03
2026-09-06T21:06:25.236,2408,0,1,50,0,0,0,0,0,0,0x03
2026-09-06T21:06:25.318,2409,0,2,50,0,0,0,0,0,0,0x03
2026-09-06T21:06:25.318,2410,0,1,51,0,0,0,0,0,0,0x03
2026-09-06T21:06:25.383,2411,0,2,50,0,0,0,0,0,0,0x03
2026-09-06T21:06:25.383,2412,0,1,52,0,0,0,0,0,0,0x03
2026-09-06T21:06:25.447,2413,0,2,50,0,0,0,0,0,0,0x03
2026-09-06T21:06:25.447,2414,0,1,50,0,0,0,0,0,0,0x03
2026-09-06T21:06:25.512,2415,0,2,54,0,0,0,0,0,0,0x03
2026-09-06T21:06:25.512,2416,0,1,52,0,0,0,0,0,0,0x03
2026-09-06T21:06:25.577,2417,0,2,50,0,0,0,0,0,0,0x03
2026-09-06T21:06:25.577,2418,0,1,51,0,0,0,0,0,0,0x03
2026-09-06T21:06:25.642,2419,0,2,50,0,0,0,0,0,0,0x03
2026-09-06T21:06:25.642,2420,0,1,51,0,0,0,0,0,0,0x03
2026-09-06T21:06:25.707,2421,0,2,51,0,0,0,0,0,0,0x03
2026-09-06T21:06:25.707,2422,0,1,50,0,0,0,0,0,0,0x03
2026-09-06T21:06:25.771,2423,0,2,50,0,0,0,0,0,0,0x03
2026-09-06T21:06:25.772,2424,0,1,52,0,0,0,0,0,0,0x03
2026-09-06T21:06:25.837,2425,0,2,50,0,0,0,0,0,0,0x03
2026-09-06T21:06:25.837,2426,0,1,52,0,0,0,0,0,0,0x03
2026-09-06T21:06:25.918,2427,0,2,55,0,0,0,0,0,0,0x03
2026-09-06T21:06:25.918,2428,0,1,50,0,0,0,0,0,0,0x03
2026-09-06T21:06:25.983,2429,0,2,52,0,0,0,0,0,0,0x03
2026-09-06T21:06:25.983,2430,0,1,50,0,0,0,0,0,0,0x03
2026-09-06T21:06:26.047,2431,0,2,56,0,0,0,0,0,0,0x03
2026-09-06T21:06:26.047,2432,0,1,51,0,0,0,0,0,0,0x03
2026-09-06T21:06:26.112,2433,0,2,52,0,0,0,0,0,0,0x03
2026-09-06T21:06:26.112,2434,0,1,50,0,0,0,0,0,0,0x03
2026-09-06T21:06:26.178,2435,0,2,50,0,0,0,0,0,0,0x03
2026-09-06T21:06:26.178,2436,0,1,54,0,0,0,0,0,0,0x03
2026-09-06T21:06:26.243,2437,0,2,52,0,0,0,0,0,0,0x03
2026-09-06T21:06:26.243,2438,0,1,50,0,0,0,0,0,0,0x03
2026-09-06T21:06:26.308,2439,0,2,51,0,0,0,0,0,0,0x03
2026-09-06T21:06:26.308,2440,0,1,51,0,0,0,0,0,0,0x03
2026-09-06T21:06:26.373,2441,0,2,52,0,0,0,0,0,0,0x03
2026-09-06T21:06:26.373,2442,0,1,52,0,0,0,0,0,0,0x03
2026-09-06T21:06:26.454,2443,0,2,51,0,0,0,0,0,0,0x03
2026-09-06T21:06:26.454,2444,0,1,51,0,0,0,0,0,0,0x03
2026-09-06T21:06:26.519,2445,0,2,50,0,0,0,0,0,0,0x03
2026-09-06T21:06:26.519,2446,0,1,50,0,0,0,0,0,0,0x03
2026-09-06T21:06:26.584,2447,0,2,52,0,0,0,0,0,0,0x03
2026-09-06T21:06:26.584,2448,0,1,50,0,0,0,0,0,0,0x03
2026-09-06T21:06:26.649,2449,0,2,53,0,0,0,0,0,0,0x03
2026-09-06T21:06:26.649,2450,0,1,50,0,0,0,0,0,0,0x03
2026-09-06T21:06:26.714,2451,0,2,50,0,0,0,0,0,0,0x03
2026-09-06T21:06:26.714,2452,0,1,52,0,0,0,0,0,0,0x03
2026-09-06T21:06:26.779,2453,0,2,51,0,0,0,0,0,0,0x03
2026-09-06T21:06:26.779,2454,0,1,50,0,0,0,0,0,0,0x03
2026-09-06T21:06:26.844,2455,0,2,51,0,0,0,0,0,0,0x03
2026-09-06T21:06:26.844,2456,0,1,52,0,0,0,0,0,0,0x03
2026-09-06T21:06:26.909,2457,0,2,52,0,0,0,0,0,0,0x03
2026-09-06T21:06:26.909,2458,0,1,50,0,0,0,0,0,0,0x03
2026-09-06T21:06:26.990,2459,0,2,52,0,0,0,0,0,0,0x03
2026-09-06T21:06:26.990,2460,0,1,52,0,0,0,0,0,0,0x03
2026-09-06T21:06:27.055,2461,0,2,50,0,0,0,0,0,0,0x03
2026-09-06T21:06:27.055,2462,0,1,52,0,0,0,0,0,0,0x03
2026-09-06T21:06:27.120,2463,0,2,51,0,0,0,0,0,0,0x03
2026-09-06T21:06:27.120,2464,0,1,50,0,0,0,0,0,0,0x03
2026-09-06T21:06:27.185,2465,0,2,51,0,0,0,0,0,0,0x03
2026-09-06T21:06:27.185,2466,0,1,52,0,0,0,0,0,0,0x03
2026-09-06T21:06:27.250,2467,0,2,51,0,0,0,0,0,0,0x03
2026-09-06T21:06:27.250,2468,0,1,51,0,0,0,0,0,0,0x03
2026-09-06T21:06:27.315,2469,0,2,55,0,0,0,0,0,0,0x03
2026-09-06T21:06:27.315,2470,0,1,51,0,0,0,0,0,0,0x03
2026-09-06T21:06:27.380,2471,0,2,51,0,0,0,0,0,0,0x03
2026-09-06T21:06:27.380,2472,0,1,52,0,0,0,0,0,0,0x03
2026-09-06T21:06:27.445,2473,0,2,51,0,0,0,0,0,0,0x03
2026-09-06T21:06:27.445,2474,0,1,52,0,0,0,0,0,0,0x03
2026-09-06T21:06:27.525,2475,0,2,50,0,0,0,0,0,0,0x03
2026-09-06T21:06:27.525,2476,0,1,50,0,0,0,0,0,0,0x03
2026-09-06T21:06:27.590,2477,0,2,50,0,0,0,0,0,0,0x03
2026-09-06T21:06:27.590,2478,0,1,52,0,0,0,0,0,0,0x03
2026-09-06T21:06:27.655,2479,0,2,52,0,0,0,0,0,0,0x03
2026-09-06T21:06:27.655,2480,0,1,50,0,0,0,0,0,0,0x03
2026-09-06T21:06:27.719,2481,0,2,50,0,0,0,0,0,0,0x03
2026-09-06T21:06:27.719,2482,0,1,52,0,0,0,0,0,0,0x03
2026-09-06T21:06:27.784,2483,0,2,50,0,0,0,0,0,0,0x03
2026-09-06T21:06:27.784,2484,0,1,52,0,0,0,0,0,0,0x03
2026-09-06T21:06:27.849,2485,0,2,50,0,0,0,0,0,0,0x03
2026-09-06T21:06:27.849,2486,0,1,52,0,0,0,0,0,0,0x03
2026-09-06T21:06:27.914,2487,0,2,51,0,0,0,0,0,0,0x03
2026-09-06T21:06:27.914,2488,0,1,51,0,0,0,0,0,0,0x03
2026-09-06T21:06:27.979,2489,0,2,56,0,0,0,0,0,0,0x03
2026-09-06T21:06:27.979,2490,0,1,54,0,0,0,0,0,0,0x03
2026-09-06T21:06:28.060,2491,0,2,50,0,0,0,0,0,0,0x03
2026-09-06T21:06:28.060,2492,0,1,52,0,0,0,0,0,0,0x03
2026-09-06T21:06:28.125,2493,0,2,51,0,0,0,0,0,0,0x03
2026-09-06T21:06:28.125,2494,0,1,51,0,0,0,0,0,0,0x03
2026-09-06T21:06:28.190,2495,0,2,52,0,0,0,0,0,0,0x03
2026-09-06T21:06:28.190,2496,0,1,55,0,0,0,0,0,0,0x03
2026-09-06T21:06:28.255,2497,0,2,50,0,0,0,0,0,0,0x03
2026-09-06T21:06:28.255,2498,0,1,51,0,0,0,0,0,0,0x03
2026-09-06T21:06:28.319,2499,0,2,51,0,0,0,0,0,0,0x03
2026-09-06T21:06:28.319,2500,0,1,50,0,0,0,0,0,0,0x03
2026-09-06T21:06:28.384,2501,0,2,51,0,0,0,0,0,0,0x03
2026-09-06T21:06:28.384,2502,0,1,51,0,0,0,0,0,0,0x03
2026-09-06T21:06:28.449,2503,0,2,52,0,0,0,0,0,0,0x03
2026-09-06T21:06:28.449,2504,0,1,51,0,0,0,0,0,0,0x03
2026-09-06T21:06:28.530,2505,0,2,50,0,0,0,0,0,0,0x03
2026-09-06T21:06:28.530,2506,0,1,51,0,0,0,0,0,0,0x03
2026-09-06T21:06:28.594,2507,0,2,51,0,0,0,0,0,0,0x03
2026-09-06T21:06:28.594,2508,0,1,50,0,0,0,0,0,0,0x03
2026-09-06T21:06:28.659,2509,0,2,54,0,0,0,0,0,0,0x03
2026-09-06T21:06:28.659,2510,0,1,50,0,0,0,0,0,0,0x03
2026-09-06T21:06:28.723,2511,0,2,50,0,0,0,0,0,0,0x03
2026-09-06T21:06:28.723,2512,0,1,50,0,0,0,0,0,0,0x03
2026-09-06T21:06:28.788,2513,0,2,51,0,0,0,0,0,0,0x03
2026-09-06T21:06:28.788,2514,0,1,51,0,0,0,0,0,0,0x03
2026-09-06T21:06:28.854,2515,0,2,51,0,0,0,0,0,0,0x03
2026-09-06T21:06:28.854,2516,0,1,55,0,0,0,0,0,0,0x03
2026-09-06T21:06:28.919,2517,0,2,51,0,0,0,0,0,0,0x03
2026-09-06T21:06:28.919,2518,0,1,50,0,0,0,0,0,0,0x03
2026-09-06T21:06:28.984,2519,0,2,50,0,0,0,0,0,0,0x03
2026-09-06T21:06:28.984,2520,0,1,50,0,0,0,0,0,0,0x03
2026-09-06T21:06:29.065,2521,0,2,50,0,0,0,0,0,0,0x03
2026-09-06T21:06:29.065,2522,0,1,50,0,0,0,0,0,0,0x03
2026-09-06T21:06:29.131,2523,0,2,51,0,0,0,0,0,0,0x03
2026-09-06T21:06:29.131,2524,0,1,52,0,0,0,0,0,0,0x03
2026-09-06T21:06:29.196,2525,0,2,52,0,0,0,0,0,0,0x03
2026-09-06T21:06:29.196,2526,0,1,52,0,0,0,0,0,0,0x03
2026-09-06T21:06:29.261,2527,0,2,51,0,0,0,0,0,0,0x03
2026-09-06T21:06:29.261,2528,0,1,51,0,0,0,0,0,0,0x03
2026-09-06T21:06:29.326,2529,0,2,51,0,0,0,0,0,0,0x03
2026-09-06T21:06:29.326,2530,0,1,50,0,0,0,0,0,0,0x03
2026-09-06T21:06:29.391,2531,0,2,51,0,0,0,0,0,0,0x03
2026-09-06T21:06:29.391,2532,0,1,51,0,0,0,0,0,0,0x03
2026-09-06T21:06:29.456,2533,0,2,50,0,0,0,0,0,0,0x03
2026-09-06T21:06:29.456,2534,0,1,51,0,0,0,0,0,0,0x03
2026-09-06T21:06:29.522,2535,0,2,52,0,0,0,0,0,0,0x03
2026-09-06T21:06:29.522,2536,0,1,51,0,0,0,0,0,0,0x03
2026-09-06T21:06:29.587,2537,0,2,52,0,0,0,0,0,0,0x03
2026-09-06T21:06:29.587,2538,0,1,55,0,0,0,0,0,0,0x03
2026-09-06T21:06:29.668,2539,0,2,52,0,0,0,0,0,0,0x03
2026-09-06T21:06:29.668,2540,0,1,51,0,0,0,0,0,0,0x03
2026-09-06T21:06:29.733,2541,0,2,52,0,0,0,0,0,0,0x03
2026-09-06T21:06:29.733,2542,0,1,50,0,0,0,0,0,0,0x03
2026-09-06T21:06:29.798,2543,0,2,51,0,0,0,0,0,0,0x03
2026-09-06T21:06:29.798,2544,0,1,51,0,0,0,0,0,0,0x03
2026-09-06T21:06:29.863,2545,0,2,52,0,0,0,0,0,0,0x03
2026-09-06T21:06:29.863,2546,0,1,51,0,0,0,0,0,0,0x03
2026-09-06T21:06:29.928,2547,0,2,50,0,0,0,0,0,0,0x03
2026-09-06T21:06:29.928,2548,0,1,50,0,0,0,0,0,0,0x03
2026-09-06T21:06:29.993,2549,0,2,52,0,0,0,0,0,0,0x03
2026-09-06T21:06:29.993,2550,0,1,50,0,0,0,0,0,0,0x03
2026-09-06T21:06:30.059,2551,0,2,51,0,0,0,0,0,0,0x03
2026-09-06T21:06:30.059,2552,0,1,52,0,0,0,0,0,0,0x03
2026-09-06T21:06:30.124,2553,0,2,50,0,0,0,0,0,0,0x03
2026-09-06T21:06:30.124,2554,0,1,53,0,0,0,0,0,0,0x03
2026-09-06T21:06:30.205,2555,0,2,50,0,0,0,0,0,0,0x03
2026-09-06T21:06:30.205,2556,0,1,51,0,0,0,0,0,0,0x03
2026-09-06T21:06:30.270,2557,0,2,51,0,0,0,0,0,0,0x03
2026-09-06T21:06:30.270,2558,0,1,50,0,0,0,0,0,0,0x03
2026-09-06T21:06:30.336,2559,0,2,51,0,0,0,0,0,0,0x03
2026-09-06T21:06:30.336,2560,0,1,56,0,0,0,0,0,0,0x03
2026-09-06T21:06:30.401,2561,0,2,52,0,0,0,0,0,0,0x03
2026-09-06T21:06:30.401,2562,0,1,51,0,0,0,0,0,0,0x03
2026-09-06T21:06:30.466,2563,0,2,51,0,0,0,0,0,0,0x03
2026-09-06T21:06:30.466,2564,0,1,51,0,0,0,0,0,0,0x03
2026-09-06T21:06:30.531,2565,0,2,51,0,0,0,0,0,0,0x03
2026-09-06T21:06:30.531,2566,0,1,51,0,0,0,0,0,0,0x03
2026-09-06T21:06:30.596,2567,0,2,52,0,0,0,0,0,0,0x03
2026-09-06T21:06:30.596,2568,0,1,55,0,0,0,0,0,0,0x03
2026-09-06T21:06:30.662,2569,0,2,50,0,0,0,0,0,0,0x03
2026-09-06T21:06:30.662,2570,0,1,52,0,0,0,0,0,0,0x03
2026-09-06T21:06:30.727,2571,0,2,52,0,0,0,0,0,0,0x03
2026-09-06T21:06:30.727,2572,0,1,51,0,0,0,0,0,0,0x03
2026-09-06T21:06:30.793,2573,0,2,53,0,0,0,0,0,0,0x03
2026-09-06T21:06:30.793,2574,0,1,50,0,0,0,0,0,0,0x03
2026-09-06T21:06:30.874,2575,0,2,52,0,0,0,0,0,0,0x03
2026-09-06T21:06:30.874,2576,0,1,50,0,0,0,0,0,0,0x03
2026-09-06T21:06:30.939,2577,0,2,51,0,0,0,0,0,0,0x03
2026-09-06T21:06:30.939,2578,0,1,52,0,0,0,0,0,0,0x03
2026-09-06T21:06:31.004,2579,0,2,50,0,0,0,0,0,0,0x03
2026-09-06T21:06:31.004,2580,0,1,50,0,0,0,0,0,0,0x03
2026-09-06T21:06:31.069,2581,0,2,52,0,0,0,0,0,0,0x03
2026-09-06T21:06:31.069,2582,0,1,50,0,0,0,0,0,0,0x03
2026-09-06T21:06:31.134,2583,0,2,52,0,0,0,0,0,0,0x03
2026-09-06T21:06:31.134,2584,0,1,51,0,0,0,0,0,0,0x03
2026-09-06T21:06:31.199,2585,0,2,51,0,0,0,0,0,0,0x03
2026-09-06T21:06:31.200,2586,0,1,50,0,0,0,0,0,0,0x03
2026-09-06T21:06:31.264,2587,0,2,51,0,0,0,0,0,0,0x03
2026-09-06T21:06:31.264,2588,0,1,51,0,0,0,0,0,0,0x03
2026-09-06T21:06:31.329,2589,0,2,51,0,0,0,0,0,0,0x03
2026-09-06T21:06:31.329,2590,0,1,52,0,0,0,0,0,0,0x03
2026-09-06T21:06:31.411,2591,0,2,50,0,0,0,0,0,0,0x03
2026-09-06T21:06:31.411,2592,0,1,52,0,0,0,0,0,0,0x03
2026-09-06T21:06:31.476,2593,0,2,51,0,0,0,0,0,0,0x03
2026-09-06T21:06:31.476,2594,0,1,50,0,0,0,0,0,0,0x03
2026-09-06T21:06:31.540,2595,0,2,51,0,0,0,0,0,0,0x03
2026-09-06T21:06:31.540,2596,0,1,51,0,0,0,0,0,0,0x03
2026-09-06T21:06:31.606,2597,0,2,53,0,0,0,0,0,0,0x03
2026-09-06T21:06:31.606,2598,0,1,51,0,0,0,0,0,0,0x03
2026-09-06T21:06:31.671,2599,0,2,51,0,0,0,0,0,0,0x03
2026-09-06T21:06:31.671,2600,0,1,52,0,0,0,0,0,0,0x03
2026-09-06T21:06:31.736,2601,0,2,50,0,0,0,0,0,0,0x03
2026-09-06T21:06:31.736,2602,0,1,50,0,0,0,0,0,0,0x03
2026-09-06T21:06:31.801,2603,0,2,52,0,0,0,0,0,0,0x03
2026-09-06T21:06:31.801,2604,0,1,51,0,0,0,0,0,0,0x03
2026-09-06T21:06:31.865,2605,0,2,51,0,0,0,0,0,0,0x03
2026-09-06T21:06:31.865,2606,0,1,51,0,0,0,0,0,0,0x03
2026-09-06T21:06:31.930,2607,0,2,51,0,0,0,0,0,0,0x03
2026-09-06T21:06:31.930,2608,0,1,50,0,0,0,0,0,0,0x03
2026-09-06T21:06:32.011,2609,0,2,51,0,0,0,0,0,0,0x03
2026-09-06T21:06:32.011,2610,0,1,51,0,0,0,0,0,0,0x03
2026-09-06T21:06:32.076,2611,0,2,50,0,0,0,0,0,0,0x03
2026-09-06T21:06:32.076,2612,0,1,50,0,0,0,0,0,0,0x03
2026-09-06T21:06:32.142,2613,0,2,50,0,0,0,0,0,0,0x03
2026-09-06T21:06:32.142,2614,0,1,52,0,0,0,0,0,0,0x03
2026-09-06T21:06:32.207,2615,0,2,51,0,0,0,0,0,0,0x03
2026-09-06T21:06:32.207,2616,0,1,50,0,0,0,0,0,0,0x03
2026-09-06T21:06:32.272,2617,0,2,56,0,0,0,0,0,0,0x03
2026-09-06T21:06:32.272,2618,0,1,52,0,0,0,0,0,0,0x03
2026-09-06T21:06:32.337,2619,0,2,52,0,0,0,0,0,0,0x03
2026-09-06T21:06:32.337,2620,0,1,51,0,0,0,0,0,0,0x03
2026-09-06T21:06:32.402,2621,0,2,51,0,0,0,0,0,0,0x03
2026-09-06T21:06:32.403,2622,0,1,51,0,0,0,0,0,0,0x03
2026-09-06T21:06:32.467,2623,0,2,51,0,0,0,0,0,0,0x03
2026-09-06T21:06:32.467,2624,0,1,51,0,0,0,0,0,0,0x03
2026-09-06T21:06:32.532,2625,0,2,50,0,0,0,0,0,0,0x03
2026-09-06T21:06:32.532,2626,0,1,51,0,0,0,0,0,0,0x03
2026-09-06T21:06:32.613,2627,0,2,52,0,0,0,0,0,0,0x03
2026-09-06T21:06:32.613,2628,0,1,50,0,0,0,0,0,0,0x03
2026-09-06T21:06:32.678,2629,0,2,50,0,0,0,0,0,0,0x03
2026-09-06T21:06:32.678,2630,0,1,51,0,0,0,0,0,0,0x03
2026-09-06T21:06:32.743,2631,0,2,52,0,0,0,0,0,0,0x03
2026-09-06T21:06:32.743,2632,0,1,50,0,0,0,0,0,0,0x03
2026-09-06T21:06:32.808,2633,0,2,50,0,0,0,0,0,0,0x03
2026-09-06T21:06:32.808,2634,0,1,50,0,0,0,0,0,0,0x03
2026-09-06T21:06:32.873,2635,0,2,51,0,0,0,0,0,0,0x03
2026-09-06T21:06:32.873,2636,0,1,52,0,0,0,0,0,0,0x03
2026-09-06T21:06:32.938,2637,0,2,54,0,0,0,0,0,0,0x03
2026-09-06T21:06:32.938,2638,0,1,55,0,0,0,0,0,0,0x03
2026-09-06T21:06:33.003,2639,0,2,51,0,0,0,0,0,0,0x03
2026-09-06T21:06:33.003,2640,0,1,52,0,0,0,0,0,0,0x03
2026-09-06T21:06:33.068,2641,0,2,52,0,0,0,0,0,0,0x03
2026-09-06T21:06:33.068,2642,0,1,52,0,0,0,0,0,0,0x03
2026-09-06T21:06:33.149,2643,0,2,51,0,0,0,0,0,0,0x03
2026-09-06T21:06:33.149,2644,0,1,52,0,0,0,0,0,0,0x03
2026-09-06T21:06:33.215,2645,0,2,54,0,0,0,0,0,0,0x03
2026-09-06T21:06:33.215,2646,0,1,51,0,0,0,0,0,0,0x03
2026-09-06T21:06:33.279,2647,0,2,51,0,0,0,0,0,0,0x03
2026-09-06T21:06:33.279,2648,0,1,51,0,0,0,0,0,0,0x03
2026-09-06T21:06:33.345,2649,0,2,52,0,0,0,0,0,0,0x03
2026-09-06T21:06:33.345,2650,0,1,51,0,0,0,0,0,0,0x03
2026-09-06T21:06:33.409,2651,0,2,51,0,0,0,0,0,0,0x03
2026-09-06T21:06:33.409,2652,0,1,50,0,0,0,0,0,0,0x03
2026-09-06T21:06:33.475,2653,0,2,51,0,0,0,0,0,0,0x03
2026-09-06T21:06:33.475,2654,0,1,50,0,0,0,0,0,0,0x03
2026-09-06T21:06:33.540,2655,0,2,51,0,0,0,0,0,0,0x03
2026-09-06T21:06:33.540,2656,0,1,52,0,0,0,0,0,0,0x03
2026-09-06T21:06:33.605,2657,0,2,51,0,0,0,0,0,0,0x03
2026-09-06T21:06:33.605,2658,0,1,51,0,0,0,0,0,0,0x03
2026-09-06T21:06:33.670,2659,0,2,51,0,0,0,0,0,0,0x03
2026-09-06T21:06:33.670,2660,0,1,50,0,0,0,0,0,0,0x03
2026-09-06T21:06:33.752,2661,0,2,51,0,0,0,0,0,0,0x03
2026-09-06T21:06:33.752,2662,0,1,50,0,0,0,0,0,0,0x03
2026-09-06T21:06:33.817,2663,0,2,51,0,0,0,0,0,0,0x03
2026-09-06T21:06:33.817,2664,0,1,51,0,0,0,0,0,0,0x03
2026-09-06T21:06:33.882,2665,0,2,54,0,0,0,0,0,0,0x03
2026-09-06T21:06:33.882,2666,0,1,51,0,0,0,0,0,0,0x03
2026-09-06T21:06:33.947,2667,0,2,52,0,0,0,0,0,0,0x03
2026-09-06T21:06:33.947,2668,0,1,51,0,0,0,0,0,0,0x03
2026-09-06T21:06:34.012,2669,0,2,52,0,0,0,0,0,0,0x03
2026-09-06T21:06:34.012,2670,0,1,55,0,0,0,0,0,0,0x03
2026-09-06T21:06:34.078,2671,0,2,50,0,0,0,0,0,0,0x03
2026-09-06T21:06:34.078,2672,0,1,51,0,0,0,0,0,0,0x03
2026-09-06T21:06:34.143,2673,0,2,51,0,0,0,0,0,0,0x03
2026-09-06T21:06:34.143,2674,0,1,51,0,0,0,0,0,0,0x03
2026-09-06T21:06:34.208,2675,0,2,51,0,0,0,0,0,0,0x03
2026-09-06T21:06:34.208,2676,0,1,50,0,0,0,0,0,0,0x03
2026-09-06T21:06:34.288,2677,0,2,51,0,0,0,0,0,0,0x03
2026-09-06T21:06:34.289,2678,0,1,51,0,0,0,0,0,0,0x03
2026-09-06T21:06:34.354,2679,0,2,52,0,0,0,0,0,0,0x03
2026-09-06T21:06:34.354,2680,0,1,51,0,0,0,0,0,0,0x03
2026-09-06T21:06:34.418,2681,0,2,51,0,0,0,0,0,0,0x03
2026-09-06T21:06:34.418,2682,0,1,51,0,0,0,0,0,0,0x03
2026-09-06T21:06:34.483,2683,0,2,51,0,0,0,0,0,0,0x03
2026-09-06T21:06:34.483,2684,0,1,52,0,0,0,0,0,0,0x03
2026-09-06T21:06:34.548,2685,0,2,50,0,0,0,0,0,0,0x03
2026-09-06T21:06:34.548,2686,0,1,50,0,0,0,0,0,0,0x03
2026-09-06T21:06:34.613,2687,0,2,51,0,0,0,0,0,0,0x03
2026-09-06T21:06:34.613,2688,0,1,52,0,0,0,0,0,0,0x03
2026-09-06T21:06:34.679,2689,0,2,50,0,0,0,0,0,0,0x03
2026-09-06T21:06:34.679,2690,0,1,50,0,0,0,0,0,0,0x03
2026-09-06T21:06:34.744,2691,0,2,51,0,0,0,0,0,0,0x03
2026-09-06T21:06:34.744,2692,0,1,50,0,0,0,0,0,0,0x03
2026-09-06T21:06:34.825,2693,0,2,52,0,0,0,0,0,0,0x03
2026-09-06T21:06:34.825,2694,0,1,51,0,0,0,0,0,0,0x03
2026-09-06T21:06:34.891,2695,0,2,50,0,0,0,0,0,0,0x03
2026-09-06T21:06:34.891,2696,0,1,51,0,0,0,0,0,0,0x03
2026-09-06T21:06:34.956,2697,0,2,53,0,0,0,0,0,0,0x03
2026-09-06T21:06:34.956,2698,0,1,51,0,0,0,0,0,0,0x03
2026-09-06T21:06:35.021,2699,0,2,51,0,0,0,0,0,0,0x03
2026-09-06T21:06:35.021,2700,0,1,52,0,0,0,0,0,0,0x03
2026-09-06T21:06:35.085,2701,0,2,50,0,0,0,0,0,0,0x03
2026-09-06T21:06:35.086,2702,0,1,51,0,0,0,0,0,0,0x03
2026-09-06T21:06:35.151,2703,0,2,51,0,0,0,0,0,0,0x03
2026-09-06T21:06:35.151,2704,0,1,52,0,0,0,0,0,0,0x03
2026-09-06T21:06:35.216,2705,0,2,50,0,0,0,0,0,0,0x03
2026-09-06T21:06:35.216,2706,0,1,50,0,0,0,0,0,0,0x03
2026-09-06T21:06:35.281,2707,0,2,51,0,0,0,0,0,0,0x03
2026-09-06T21:06:35.281,2708,0,1,50,0,0,0,0,0,0,0x03
2026-09-06T21:06:35.362,2709,0,2,52,0,0,0,0,0,0,0x03
2026-09-06T21:06:35.362,2710,0,1,52,0,0,0,0,0,0,0x03
2026-09-06T21:06:35.411,2711,0,2,50,0,0,0,0,0,0,0x03
2026-09-06T21:06:35.411,2712,0,1,51,0,0,0,0,0,0,0x03
2026-09-06T21:06:35.493,2713,0,2,50,0,0,0,0,0,0,0x03
2026-09-06T21:06:35.493,2714,0,1,53,0,0,0,0,0,0,0x03
2026-09-06T21:06:35.557,2715,0,2,50,0,0,0,0,0,0,0x03
2026-09-06T21:06:35.557,2716,0,1,51,0,0,0,0,0,0,0x03
2026-09-06T21:06:35.622,2717,0,2,52,0,0,0,0,0,0,0x03
2026-09-06T21:06:35.622,2718,0,1,52,0,0,0,0,0,0,0x03
2026-09-06T21:06:35.688,2719,0,2,50,0,0,0,0,0,0,0x03
2026-09-06T21:06:35.688,2720,0,1,50,0,0,0,0,0,0,0x03
2026-09-06T21:06:35.753,2721,0,2,51,0,0,0,0,0,0,0x03
2026-09-06T21:06:35.753,2722,0,1,50,0,0,0,0,0,0,0x03
2026-09-06T21:06:35.818,2723,0,2,52,0,0,0,0,0,0,0x03
2026-09-06T21:06:35.818,2724,0,1,50,0,0,0,0,0,0,0x03
2026-09-06T21:06:35.883,2725,0,2,51,0,0,0,0,0,0,0x03
2026-09-06T21:06:35.883,2726,0,1,50,0,0,0,0,0,0,0x03
2026-09-06T21:06:35.948,2727,0,2,50,0,0,0,0,0,0,0x03
2026-09-06T21:06:35.948,2728,0,1,51,0,0,0,0,0,0,0x03
2026-09-06T21:06:36.029,2729,0,2,50,0,0,0,0,0,0,0x03
2026-09-06T21:06:36.029,2730,0,1,50,0,0,0,0,0,0,0x03
2026-09-06T21:06:36.094,2731,0,2,52,0,0,0,0,0,0,0x03
2026-09-06T21:06:36.095,2732,0,1,52,0,0,0,0,0,0,0x03
2026-09-06T21:06:36.159,2733,0,2,50,0,0,0,0,0,0,0x03
2026-09-06T21:06:36.159,2734,0,1,52,0,0,0,0,0,0,0x03
2026-09-06T21:06:36.224,2735,0,2,51,0,0,0,0,0,0,0x03
2026-09-06T21:06:36.225,2736,0,1,52,0,0,0,0,0,0,0x03
2026-09-06T21:06:36.290,2737,0,2,51,0,0,0,0,0,0,0x03
2026-09-06T21:06:36.290,2738,0,1,50,0,0,0,0,0,0,0x03
2026-09-06T21:06:36.355,2739,0,2,51,0,0,0,0,0,0,0x03
2026-09-06T21:06:36.355,2740,0,1,50,0,0,0,0,0,0,0x03
2026-09-06T21:06:36.420,2741,0,2,52,0,0,0,0,0,0,0x03
2026-09-06T21:06:36.420,2742,0,1,50,0,0,0,0,0,0,0x03
2026-09-06T21:06:36.486,2743,0,2,50,0,0,0,0,0,0,0x03
2026-09-06T21:06:36.486,2744,0,1,50,0,0,0,0,0,0,0x03
2026-09-06T21:06:36.566,2745,0,2,51,0,0,0,0,0,0,0x03
2026-09-06T21:06:36.566,2746,0,1,50,0,0,0,0,0,0,0x03
2026-09-06T21:06:36.632,2747,0,2,50,0,0,0,0,0,0,0x03
2026-09-06T21:06:36.632,2748,0,1,51,0,0,0,0,0,0,0x03
2026-09-06T21:06:36.697,2749,0,2,50,0,0,0,0,0,0,0x03
2026-09-06T21:06:36.697,2750,0,1,51,0,0,0,0,0,0,0x03
2026-09-06T21:06:36.762,2751,0,2,51,0,0,0,0,0,0,0x03
2026-09-06T21:06:36.762,2752,0,1,53,0,0,0,0,0,0,0x03
2026-09-06T21:06:36.827,2753,0,2,51,0,0,0,0,0,0,0x03
2026-09-06T21:06:36.827,2754,0,1,52,0,0,0,0,0,0,0x03
2026-09-06T21:06:36.892,2755,0,2,51,0,0,0,0,0,0,0x03
2026-09-06T21:06:36.892,2756,0,1,50,0,0,0,0,0,0,0x03
2026-09-06T21:06:36.957,2757,0,2,52,0,0,0,0,0,0,0x03
2026-09-06T21:06:36.957,2758,0,1,52,0,0,0,0,0,0,0x03
2026-09-06T21:06:37.022,2759,0,2,51,0,0,0,0,0,0,0x03
2026-09-06T21:06:37.022,2760,0,1,51,0,0,0,0,0,0,0x03
2026-09-06T21:06:37.087,2761,0,2,52,0,0,0,0,0,0,0x03
2026-09-06T21:06:37.087,2762,0,1,51,0,0,0,0,0,0,0x03
2026-09-06T21:06:37.168,2763,0,2,52,0,0,0,0,0,0,0x03
2026-09-06T21:06:37.168,2764,0,1,52,0,0,0,0,0,0,0x03
2026-09-06T21:06:37.233,2765,0,2,51,0,0,0,0,0,0,0x03
2026-09-06T21:06:37.233,2766,0,1,51,0,0,0,0,0,0,0x03
2026-09-06T21:06:37.298,2767,0,2,53,0,0,0,0,0,0,0x03
2026-09-06T21:06:37.298,2768,0,1,51,0,0,0,0,0,0,0x03
2026-09-06T21:06:37.363,2769,0,2,50,0,0,0,0,0,0,0x03
2026-09-06T21:06:37.363,2770,0,1,50,0,0,0,0,0,0,0x03
2026-09-06T21:06:37.428,2771,0,2,50,0,0,0,0,0,0,0x03
2026-09-06T21:06:37.428,2772,0,1,50,0,0,0,0,0,0,0x03
2026-09-06T21:06:37.493,2773,0,2,52,0,0,0,0,0,0,0x03
2026-09-06T21:06:37.493,2774,0,1,51,0,0,0,0,0,0,0x03
2026-09-06T21:06:37.558,2775,0,2,51,0,0,0,0,0,0,0x03
2026-09-06T21:06:37.558,2776,0,1,52,0,0,0,0,0,0,0x03
2026-09-06T21:06:37.623,2777,0,2,52,0,0,0,0,0,0,0x03
2026-09-06T21:06:37.623,2778,0,1,50,0,0,0,0,0,0,0x03
2026-09-06T21:06:37.769,2779,0,2,51,0,0,0,0,0,0,0x03
2026-09-06T21:06:37.769,2780,0,1,51,0,0,0,0,0,0,0x03
2026-09-06T21:06:37.834,2781,0,2,50,0,0,0,0,0,0,0x03
2026-09-06T21:06:37.834,2782,0,1,51,0,0,0,0,0,0,0x03
2026-09-06T21:06:37.899,2783,0,2,51,0,0,0,0,0,0,0x03
2026-09-06T21:06:37.899,2784,0,1,50,0,0,0,0,0,0,0x03
2026-09-06T21:06:37.964,2785,0,2,51,0,0,0,0,0,0,0x03
2026-09-06T21:06:37.964,2786,0,1,50,0,0,0,0,0,0,0x03
2026-09-06T21:06:38.029,2787,0,2,50,0,0,0,0,0,0,0x03
2026-09-06T21:06:38.029,2788,0,1,52,0,0,0,0,0,0,0x03
2026-09-06T21:06:38.095,2789,0,2,52,0,0,0,0,0,0,0x03
2026-09-06T21:06:38.095,2790,0,1,52,0,0,0,0,0,0,0x03
2026-09-06T21:06:38.159,2791,0,2,50,0,0,0,0,0,0,0x03
2026-09-06T21:06:38.159,2792,0,1,50,0,0,0,0,0,0,0x03
2026-09-06T21:06:38.224,2793,0,2,52,0,0,0,0,0,0,0x03
2026-09-06T21:06:38.224,2794,0,1,52,0,0,0,0,0,0,0x03
2026-09-06T21:06:38.305,2795,0,2,51,0,0,0,0,0,0,0x03
2026-09-06T21:06:38.306,2796,0,1,50,0,0,0,0,0,0,0x03
2026-09-06T21:06:38.370,2797,0,2,55,0,0,0,0,0,0,0x03
2026-09-06T21:06:38.370,2798,0,1,51,0,0,0,0,0,0,0x03
2026-09-06T21:06:38.435,2799,0,2,50,0,0,0,0,0,0,0x03
2026-09-06T21:06:38.435,2800,0,1,52,0,0,0,0,0,0,0x03
2026-09-06T21:06:38.500,2801,0,2,51,0,0,0,0,0,0,0x03
2026-09-06T21:06:38.500,2802,0,1,55,0,0,0,0,0,0,0x03
2026-09-06T21:06:38.565,2803,0,2,51,0,0,0,0,0,0,0x03
2026-09-06T21:06:38.565,2804,0,1,51,0,0,0,0,0,0,0x03
2026-09-06T21:06:38.630,2805,0,2,52,0,0,0,0,0,0,0x03
2026-09-06T21:06:38.630,2806,0,1,52,0,0,0,0,0,0,0x03
2026-09-06T21:06:38.696,2807,0,2,50,0,0,0,0,0,0,0x03
2026-09-06T21:06:38.696,2808,0,1,50,0,0,0,0,0,0,0x03
2026-09-06T21:06:38.761,2809,0,2,50,0,0,0,0,0,0,0x03
2026-09-06T21:06:38.761,2810,0,1,51,0,0,0,0,0,0,0x03
2026-09-06T21:06:38.842,2811,0,2,50,0,0,0,0,0,0,0x03
2026-09-06T21:06:38.842,2812,0,1,50,0,0,0,0,0,0,0x03
2026-09-06T21:06:38.907,2813,0,2,50,0,0,0,0,0,0,0x03
2026-09-06T21:06:38.907,2814,0,1,51,0,0,0,0,0,0,0x03
2026-09-06T21:06:38.972,2815,0,2,52,0,0,0,0,0,0,0x03
2026-09-06T21:06:38.972,2816,0,1,51,0,0,0,0,0,0,0x03
2026-09-06T21:06:39.036,2817,0,2,51,0,0,0,0,0,0,0x03
2026-09-06T21:06:39.036,2818,0,1,50,0,0,0,0,0,0,0x03
2026-09-06T21:06:39.102,2819,0,2,52,0,0,0,0,0,0,0x03
2026-09-06T21:06:39.102,2820,0,1,51,0,0,0,0,0,0,0x03
2026-09-06T21:06:39.167,2821,0,2,51,0,0,0,0,0,0,0x03
2026-09-06T21:06:39.167,2822,0,1,51,0,0,0,0,0,0,0x03
2026-09-06T21:06:39.232,2823,0,2,50,0,0,0,0,0,0,0x03
2026-09-06T21:06:39.232,2824,0,1,51,0,0,0,0,0,0,0x03
2026-09-06T21:06:39.297,2825,0,2,50,0,0,0,0,0,0,0x03
2026-09-06T21:06:39.297,2826,0,1,51,0,0,0,0,0,0,0x03
2026-09-06T21:06:39.378,2827,0,2,50,0,0,0,0,0,0,0x03
2026-09-06T21:06:39.378,2828,0,1,55,0,0,0,0,0,0,0x03
2026-09-06T21:06:39.443,2829,0,2,50,0,0,0,0,0,0,0x03
2026-09-06T21:06:39.443,2830,0,1,52,0,0,0,0,0,0,0x03
2026-09-06T21:06:39.507,2831,0,2,51,0,0,0,0,0,0,0x03
2026-09-06T21:06:39.507,2832,0,1,51,0,0,0,0,0,0,0x03
2026-09-06T21:06:39.572,2833,0,2,53,0,0,0,0,0,0,0x03
2026-09-06T21:06:39.572,2834,0,1,52,0,0,0,0,0,0,0x03
2026-09-06T21:06:39.637,2835,0,2,50,0,0,0,0,0,0,0x03
2026-09-06T21:06:39.637,2836,0,1,52,0,0,0,0,0,0,0x03
2026-09-06T21:06:39.703,2837,0,2,50,0,0,0,0,0,0,0x03
2026-09-06T21:06:39.703,2838,0,1,51,0,0,0,0,0,0,0x03
2026-09-06T21:06:39.768,2839,0,2,50,0,0,0,0,0,0,0x03
2026-09-06T21:06:39.768,2840,0,1,51,0,0,0,0,0,0,0x03
2026-09-06T21:06:39.833,2841,0,2,51,0,0,0,0,0,0,0x03
2026-09-06T21:06:39.833,2842,0,1,54,0,0,0,0,0,0,0x03
2026-09-06T21:06:39.914,2843,0,2,51,0,0,0,0,0,0,0x03
2026-09-06T21:06:39.914,2844,0,1,50,0,0,0,0,0,0,0x03
2026-09-06T21:06:39.979,2845,0,2,50,0,0,0,0,0,0,0x03
2026-09-06T21:06:39.979,2846,0,1,51,0,0,0,0,0,0,0x03
2026-09-06T21:06:40.044,2847,0,2,51,0,0,0,0,0,0,0x03
2026-09-06T21:06:40.044,2848,0,1,52,0,0,0,0,0,0,0x03
2026-09-06T21:06:40.109,2849,0,2,52,0,0,0,0,0,0,0x03
2026-09-06T21:06:40.109,2850,0,1,51,0,0,0,0,0,0,0x03
2026-09-06T21:06:40.174,2851,0,2,50,0,0,0,0,0,0,0x03
2026-09-06T21:06:40.174,2852,0,1,51,0,0,0,0,0,0,0x03
2026-09-06T21:06:40.239,2853,0,2,51,0,0,0,0,0,0,0x03
2026-09-06T21:06:40.239,2854,0,1,51,0,0,0,0,0,0,0x03
2026-09-06T21:06:40.320,2855,0,2,52,0,0,0,0,0,0,0x03
2026-09-06T21:06:40.320,2856,0,1,52,0,0,0,0,0,0,0x03
2026-09-06T21:06:40.369,2857,0,2,50,0,0,0,0,0,0,0x03
2026-09-06T21:06:40.369,2858,0,1,51,0,0,0,0,0,0,0x03
2026-09-06T21:06:40.451,2859,0,2,50,0,0,0,0,0,0,0x03
2026-09-06T21:06:40.451,2860,0,1,50,0,0,0,0,0,0,0x03
2026-09-06T21:06:40.515,2861,0,2,50,0,0,0,0,0,0,0x03
2026-09-06T21:06:40.515,2862,0,1,50,0,0,0,0,0,0,0x03
2026-09-06T21:06:40.580,2863,0,2,50,0,0,0,0,0,0,0x03
2026-09-06T21:06:40.581,2864,0,1,50,0,0,0,0,0,0,0x03
2026-09-06T21:06:40.645,2865,0,2,51,0,0,0,0,0,0,0x03
2026-09-06T21:06:40.645,2866,0,1,53,0,0,0,0,0,0,0x03
2026-09-06T21:06:40.710,2867,0,2,51,0,0,0,0,0,0,0x03
2026-09-06T21:06:40.710,2868,0,1,52,0,0,0,0,0,0,0x03
2026-09-06T21:06:40.774,2869,0,2,50,0,0,0,0,0,0,0x03
2026-09-06T21:06:40.774,2870,0,1,50,0,0,0,0,0,0,0x03
2026-09-06T21:06:40.840,2871,0,2,52,0,0,0,0,0,0,0x03
2026-09-06T21:06:40.840,2872,0,1,51,0,0,0,0,0,0,0x03
2026-09-06T21:06:40.905,2873,0,2,50,0,0,0,0,0,0,0x03
2026-09-06T21:06:40.905,2874,0,1,51,0,0,0,0,0,0,0x03
2026-09-06T21:06:40.970,2875,0,2,50,0,0,0,0,0,0,0x03
2026-09-06T21:06:40.970,2876,0,1,52,0,0,0,0,0,0,0x03
2026-09-06T21:06:41.035,2877,0,2,51,0,0,0,0,0,0,0x03
2026-09-06T21:06:41.035,2878,0,1,51,0,0,0,0,0,0,0x03
2026-09-06T21:06:41.117,2879,0,2,51,0,0,0,0,0,0,0x03
2026-09-06T21:06:41.117,2880,0,1,52,0,0,0,0,0,0,0x03
2026-09-06T21:06:41.182,2881,0,2,51,0,0,0,0,0,0,0x03
2026-09-06T21:06:41.182,2882,0,1,52,0,0,0,0,0,0,0x03
2026-09-06T21:06:41.247,2883,0,2,50,0,0,0,0,0,0,0x03
2026-09-06T21:06:41.247,2884,0,1,50,0,0,0,0,0,0,0x03
2026-09-06T21:06:41.312,2885,0,2,50,0,0,0,0,0,0,0x03
2026-09-06T21:06:41.313,2886,0,1,54,0,0,0,0,0,0,0x03
2026-09-06T21:06:41.377,2887,0,2,51,0,0,0,0,0,0,0x03
2026-09-06T21:06:41.377,2888,0,1,50,0,0,0,0,0,0,0x03
2026-09-06T21:06:41.443,2889,0,2,51,0,0,0,0,0,0,0x03
2026-09-06T21:06:41.443,2890,0,1,52,0,0,0,0,0,0,0x03
2026-09-06T21:06:41.507,2891,0,2,50,0,0,0,0,0,0,0x03
2026-09-06T21:06:41.507,2892,0,1,51,0,0,0,0,0,0,0x03
2026-09-06T21:06:41.572,2893,0,2,51,0,0,0,0,0,0,0x03
2026-09-06T21:06:41.572,2894,0,1,51,0,0,0,0,0,0,0x03
2026-09-06T21:06:41.653,2895,0,2,51,0,0,0,0,0,0,0x03
2026-09-06T21:06:41.653,2896,0,1,50,0,0,0,0,0,0,0x03
2026-09-06T21:06:41.718,2897,0,2,50,0,0,0,0,0,0,0x03
2026-09-06T21:06:41.718,2898,0,1,50,0,0,0,0,0,0,0x03
2026-09-06T21:06:41.783,2899,0,2,52,0,0,0,0,0,0,0x03
2026-09-06T21:06:41.783,2900,0,1,51,0,0,0,0,0,0,0x03
2026-09-06T21:06:41.848,2901,0,2,50,0,0,0,0,0,0,0x03
2026-09-06T21:06:41.848,2902,0,1,51,0,0,0,0,0,0,0x03
2026-09-06T21:06:41.913,2903,0,2,50,0,0,0,0,0,0,0x03
2026-09-06T21:06:41.913,2904,0,1,50,0,0,0,0,0,0,0x03
2026-09-06T21:06:41.978,2905,0,2,50,0,0,0,0,0,0,0x03
2026-09-06T21:06:41.978,2906,0,1,54,0,0,0,0,0,0,0x03
2026-09-06T21:06:42.043,2907,0,2,51,0,0,0,0,0,0,0x03
2026-09-06T21:06:42.043,2908,0,1,51,0,0,0,0,0,0,0x03
2026-09-06T21:06:42.108,2909,0,2,50,0,0,0,0,0,0,0x03
2026-09-06T21:06:42.108,2910,0,1,50,0,0,0,0,0,0,0x03
2026-09-06T21:06:42.189,2911,0,2,51,0,0,0,0,0,0,0x03
2026-09-06T21:06:42.189,2912,0,1,50,0,0,0,0,0,0,0x03
2026-09-06T21:06:42.254,2913,0,2,51,0,0,0,0,0,0,0x03
2026-09-06T21:06:42.254,2914,0,1,52,0,0,0,0,0,0,0x03
2026-09-06T21:06:42.319,2915,0,2,50,0,0,0,0,0,0,0x03
2026-09-06T21:06:42.319,2916,0,1,50,0,0,0,0,0,0,0x03
2026-09-06T21:06:42.384,2917,0,2,51,0,0,0,0,0,0,0x03
2026-09-06T21:06:42.384,2918,0,1,51,0,0,0,0,0,0,0x03
2026-09-06T21:06:42.449,2919,0,2,51,0,0,0,0,0,0,0x03
2026-09-06T21:06:42.449,2920,0,1,50,0,0,0,0,0,0,0x03
2026-09-06T21:06:42.514,2921,0,2,52,0,0,0,0,0,0,0x03
2026-09-06T21:06:42.514,2922,0,1,51,0,0,0,0,0,0,0x03
2026-09-06T21:06:42.580,2923,0,2,50,0,0,0,0,0,0,0x03
2026-09-06T21:06:42.580,2924,0,1,51,0,0,0,0,0,0,0x03
2026-09-06T21:06:42.645,2925,0,2,50,0,0,0,0,0,0,0x03
2026-09-06T21:06:42.645,2926,0,1,50,0,0,0,0,0,0,0x03
2026-09-06T21:06:42.726,2927,0,2,50,0,0,0,0,0,0,0x03
2026-09-06T21:06:42.726,2928,0,1,52,0,0,0,0,0,0,0x03
2026-09-06T21:06:42.791,2929,0,2,50,0,0,0,0,0,0,0x03
2026-09-06T21:06:42.791,2930,0,1,52,0,0,0,0,0,0,0x03
2026-09-06T21:06:42.856,2931,0,2,52,0,0,0,0,0,0,0x03
2026-09-06T21:06:42.856,2932,0,1,51,0,0,0,0,0,0,0x03
2026-09-06T21:06:42.921,2933,0,2,50,0,0,0,0,0,0,0x03
2026-09-06T21:06:42.921,2934,0,1,52,0,0,0,0,0,0,0x03
2026-09-06T21:06:42.986,2935,0,2,50,0,0,0,0,0,0,0x03
2026-09-06T21:06:42.986,2936,0,1,52,0,0,0,0,0,0,0x03
2026-09-06T21:06:43.051,2937,0,2,51,0,0,0,0,0,0,0x03
2026-09-06T21:06:43.051,2938,0,1,54,0,0,0,0,0,0,0x03
2026-09-06T21:06:43.115,2939,0,2,52,0,0,0,0,0,0,0x03
2026-09-06T21:06:43.116,2940,0,1,51,0,0,0,0,0,0,0x03
2026-09-06T21:06:43.180,2941,0,2,50,0,0,0,0,0,0,0x03
2026-09-06T21:06:43.180,2942,0,1,52,0,0,0,0,0,0,0x03
2026-09-06T21:06:43.261,2943,0,2,51,0,0,0,0,0,0,0x03
2026-09-06T21:06:43.262,2944,0,1,51,0,0,0,0,0,0,0x03
2026-09-06T21:06:43.327,2945,0,2,50,0,0,0,0,0,0,0x03
2026-09-06T21:06:43.327,2946,0,1,55,0,0,0,0,0,0,0x03
2026-09-06T21:06:43.391,2947,0,2,51,0,0,0,0,0,0,0x03
2026-09-06T21:06:43.391,2948,0,1,51,0,0,0,0,0,0,0x03
2026-09-06T21:06:43.456,2949,0,2,51,0,0,0,0,0,0,0x03
2026-09-06T21:06:43.456,2950,0,1,50,0,0,0,0,0,0,0x03
2026-09-06T21:06:43.521,2951,0,2,50,0,0,0,0,0,0,0x03
2026-09-06T21:06:43.521,2952,0,1,51,0,0,0,0,0,0,0x03
2026-09-06T21:06:43.586,2953,0,2,54,0,0,0,0,0,0,0x03
2026-09-06T21:06:43.586,2954,0,1,51,0,0,0,0,0,0,0x03
2026-09-06T21:06:43.651,2955,0,2,51,0,0,0,0,0,0,0x03
2026-09-06T21:06:43.651,2956,0,1,50,0,0,0,0,0,0,0x03
2026-09-06T21:06:43.716,2957,0,2,50,0,0,0,0,0,0,0x03
2026-09-06T21:06:43.716,2958,0,1,50,0,0,0,0,0,0,0x03
2026-09-06T21:06:43.797,2959,0,2,50,0,0,0,0,0,0,0x03
2026-09-06T21:06:43.797,2960,0,1,52,0,0,0,0,0,0,0x03
2026-09-06T21:06:43.863,2961,0,2,51,0,0,0,0,0,0,0x03
2026-09-06T21:06:43.863,2962,0,1,52,0,0,0,0,0,0,0x03
2026-09-06T21:06:43.928,2963,0,2,51,0,0,0,0,0,0,0x03
2026-09-06T21:06:43.928,2964,0,1,51,0,0,0,0,0,0,0x03
2026-09-06T21:06:43.993,2965,0,2,54,0,0,0,0,0,0,0x03
2026-09-06T21:06:43.993,2966,0,1,50,0,0,0,0,0,0,0x03
2026-09-06T21:06:44.058,2967,0,2,51,0,0,0,0,0,0,0x03
2026-09-06T21:06:44.058,2968,0,1,51,0,0,0,0,0,0,0x03
2026-09-06T21:06:44.123,2969,0,2,52,0,0,0,0,0,0,0x03
2026-09-06T21:06:44.123,2970,0,1,51,0,0,0,0,0,0,0x03
2026-09-06T21:06:44.188,2971,0,2,52,0,0,0,0,0,0,0x03
2026-09-06T21:06:44.188,2972,0,1,51,0,0,0,0,0,0,0x03
2026-09-06T21:06:44.253,2973,0,2,54,0,0,0,0,0,0,0x03
2026-09-06T21:06:44.253,2974,0,1,50,0,0,0,0,0,0,0x03
2026-09-06T21:06:44.334,2975,0,2,50,0,0,0,0,0,0,0x03
2026-09-06T21:06:44.334,2976,0,1,50,0,0,0,0,0,0,0x03
2026-09-06T21:06:44.398,2977,0,2,51,0,0,0,0,0,0,0x03
2026-09-06T21:06:44.398,2978,0,1,51,0,0,0,0,0,0,0x03
2026-09-06T21:06:44.463,2979,0,2,51,0,0,0,0,0,0,0x03
2026-09-06T21:06:44.463,2980,0,1,50,0,0,0,0,0,0,0x03
2026-09-06T21:06:44.528,2981,0,2,51,0,0,0,0,0,0,0x03
2026-09-06T21:06:44.528,2982,0,1,54,0,0,0,0,0,0,0x03
2026-09-06T21:06:44.592,2983,0,2,50,0,0,0,0,0,0,0x03
2026-09-06T21:06:44.593,2984,0,1,51,0,0,0,0,0,0,0x03
2026-09-06T21:06:44.657,2985,0,2,51,0,0,0,0,0,0,0x03
2026-09-06T21:06:44.657,2986,0,1,50,0,0,0,0,0,0,0x03
2026-09-06T21:06:44.722,2987,0,2,50,0,0,0,0,0,0,0x03
2026-09-06T21:06:44.722,2988,0,1,51,0,0,0,0,0,0,0x03
2026-09-06T21:06:44.787,2989,0,2,51,0,0,0,0,0,0,0x03
2026-09-06T21:06:44.787,2990,0,1,51,0,0,0,0,0,0,0x03
2026-09-06T21:06:44.867,2991,0,2,52,0,0,0,0,0,0,0x03
2026-09-06T21:06:44.867,2992,0,1,51,0,0,0,0,0,0,0x03
2026-09-06T21:06:44.932,2993,0,2,55,0,0,0,0,0,0,0x03
2026-09-06T21:06:44.932,2994,0,1,51,0,0,0,0,0,0,0x03
2026-09-06T21:06:44.997,2995,0,2,52,0,0,0,0,0,0,0x03
2026-09-06T21:06:44.998,2996,0,1,51,0,0,0,0,0,0,0x03
2026-09-06T21:06:45.063,2997,0,2,51,0,0,0,0,0,0,0x03
2026-09-06T21:06:45.063,2998,0,1,52,0,0,0,0,0,0,0x03
2026-09-06T21:06:45.128,2999,0,2,50,0,0,0,0,0,0,0x03
2026-09-06T21:06:45.128,3000,0,1,50,0,0,0,0,0,0,0x03
2026-09-06T21:06:45.193,3001,0,2,52,0,0,0,0,0,0,0x03
2026-09-06T21:06:45.193,3002,0,1,52,0,0,0,0,0,0,0x03
2026-09-06T21:06:45.258,3003,0,2,51,0,0,0,0,0,0,0x03
2026-09-06T21:06:45.258,3004,0,1,51,0,0,0,0,0,0,0x03
2026-09-06T21:06:45.323,3005,0,2,52,0,0,0,0,0,0,0x03
2026-09-06T21:06:45.323,3006,0,1,50,0,0,0,0,0,0,0x03
2026-09-06T21:06:45.405,3007,0,2,51,0,0,0,0,0,0,0x03
2026-09-06T21:06:45.405,3008,0,1,50,0,0,0,0,0,0,0x03
2026-09-06T21:06:45.470,3009,0,2,50,0,0,0,0,0,0,0x03
2026-09-06T21:06:45.470,3010,0,1,55,0,0,0,0,0,0,0x03
2026-09-06T21:06:45.534,3011,0,2,51,0,0,0,0,0,0,0x03
2026-09-06T21:06:45.534,3012,0,1,50,0,0,0,0,0,0,0x03
2026-09-06T21:06:45.599,3013,0,2,51,0,0,0,0,0,0,0x03
2026-09-06T21:06:45.599,3014,0,1,50,0,0,0,0,0,0,0x03
2026-09-06T21:06:45.664,3015,0,2,51,0,0,0,0,0,0,0x03
2026-09-06T21:06:45.664,3016,0,1,51,0,0,0,0,0,0,0x03
2026-09-06T21:06:45.729,3017,0,2,51,0,0,0,0,0,0,0x03
2026-09-06T21:06:45.729,3018,0,1,51,0,0,0,0,0,0,0x03
2026-09-06T21:06:45.794,3019,0,2,51,0,0,0,0,0,0,0x03
2026-09-06T21:06:45.795,3020,0,1,50,0,0,0,0,0,0,0x03
2026-09-06T21:06:45.860,3021,0,2,51,0,0,0,0,0,0,0x03
2026-09-06T21:06:45.860,3022,0,1,52,0,0,0,0,0,0,0x03
2026-09-06T21:06:45.924,3023,0,2,50,0,0,0,0,0,0,0x03
2026-09-06T21:06:45.924,3024,0,1,51,0,0,0,0,0,0,0x03
2026-09-06T21:06:46.005,3025,0,2,52,0,0,0,0,0,0,0x03
2026-09-06T21:06:46.005,3026,0,1,50,0,0,0,0,0,0,0x03
2026-09-06T21:06:46.070,3027,0,2,50,0,0,0,0,0,0,0x03
2026-09-06T21:06:46.070,3028,0,1,51,0,0,0,0,0,0,0x03
2026-09-06T21:06:46.135,3029,0,2,50,0,0,0,0,0,0,0x03
2026-09-06T21:06:46.135,3030,0,1,52,0,0,0,0,0,0,0x03
2026-09-06T21:06:46.200,3031,0,2,50,0,0,0,0,0,0,0x03
2026-09-06T21:06:46.200,3032,0,1,50,0,0,0,0,0,0,0x03
2026-09-06T21:06:46.265,3033,0,2,51,0,0,0,0,0,0,0x03
2026-09-06T21:06:46.265,3034,0,1,52,0,0,0,0,0,0,0x03
2026-09-06T21:06:46.330,3035,0,2,51,0,0,0,0,0,0,0x03
2026-09-06T21:06:46.330,3036,0,1,51,0,0,0,0,0,0,0x03
2026-09-06T21:06:46.395,3037,0,2,54,0,0,0,0,0,0,0x03
2026-09-06T21:06:46.395,3038,0,1,51,0,0,0,0,0,0,0x03
2026-09-06T21:06:46.459,3039,0,2,52,0,0,0,0,0,0,0x03
2026-09-06T21:06:46.459,3040,0,1,52,0,0,0,0,0,0,0x03
2026-09-06T21:06:46.540,3041,0,2,50,0,0,0,0,0,0,0x03
2026-09-06T21:06:46.540,3042,0,1,51,0,0,0,0,0,0,0x03
2026-09-06T21:06:46.605,3043,0,2,50,0,0,0,0,0,0,0x03
2026-09-06T21:06:46.605,3044,0,1,50,0,0,0,0,0,0,0x03
2026-09-06T21:06:46.670,3045,0,2,52,0,0,0,0,0,0,0x03
2026-09-06T21:06:46.670,3046,0,1,50,0,0,0,0,0,0,0x03
2026-09-06T21:06:46.736,3047,0,2,51,0,0,0,0,0,0,0x03
2026-09-06T21:06:46.736,3048,0,1,50,0,0,0,0,0,0,0x03
2026-09-06T21:06:46.801,3049,0,2,50,0,0,0,0,0,0,0x03
2026-09-06T21:06:46.801,3050,0,1,52,0,0,0,0,0,0,0x03
2026-09-06T21:06:46.866,3051,0,2,52,0,0,0,0,0,0,0x03
2026-09-06T21:06:46.866,3052,0,1,51,0,0,0,0,0,0,0x03
2026-09-06T21:06:46.931,3053,0,2,50,0,0,0,0,0,0,0x03
2026-09-06T21:06:46.931,3054,0,1,53,0,0,0,0,0,0,0x03
2026-09-06T21:06:46.996,3055,0,2,52,0,0,0,0,0,0,0x03
2026-09-06T21:06:46.996,3056,0,1,51,0,0,0,0,0,0,0x03
2026-09-06T21:06:47.078,3057,0,2,56,0,0,0,0,0,0,0x03
2026-09-06T21:06:47.078,3058,0,1,50,0,0,0,0,0,0,0x03
2026-09-06T21:06:47.142,3059,0,2,50,0,0,0,0,0,0,0x03
2026-09-06T21:06:47.142,3060,0,1,50,0,0,0,0,0,0,0x03
2026-09-06T21:06:47.207,3061,0,2,50,0,0,0,0,0,0,0x03
2026-09-06T21:06:47.207,3062,0,1,50,0,0,0,0,0,0,0x03
2026-09-06T21:06:47.272,3063,0,2,51,0,0,0,0,0,0,0x03
2026-09-06T21:06:47.272,3064,0,1,50,0,0,0,0,0,0,0x03
2026-09-06T21:06:47.338,3065,0,2,51,0,0,0,0,0,0,0x03
2026-09-06T21:06:47.338,3066,0,1,51,0,0,0,0,0,0,0x03
2026-09-06T21:06:47.403,3067,0,2,51,0,0,0,0,0,0,0x03
2026-09-06T21:06:47.403,3068,0,1,54,0,0,0,0,0,0,0x03
2026-09-06T21:06:47.468,3069,0,2,61,0,0,0,0,0,0,0x03
2026-09-06T21:06:47.468,3070,0,1,52,0,0,0,0,0,0,0x03
2026-09-06T21:06:47.533,3071,0,2,50,0,0,0,0,0,0,0x03
2026-09-06T21:06:47.533,3072,0,1,50,0,0,0,0,0,0,0x03
2026-09-06T21:06:47.614,3073,0,2,50,0,0,0,0,0,0,0x03
2026-09-06T21:06:47.614,3074,0,1,55,0,0,0,0,0,0,0x03
2026-09-06T21:06:47.679,3075,0,2,50,0,0,0,0,0,0,0x03
2026-09-06T21:06:47.679,3076,0,1,52,0,0,0,0,0,0,0x03
2026-09-06T21:06:47.744,3077,0,2,53,0,0,0,0,0,0,0x03
2026-09-06T21:06:47.744,3078,0,1,50,0,0,0,0,0,0,0x03
2026-09-06T21:06:47.808,3079,0,2,51,0,0,0,0,0,0,0x03
2026-09-06T21:06:47.808,3080,0,1,52,0,0,0,0,0,0,0x03
2026-09-06T21:06:47.873,3081,0,2,51,0,0,0,0,0,0,0x03
2026-09-06T21:06:47.873,3082,0,1,50,0,0,0,0,0,0,0x03
2026-09-06T21:06:47.938,3083,0,2,51,0,0,0,0,0,0,0x03
2026-09-06T21:06:47.938,3084,0,1,51,0,0,0,0,0,0,0x03
2026-09-06T21:06:48.003,3085,0,2,51,0,0,0,0,0,0,0x03
2026-09-06T21:06:48.003,3086,0,1,52,0,0,0,0,0,0,0x03
2026-09-06T21:06:48.068,3087,0,2,50,0,0,0,0,0,0,0x03
2026-09-06T21:06:48.068,3088,0,1,51,0,0,0,0,0,0,0x03
2026-09-06T21:06:48.149,3089,0,2,51,0,0,0,0,0,0,0x03
2026-09-06T21:06:48.150,3090,0,1,52,0,0,0,0,0,0,0x03
2026-09-06T21:06:48.215,3091,0,2,52,0,0,0,0,0,0,0x03
2026-09-06T21:06:48.215,3092,0,1,50,0,0,0,0,0,0,0x03
2026-09-06T21:06:48.280,3093,0,2,50,0,0,0,0,0,0,0x03
2026-09-06T21:06:48.280,3094,0,1,51,0,0,0,0,0,0,0x03
2026-09-06T21:06:48.345,3095,0,2,51,0,0,0,0,0,0,0x03
2026-09-06T21:06:48.345,3096,0,1,51,0,0,0,0,0,0,0x03
2026-09-06T21:06:48.410,3097,0,2,51,0,0,0,0,0,0,0x03
2026-09-06T21:06:48.410,3098,0,1,51,0,0,0,0,0,0,0x03
2026-09-06T21:06:48.476,3099,0,2,51,0,0,0,0,0,0,0x03
2026-09-06T21:06:48.476,3100,0,1,50,0,0,0,0,0,0,0x03
2026-09-06T21:06:48.541,3101,0,2,51,0,0,0,0,0,0,0x03
2026-09-06T21:06:48.541,3102,0,1,50,0,0,0,0,0,0,0x03
2026-09-06T21:06:48.606,3103,0,2,50,0,0,0,0,0,0,0x03
2026-09-06T21:06:48.606,3104,0,1,52,0,0,0,0,0,0,0x03
2026-09-06T21:06:48.671,3105,0,2,51,0,0,0,0,0,0,0x03
2026-09-06T21:06:48.671,3106,0,1,54,0,0,0,0,0,0,0x03
2026-09-06T21:06:48.752,3107,0,2,51,0,0,0,0,0,0,0x03
2026-09-06T21:06:48.752,3108,0,1,50,0,0,0,0,0,0,0x03
2026-09-06T21:06:48.817,3109,0,2,50,0,0,0,0,0,0,0x03
2026-09-06T21:06:48.817,3110,0,1,52,0,0,0,0,0,0,0x03
2026-09-06T21:06:48.882,3111,0,2,50,0,0,0,0,0,0,0x03
2026-09-06T21:06:48.882,3112,0,1,52,0,0,0,0,0,0,0x03
2026-09-06T21:06:48.947,3113,0,2,51,0,0,0,0,0,0,0x03
2026-09-06T21:06:48.947,3114,0,1,51,0,0,0,0,0,0,0x03
2026-09-06T21:06:49.012,3115,0,2,52,0,0,0,0,0,0,0x03
2026-09-06T21:06:49.012,3116,0,1,51,0,0,0,0,0,0,0x03
2026-09-06T21:06:49.076,3117,0,2,52,0,0,0,0,0,0,0x03
2026-09-06T21:06:49.076,3118,0,1,51,0,0,0,0,0,0,0x03
2026-09-06T21:06:49.141,3119,0,2,52,0,0,0,0,0,0,0x03
2026-09-06T21:06:49.141,3120,0,1,52,0,0,0,0,0,0,0x03
2026-09-06T21:06:49.222,3121,0,2,54,0,0,0,0,0,0,0x03
2026-09-06T21:06:49.222,3122,0,1,52,0,0,0,0,0,0,0x03
2026-09-06T21:06:49.287,3123,0,2,51,0,0,0,0,0,0,0x03
2026-09-06T21:06:49.287,3124,0,1,52,0,0,0,0,0,0,0x03
2026-09-06T21:06:49.352,3125,0,2,52,0,0,0,0,0,0,0x03
2026-09-06T21:06:49.352,3126,0,1,52,0,0,0,0,0,0,0x03
2026-09-06T21:06:49.417,3127,0,2,50,0,0,0,0,0,0,0x03
2026-09-06T21:06:49.417,3128,0,1,52,0,0,0,0,0,0,0x03
2026-09-06T21:06:49.482,3129,0,2,50,0,0,0,0,0,0,0x03
2026-09-06T21:06:49.482,3130,0,1,50,0,0,0,0,0,0,0x03
2026-09-06T21:06:49.547,3131,0,2,50,0,0,0,0,0,0,0x03
2026-09-06T21:06:49.547,3132,0,1,55,0,0,0,0,0,0,0x03
2026-09-06T21:06:49.612,3133,0,2,52,0,0,0,0,0,0,0x03
2026-09-06T21:06:49.612,3134,0,1,51,0,0,0,0,0,0,0x03
2026-09-06T21:06:49.678,3135,0,2,52,0,0,0,0,0,0,0x03
2026-09-06T21:06:49.678,3136,0,1,50,0,0,0,0,0,0,0x03
2026-09-06T21:06:49.743,3137,0,2,51,0,0,0,0,0,0,0x03
2026-09-06T21:06:49.743,3138,0,1,51,0,0,0,0,0,0,0x03
2026-09-06T21:06:49.808,3139,0,2,50,0,0,0,0,0,0,0x03
2026-09-06T21:06:49.808,3140,0,1,50,0,0,0,0,0,0,0x03
2026-09-06T21:06:49.889,3141,0,2,55,0,0,0,0,0,0,0x03
2026-09-06T21:06:49.889,3142,0,1,52,0,0,0,0,0,0,0x03
2026-09-06T21:06:49.954,3143,0,2,52,0,0,0,0,0,0,0x03
2026-09-06T21:06:49.954,3144,0,1,50,0,0,0,0,0,0,0x03
2026-09-06T21:06:50.019,3145,0,2,50,0,0,0,0,0,0,0x03
2026-09-06T21:06:50.019,3146,0,1,52,0,0,0,0,0,0,0x03
2026-09-06T21:06:50.084,3147,0,2,51,0,0,0,0,0,0,0x03
2026-09-06T21:06:50.084,3148,0,1,52,0,0,0,0,0,0,0x03
2026-09-06T21:06:50.149,3149,0,2,50,0,0,0,0,0,0,0x03
2026-09-06T21:06:50.149,3150,0,1,50,0,0,0,0,0,0,0x03
2026-09-06T21:06:50.214,3151,0,2,52,0,0,0,0,0,0,0x03
2026-09-06T21:06:50.214,3152,0,1,50,0,0,0,0,0,0,0x03
2026-09-06T21:06:50.280,3153,0,2,52,0,0,0,0,0,0,0x03
2026-09-06T21:06:50.280,3154,0,1,50,0,0,0,0,0,0,0x03
2026-09-06T21:06:50.345,3155,0,2,52,0,0,0,0,0,0,0x03
2026-09-06T21:06:50.345,3156,0,1,51,0,0,0,0,0,0,0x03
2026-09-06T21:06:50.411,3157,0,2,52,0,0,0,0,0,0,0x03
2026-09-06T21:06:50.411,3158,0,1,52,0,0,0,0,0,0,0x03
2026-09-06T21:06:50.492,3159,0,2,51,0,0,0,0,0,0,0x03
2026-09-06T21:06:50.492,3160,0,1,51,0,0,0,0,0,0,0x03
2026-09-06T21:06:50.557,3161,0,2,54,0,0,0,0,0,0,0x03
2026-09-06T21:06:50.557,3162,0,1,52,0,0,0,0,0,0,0x03
2026-09-06T21:06:50.622,3163,0,2,51,0,0,0,0,0,0,0x03
2026-09-06T21:06:50.622,3164,0,1,51,0,0,0,0,0,0,0x03
2026-09-06T21:06:50.687,3165,0,2,51,0,0,0,0,0,0,0x03
2026-09-06T21:06:50.687,3166,0,1,51,0,0,0,0,0,0,0x03
2026-09-06T21:06:50.752,3167,0,2,51,0,0,0,0,0,0,0x03
2026-09-06T21:06:50.752,3168,0,1,51,0,0,0,0,0,0,0x03
2026-09-06T21:06:50.817,3169,0,2,50,0,0,0,0,0,0,0x03
2026-09-06T21:06:50.818,3170,0,1,51,0,0,0,0,0,0,0x03
2026-09-06T21:06:50.883,3171,0,2,50,0,0,0,0,0,0,0x03
2026-09-06T21:06:50.883,3172,0,1,50,0,0,0,0,0,0,0x03
2026-09-06T21:06:50.948,3173,0,2,51,0,0,0,0,0,0,0x03
2026-09-06T21:06:50.948,3174,0,1,51,0,0,0,0,0,0,0x03
2026-09-06T21:06:51.029,3175,0,2,51,0,0,0,0,0,0,0x03
2026-09-06T21:06:51.029,3176,0,1,52,0,0,0,0,0,0,0x03
2026-09-06T21:06:51.094,3177,0,2,50,0,0,0,0,0,0,0x03
2026-09-06T21:06:51.094,3178,0,1,54,0,0,0,0,0,0,0x03
2026-09-06T21:06:51.159,3179,0,2,51,0,0,0,0,0,0,0x03
2026-09-06T21:06:51.159,3180,0,1,52,0,0,0,0,0,0,0x03
2026-09-06T21:06:51.225,3181,0,2,50,0,0,0,0,0,0,0x03
2026-09-06T21:06:51.225,3182,0,1,51,0,0,0,0,0,0,0x03
2026-09-06T21:06:51.289,3183,0,2,50,0,0,0,0,0,0,0x03
2026-09-06T21:06:51.290,3184,0,1,52,0,0,0,0,0,0,0x03
2026-09-06T21:06:51.354,3185,0,2,50,0,0,0,0,0,0,0x03
2026-09-06T21:06:51.354,3186,0,1,50,0,0,0,0,0,0,0x03
2026-09-06T21:06:51.419,3187,0,2,51,0,0,0,0,0,0,0x03
2026-09-06T21:06:51.419,3188,0,1,50,0,0,0,0,0,0,0x03
2026-09-06T21:06:51.484,3189,0,2,51,0,0,0,0,0,0,0x03
2026-09-06T21:06:51.484,3190,0,1,52,0,0,0,0,0,0,0x03
2026-09-06T21:06:51.564,3191,0,2,51,0,0,0,0,0,0,0x03
2026-09-06T21:06:51.564,3192,0,1,52,0,0,0,0,0,0,0x03
2026-09-06T21:06:51.629,3193,0,2,51,0,0,0,0,0,0,0x03
2026-09-06T21:06:51.629,3194,0,1,51,0,0,0,0,0,0,0x03
2026-09-06T21:06:51.694,3195,0,2,51,0,0,0,0,0,0,0x03
2026-09-06T21:06:51.694,3196,0,1,50,0,0,0,0,0,0,0x03
2026-09-06T21:06:51.759,3197,0,2,51,0,0,0,0,0,0,0x03
2026-09-06T21:06:51.759,3198,0,1,51,0,0,0,0,0,0,0x03
2026-09-06T21:06:51.824,3199,0,2,52,0,0,0,0,0,0,0x03
2026-09-06T21:06:51.824,3200,0,1,51,0,0,0,0,0,0,0x03
2026-09-06T21:06:51.889,3201,0,2,50,0,0,0,0,0,0,0x03
2026-09-06T21:06:51.889,3202,0,1,50,0,0,0,0,0,0,0x03
2026-09-06T21:06:51.953,3203,0,2,50,0,0,0,0,0,0,0x03
2026-09-06T21:06:51.953,3204,0,1,51,0,0,0,0,0,0,0x03
2026-09-06T21:06:52.034,3205,0,2,55,0,0,0,0,0,0,0x03
2026-09-06T21:06:52.034,3206,0,1,50,0,0,0,0,0,0,0x03
2026-09-06T21:06:52.099,3207,0,2,50,0,0,0,0,0,0,0x03
2026-09-06T21:06:52.099,3208,0,1,50,0,0,0,0,0,0,0x03
2026-09-06T21:06:52.164,3209,0,2,50,0,0,0,0,0,0,0x03
2026-09-06T21:06:52.164,3210,0,1,52,0,0,0,0,0,0,0x03
2026-09-06T21:06:52.229,3211,0,2,51,0,0,0,0,0,0,0x03
2026-09-06T21:06:52.229,3212,0,1,50,0,0,0,0,0,0,0x03
2026-09-06T21:06:52.293,3213,0,2,50,0,0,0,0,0,0,0x03
2026-09-06T21:06:52.293,3214,0,1,52,0,0,0,0,0,0,0x03
2026-09-06T21:06:52.358,3215,0,2,50,0,0,0,0,0,0,0x03
2026-09-06T21:06:52.358,3216,0,1,51,0,0,0,0,0,0,0x03
2026-09-06T21:06:52.423,3217,0,2,53,0,0,0,0,0,0,0x03
2026-09-06T21:06:52.423,3218,0,1,52,0,0,0,0,0,0,0x03
2026-09-06T21:06:52.488,3219,0,2,51,0,0,0,0,0,0,0x03
2026-09-06T21:06:52.488,3220,0,1,51,0,0,0,0,0,0,0x03
2026-09-06T21:06:52.569,3221,0,2,51,0,0,0,0,0,0,0x03
2026-09-06T21:06:52.569,3222,0,1,52,0,0,0,0,0,0,0x03
2026-09-06T21:06:52.618,3223,0,2,52,0,0,0,0,0,0,0x03
2026-09-06T21:06:52.618,3224,0,1,50,0,0,0,0,0,0,0x03
2026-09-06T21:06:52.699,3225,0,2,55,0,0,0,0,0,0,0x03
2026-09-06T21:06:52.699,3226,0,1,51,0,0,0,0,0,0,0x03
2026-09-06T21:06:52.765,3227,0,2,52,0,0,0,0,0,0,0x03
2026-09-06T21:06:52.765,3228,0,1,50,0,0,0,0,0,0,0x03
2026-09-06T21:06:52.829,3229,0,2,50,0,0,0,0,0,0,0x03
2026-09-06T21:06:52.829,3230,0,1,52,0,0,0,0,0,0,0x03
2026-09-06T21:06:52.894,3231,0,2,51,0,0,0,0,0,0,0x03
2026-09-06T21:06:52.894,3232,0,1,52,0,0,0,0,0,0,0x03
2026-09-06T21:06:52.959,3233,0,2,52,0,0,0,0,0,0,0x03
2026-09-06T21:06:52.959,3234,0,1,51,0,0,0,0,0,0,0x03
2026-09-06T21:06:53.023,3235,0,2,52,0,0,0,0,0,0,0x03
2026-09-06T21:06:53.024,3236,0,1,52,0,0,0,0,0,0,0x03
2026-09-06T21:06:53.104,3237,0,2,52,0,0,0,0,0,0,0x03
2026-09-06T21:06:53.104,3238,0,1,50,0,0,0,0,0,0,0x03
2026-09-06T21:06:53.169,3239,0,2,51,0,0,0,0,0,0,0x03
2026-09-06T21:06:53.169,3240,0,1,52,0,0,0,0,0,0,0x03
2026-09-06T21:06:53.234,3241,0,2,51,0,0,0,0,0,0,0x03
2026-09-06T21:06:53.234,3242,0,1,51,0,0,0,0,0,0,0x03
2026-09-06T21:06:53.299,3243,0,2,50,0,0,0,0,0,0,0x03
2026-09-06T21:06:53.299,3244,0,1,50,0,0,0,0,0,0,0x03
2026-09-06T21:06:53.364,3245,0,2,51,0,0,0,0,0,0,0x03
2026-09-06T21:06:53.364,3246,0,1,52,0,0,0,0,0,0,0x03
2026-09-06T21:06:53.429,3247,0,2,50,0,0,0,0,0,0,0x03
2026-09-06T21:06:53.429,3248,0,1,50,0,0,0,0,0,0,0x03
2026-09-06T21:06:53.494,3249,0,2,51,0,0,0,0,0,0,0x03
2026-09-06T21:06:53.494,3250,0,1,52,0,0,0,0,0,0,0x03
2026-09-06T21:06:53.559,3251,0,2,51,0,0,0,0,0,0,0x03
2026-09-06T21:06:53.559,3252,0,1,51,0,0,0,0,0,0,0x03
2026-09-06T21:06:53.641,3253,0,2,50,0,0,0,0,0,0,0x03
2026-09-06T21:06:53.641,3254,0,1,51,0,0,0,0,0,0,0x03
2026-09-06T21:06:53.705,3255,0,2,50,0,0,0,0,0,0,0x03
2026-09-06T21:06:53.705,3256,0,1,52,0,0,0,0,0,0,0x03
2026-09-06T21:06:53.770,3257,0,2,52,0,0,0,0,0,0,0x03
2026-09-06T21:06:53.770,3258,0,1,50,0,0,0,0,0,0,0x03
2026-09-06T21:06:53.835,3259,0,2,51,0,0,0,0,0,0,0x03
2026-09-06T21:06:53.835,3260,0,1,51,0,0,0,0,0,0,0x03
2026-09-06T21:06:53.900,3261,0,2,51,0,0,0,0,0,0,0x03
2026-09-06T21:06:53.900,3262,0,1,50,0,0,0,0,0,0,0x03
2026-09-06T21:06:53.965,3263,0,2,51,0,0,0,0,0,0,0x03
2026-09-06T21:06:53.965,3264,0,1,50,0,0,0,0,0,0,0x03
2026-09-06T21:06:54.030,3265,0,2,51,0,0,0,0,0,0,0x03
2026-09-06T21:06:54.030,3266,0,1,52,0,0,0,0,0,0,0x03
2026-09-06T21:06:54.095,3267,0,2,51,0,0,0,0,0,0,0x03
2026-09-06T21:06:54.095,3268,0,1,51,0,0,0,0,0,0,0x03
2026-09-06T21:06:54.176,3269,0,2,51,0,0,0,0,0,0,0x03
2026-09-06T21:06:54.176,3270,0,1,52,0,0,0,0,0,0,0x03
2026-09-06T21:06:54.242,3271,0,2,51,0,0,0,0,0,0,0x03
2026-09-06T21:06:54.242,3272,0,1,51,0,0,0,0,0,0,0x03
2026-09-06T21:06:54.307,3273,0,2,52,0,0,0,0,0,0,0x03
2026-09-06T21:06:54.307,3274,0,1,52,0,0,0,0,0,0,0x03
2026-09-06T21:06:54.372,3275,0,2,50,0,0,0,0,0,0,0x03
2026-09-06T21:06:54.372,3276,0,1,52,0,0,0,0,0,0,0x03
2026-09-06T21:06:54.437,3277,0,2,52,0,0,0,0,0,0,0x03
2026-09-06T21:06:54.438,3278,0,1,50,0,0,0,0,0,0,0x03
2026-09-06T21:06:54.502,3279,0,2,51,0,0,0,0,0,0,0x03
2026-09-06T21:06:54.502,3280,0,1,50,0,0,0,0,0,0,0x03
2026-09-06T21:06:54.567,3281,0,2,51,0,0,0,0,0,0,0x03
2026-09-06T21:06:54.567,3282,0,1,50,0,0,0,0,0,0,0x03
2026-09-06T21:06:54.632,3283,0,2,50,0,0,0,0,0,0,0x03
2026-09-06T21:06:54.632,3284,0,1,51,0,0,0,0,0,0,0x03
2026-09-06T21:06:54.698,3285,0,2,51,0,0,0,0,0,0,0x03
2026-09-06T21:06:54.698,3286,0,1,50,0,0,0,0,0,0,0x03
2026-09-06T21:06:54.763,3287,0,2,51,0,0,0,0,0,0,0x03
2026-09-06T21:06:54.763,3288,0,1,50,0,0,0,0,0,0,0x03
2026-09-06T21:06:54.844,3289,0,2,55,0,0,0,0,0,0,0x03
2026-09-06T21:06:54.844,3290,0,1,51,0,0,0,0,0,0,0x03
2026-09-06T21:06:54.909,3291,0,2,50,0,0,0,0,0,0,0x03
2026-09-06T21:06:54.910,3292,0,1,50,0,0,0,0,0,0,0x03
2026-09-06T21:06:54.975,3293,0,2,51,0,0,0,0,0,0,0x03
2026-09-06T21:06:54.975,3294,0,1,52,0,0,0,0,0,0,0x03
2026-09-06T21:06:55.040,3295,0,2,51,0,0,0,0,0,0,0x03
2026-09-06T21:06:55.040,3296,0,1,50,0,0,0,0,0,0,0x03
2026-09-06T21:06:55.105,3297,0,2,50,0,0,0,0,0,0,0x03
2026-09-06T21:06:55.106,3298,0,1,52,0,0,0,0,0,0,0x03
2026-09-06T21:06:55.171,3299,0,2,51,0,0,0,0,0,0,0x03
2026-09-06T21:06:55.171,3300,0,1,51,0,0,0,0,0,0,0x03
2026-09-06T21:06:55.235,3301,0,2,52,0,0,0,0,0,0,0x03
2026-09-06T21:06:55.235,3302,0,1,50,0,0,0,0,0,0,0x03
2026-09-06T21:06:55.300,3303,0,2,52,0,0,0,0,0,0,0x03
2026-09-06T21:06:55.300,3304,0,1,50,0,0,0,0,0,0,0x03
2026-09-06T21:06:55.381,3305,0,2,50,0,0,0,0,0,0,0x03
2026-09-06T21:06:55.381,3306,0,1,50,0,0,0,0,0,0,0x03
2026-09-06T21:06:55.446,3307,0,2,52,0,0,0,0,0,0,0x03
2026-09-06T21:06:55.446,3308,0,1,50,0,0,0,0,0,0,0x03
2026-09-06T21:06:55.512,3309,0,2,51,0,0,0,0,0,0,0x03
2026-09-06T21:06:55.512,3310,0,1,53,0,0,0,0,0,0,0x03
2026-09-06T21:06:55.577,3311,0,2,51,0,0,0,0,0,0,0x03
2026-09-06T21:06:55.577,3312,0,1,50,0,0,0,0,0,0,0x03
2026-09-06T21:06:55.642,3313,0,2,51,0,0,0,0,0,0,0x03
2026-09-06T21:06:55.642,3314,0,1,52,0,0,0,0,0,0,0x03
2026-09-06T21:06:55.707,3315,0,2,51,0,0,0,0,0,0,0x03
2026-09-06T21:06:55.707,3316,0,1,52,0,0,0,0,0,0,0x03
2026-09-06T21:06:55.772,3317,0,2,52,0,0,0,0,0,0,0x03
2026-09-06T21:06:55.772,3318,0,1,52,0,0,0,0,0,0,0x03
2026-09-06T21:06:55.838,3319,0,2,51,0,0,0,0,0,0,0x03
2026-09-06T21:06:55.838,3320,0,1,52,0,0,0,0,0,0,0x03
2026-09-06T21:06:55.903,3321,0,2,50,0,0,0,0,0,0,0x03
2026-09-06T21:06:55.903,3322,0,1,50,0,0,0,0,0,0,0x03
2026-09-06T21:06:55.968,3323,0,2,51,0,0,0,0,0,0,0x03
2026-09-06T21:06:55.968,3324,0,1,52,0,0,0,0,0,0,0x03
2026-09-06T21:06:56.049,3325,0,2,52,0,0,0,0,0,0,0x03
2026-09-06T21:06:56.049,3326,0,1,52,0,0,0,0,0,0,0x03
2026-09-06T21:06:56.114,3327,0,2,52,0,0,0,0,0,0,0x03
2026-09-06T21:06:56.114,3328,0,1,50,0,0,0,0,0,0,0x03
2026-09-06T21:06:56.178,3329,0,2,51,0,0,0,0,0,0,0x03
2026-09-06T21:06:56.178,3330,0,1,51,0,0,0,0,0,0,0x03
2026-09-06T21:06:56.243,3331,0,2,52,0,0,0,0,0,0,0x03
2026-09-06T21:06:56.243,3332,0,1,52,0,0,0,0,0,0,0x03
2026-09-06T21:06:56.307,3333,0,2,53,0,0,0,0,0,0,0x03
2026-09-06T21:06:56.307,3334,0,1,51,0,0,0,0,0,0,0x03
2026-09-06T21:06:56.372,3335,0,2,50,0,0,0,0,0,0,0x03
2026-09-06T21:06:56.372,3336,0,1,50,0,0,0,0,0,0,0x03
2026-09-06T21:06:56.453,3337,0,2,51,0,0,0,0,0,0,0x03
2026-09-06T21:06:56.453,3338,0,1,52,0,0,0,0,0,0,0x03
2026-09-06T21:06:56.517,3339,0,2,51,0,0,0,0,0,0,0x03
2026-09-06T21:06:56.518,3340,0,1,51,0,0,0,0,0,0,0x03
2026-09-06T21:06:56.582,3341,0,2,51,0,0,0,0,0,0,0x03
2026-09-06T21:06:56.582,3342,0,1,51,0,0,0,0,0,0,0x03
2026-09-06T21:06:56.647,3343,0,2,50,0,0,0,0,0,0,0x03
2026-09-06T21:06:56.648,3344,0,1,51,0,0,0,0,0,0,0x03
2026-09-06T21:06:56.713,3345,0,2,50,0,0,0,0,0,0,0x03
2026-09-06T21:06:56.713,3346,0,1,50,0,0,0,0,0,0,0x03
2026-09-06T21:06:56.778,3347,0,2,50,0,0,0,0,0,0,0x03
2026-09-06T21:06:56.778,3348,0,1,50,0,0,0,0,0,0,0x03
2026-09-06T21:06:56.843,3349,0,2,51,0,0,0,0,0,0,0x03
2026-09-06T21:06:56.843,3350,0,1,50,0,0,0,0,0,0,0x03
2026-09-06T21:06:56.908,3351,0,2,50,0,0,0,0,0,0,0x03
2026-09-06T21:06:56.908,3352,0,1,52,0,0,0,0,0,0,0x03
2026-09-06T21:06:56.989,3353,0,2,56,0,0,0,0,0,0,0x03
2026-09-06T21:06:56.989,3354,0,1,51,0,0,0,0,0,0,0x03
2026-09-06T21:06:57.038,3355,0,2,50,0,0,0,0,0,0,0x03
2026-09-06T21:06:57.038,3356,0,1,50,0,0,0,0,0,0,0x03
2026-09-06T21:06:57.120,3357,0,2,51,0,0,0,0,0,0,0x03
2026-09-06T21:06:57.120,3358,0,1,51,0,0,0,0,0,0,0x03
2026-09-06T21:06:57.185,3359,0,2,50,0,0,0,0,0,0,0x03
2026-09-06T21:06:57.185,3360,0,1,50,0,0,0,0,0,0,0x03
2026-09-06T21:06:57.250,3361,0,2,50,0,0,0,0,0,0,0x03
2026-09-06T21:06:57.250,3362,0,1,52,0,0,0,0,0,0,0x03
2026-09-06T21:06:57.316,3363,0,2,51,0,0,0,0,0,0,0x03
2026-09-06T21:06:57.316,3364,0,1,51,0,0,0,0,0,0,0x03
2026-09-06T21:06:57.381,3365,0,2,52,0,0,0,0,0,0,0x03
2026-09-06T21:06:57.381,3366,0,1,50,0,0,0,0,0,0,0x03
2026-09-06T21:06:57.446,3367,0,2,51,0,0,0,0,0,0,0x03
2026-09-06T21:06:57.446,3368,0,1,50,0,0,0,0,0,0,0x03
2026-09-06T21:06:57.512,3369,0,2,50,0,0,0,0,0,0,0x03
2026-09-06T21:06:57.512,3370,0,1,50,0,0,0,0,0,0,0x03
2026-09-06T21:06:57.577,3371,0,2,50,0,0,0,0,0,0,0x03
2026-09-06T21:06:57.577,3372,0,1,51,0,0,0,0,0,0,0x03
2026-09-06T21:06:57.642,3373,0,2,51,0,0,0,0,0,0,0x03
2026-09-06T21:06:57.642,3374,0,1,51,0,0,0,0,0,0,0x03
2026-09-06T21:06:57.724,3375,0,2,51,0,0,0,0,0,0,0x03
2026-09-06T21:06:57.724,3376,0,1,52,0,0,0,0,0,0,0x03
2026-09-06T21:06:57.789,3377,0,2,52,0,0,0,0,0,0,0x03
2026-09-06T21:06:57.789,3378,0,1,51,0,0,0,0,0,0,0x03
2026-09-06T21:06:57.854,3379,0,2,53,0,0,0,0,0,0,0x03
2026-09-06T21:06:57.854,3380,0,1,53,0,0,0,0,0,0,0x03
2026-09-06T21:06:57.919,3381,0,2,51,0,0,0,0,0,0,0x03
2026-09-06T21:06:57.919,3382,0,1,50,0,0,0,0,0,0,0x03
2026-09-06T21:06:57.984,3383,0,2,51,0,0,0,0,0,0,0x03
2026-09-06T21:06:57.984,3384,0,1,50,0,0,0,0,0,0,0x03
2026-09-06T21:06:58.050,3385,0,2,51,0,0,0,0,0,0,0x03
2026-09-06T21:06:58.050,3386,0,1,50,0,0,0,0,0,0,0x03
2026-09-06T21:06:58.115,3387,0,2,50,0,0,0,0,0,0,0x03
2026-09-06T21:06:58.115,3388,0,1,53,0,0,0,0,0,0,0x03
2026-09-06T21:06:58.179,3389,0,2,51,0,0,0,0,0,0,0x03
2026-09-06T21:06:58.180,3390,0,1,52,0,0,0,0,0,0,0x03
2026-09-06T21:06:58.261,3391,0,2,59,0,0,0,0,0,0,0x03
2026-09-06T21:06:58.261,3392,0,1,50,0,0,0,0,0,0,0x03
2026-09-06T21:06:58.326,3393,0,2,50,0,0,0,0,0,0,0x03
2026-09-06T21:06:58.326,3394,0,1,52,0,0,0,0,0,0,0x03
2026-09-06T21:06:58.391,3395,0,2,52,0,0,0,0,0,0,0x03
2026-09-06T21:06:58.391,3396,0,1,51,0,0,0,0,0,0,0x03
2026-09-06T21:06:58.456,3397,0,2,50,0,0,0,0,0,0,0x03
2026-09-06T21:06:58.456,3398,0,1,50,0,0,0,0,0,0,0x03
2026-09-06T21:06:58.522,3399,0,2,51,0,0,0,0,0,0,0x03
2026-09-06T21:06:58.522,3400,0,1,50,0,0,0,0,0,0,0x03
2026-09-06T21:06:58.586,3401,0,2,52,0,0,0,0,0,0,0x03
2026-09-06T21:06:58.586,3402,0,1,52,0,0,0,0,0,0,0x03
2026-09-06T21:06:58.651,3403,0,2,51,0,0,0,0,0,0,0x03
2026-09-06T21:06:58.651,3404,0,1,50,0,0,0,0,0,0,0x03
2026-09-06T21:06:58.716,3405,0,2,54,0,0,0,0,0,0,0x03
2026-09-06T21:06:58.716,3406,0,1,52,0,0,0,0,0,0,0x03
2026-09-06T21:06:58.796,3407,0,2,51,0,0,0,0,0,0,0x03
2026-09-06T21:06:58.796,3408,0,1,50,0,0,0,0,0,0,0x03
2026-09-06T21:06:58.862,3409,0,2,50,0,0,0,0,0,0,0x03
2026-09-06T21:06:58.862,3410,0,1,52,0,0,0,0,0,0,0x03
2026-09-06T21:06:58.926,3411,0,2,52,0,0,0,0,0,0,0x03
2026-09-06T21:06:58.926,3412,0,1,52,0,0,0,0,0,0,0x03
2026-09-06T21:06:58.991,3413,0,2,52,0,0,0,0,0,0,0x03
2026-09-06T21:06:58.991,3414,0,1,50,0,0,0,0,0,0,0x03
2026-09-06T21:06:59.057,3415,0,2,51,0,0,0,0,0,0,0x03
2026-09-06T21:06:59.057,3416,0,1,50,0,0,0,0,0,0,0x03
2026-09-06T21:06:59.122,3417,0,2,51,0,0,0,0,0,0,0x03
2026-09-06T21:06:59.122,3418,0,1,50,0,0,0,0,0,0,0x03
2026-09-06T21:06:59.186,3419,0,2,52,0,0,0,0,0,0,0x03
2026-09-06T21:06:59.186,3420,0,1,55,0,0,0,0,0,0,0x03
2026-09-06T21:06:59.252,3421,0,2,51,0,0,0,0,0,0,0x03
2026-09-06T21:06:59.252,3422,0,1,52,0,0,0,0,0,0,0x03
2026-09-06T21:06:59.317,3423,0,2,51,0,0,0,0,0,0,0x03
2026-09-06T21:06:59.317,3424,0,1,50,0,0,0,0,0,0,0x03
2026-09-06T21:06:59.398,3425,0,2,55,0,0,0,0,0,0,0x03
2026-09-06T21:06:59.398,3426,0,1,50,0,0,0,0,0,0,0x03
2026-09-06T21:06:59.463,3427,0,2,50,0,0,0,0,0,0,0x03
2026-09-06T21:06:59.463,3428,0,1,52,0,0,0,0,0,0,0x03
2026-09-06T21:06:59.528,3429,0,2,51,0,0,0,0,0,0,0x03
2026-09-06T21:06:59.528,3430,0,1,50,0,0,0,0,0,0,0x03
2026-09-06T21:06:59.593,3431,0,2,52,0,0,0,0,0,0,0x03
2026-09-06T21:06:59.593,3432,0,1,50,0,0,0,0,0,0,0x03
2026-09-06T21:06:59.657,3433,0,2,51,0,0,0,0,0,0,0x03
2026-09-06T21:06:59.657,3434,0,1,52,0,0,0,0,0,0,0x03
2026-09-06T21:06:59.723,3435,0,2,51,0,0,0,0,0,0,0x03
2026-09-06T21:06:59.723,3436,0,1,52,0,0,0,0,0,0,0x03
2026-09-06T21:06:59.788,3437,0,2,50,0,0,0,0,0,0,0x03
2026-09-06T21:06:59.788,3438,0,1,50,0,0,0,0,0,0,0x03
2026-09-06T21:06:59.854,3439,0,2,50,0,0,0,0,0,0,0x03
2026-09-06T21:06:59.854,3440,0,1,50,0,0,0,0,0,0,0x03
2026-09-06T21:06:59.919,3441,0,2,52,0,0,0,0,0,0,0x03
2026-09-06T21:06:59.919,3442,0,1,51,0,0,0,0,0,0,0x03
2026-09-06T21:07:00.000,3443,0,2,50,0,0,0,0,0,0,0x03
2026-09-06T21:07:00.000,3444,0,1,50,0,0,0,0,0,0,0x03
2026-09-06T21:07:00.065,3445,0,2,56,0,0,0,0,0,0,0x03
2026-09-06T21:07:00.065,3446,0,1,52,0,0,0,0,0,0,0x03
2026-09-06T21:07:00.130,3447,0,2,52,0,0,0,0,0,0,0x03
2026-09-06T21:07:00.130,3448,0,1,51,0,0,0,0,0,0,0x03
2026-09-06T21:07:00.195,3449,0,2,51,0,0,0,0,0,0,0x03
2026-09-06T21:07:00.195,3450,0,1,51,0,0,0,0,0,0,0x03
2026-09-06T21:07:00.260,3451,0,2,52,0,0,0,0,0,0,0x03
2026-09-06T21:07:00.260,3452,0,1,51,0,0,0,0,0,0,0x03
2026-09-06T21:07:00.326,3453,0,2,52,0,0,0,0,0,0,0x03
2026-09-06T21:07:00.326,3454,0,1,52,0,0,0,0,0,0,0x03
2026-09-06T21:07:00.391,3455,0,2,51,0,0,0,0,0,0,0x03
2026-09-06T21:07:00.391,3456,0,1,50,0,0,0,0,0,0,0x03
2026-09-06T21:07:00.456,3457,0,2,52,0,0,0,0,0,0,0x03
2026-09-06T21:07:00.456,3458,0,1,53,0,0,0,0,0,0,0x03
2026-09-06T21:07:00.537,3459,0,2,52,0,0,0,0,0,0,0x03
2026-09-06T21:07:00.537,3460,0,1,52,0,0,0,0,0,0,0x03
2026-09-06T21:07:00.603,3461,0,2,51,0,0,0,0,0,0,0x03
2026-09-06T21:07:00.603,3462,0,1,50,0,0,0,0,0,0,0x03
2026-09-06T21:07:00.668,3463,0,2,51,0,0,0,0,0,0,0x03
2026-09-06T21:07:00.668,3464,0,1,51,0,0,0,0,0,0,0x03
2026-09-06T21:07:00.733,3465,0,2,50,0,0,0,0,0,0,0x03
2026-09-06T21:07:00.733,3466,0,1,51,0,0,0,0,0,0,0x03
2026-09-06T21:07:00.798,3467,0,2,50,0,0,0,0,0,0,0x03
2026-09-06T21:07:00.798,3468,0,1,51,0,0,0,0,0,0,0x03
2026-09-06T21:07:00.863,3469,0,2,51,0,0,0,0,0,0,0x03
2026-09-06T21:07:00.863,3470,0,1,52,0,0,0,0,0,0,0x03
2026-09-06T21:07:00.928,3471,0,2,51,0,0,0,0,0,0,0x03
2026-09-06T21:07:00.928,3472,0,1,52,0,0,0,0,0,0,0x03
2026-09-06T21:07:00.993,3473,0,2,50,0,0,0,0,0,0,0x03
2026-09-06T21:07:00.993,3474,0,1,52,0,0,0,0,0,0,0x03
2026-09-06T21:07:01.074,3475,0,2,52,0,0,0,0,0,0,0x03
2026-09-06T21:07:01.074,3476,0,1,50,0,0,0,0,0,0,0x03
2026-09-06T21:07:01.122,3477,0,2,50,0,0,0,0,0,0,0x03
2026-09-06T21:07:01.122,3478,0,1,52,0,0,0,0,0,0,0x03
2026-09-06T21:07:01.204,3479,0,2,50,0,0,0,0,0,0,0x03
2026-09-06T21:07:01.204,3480,0,1,50,0,0,0,0,0,0,0x03
2026-09-06T21:07:01.269,3481,0,2,51,0,0,0,0,0,0,0x03
2026-09-06T21:07:01.269,3482,0,1,50,0,0,0,0,0,0,0x03
2026-09-06T21:07:01.334,3483,0,2,51,0,0,0,0,0,0,0x03
2026-09-06T21:07:01.334,3484,0,1,55,0,0,0,0,0,0,0x03
2026-09-06T21:07:01.399,3485,0,2,51,0,0,0,0,0,0,0x03
2026-09-06T21:07:01.399,3486,0,1,52,0,0,0,0,0,0,0x03
2026-09-06T21:07:01.464,3487,0,2,51,0,0,0,0,0,0,0x03
2026-09-06T21:07:01.464,3488,0,1,52,0,0,0,0,0,0,0x03
2026-09-06T21:07:01.529,3489,0,2,52,0,0,0,0,0,0,0x03
2026-09-06T21:07:01.529,3490,0,1,51,0,0,0,0,0,0,0x03
2026-09-06T21:07:01.610,3491,0,2,51,0,0,0,0,0,0,0x03
2026-09-06T21:07:01.610,3492,0,1,55,0,0,0,0,0,0,0x03
2026-09-06T21:07:01.659,3493,0,2,51,0,0,0,0,0,0,0x03
2026-09-06T21:07:01.659,3494,0,1,51,0,0,0,0,0,0,0x03
2026-09-06T21:07:01.740,3495,0,2,51,0,0,0,0,0,0,0x03
2026-09-06T21:07:01.740,3496,0,1,51,0,0,0,0,0,0,0x03
2026-09-06T21:07:01.805,3497,0,2,50,0,0,0,0,0,0,0x03
2026-09-06T21:07:01.805,3498,0,1,51,0,0,0,0,0,0,0x03
2026-09-06T21:07:01.870,3499,0,2,51,0,0,0,0,0,0,0x03
2026-09-06T21:07:01.870,3500,0,1,51,0,0,0,0,0,0,0x03
2026-09-06T21:07:01.934,3501,0,2,50,0,0,0,0,0,0,0x03
2026-09-06T21:07:01.935,3502,0,1,51,0,0,0,0,0,0,0x03
2026-09-06T21:07:01.999,3503,0,2,51,0,0,0,0,0,0,0x03
2026-09-06T21:07:01.999,3504,0,1,50,0,0,0,0,0,0,0x03
2026-09-06T21:07:02.064,3505,0,2,51,0,0,0,0,0,0,0x03
2026-09-06T21:07:02.064,3506,0,1,52,0,0,0,0,0,0,0x03
2026-09-06T21:07:02.145,3507,0,2,52,0,0,0,0,0,0,0x03
2026-09-06T21:07:02.145,3508,0,1,51,0,0,0,0,0,0,0x03
2026-09-06T21:07:02.210,3509,0,2,51,0,0,0,0,0,0,0x03
2026-09-06T21:07:02.210,3510,0,1,51,0,0,0,0,0,0,0x03
2026-09-06T21:07:02.275,3511,0,2,51,0,0,0,0,0,0,0x03
2026-09-06T21:07:02.275,3512,0,1,51,0,0,0,0,0,0,0x03
2026-09-06T21:07:02.340,3513,0,2,50,0,0,0,0,0,0,0x03
2026-09-06T21:07:02.340,3514,0,1,51,0,0,0,0,0,0,0x03
2026-09-06T21:07:02.405,3515,0,2,50,0,0,0,0,0,0,0x03
2026-09-06T21:07:02.405,3516,0,1,51,0,0,0,0,0,0,0x03
2026-09-06T21:07:02.470,3517,0,2,52,0,0,0,0,0,0,0x03
2026-09-06T21:07:02.470,3518,0,1,50,0,0,0,0,0,0,0x03
2026-09-06T21:07:02.535,3519,0,2,52,0,0,0,0,0,0,0x03
2026-09-06T21:07:02.535,3520,0,1,52,0,0,0,0,0,0,0x03
2026-09-06T21:07:02.600,3521,0,2,51,0,0,0,0,0,0,0x03
2026-09-06T21:07:02.600,3522,0,1,52,0,0,0,0,0,0,0x03
2026-09-06T21:07:02.664,3523,0,2,51,0,0,0,0,0,0,0x03
2026-09-06T21:07:02.664,3524,0,1,53,0,0,0,0,0,0,0x03
2026-09-06T21:07:02.745,3525,0,2,50,0,0,0,0,0,0,0x03
2026-09-06T21:07:02.745,3526,0,1,52,0,0,0,0,0,0,0x03
2026-09-06T21:07:02.810,3527,0,2,51,0,0,0,0,0,0,0x03
2026-09-06T21:07:02.810,3528,0,1,50,0,0,0,0,0,0,0x03
2026-09-06T21:07:02.875,3529,0,2,53,0,0,0,0,0,0,0x03
2026-09-06T21:07:02.875,3530,0,1,52,0,0,0,0,0,0,0x03
2026-09-06T21:07:02.940,3531,0,2,51,0,0,0,0,0,0,0x03
2026-09-06T21:07:02.940,3532,0,1,52,0,0,0,0,0,0,0x03
2026-09-06T21:07:03.006,3533,0,2,51,0,0,0,0,0,0,0x03
2026-09-06T21:07:03.006,3534,0,1,50,0,0,0,0,0,0,0x03
2026-09-06T21:07:03.072,3535,0,2,52,0,0,0,0,0,0,0x03
2026-09-06T21:07:03.072,3536,0,1,50,0,0,0,0,0,0,0x03
2026-09-06T21:07:03.137,3537,0,2,51,0,0,0,0,0,0,0x03
2026-09-06T21:07:03.137,3538,0,1,50,0,0,0,0,0,0,0x03
2026-09-06T21:07:03.202,3539,0,2,51,0,0,0,0,0,0,0x03
2026-09-06T21:07:03.202,3540,0,1,51,0,0,0,0,0,0,0x03
2026-09-06T21:07:03.283,3541,0,2,52,0,0,0,0,0,0,0x03
2026-09-06T21:07:03.283,3542,0,1,52,0,0,0,0,0,0,0x03
2026-09-06T21:07:03.348,3543,0,2,51,0,0,0,0,0,0,0x03
2026-09-06T21:07:03.348,3544,0,1,55,0,0,0,0,0,0,0x03
2026-09-06T21:07:03.413,3545,0,2,50,0,0,0,0,0,0,0x03
2026-09-06T21:07:03.413,3546,0,1,51,0,0,0,0,0,0,0x03
2026-09-06T21:07:03.478,3547,0,2,54,0,0,0,0,0,0,0x03
2026-09-06T21:07:03.479,3548,0,1,51,0,0,0,0,0,0,0x03
2026-09-06T21:07:03.544,3549,0,2,51,0,0,0,0,0,0,0x03
2026-09-06T21:07:03.544,3550,0,1,52,0,0,0,0,0,0,0x03
2026-09-06T21:07:03.609,3551,0,2,51,0,0,0,0,0,0,0x03
2026-09-06T21:07:03.609,3552,0,1,50,0,0,0,0,0,0,0x03
2026-09-06T21:07:03.674,3553,0,2,51,0,0,0,0,0,0,0x03
2026-09-06T21:07:03.674,3554,0,1,51,0,0,0,0,0,0,0x03
2026-09-06T21:07:03.739,3555,0,2,51,0,0,0,0,0,0,0x03
2026-09-06T21:07:03.739,3556,0,1,52,0,0,0,0,0,0,0x03
2026-09-06T21:07:03.805,3557,0,2,50,0,0,0,0,0,0,0x03
2026-09-06T21:07:03.805,3558,0,1,50,0,0,0,0,0,0,0x03
2026-09-06T21:07:03.885,3559,0,2,51,0,0,0,0,0,0,0x03
2026-09-06T21:07:03.885,3560,0,1,52,0,0,0,0,0,0,0x03
2026-09-06T21:07:03.950,3561,0,2,51,0,0,0,0,0,0,0x03
2026-09-06T21:07:03.950,3562,0,1,50,0,0,0,0,0,0,0x03
2026-09-06T21:07:04.016,3563,0,2,51,0,0,0,0,0,0,0x03
2026-09-06T21:07:04.016,3564,0,1,52,0,0,0,0,0,0,0x03
2026-09-06T21:07:04.081,3565,0,2,50,0,0,0,0,0,0,0x03
2026-09-06T21:07:04.081,3566,0,1,52,0,0,0,0,0,0,0x03
2026-09-06T21:07:04.145,3567,0,2,50,0,0,0,0,0,0,0x03
2026-09-06T21:07:04.145,3568,0,1,52,0,0,0,0,0,0,0x03
2026-09-06T21:07:04.210,3569,0,2,51,0,0,0,0,0,0,0x03
2026-09-06T21:07:04.210,3570,0,1,51,0,0,0,0,0,0,0x03
2026-09-06T21:07:04.275,3571,0,2,50,0,0,0,0,0,0,0x03
2026-09-06T21:07:04.275,3572,0,1,52,0,0,0,0,0,0,0x03
2026-09-06T21:07:04.340,3573,0,2,51,0,0,0,0,0,0,0x03
2026-09-06T21:07:04.340,3574,0,1,51,0,0,0,0,0,0,0x03
2026-09-06T21:07:04.406,3575,0,2,52,0,0,0,0,0,0,0x03
2026-09-06T21:07:04.406,3576,0,1,52,0,0,0,0,0,0,0x03
2026-09-06T21:07:04.471,3577,0,2,51,0,0,0,0,0,0,0x03
2026-09-06T21:07:04.471,3578,0,1,52,0,0,0,0,0,0,0x03
2026-09-06T21:07:04.553,3579,0,2,52,0,0,0,0,0,0,0x03
2026-09-06T21:07:04.553,3580,0,1,50,0,0,0,0,0,0,0x03
2026-09-06T21:07:04.618,3581,0,2,52,0,0,0,0,0,0,0x03
2026-09-06T21:07:04.618,3582,0,1,50,0,0,0,0,0,0,0x03
2026-09-06T21:07:04.683,3583,0,2,51,0,0,0,0,0,0,0x03
2026-09-06T21:07:04.683,3584,0,1,51,0,0,0,0,0,0,0x03
2026-09-06T21:07:04.749,3585,0,2,51,0,0,0,0,0,0,0x03
2026-09-06T21:07:04.749,3586,0,1,51,0,0,0,0,0,0,0x03
2026-09-06T21:07:04.814,3587,0,2,52,0,0,0,0,0,0,0x03
2026-09-06T21:07:04.814,3588,0,1,52,0,0,0,0,0,0,0x03
2026-09-06T21:07:04.879,3589,0,2,50,0,0,0,0,0,0,0x03
2026-09-06T21:07:04.879,3590,0,1,51,0,0,0,0,0,0,0x03
2026-09-06T21:07:04.944,3591,0,2,50,0,0,0,0,0,0,0x03
2026-09-06T21:07:04.944,3592,0,1,50,0,0,0,0,0,0,0x03
2026-09-06T21:07:05.010,3593,0,2,53,0,0,0,0,0,0,0x03
2026-09-06T21:07:05.010,3594,0,1,52,0,0,0,0,0,0,0x03
2026-09-06T21:07:05.075,3595,0,2,51,0,0,0,0,0,0,0x03
2026-09-06T21:07:05.075,3596,0,1,53,0,0,0,0,0,0,0x03
2026-09-06T21:07:05.156,3597,0,2,50,0,0,0,0,0,0,0x03
2026-09-06T21:07:05.156,3598,0,1,50,0,0,0,0,0,0,0x03
2026-09-06T21:07:05.222,3599,0,2,51,0,0,0,0,0,0,0x03
2026-09-06T21:07:05.222,3600,0,1,52,0,0,0,0,0,0,0x03
2026-09-06T21:07:05.287,3601,0,2,55,0,0,0,0,0,0,0x03
2026-09-06T21:07:05.287,3602,0,1,52,0,0,0,0,0,0,0x03
2026-09-06T21:07:05.352,3603,0,2,50,0,0,0,0,0,0,0x03
2026-09-06T21:07:05.352,3604,0,1,50,0,0,0,0,0,0,0x03
2026-09-06T21:07:05.417,3605,0,2,51,0,0,0,0,0,0,0x03
2026-09-06T21:07:05.417,3606,0,1,50,0,0,0,0,0,0,0x03
2026-09-06T21:07:05.482,3607,0,2,51,0,0,0,0,0,0,0x03
2026-09-06T21:07:05.483,3608,0,1,53,0,0,0,0,0,0,0x03
2026-09-06T21:07:05.548,3609,0,2,51,0,0,0,0,0,0,0x03
2026-09-06T21:07:05.548,3610,0,1,51,0,0,0,0,0,0,0x03
2026-09-06T21:07:05.613,3611,0,2,52,0,0,0,0,0,0,0x03
2026-09-06T21:07:05.613,3612,0,1,50,0,0,0,0,0,0,0x03
2026-09-06T21:07:05.695,3613,0,2,52,0,0,0,0,0,0,0x03
2026-09-06T21:07:05.695,3614,0,1,50,0,0,0,0,0,0,0x03
2026-09-06T21:07:05.759,3615,0,2,50,0,0,0,0,0,0,0x03
2026-09-06T21:07:05.759,3616,0,1,52,0,0,0,0,0,0,0x03
2026-09-06T21:07:05.823,3617,0,2,50,0,0,0,0,0,0,0x03
2026-09-06T21:07:05.823,3618,0,1,51,0,0,0,0,0,0,0x03
2026-09-06T21:07:05.888,3619,0,2,51,0,0,0,0,0,0,0x03
2026-09-06T21:07:05.888,3620,0,1,51,0,0,0,0,0,0,0x03
2026-09-06T21:07:05.953,3621,0,2,50,0,0,0,0,0,0,0x03
2026-09-06T21:07:05.953,3622,0,1,51,0,0,0,0,0,0,0x03
2026-09-06T21:07:06.018,3623,0,2,51,0,0,0,0,0,0,0x03
2026-09-06T21:07:06.018,3624,0,1,50,0,0,0,0,0,0,0x03
2026-09-06T21:07:06.084,3625,0,2,55,0,0,0,0,0,0,0x03
2026-09-06T21:07:06.084,3626,0,1,51,0,0,0,0,0,0,0x03
2026-09-06T21:07:06.149,3627,0,2,50,0,0,0,0,0,0,0x03
2026-09-06T21:07:06.149,3628,0,1,50,0,0,0,0,0,0,0x03
2026-09-06T21:07:06.214,3629,0,2,51,0,0,0,0,0,0,0x03
2026-09-06T21:07:06.214,3630,0,1,52,0,0,0,0,0,0,0x03
2026-09-06T21:07:06.295,3631,0,2,50,0,0,0,0,0,0,0x03
2026-09-06T21:07:06.295,3632,0,1,52,0,0,0,0,0,0,0x03
2026-09-06T21:07:06.360,3633,0,2,51,0,0,0,0,0,0,0x03
2026-09-06T21:07:06.360,3634,0,1,51,0,0,0,0,0,0,0x03
2026-09-06T21:07:06.424,3635,0,2,50,0,0,0,0,0,0,0x03
2026-09-06T21:07:06.425,3636,0,1,50,0,0,0,0,0,0,0x03
2026-09-06T21:07:06.490,3637,0,2,50,0,0,0,0,0,0,0x03
2026-09-06T21:07:06.490,3638,0,1,50,0,0,0,0,0,0,0x03
2026-09-06T21:07:06.555,3639,0,2,51,0,0,0,0,0,0,0x03
2026-09-06T21:07:06.555,3640,0,1,53,0,0,0,0,0,0,0x03
2026-09-06T21:07:06.620,3641,0,2,50,0,0,0,0,0,0,0x03
2026-09-06T21:07:06.620,3642,0,1,51,0,0,0,0,0,0,0x03
2026-09-06T21:07:06.685,3643,0,2,51,0,0,0,0,0,0,0x03
2026-09-06T21:07:06.685,3644,0,1,51,0,0,0,0,0,0,0x03
2026-09-06T21:07:06.750,3645,0,2,51,0,0,0,0,0,0,0x03
2026-09-06T21:07:06.750,3646,0,1,51,0,0,0,0,0,0,0x03
2026-09-06T21:07:06.815,3647,0,2,50,0,0,0,0,0,0,0x03
2026-09-06T21:07:06.815,3648,0,1,52,0,0,0,0,0,0,0x03
2026-09-06T21:07:06.896,3649,0,2,50,0,0,0,0,0,0,0x03
2026-09-06T21:07:06.897,3650,0,1,51,0,0,0,0,0,0,0x03
2026-09-06T21:07:06.961,3651,0,2,51,0,0,0,0,0,0,0x03
2026-09-06T21:07:06.961,3652,0,1,52,0,0,0,0,0,0,0x03
2026-09-06T21:07:07.026,3653,0,2,51,0,0,0,0,0,0,0x03
2026-09-06T21:07:07.027,3654,0,1,51,0,0,0,0,0,0,0x03
2026-09-06T21:07:07.092,3655,0,2,50,0,0,0,0,0,0,0x03
2026-09-06T21:07:07.092,3656,0,1,50,0,0,0,0,0,0,0x03
2026-09-06T21:07:07.157,3657,0,2,51,0,0,0,0,0,0,0x03
2026-09-06T21:07:07.157,3658,0,1,52,0,0,0,0,0,0,0x03
2026-09-06T21:07:07.222,3659,0,2,52,0,0,0,0,0,0,0x03
2026-09-06T21:07:07.222,3660,0,1,55,0,0,0,0,0,0,0x03
2026-09-06T21:07:07.287,3661,0,2,51,0,0,0,0,0,0,0x03
2026-09-06T21:07:07.287,3662,0,1,52,0,0,0,0,0,0,0x03
2026-09-06T21:07:07.352,3663,0,2,50,0,0,0,0,0,0,0x03
2026-09-06T21:07:07.352,3664,0,1,51,0,0,0,0,0,0,0x03
2026-09-06T21:07:07.433,3665,0,2,51,0,0,0,0,0,0,0x03
2026-09-06T21:07:07.433,3666,0,1,50,0,0,0,0,0,0,0x03
2026-09-06T21:07:07.498,3667,0,2,52,0,0,0,0,0,0,0x03
2026-09-06T21:07:07.498,3668,0,1,51,0,0,0,0,0,0,0x03
2026-09-06T21:07:07.563,3669,0,2,50,0,0,0,0,0,0,0x03
2026-09-06T21:07:07.563,3670,0,1,50,0,0,0,0,0,0,0x03
2026-09-06T21:07:07.628,3671,0,2,51,0,0,0,0,0,0,0x03
2026-09-06T21:07:07.629,3672,0,1,51,0,0,0,0,0,0,0x03
2026-09-06T21:07:07.694,3673,0,2,52,0,0,0,0,0,0,0x03
2026-09-06T21:07:07.694,3674,0,1,50,0,0,0,0,0,0,0x03
2026-09-06T21:07:07.759,3675,0,2,51,0,0,0,0,0,0,0x03
2026-09-06T21:07:07.759,3676,0,1,50,0,0,0,0,0,0,0x03
2026-09-06T21:07:07.825,3677,0,2,51,0,0,0,0,0,0,0x03
2026-09-06T21:07:07.825,3678,0,1,50,0,0,0,0,0,0,0x03
2026-09-06T21:07:07.889,3679,0,2,50,0,0,0,0,0,0,0x03
2026-09-06T21:07:07.889,3680,0,1,50,0,0,0,0,0,0,0x03
2026-09-06T21:07:07.970,3681,0,2,50,0,0,0,0,0,0,0x03
2026-09-06T21:07:07.971,3682,0,1,50,0,0,0,0,0,0,0x03
2026-09-06T21:07:08.035,3683,0,2,51,0,0,0,0,0,0,0x03
2026-09-06T21:07:08.035,3684,0,1,50,0,0,0,0,0,0,0x03
2026-09-06T21:07:08.099,3685,0,2,51,0,0,0,0,0,0,0x03
2026-09-06T21:07:08.099,3686,0,1,50,0,0,0,0,0,0,0x03
2026-09-06T21:07:08.164,3687,0,2,53,0,0,0,0,0,0,0x03
2026-09-06T21:07:08.164,3688,0,1,50,0,0,0,0,0,0,0x03
2026-09-06T21:07:08.228,3689,0,2,51,0,0,0,0,0,0,0x03
2026-09-06T21:07:08.228,3690,0,1,51,0,0,0,0,0,0,0x03
2026-09-06T21:07:08.294,3691,0,2,51,0,0,0,0,0,0,0x03
2026-09-06T21:07:08.294,3692,0,1,51,0,0,0,0,0,0,0x03
2026-09-06T21:07:08.359,3693,0,2,50,0,0,0,0,0,0,0x03
2026-09-06T21:07:08.359,3694,0,1,50,0,0,0,0,0,0,0x03
2026-09-06T21:07:08.424,3695,0,2,56,0,0,0,0,0,0,0x03
2026-09-06T21:07:08.424,3696,0,1,50,0,0,0,0,0,0,0x03
2026-09-06T21:07:08.507,3697,0,2,51,0,0,0,0,0,0,0x03
2026-09-06T21:07:08.507,3698,0,1,55,0,0,0,0,0,0,0x03
2026-09-06T21:07:08.571,3699,0,2,52,0,0,0,0,0,0,0x03
2026-09-06T21:07:08.571,3700,0,1,50,0,0,0,0,0,0,0x03
2026-09-06T21:07:08.636,3701,0,2,51,0,0,0,0,0,0,0x03
2026-09-06T21:07:08.636,3702,0,1,52,0,0,0,0,0,0,0x03
2026-09-06T21:07:08.701,3703,0,2,52,0,0,0,0,0,0,0x03
2026-09-06T21:07:08.701,3704,0,1,50,0,0,0,0,0,0,0x03
2026-09-06T21:07:08.766,3705,0,2,51,0,0,0,0,0,0,0x03
2026-09-06T21:07:08.766,3706,0,1,50,0,0,0,0,0,0,0x03
2026-09-06T21:07:08.830,3707,0,2,52,0,0,0,0,0,0,0x03
2026-09-06T21:07:08.830,3708,0,1,51,0,0,0,0,0,0,0x03
2026-09-06T21:07:08.896,3709,0,2,52,0,0,0,0,0,0,0x03
2026-09-06T21:07:08.896,3710,0,1,51,0,0,0,0,0,0,0x03
2026-09-06T21:07:08.961,3711,0,2,50,0,0,0,0,0,0,0x03
2026-09-06T21:07:08.961,3712,0,1,51,0,0,0,0,0,0,0x03
2026-09-06T21:07:09.027,3713,0,2,50,0,0,0,0,0,0,0x03
2026-09-06T21:07:09.027,3714,0,1,50,0,0,0,0,0,0,0x03
2026-09-06T21:07:09.108,3715,0,2,53,0,0,0,0,0,0,0x03
2026-09-06T21:07:09.108,3716,0,1,51,0,0,0,0,0,0,0x03
2026-09-06T21:07:09.173,3717,0,2,51,0,0,0,0,0,0,0x03
2026-09-06T21:07:09.173,3718,0,1,51,0,0,0,0,0,0,0x03
2026-09-06T21:07:09.238,3719,0,2,51,0,0,0,0,0,0,0x03
2026-09-06T21:07:09.238,3720,0,1,51,0,0,0,0,0,0,0x03
2026-09-06T21:07:09.303,3721,0,2,51,0,0,0,0,0,0,0x03
2026-09-06T21:07:09.303,3722,0,1,52,0,0,0,0,0,0,0x03
2026-09-06T21:07:09.368,3723,0,2,52,0,0,0,0,0,0,0x03
2026-09-06T21:07:09.368,3724,0,1,50,0,0,0,0,0,0,0x03
2026-09-06T21:07:09.433,3725,0,2,50,0,0,0,0,0,0,0x03
2026-09-06T21:07:09.433,3726,0,1,50,0,0,0,0,0,0,0x03
2026-09-06T21:07:09.498,3727,0,2,52,0,0,0,0,0,0,0x03
2026-09-06T21:07:09.498,3728,0,1,51,0,0,0,0,0,0,0x03
2026-09-06T21:07:09.563,3729,0,2,52,0,0,0,0,0,0,0x03
2026-09-06T21:07:09.563,3730,0,1,51,0,0,0,0,0,0,0x03
2026-09-06T21:07:09.629,3731,0,2,51,0,0,0,0,0,0,0x03
2026-09-06T21:07:09.629,3732,0,1,52,0,0,0,0,0,0,0x03
2026-09-06T21:07:09.710,3733,0,2,51,0,0,0,0,0,0,0x03
2026-09-06T21:07:09.710,3734,0,1,52,0,0,0,0,0,0,0x03
2026-09-06T21:07:09.775,3735,0,2,50,0,0,0,0,0,0,0x03
2026-09-06T21:07:09.775,3736,0,1,50,0,0,0,0,0,0,0x03
2026-09-06T21:07:09.840,3737,0,2,50,0,0,0,0,0,0,0x03
2026-09-06T21:07:09.840,3738,0,1,51,0,0,0,0,0,0,0x03
2026-09-06T21:07:09.904,3739,0,2,51,0,0,0,0,0,0,0x03
2026-09-06T21:07:09.904,3740,0,1,50,0,0,0,0,0,0,0x03
2026-09-06T21:07:09.970,3741,0,2,52,0,0,0,0,0,0,0x03
2026-09-06T21:07:09.970,3742,0,1,51,0,0,0,0,0,0,0x03
2026-09-06T21:07:10.035,3743,0,2,50,0,0,0,0,0,0,0x03
2026-09-06T21:07:10.035,3744,0,1,50,0,0,0,0,0,0,0x03
2026-09-06T21:07:10.100,3745,0,2,51,0,0,0,0,0,0,0x03
2026-09-06T21:07:10.100,3746,0,1,51,0,0,0,0,0,0,0x03
2026-09-06T21:07:10.166,3747,0,2,50,0,0,0,0,0,0,0x03
2026-09-06T21:07:10.166,3748,0,1,52,0,0,0,0,0,0,0x03
2026-09-06T21:07:10.231,3749,0,2,50,0,0,0,0,0,0,0x03
2026-09-06T21:07:10.231,3750,0,1,52,0,0,0,0,0,0,0x03
2026-09-06T21:07:10.312,3751,0,2,50,0,0,0,0,0,0,0x03
2026-09-06T21:07:10.313,3752,0,1,50,0,0,0,0,0,0,0x03
2026-09-06T21:07:10.378,3753,0,2,52,0,0,0,0,0,0,0x03
2026-09-06T21:07:10.378,3754,0,1,52,0,0,0,0,0,0,0x03
2026-09-06T21:07:10.444,3755,0,2,50,0,0,0,0,0,0,0x03
2026-09-06T21:07:10.444,3756,0,1,52,0,0,0,0,0,0,0x03
2026-09-06T21:07:10.508,3757,0,2,51,0,0,0,0,0,0,0x03
2026-09-06T21:07:10.508,3758,0,1,51,0,0,0,0,0,0,0x03
2026-09-06T21:07:10.573,3759,0,2,55,0,0,0,0,0,0,0x03
2026-09-06T21:07:10.573,3760,0,1,50,0,0,0,0,0,0,0x03
2026-09-06T21:07:10.639,3761,0,2,50,0,0,0,0,0,0,0x03
2026-09-06T21:07:10.639,3762,0,1,52,0,0,0,0,0,0,0x03
2026-09-06T21:07:10.704,3763,0,2,50,0,0,0,0,0,0,0x03
2026-09-06T21:07:10.704,3764,0,1,51,0,0,0,0,0,0,0x03
2026-09-06T21:07:10.769,3765,0,2,52,0,0,0,0,0,0,0x03
2026-09-06T21:07:10.769,3766,0,1,50,0,0,0,0,0,0,0x03
2026-09-06T21:07:10.834,3767,0,2,52,0,0,0,0,0,0,0x03
2026-09-06T21:07:10.834,3768,0,1,53,0,0,0,0,0,0,0x03
2026-09-06T21:07:10.916,3769,0,2,50,0,0,0,0,0,0,0x03
2026-09-06T21:07:10.916,3770,0,1,51,0,0,0,0,0,0,0x03
2026-09-06T21:07:10.981,3771,0,2,51,0,0,0,0,0,0,0x03
2026-09-06T21:07:10.981,3772,0,1,51,0,0,0,0,0,0,0x03
2026-09-06T21:07:11.047,3773,0,2,50,0,0,0,0,0,0,0x03
2026-09-06T21:07:11.047,3774,0,1,52,0,0,0,0,0,0,0x03
2026-09-06T21:07:11.112,3775,0,2,50,0,0,0,0,0,0,0x03
2026-09-06T21:07:11.112,3776,0,1,50,0,0,0,0,0,0,0x03
2026-09-06T21:07:11.176,3777,0,2,52,0,0,0,0,0,0,0x03
2026-09-06T21:07:11.176,3778,0,1,51,0,0,0,0,0,0,0x03
2026-09-06T21:07:11.241,3779,0,2,52,0,0,0,0,0,0,0x03
2026-09-06T21:07:11.241,3780,0,1,50,0,0,0,0,0,0,0x03
2026-09-06T21:07:11.306,3781,0,2,51,0,0,0,0,0,0,0x03
2026-09-06T21:07:11.306,3782,0,1,52,0,0,0,0,0,0,0x03
2026-09-06T21:07:11.370,3783,0,2,50,0,0,0,0,0,0,0x03
2026-09-06T21:07:11.371,3784,0,1,52,0,0,0,0,0,0,0x03
2026-09-06T21:07:11.435,3785,0,2,53,0,0,0,0,0,0,0x03
2026-09-06T21:07:11.435,3786,0,1,51,0,0,0,0,0,0,0x03
2026-09-06T21:07:11.516,3787,0,2,52,0,0,0,0,0,0,0x03
2026-09-06T21:07:11.516,3788,0,1,51,0,0,0,0,0,0,0x03
2026-09-06T21:07:11.581,3789,0,2,51,0,0,0,0,0,0,0x03
2026-09-06T21:07:11.581,3790,0,1,50,0,0,0,0,0,0,0x03
2026-09-06T21:07:11.647,3791,0,2,52,0,0,0,0,0,0,0x03
2026-09-06T21:07:11.647,3792,0,1,50,0,0,0,0,0,0,0x03
2026-09-06T21:07:11.713,3793,0,2,50,0,0,0,0,0,0,0x03
2026-09-06T21:07:11.713,3794,0,1,50,0,0,0,0,0,0,0x03
2026-09-06T21:07:11.777,3795,0,2,50,0,0,0,0,0,0,0x03
2026-09-06T21:07:11.777,3796,0,1,50,0,0,0,0,0,0,0x03
2026-09-06T21:07:11.843,3797,0,2,50,0,0,0,0,0,0,0x03
2026-09-06T21:07:11.843,3798,0,1,51,0,0,0,0,0,0,0x03
2026-09-06T21:07:11.907,3799,0,2,51,0,0,0,0,0,0,0x03
2026-09-06T21:07:11.907,3800,0,1,54,0,0,0,0,0,0,0x03
2026-09-06T21:07:11.973,3801,0,2,51,0,0,0,0,0,0,0x03
2026-09-06T21:07:11.973,3802,0,1,51,0,0,0,0,0,0,0x03
2026-09-06T21:07:12.054,3803,0,2,51,0,0,0,0,0,0,0x03
2026-09-06T21:07:12.054,3804,0,1,51,0,0,0,0,0,0,0x03
2026-09-06T21:07:12.119,3805,0,2,52,0,0,0,0,0,0,0x03
2026-09-06T21:07:12.119,3806,0,1,50,0,0,0,0,0,0,0x03
2026-09-06T21:07:12.183,3807,0,2,50,0,0,0,0,0,0,0x03
2026-09-06T21:07:12.183,3808,0,1,50,0,0,0,0,0,0,0x03
2026-09-06T21:07:12.248,3809,0,2,52,0,0,0,0,0,0,0x03
2026-09-06T21:07:12.248,3810,0,1,51,0,0,0,0,0,0,0x03
2026-09-06T21:07:12.313,3811,0,2,51,0,0,0,0,0,0,0x03
2026-09-06T21:07:12.313,3812,0,1,53,0,0,0,0,0,0,0x03
2026-09-06T21:07:12.378,3813,0,2,51,0,0,0,0,0,0,0x03
2026-09-06T21:07:12.378,3814,0,1,51,0,0,0,0,0,0,0x03
2026-09-06T21:07:12.444,3815,0,2,50,0,0,0,0,0,0,0x03
2026-09-06T21:07:12.444,3816,0,1,50,0,0,0,0,0,0,0x03
2026-09-06T21:07:12.509,3817,0,2,51,0,0,0,0,0,0,0x03
2026-09-06T21:07:12.509,3818,0,1,50,0,0,0,0,0,0,0x03
2026-09-06T21:07:12.574,3819,0,2,52,0,0,0,0,0,0,0x03
2026-09-06T21:07:12.574,3820,0,1,52,0,0,0,0,0,0,0x03
2026-09-06T21:07:12.655,3821,0,2,51,0,0,0,0,0,0,0x03
2026-09-06T21:07:12.655,3822,0,1,50,0,0,0,0,0,0,0x03
2026-09-06T21:07:12.720,3823,0,2,50,0,0,0,0,0,0,0x03
2026-09-06T21:07:12.720,3824,0,1,52,0,0,0,0,0,0,0x03
